experiment,split_mode,variant,seed,train_source,test_source,bin,bin_left,bin_right,n,mean_prob,observed_rate,cutoff_year
cross_database_transfer,chembl_to_bindingdb_matched_targets,ecfp_absdiff_xgb,0,chembl_raw,bindingdb_raw,0,0.0,0.1,0,,,
cross_database_transfer,chembl_to_bindingdb_matched_targets,ecfp_absdiff_xgb,0,chembl_raw,bindingdb_raw,1,0.1,0.2,24,0.1835,0.0,
cross_database_transfer,chembl_to_bindingdb_matched_targets,ecfp_absdiff_xgb,0,chembl_raw,bindingdb_raw,2,0.2,0.3,206,0.2521,0.0194,
cross_database_transfer,chembl_to_bindingdb_matched_targets,ecfp_absdiff_xgb,0,chembl_raw,bindingdb_raw,3,0.3,0.4,619,0.3624,0.2036,
cross_database_transfer,chembl_to_bindingdb_matched_targets,ecfp_absdiff_xgb,0,chembl_raw,bindingdb_raw,4,0.4,0.5,8487,0.4668,0.2962,
cross_database_transfer,chembl_to_bindingdb_matched_targets,ecfp_absdiff_xgb,0,chembl_raw,bindingdb_raw,5,0.5,0.6,13034,0.5196,0.3316,
cross_database_transfer,chembl_to_bindingdb_matched_targets,ecfp_absdiff_xgb,0,chembl_raw,bindingdb_raw,6,0.6,0.7,62,0.6428,0.4516,
cross_database_transfer,chembl_to_bindingdb_matched_targets,ecfp_absdiff_xgb,0,chembl_raw,bindingdb_raw,7,0.7,0.8,52,0.75,0.7308,
cross_database_transfer,chembl_to_bindingdb_matched_targets,ecfp_absdiff_xgb,0,chembl_raw,bindingdb_raw,8,0.8,0.9,0,,,
cross_database_transfer,chembl_to_bindingdb_matched_targets,ecfp_absdiff_xgb,0,chembl_raw,bindingdb_raw,9,0.9,1.0,0,,,
cross_database_transfer,chembl_to_bindingdb_matched_targets,rich_diff_scalars,0,chembl_raw,bindingdb_raw,0,0.0,0.1,0,,,
cross_database_transfer,chembl_to_bindingdb_matched_targets,rich_diff_scalars,0,chembl_raw,bindingdb_raw,1,0.1,0.2,370,0.1844,0.0054,
cross_database_transfer,chembl_to_bindingdb_matched_targets,rich_diff_scalars,0,chembl_raw,bindingdb_raw,2,0.2,0.3,602,0.2531,0.1545,
cross_database_transfer,chembl_to_bindingdb_matched_targets,rich_diff_scalars,0,chembl_raw,bindingdb_raw,3,0.3,0.4,2046,0.3706,0.2224,
cross_database_transfer,chembl_to_bindingdb_matched_targets,rich_diff_scalars,0,chembl_raw,bindingdb_raw,4,0.4,0.5,10728,0.4545,0.2838,
cross_database_transfer,chembl_to_bindingdb_matched_targets,rich_diff_scalars,0,chembl_raw,bindingdb_raw,5,0.5,0.6,6919,0.5378,0.3765,
cross_database_transfer,chembl_to_bindingdb_matched_targets,rich_diff_scalars,0,chembl_raw,bindingdb_raw,6,0.6,0.7,1709,0.6425,0.4359,
cross_database_transfer,chembl_to_bindingdb_matched_targets,rich_diff_scalars,0,chembl_raw,bindingdb_raw,7,0.7,0.8,95,0.7198,0.7789,
cross_database_transfer,chembl_to_bindingdb_matched_targets,rich_diff_scalars,0,chembl_raw,bindingdb_raw,8,0.8,0.9,15,0.8224,0.8667,
cross_database_transfer,chembl_to_bindingdb_matched_targets,rich_diff_scalars,0,chembl_raw,bindingdb_raw,9,0.9,1.0,0,,,
cross_database_transfer,chembl_to_bindingdb_matched_targets,rich_scalars_only,0,chembl_raw,bindingdb_raw,0,0.0,0.1,0,,,
cross_database_transfer,chembl_to_bindingdb_matched_targets,rich_scalars_only,0,chembl_raw,bindingdb_raw,1,0.1,0.2,392,0.1699,0.0077,
cross_database_transfer,chembl_to_bindingdb_matched_targets,rich_scalars_only,0,chembl_raw,bindingdb_raw,2,0.2,0.3,328,0.2524,0.186,
cross_database_transfer,chembl_to_bindingdb_matched_targets,rich_scalars_only,0,chembl_raw,bindingdb_raw,3,0.3,0.4,1988,0.3679,0.2012,
cross_database_transfer,chembl_to_bindingdb_matched_targets,rich_scalars_only,0,chembl_raw,bindingdb_raw,4,0.4,0.5,10570,0.4553,0.2794,
cross_database_transfer,chembl_to_bindingdb_matched_targets,rich_scalars_only,0,chembl_raw,bindingdb_raw,5,0.5,0.6,7228,0.5392,0.3809,
cross_database_transfer,chembl_to_bindingdb_matched_targets,rich_scalars_only,0,chembl_raw,bindingdb_raw,6,0.6,0.7,1747,0.644,0.391,
cross_database_transfer,chembl_to_bindingdb_matched_targets,rich_scalars_only,0,chembl_raw,bindingdb_raw,7,0.7,0.8,231,0.7175,0.7749,
cross_database_transfer,chembl_to_bindingdb_matched_targets,rich_scalars_only,0,chembl_raw,bindingdb_raw,8,0.8,0.9,0,,,
cross_database_transfer,chembl_to_bindingdb_matched_targets,rich_scalars_only,0,chembl_raw,bindingdb_raw,9,0.9,1.0,0,,,
cross_database_transfer,chembl_to_bindingdb_matched_targets,extratrees_scalars,0,chembl_raw,bindingdb_raw,0,0.0,0.1,521,0.0495,0.0115,
cross_database_transfer,chembl_to_bindingdb_matched_targets,extratrees_scalars,0,chembl_raw,bindingdb_raw,1,0.1,0.2,755,0.1589,0.1113,
cross_database_transfer,chembl_to_bindingdb_matched_targets,extratrees_scalars,0,chembl_raw,bindingdb_raw,2,0.2,0.3,2620,0.2602,0.2092,
cross_database_transfer,chembl_to_bindingdb_matched_targets,extratrees_scalars,0,chembl_raw,bindingdb_raw,3,0.3,0.4,6244,0.3543,0.2755,
cross_database_transfer,chembl_to_bindingdb_matched_targets,extratrees_scalars,0,chembl_raw,bindingdb_raw,4,0.4,0.5,7060,0.4473,0.3229,
cross_database_transfer,chembl_to_bindingdb_matched_targets,extratrees_scalars,0,chembl_raw,bindingdb_raw,5,0.5,0.6,3642,0.5408,0.374,
cross_database_transfer,chembl_to_bindingdb_matched_targets,extratrees_scalars,0,chembl_raw,bindingdb_raw,6,0.6,0.7,1053,0.6396,0.5432,
cross_database_transfer,chembl_to_bindingdb_matched_targets,extratrees_scalars,0,chembl_raw,bindingdb_raw,7,0.7,0.8,379,0.7433,0.7309,
cross_database_transfer,chembl_to_bindingdb_matched_targets,extratrees_scalars,0,chembl_raw,bindingdb_raw,8,0.8,0.9,145,0.8465,0.8897,
cross_database_transfer,chembl_to_bindingdb_matched_targets,extratrees_scalars,0,chembl_raw,bindingdb_raw,9,0.9,1.0,65,0.9363,0.8308,
cross_database_transfer,chembl_to_bindingdb_matched_targets,ecfp_absdiff_xgb,1,chembl_raw,bindingdb_raw,0,0.0,0.1,0,,,
cross_database_transfer,chembl_to_bindingdb_matched_targets,ecfp_absdiff_xgb,1,chembl_raw,bindingdb_raw,1,0.1,0.2,18,0.1869,0.0,
cross_database_transfer,chembl_to_bindingdb_matched_targets,ecfp_absdiff_xgb,1,chembl_raw,bindingdb_raw,2,0.2,0.3,219,0.2497,0.0046,
cross_database_transfer,chembl_to_bindingdb_matched_targets,ecfp_absdiff_xgb,1,chembl_raw,bindingdb_raw,3,0.3,0.4,761,0.3661,0.2247,
cross_database_transfer,chembl_to_bindingdb_matched_targets,ecfp_absdiff_xgb,1,chembl_raw,bindingdb_raw,4,0.4,0.5,8327,0.4653,0.2955,
cross_database_transfer,chembl_to_bindingdb_matched_targets,ecfp_absdiff_xgb,1,chembl_raw,bindingdb_raw,5,0.5,0.6,13041,0.5192,0.3322,
cross_database_transfer,chembl_to_bindingdb_matched_targets,ecfp_absdiff_xgb,1,chembl_raw,bindingdb_raw,6,0.6,0.7,66,0.6587,0.4394,
cross_database_transfer,chembl_to_bindingdb_matched_targets,ecfp_absdiff_xgb,1,chembl_raw,bindingdb_raw,7,0.7,0.8,52,0.7564,0.7308,
cross_database_transfer,chembl_to_bindingdb_matched_targets,ecfp_absdiff_xgb,1,chembl_raw,bindingdb_raw,8,0.8,0.9,0,,,
cross_database_transfer,chembl_to_bindingdb_matched_targets,ecfp_absdiff_xgb,1,chembl_raw,bindingdb_raw,9,0.9,1.0,0,,,
cross_database_transfer,chembl_to_bindingdb_matched_targets,rich_diff_scalars,1,chembl_raw,bindingdb_raw,0,0.0,0.1,0,,,
cross_database_transfer,chembl_to_bindingdb_matched_targets,rich_diff_scalars,1,chembl_raw,bindingdb_raw,1,0.1,0.2,393,0.1826,0.0153,
cross_database_transfer,chembl_to_bindingdb_matched_targets,rich_diff_scalars,1,chembl_raw,bindingdb_raw,2,0.2,0.3,677,0.2505,0.1713,
cross_database_transfer,chembl_to_bindingdb_matched_targets,rich_diff_scalars,1,chembl_raw,bindingdb_raw,3,0.3,0.4,1984,0.3688,0.2167,
cross_database_transfer,chembl_to_bindingdb_matched_targets,rich_diff_scalars,1,chembl_raw,bindingdb_raw,4,0.4,0.5,10907,0.4558,0.285,
cross_database_transfer,chembl_to_bindingdb_matched_targets,rich_diff_scalars,1,chembl_raw,bindingdb_raw,5,0.5,0.6,6716,0.5385,0.3755,
cross_database_transfer,chembl_to_bindingdb_matched_targets,rich_diff_scalars,1,chembl_raw,bindingdb_raw,6,0.6,0.7,1674,0.6389,0.4432,
cross_database_transfer,chembl_to_bindingdb_matched_targets,rich_diff_scalars,1,chembl_raw,bindingdb_raw,7,0.7,0.8,118,0.7211,0.7966,
cross_database_transfer,chembl_to_bindingdb_matched_targets,rich_diff_scalars,1,chembl_raw,bindingdb_raw,8,0.8,0.9,15,0.8187,0.8667,
cross_database_transfer,chembl_to_bindingdb_matched_targets,rich_diff_scalars,1,chembl_raw,bindingdb_raw,9,0.9,1.0,0,,,
cross_database_transfer,chembl_to_bindingdb_matched_targets,rich_scalars_only,1,chembl_raw,bindingdb_raw,0,0.0,0.1,0,,,
cross_database_transfer,chembl_to_bindingdb_matched_targets,rich_scalars_only,1,chembl_raw,bindingdb_raw,1,0.1,0.2,388,0.1706,0.0206,
cross_database_transfer,chembl_to_bindingdb_matched_targets,rich_scalars_only,1,chembl_raw,bindingdb_raw,2,0.2,0.3,490,0.2576,0.2102,
cross_database_transfer,chembl_to_bindingdb_matched_targets,rich_scalars_only,1,chembl_raw,bindingdb_raw,3,0.3,0.4,1949,0.3677,0.2052,
cross_database_transfer,chembl_to_bindingdb_matched_targets,rich_scalars_only,1,chembl_raw,bindingdb_raw,4,0.4,0.5,10897,0.4549,0.2772,
cross_database_transfer,chembl_to_bindingdb_matched_targets,rich_scalars_only,1,chembl_raw,bindingdb_raw,5,0.5,0.6,6788,0.5364,0.3827,
cross_database_transfer,chembl_to_bindingdb_matched_targets,rich_scalars_only,1,chembl_raw,bindingdb_raw,6,0.6,0.7,1721,0.6372,0.4108,
cross_database_transfer,chembl_to_bindingdb_matched_targets,rich_scalars_only,1,chembl_raw,bindingdb_raw,7,0.7,0.8,251,0.7221,0.7769,
cross_database_transfer,chembl_to_bindingdb_matched_targets,rich_scalars_only,1,chembl_raw,bindingdb_raw,8,0.8,0.9,0,,,
cross_database_transfer,chembl_to_bindingdb_matched_targets,rich_scalars_only,1,chembl_raw,bindingdb_raw,9,0.9,1.0,0,,,
cross_database_transfer,chembl_to_bindingdb_matched_targets,extratrees_scalars,1,chembl_raw,bindingdb_raw,0,0.0,0.1,491,0.0503,0.0122,
cross_database_transfer,chembl_to_bindingdb_matched_targets,extratrees_scalars,1,chembl_raw,bindingdb_raw,1,0.1,0.2,726,0.1607,0.1033,
cross_database_transfer,chembl_to_bindingdb_matched_targets,extratrees_scalars,1,chembl_raw,bindingdb_raw,2,0.2,0.3,2671,0.2591,0.2164,
cross_database_transfer,chembl_to_bindingdb_matched_targets,extratrees_scalars,1,chembl_raw,bindingdb_raw,3,0.3,0.4,6336,0.3539,0.2707,
cross_database_transfer,chembl_to_bindingdb_matched_targets,extratrees_scalars,1,chembl_raw,bindingdb_raw,4,0.4,0.5,7015,0.4475,0.3259,
cross_database_transfer,chembl_to_bindingdb_matched_targets,extratrees_scalars,1,chembl_raw,bindingdb_raw,5,0.5,0.6,3527,0.5419,0.3777,
cross_database_transfer,chembl_to_bindingdb_matched_targets,extratrees_scalars,1,chembl_raw,bindingdb_raw,6,0.6,0.7,1150,0.6399,0.5217,
cross_database_transfer,chembl_to_bindingdb_matched_targets,extratrees_scalars,1,chembl_raw,bindingdb_raw,7,0.7,0.8,354,0.746,0.7232,
cross_database_transfer,chembl_to_bindingdb_matched_targets,extratrees_scalars,1,chembl_raw,bindingdb_raw,8,0.8,0.9,150,0.8444,0.86,
cross_database_transfer,chembl_to_bindingdb_matched_targets,extratrees_scalars,1,chembl_raw,bindingdb_raw,9,0.9,1.0,64,0.9365,0.8594,
cross_database_transfer,chembl_to_bindingdb_matched_targets,ecfp_absdiff_xgb,2,chembl_raw,bindingdb_raw,0,0.0,0.1,0,,,
cross_database_transfer,chembl_to_bindingdb_matched_targets,ecfp_absdiff_xgb,2,chembl_raw,bindingdb_raw,1,0.1,0.2,31,0.1876,0.0,
cross_database_transfer,chembl_to_bindingdb_matched_targets,ecfp_absdiff_xgb,2,chembl_raw,bindingdb_raw,2,0.2,0.3,210,0.2562,0.0238,
cross_database_transfer,chembl_to_bindingdb_matched_targets,ecfp_absdiff_xgb,2,chembl_raw,bindingdb_raw,3,0.3,0.4,700,0.3663,0.2129,
cross_database_transfer,chembl_to_bindingdb_matched_targets,ecfp_absdiff_xgb,2,chembl_raw,bindingdb_raw,4,0.4,0.5,8192,0.4654,0.2976,
cross_database_transfer,chembl_to_bindingdb_matched_targets,ecfp_absdiff_xgb,2,chembl_raw,bindingdb_raw,5,0.5,0.6,13239,0.5201,0.3306,
cross_database_transfer,chembl_to_bindingdb_matched_targets,ecfp_absdiff_xgb,2,chembl_raw,bindingdb_raw,6,0.6,0.7,59,0.6501,0.4237,
cross_database_transfer,chembl_to_bindingdb_matched_targets,ecfp_absdiff_xgb,2,chembl_raw,bindingdb_raw,7,0.7,0.8,53,0.7526,0.717,
cross_database_transfer,chembl_to_bindingdb_matched_targets,ecfp_absdiff_xgb,2,chembl_raw,bindingdb_raw,8,0.8,0.9,0,,,
cross_database_transfer,chembl_to_bindingdb_matched_targets,ecfp_absdiff_xgb,2,chembl_raw,bindingdb_raw,9,0.9,1.0,0,,,
cross_database_transfer,chembl_to_bindingdb_matched_targets,rich_diff_scalars,2,chembl_raw,bindingdb_raw,0,0.0,0.1,0,,,
cross_database_transfer,chembl_to_bindingdb_matched_targets,rich_diff_scalars,2,chembl_raw,bindingdb_raw,1,0.1,0.2,375,0.1832,0.008,
cross_database_transfer,chembl_to_bindingdb_matched_targets,rich_diff_scalars,2,chembl_raw,bindingdb_raw,2,0.2,0.3,549,0.2483,0.153,
cross_database_transfer,chembl_to_bindingdb_matched_targets,rich_diff_scalars,2,chembl_raw,bindingdb_raw,3,0.3,0.4,1919,0.3646,0.2204,
cross_database_transfer,chembl_to_bindingdb_matched_targets,rich_diff_scalars,2,chembl_raw,bindingdb_raw,4,0.4,0.5,11040,0.4578,0.2854,
cross_database_transfer,chembl_to_bindingdb_matched_targets,rich_diff_scalars,2,chembl_raw,bindingdb_raw,5,0.5,0.6,6867,0.5355,0.3738,
cross_database_transfer,chembl_to_bindingdb_matched_targets,rich_diff_scalars,2,chembl_raw,bindingdb_raw,6,0.6,0.7,1615,0.6405,0.4464,
cross_database_transfer,chembl_to_bindingdb_matched_targets,rich_diff_scalars,2,chembl_raw,bindingdb_raw,7,0.7,0.8,103,0.7207,0.6699,
cross_database_transfer,chembl_to_bindingdb_matched_targets,rich_diff_scalars,2,chembl_raw,bindingdb_raw,8,0.8,0.9,16,0.8302,0.875,
cross_database_transfer,chembl_to_bindingdb_matched_targets,rich_diff_scalars,2,chembl_raw,bindingdb_raw,9,0.9,1.0,0,,,
cross_database_transfer,chembl_to_bindingdb_matched_targets,rich_scalars_only,2,chembl_raw,bindingdb_raw,0,0.0,0.1,0,,,
cross_database_transfer,chembl_to_bindingdb_matched_targets,rich_scalars_only,2,chembl_raw,bindingdb_raw,1,0.1,0.2,401,0.1691,0.02,
cross_database_transfer,chembl_to_bindingdb_matched_targets,rich_scalars_only,2,chembl_raw,bindingdb_raw,2,0.2,0.3,322,0.2545,0.177,
cross_database_transfer,chembl_to_bindingdb_matched_targets,rich_scalars_only,2,chembl_raw,bindingdb_raw,3,0.3,0.4,1732,0.3695,0.2067,
cross_database_transfer,chembl_to_bindingdb_matched_targets,rich_scalars_only,2,chembl_raw,bindingdb_raw,4,0.4,0.5,10981,0.4547,0.2748,
cross_database_transfer,chembl_to_bindingdb_matched_targets,rich_scalars_only,2,chembl_raw,bindingdb_raw,5,0.5,0.6,7064,0.5371,0.3853,
cross_database_transfer,chembl_to_bindingdb_matched_targets,rich_scalars_only,2,chembl_raw,bindingdb_raw,6,0.6,0.7,1740,0.641,0.3908,
cross_database_transfer,chembl_to_bindingdb_matched_targets,rich_scalars_only,2,chembl_raw,bindingdb_raw,7,0.7,0.8,244,0.7213,0.7746,
cross_database_transfer,chembl_to_bindingdb_matched_targets,rich_scalars_only,2,chembl_raw,bindingdb_raw,8,0.8,0.9,0,,,
cross_database_transfer,chembl_to_bindingdb_matched_targets,rich_scalars_only,2,chembl_raw,bindingdb_raw,9,0.9,1.0,0,,,
cross_database_transfer,chembl_to_bindingdb_matched_targets,extratrees_scalars,2,chembl_raw,bindingdb_raw,0,0.0,0.1,485,0.0512,0.0103,
cross_database_transfer,chembl_to_bindingdb_matched_targets,extratrees_scalars,2,chembl_raw,bindingdb_raw,1,0.1,0.2,730,0.1565,0.1205,
cross_database_transfer,chembl_to_bindingdb_matched_targets,extratrees_scalars,2,chembl_raw,bindingdb_raw,2,0.2,0.3,2597,0.2608,0.228,
cross_database_transfer,chembl_to_bindingdb_matched_targets,extratrees_scalars,2,chembl_raw,bindingdb_raw,3,0.3,0.4,6045,0.3539,0.2642,
cross_database_transfer,chembl_to_bindingdb_matched_targets,extratrees_scalars,2,chembl_raw,bindingdb_raw,4,0.4,0.5,7001,0.4476,0.3152,
cross_database_transfer,chembl_to_bindingdb_matched_targets,extratrees_scalars,2,chembl_raw,bindingdb_raw,5,0.5,0.6,3882,0.542,0.3748,
cross_database_transfer,chembl_to_bindingdb_matched_targets,extratrees_scalars,2,chembl_raw,bindingdb_raw,6,0.6,0.7,1154,0.6397,0.5511,
cross_database_transfer,chembl_to_bindingdb_matched_targets,extratrees_scalars,2,chembl_raw,bindingdb_raw,7,0.7,0.8,391,0.7419,0.7084,
cross_database_transfer,chembl_to_bindingdb_matched_targets,extratrees_scalars,2,chembl_raw,bindingdb_raw,8,0.8,0.9,131,0.8431,0.8779,
cross_database_transfer,chembl_to_bindingdb_matched_targets,extratrees_scalars,2,chembl_raw,bindingdb_raw,9,0.9,1.0,68,0.9386,0.8824,
cross_database_transfer,chembl_to_bindingdb_exact_ligand_purged,ecfp_absdiff_xgb,0,chembl_raw,bindingdb_raw,0,0.0,0.1,0,,,
cross_database_transfer,chembl_to_bindingdb_exact_ligand_purged,ecfp_absdiff_xgb,0,chembl_raw,bindingdb_raw,1,0.1,0.2,46,0.1804,0.0217,
cross_database_transfer,chembl_to_bindingdb_exact_ligand_purged,ecfp_absdiff_xgb,0,chembl_raw,bindingdb_raw,2,0.2,0.3,297,0.2626,0.064,
cross_database_transfer,chembl_to_bindingdb_exact_ligand_purged,ecfp_absdiff_xgb,0,chembl_raw,bindingdb_raw,3,0.3,0.4,661,0.3621,0.1861,
cross_database_transfer,chembl_to_bindingdb_exact_ligand_purged,ecfp_absdiff_xgb,0,chembl_raw,bindingdb_raw,4,0.4,0.5,7900,0.4704,0.3119,
cross_database_transfer,chembl_to_bindingdb_exact_ligand_purged,ecfp_absdiff_xgb,0,chembl_raw,bindingdb_raw,5,0.5,0.6,13472,0.5114,0.3235,
cross_database_transfer,chembl_to_bindingdb_exact_ligand_purged,ecfp_absdiff_xgb,0,chembl_raw,bindingdb_raw,6,0.6,0.7,56,0.635,0.5179,
cross_database_transfer,chembl_to_bindingdb_exact_ligand_purged,ecfp_absdiff_xgb,0,chembl_raw,bindingdb_raw,7,0.7,0.8,52,0.7576,0.7308,
cross_database_transfer,chembl_to_bindingdb_exact_ligand_purged,ecfp_absdiff_xgb,0,chembl_raw,bindingdb_raw,8,0.8,0.9,0,,,
cross_database_transfer,chembl_to_bindingdb_exact_ligand_purged,ecfp_absdiff_xgb,0,chembl_raw,bindingdb_raw,9,0.9,1.0,0,,,
cross_database_transfer,chembl_to_bindingdb_exact_ligand_purged,rich_diff_scalars,0,chembl_raw,bindingdb_raw,0,0.0,0.1,0,,,
cross_database_transfer,chembl_to_bindingdb_exact_ligand_purged,rich_diff_scalars,0,chembl_raw,bindingdb_raw,1,0.1,0.2,290,0.1886,0.0103,
cross_database_transfer,chembl_to_bindingdb_exact_ligand_purged,rich_diff_scalars,0,chembl_raw,bindingdb_raw,2,0.2,0.3,787,0.2513,0.122,
cross_database_transfer,chembl_to_bindingdb_exact_ligand_purged,rich_diff_scalars,0,chembl_raw,bindingdb_raw,3,0.3,0.4,2813,0.3606,0.2385,
cross_database_transfer,chembl_to_bindingdb_exact_ligand_purged,rich_diff_scalars,0,chembl_raw,bindingdb_raw,4,0.4,0.5,10145,0.4598,0.3053,
cross_database_transfer,chembl_to_bindingdb_exact_ligand_purged,rich_diff_scalars,0,chembl_raw,bindingdb_raw,5,0.5,0.6,7435,0.5342,0.3528,
cross_database_transfer,chembl_to_bindingdb_exact_ligand_purged,rich_diff_scalars,0,chembl_raw,bindingdb_raw,6,0.6,0.7,932,0.6394,0.5204,
cross_database_transfer,chembl_to_bindingdb_exact_ligand_purged,rich_diff_scalars,0,chembl_raw,bindingdb_raw,7,0.7,0.8,61,0.7184,0.623,
cross_database_transfer,chembl_to_bindingdb_exact_ligand_purged,rich_diff_scalars,0,chembl_raw,bindingdb_raw,8,0.8,0.9,21,0.8296,0.9048,
cross_database_transfer,chembl_to_bindingdb_exact_ligand_purged,rich_diff_scalars,0,chembl_raw,bindingdb_raw,9,0.9,1.0,0,,,
cross_database_transfer,chembl_to_bindingdb_exact_ligand_purged,rich_scalars_only,0,chembl_raw,bindingdb_raw,0,0.0,0.1,0,,,
cross_database_transfer,chembl_to_bindingdb_exact_ligand_purged,rich_scalars_only,0,chembl_raw,bindingdb_raw,1,0.1,0.2,296,0.1866,0.0135,
cross_database_transfer,chembl_to_bindingdb_exact_ligand_purged,rich_scalars_only,0,chembl_raw,bindingdb_raw,2,0.2,0.3,567,0.2559,0.097,
cross_database_transfer,chembl_to_bindingdb_exact_ligand_purged,rich_scalars_only,0,chembl_raw,bindingdb_raw,3,0.3,0.4,2481,0.3592,0.2269,
cross_database_transfer,chembl_to_bindingdb_exact_ligand_purged,rich_scalars_only,0,chembl_raw,bindingdb_raw,4,0.4,0.5,9834,0.4592,0.2941,
cross_database_transfer,chembl_to_bindingdb_exact_ligand_purged,rich_scalars_only,0,chembl_raw,bindingdb_raw,5,0.5,0.6,8294,0.5361,0.3607,
cross_database_transfer,chembl_to_bindingdb_exact_ligand_purged,rich_scalars_only,0,chembl_raw,bindingdb_raw,6,0.6,0.7,921,0.6405,0.5027,
cross_database_transfer,chembl_to_bindingdb_exact_ligand_purged,rich_scalars_only,0,chembl_raw,bindingdb_raw,7,0.7,0.8,91,0.7192,0.6923,
cross_database_transfer,chembl_to_bindingdb_exact_ligand_purged,rich_scalars_only,0,chembl_raw,bindingdb_raw,8,0.8,0.9,0,,,
cross_database_transfer,chembl_to_bindingdb_exact_ligand_purged,rich_scalars_only,0,chembl_raw,bindingdb_raw,9,0.9,1.0,0,,,
cross_database_transfer,chembl_to_bindingdb_exact_ligand_purged,extratrees_scalars,0,chembl_raw,bindingdb_raw,0,0.0,0.1,374,0.0537,0.0214,
cross_database_transfer,chembl_to_bindingdb_exact_ligand_purged,extratrees_scalars,0,chembl_raw,bindingdb_raw,1,0.1,0.2,615,0.1613,0.135,
cross_database_transfer,chembl_to_bindingdb_exact_ligand_purged,extratrees_scalars,0,chembl_raw,bindingdb_raw,2,0.2,0.3,2856,0.2606,0.2419,
cross_database_transfer,chembl_to_bindingdb_exact_ligand_purged,extratrees_scalars,0,chembl_raw,bindingdb_raw,3,0.3,0.4,6234,0.3536,0.2822,
cross_database_transfer,chembl_to_bindingdb_exact_ligand_purged,extratrees_scalars,0,chembl_raw,bindingdb_raw,4,0.4,0.5,7349,0.4486,0.3249,
cross_database_transfer,chembl_to_bindingdb_exact_ligand_purged,extratrees_scalars,0,chembl_raw,bindingdb_raw,5,0.5,0.6,3708,0.5409,0.377,
cross_database_transfer,chembl_to_bindingdb_exact_ligand_purged,extratrees_scalars,0,chembl_raw,bindingdb_raw,6,0.6,0.7,1062,0.6366,0.468,
cross_database_transfer,chembl_to_bindingdb_exact_ligand_purged,extratrees_scalars,0,chembl_raw,bindingdb_raw,7,0.7,0.8,201,0.7384,0.6816,
cross_database_transfer,chembl_to_bindingdb_exact_ligand_purged,extratrees_scalars,0,chembl_raw,bindingdb_raw,8,0.8,0.9,70,0.8386,0.8857,
cross_database_transfer,chembl_to_bindingdb_exact_ligand_purged,extratrees_scalars,0,chembl_raw,bindingdb_raw,9,0.9,1.0,15,0.9457,0.6,
cross_database_transfer,chembl_to_bindingdb_exact_ligand_purged,ecfp_absdiff_xgb,1,chembl_raw,bindingdb_raw,0,0.0,0.1,0,,,
cross_database_transfer,chembl_to_bindingdb_exact_ligand_purged,ecfp_absdiff_xgb,1,chembl_raw,bindingdb_raw,1,0.1,0.2,53,0.183,0.0377,
cross_database_transfer,chembl_to_bindingdb_exact_ligand_purged,ecfp_absdiff_xgb,1,chembl_raw,bindingdb_raw,2,0.2,0.3,258,0.257,0.1085,
cross_database_transfer,chembl_to_bindingdb_exact_ligand_purged,ecfp_absdiff_xgb,1,chembl_raw,bindingdb_raw,3,0.3,0.4,636,0.3576,0.1824,
cross_database_transfer,chembl_to_bindingdb_exact_ligand_purged,ecfp_absdiff_xgb,1,chembl_raw,bindingdb_raw,4,0.4,0.5,7544,0.4668,0.3042,
cross_database_transfer,chembl_to_bindingdb_exact_ligand_purged,ecfp_absdiff_xgb,1,chembl_raw,bindingdb_raw,5,0.5,0.6,13891,0.5138,0.326,
cross_database_transfer,chembl_to_bindingdb_exact_ligand_purged,ecfp_absdiff_xgb,1,chembl_raw,bindingdb_raw,6,0.6,0.7,54,0.6353,0.4815,
cross_database_transfer,chembl_to_bindingdb_exact_ligand_purged,ecfp_absdiff_xgb,1,chembl_raw,bindingdb_raw,7,0.7,0.8,48,0.7476,0.75,
cross_database_transfer,chembl_to_bindingdb_exact_ligand_purged,ecfp_absdiff_xgb,1,chembl_raw,bindingdb_raw,8,0.8,0.9,0,,,
cross_database_transfer,chembl_to_bindingdb_exact_ligand_purged,ecfp_absdiff_xgb,1,chembl_raw,bindingdb_raw,9,0.9,1.0,0,,,
cross_database_transfer,chembl_to_bindingdb_exact_ligand_purged,rich_diff_scalars,1,chembl_raw,bindingdb_raw,0,0.0,0.1,0,,,
cross_database_transfer,chembl_to_bindingdb_exact_ligand_purged,rich_diff_scalars,1,chembl_raw,bindingdb_raw,1,0.1,0.2,295,0.1892,0.0237,
cross_database_transfer,chembl_to_bindingdb_exact_ligand_purged,rich_diff_scalars,1,chembl_raw,bindingdb_raw,2,0.2,0.3,759,0.2526,0.1133,
cross_database_transfer,chembl_to_bindingdb_exact_ligand_purged,rich_diff_scalars,1,chembl_raw,bindingdb_raw,3,0.3,0.4,2910,0.3592,0.234,
cross_database_transfer,chembl_to_bindingdb_exact_ligand_purged,rich_diff_scalars,1,chembl_raw,bindingdb_raw,4,0.4,0.5,9944,0.4595,0.3039,
cross_database_transfer,chembl_to_bindingdb_exact_ligand_purged,rich_diff_scalars,1,chembl_raw,bindingdb_raw,5,0.5,0.6,7566,0.5363,0.3598,
cross_database_transfer,chembl_to_bindingdb_exact_ligand_purged,rich_diff_scalars,1,chembl_raw,bindingdb_raw,6,0.6,0.7,951,0.6383,0.4942,
cross_database_transfer,chembl_to_bindingdb_exact_ligand_purged,rich_diff_scalars,1,chembl_raw,bindingdb_raw,7,0.7,0.8,37,0.7182,0.6486,
cross_database_transfer,chembl_to_bindingdb_exact_ligand_purged,rich_diff_scalars,1,chembl_raw,bindingdb_raw,8,0.8,0.9,22,0.8269,0.9091,
cross_database_transfer,chembl_to_bindingdb_exact_ligand_purged,rich_diff_scalars,1,chembl_raw,bindingdb_raw,9,0.9,1.0,0,,,
cross_database_transfer,chembl_to_bindingdb_exact_ligand_purged,rich_scalars_only,1,chembl_raw,bindingdb_raw,0,0.0,0.1,0,,,
cross_database_transfer,chembl_to_bindingdb_exact_ligand_purged,rich_scalars_only,1,chembl_raw,bindingdb_raw,1,0.1,0.2,365,0.1796,0.0192,
cross_database_transfer,chembl_to_bindingdb_exact_ligand_purged,rich_scalars_only,1,chembl_raw,bindingdb_raw,2,0.2,0.3,576,0.2583,0.1146,
cross_database_transfer,chembl_to_bindingdb_exact_ligand_purged,rich_scalars_only,1,chembl_raw,bindingdb_raw,3,0.3,0.4,2368,0.3541,0.2154,
cross_database_transfer,chembl_to_bindingdb_exact_ligand_purged,rich_scalars_only,1,chembl_raw,bindingdb_raw,4,0.4,0.5,10043,0.4585,0.2962,
cross_database_transfer,chembl_to_bindingdb_exact_ligand_purged,rich_scalars_only,1,chembl_raw,bindingdb_raw,5,0.5,0.6,8016,0.5389,0.3618,
cross_database_transfer,chembl_to_bindingdb_exact_ligand_purged,rich_scalars_only,1,chembl_raw,bindingdb_raw,6,0.6,0.7,1009,0.6416,0.5025,
cross_database_transfer,chembl_to_bindingdb_exact_ligand_purged,rich_scalars_only,1,chembl_raw,bindingdb_raw,7,0.7,0.8,107,0.721,0.6262,
cross_database_transfer,chembl_to_bindingdb_exact_ligand_purged,rich_scalars_only,1,chembl_raw,bindingdb_raw,8,0.8,0.9,0,,,
cross_database_transfer,chembl_to_bindingdb_exact_ligand_purged,rich_scalars_only,1,chembl_raw,bindingdb_raw,9,0.9,1.0,0,,,
cross_database_transfer,chembl_to_bindingdb_exact_ligand_purged,extratrees_scalars,1,chembl_raw,bindingdb_raw,0,0.0,0.1,387,0.0494,0.0233,
cross_database_transfer,chembl_to_bindingdb_exact_ligand_purged,extratrees_scalars,1,chembl_raw,bindingdb_raw,1,0.1,0.2,637,0.1626,0.1334,
cross_database_transfer,chembl_to_bindingdb_exact_ligand_purged,extratrees_scalars,1,chembl_raw,bindingdb_raw,2,0.2,0.3,2828,0.2605,0.2482,
cross_database_transfer,chembl_to_bindingdb_exact_ligand_purged,extratrees_scalars,1,chembl_raw,bindingdb_raw,3,0.3,0.4,6466,0.3534,0.2881,
cross_database_transfer,chembl_to_bindingdb_exact_ligand_purged,extratrees_scalars,1,chembl_raw,bindingdb_raw,4,0.4,0.5,7089,0.4479,0.3246,
cross_database_transfer,chembl_to_bindingdb_exact_ligand_purged,extratrees_scalars,1,chembl_raw,bindingdb_raw,5,0.5,0.6,3841,0.5419,0.3684,
cross_database_transfer,chembl_to_bindingdb_exact_ligand_purged,extratrees_scalars,1,chembl_raw,bindingdb_raw,6,0.6,0.7,969,0.637,0.4737,
cross_database_transfer,chembl_to_bindingdb_exact_ligand_purged,extratrees_scalars,1,chembl_raw,bindingdb_raw,7,0.7,0.8,189,0.7402,0.7143,
cross_database_transfer,chembl_to_bindingdb_exact_ligand_purged,extratrees_scalars,1,chembl_raw,bindingdb_raw,8,0.8,0.9,67,0.8418,0.8358,
cross_database_transfer,chembl_to_bindingdb_exact_ligand_purged,extratrees_scalars,1,chembl_raw,bindingdb_raw,9,0.9,1.0,11,0.9544,0.6364,
cross_database_transfer,chembl_to_bindingdb_exact_ligand_purged,ecfp_absdiff_xgb,2,chembl_raw,bindingdb_raw,0,0.0,0.1,0,,,
cross_database_transfer,chembl_to_bindingdb_exact_ligand_purged,ecfp_absdiff_xgb,2,chembl_raw,bindingdb_raw,1,0.1,0.2,65,0.1752,0.0154,
cross_database_transfer,chembl_to_bindingdb_exact_ligand_purged,ecfp_absdiff_xgb,2,chembl_raw,bindingdb_raw,2,0.2,0.3,215,0.2616,0.1116,
cross_database_transfer,chembl_to_bindingdb_exact_ligand_purged,ecfp_absdiff_xgb,2,chembl_raw,bindingdb_raw,3,0.3,0.4,568,0.3544,0.1708,
cross_database_transfer,chembl_to_bindingdb_exact_ligand_purged,ecfp_absdiff_xgb,2,chembl_raw,bindingdb_raw,4,0.4,0.5,7748,0.4709,0.2975,
cross_database_transfer,chembl_to_bindingdb_exact_ligand_purged,ecfp_absdiff_xgb,2,chembl_raw,bindingdb_raw,5,0.5,0.6,13785,0.5115,0.3296,
cross_database_transfer,chembl_to_bindingdb_exact_ligand_purged,ecfp_absdiff_xgb,2,chembl_raw,bindingdb_raw,6,0.6,0.7,57,0.6379,0.5263,
cross_database_transfer,chembl_to_bindingdb_exact_ligand_purged,ecfp_absdiff_xgb,2,chembl_raw,bindingdb_raw,7,0.7,0.8,46,0.7485,0.6957,
cross_database_transfer,chembl_to_bindingdb_exact_ligand_purged,ecfp_absdiff_xgb,2,chembl_raw,bindingdb_raw,8,0.8,0.9,0,,,
cross_database_transfer,chembl_to_bindingdb_exact_ligand_purged,ecfp_absdiff_xgb,2,chembl_raw,bindingdb_raw,9,0.9,1.0,0,,,
cross_database_transfer,chembl_to_bindingdb_exact_ligand_purged,rich_diff_scalars,2,chembl_raw,bindingdb_raw,0,0.0,0.1,0,,,
cross_database_transfer,chembl_to_bindingdb_exact_ligand_purged,rich_diff_scalars,2,chembl_raw,bindingdb_raw,1,0.1,0.2,280,0.1894,0.0107,
cross_database_transfer,chembl_to_bindingdb_exact_ligand_purged,rich_diff_scalars,2,chembl_raw,bindingdb_raw,2,0.2,0.3,803,0.254,0.1171,
cross_database_transfer,chembl_to_bindingdb_exact_ligand_purged,rich_diff_scalars,2,chembl_raw,bindingdb_raw,3,0.3,0.4,2932,0.3605,0.2316,
cross_database_transfer,chembl_to_bindingdb_exact_ligand_purged,rich_diff_scalars,2,chembl_raw,bindingdb_raw,4,0.4,0.5,9952,0.4595,0.3072,
cross_database_transfer,chembl_to_bindingdb_exact_ligand_purged,rich_diff_scalars,2,chembl_raw,bindingdb_raw,5,0.5,0.6,7536,0.5363,0.3579,
cross_database_transfer,chembl_to_bindingdb_exact_ligand_purged,rich_diff_scalars,2,chembl_raw,bindingdb_raw,6,0.6,0.7,919,0.6355,0.4973,
cross_database_transfer,chembl_to_bindingdb_exact_ligand_purged,rich_diff_scalars,2,chembl_raw,bindingdb_raw,7,0.7,0.8,39,0.7128,0.6154,
cross_database_transfer,chembl_to_bindingdb_exact_ligand_purged,rich_diff_scalars,2,chembl_raw,bindingdb_raw,8,0.8,0.9,23,0.8295,0.913,
cross_database_transfer,chembl_to_bindingdb_exact_ligand_purged,rich_diff_scalars,2,chembl_raw,bindingdb_raw,9,0.9,1.0,0,,,
cross_database_transfer,chembl_to_bindingdb_exact_ligand_purged,rich_scalars_only,2,chembl_raw,bindingdb_raw,0,0.0,0.1,0,,,
cross_database_transfer,chembl_to_bindingdb_exact_ligand_purged,rich_scalars_only,2,chembl_raw,bindingdb_raw,1,0.1,0.2,320,0.181,0.0062,
cross_database_transfer,chembl_to_bindingdb_exact_ligand_purged,rich_scalars_only,2,chembl_raw,bindingdb_raw,2,0.2,0.3,627,0.2526,0.11,
cross_database_transfer,chembl_to_bindingdb_exact_ligand_purged,rich_scalars_only,2,chembl_raw,bindingdb_raw,3,0.3,0.4,2420,0.3565,0.2211,
cross_database_transfer,chembl_to_bindingdb_exact_ligand_purged,rich_scalars_only,2,chembl_raw,bindingdb_raw,4,0.4,0.5,10102,0.4586,0.2979,
cross_database_transfer,chembl_to_bindingdb_exact_ligand_purged,rich_scalars_only,2,chembl_raw,bindingdb_raw,5,0.5,0.6,7784,0.5384,0.356,
cross_database_transfer,chembl_to_bindingdb_exact_ligand_purged,rich_scalars_only,2,chembl_raw,bindingdb_raw,6,0.6,0.7,1129,0.6361,0.5093,
cross_database_transfer,chembl_to_bindingdb_exact_ligand_purged,rich_scalars_only,2,chembl_raw,bindingdb_raw,7,0.7,0.8,102,0.7202,0.6961,
cross_database_transfer,chembl_to_bindingdb_exact_ligand_purged,rich_scalars_only,2,chembl_raw,bindingdb_raw,8,0.8,0.9,0,,,
cross_database_transfer,chembl_to_bindingdb_exact_ligand_purged,rich_scalars_only,2,chembl_raw,bindingdb_raw,9,0.9,1.0,0,,,
cross_database_transfer,chembl_to_bindingdb_exact_ligand_purged,extratrees_scalars,2,chembl_raw,bindingdb_raw,0,0.0,0.1,353,0.0505,0.0255,
cross_database_transfer,chembl_to_bindingdb_exact_ligand_purged,extratrees_scalars,2,chembl_raw,bindingdb_raw,1,0.1,0.2,695,0.164,0.1468,
cross_database_transfer,chembl_to_bindingdb_exact_ligand_purged,extratrees_scalars,2,chembl_raw,bindingdb_raw,2,0.2,0.3,2650,0.2595,0.2204,
cross_database_transfer,chembl_to_bindingdb_exact_ligand_purged,extratrees_scalars,2,chembl_raw,bindingdb_raw,3,0.3,0.4,6189,0.3548,0.2915,
cross_database_transfer,chembl_to_bindingdb_exact_ligand_purged,extratrees_scalars,2,chembl_raw,bindingdb_raw,4,0.4,0.5,7392,0.448,0.3139,
cross_database_transfer,chembl_to_bindingdb_exact_ligand_purged,extratrees_scalars,2,chembl_raw,bindingdb_raw,5,0.5,0.6,3924,0.5409,0.3818,
cross_database_transfer,chembl_to_bindingdb_exact_ligand_purged,extratrees_scalars,2,chembl_raw,bindingdb_raw,6,0.6,0.7,1040,0.6364,0.5163,
cross_database_transfer,chembl_to_bindingdb_exact_ligand_purged,extratrees_scalars,2,chembl_raw,bindingdb_raw,7,0.7,0.8,166,0.7365,0.6988,
cross_database_transfer,chembl_to_bindingdb_exact_ligand_purged,extratrees_scalars,2,chembl_raw,bindingdb_raw,8,0.8,0.9,67,0.8434,0.8358,
cross_database_transfer,chembl_to_bindingdb_exact_ligand_purged,extratrees_scalars,2,chembl_raw,bindingdb_raw,9,0.9,1.0,8,0.9579,0.75,
cross_database_transfer,chembl_to_bindingdb_pair_scaffold_purged,ecfp_absdiff_xgb,0,chembl_raw,bindingdb_raw,0,0.0,0.1,0,,,
cross_database_transfer,chembl_to_bindingdb_pair_scaffold_purged,ecfp_absdiff_xgb,0,chembl_raw,bindingdb_raw,1,0.1,0.2,36,0.1811,0.0,
cross_database_transfer,chembl_to_bindingdb_pair_scaffold_purged,ecfp_absdiff_xgb,0,chembl_raw,bindingdb_raw,2,0.2,0.3,187,0.2545,0.0321,
cross_database_transfer,chembl_to_bindingdb_pair_scaffold_purged,ecfp_absdiff_xgb,0,chembl_raw,bindingdb_raw,3,0.3,0.4,689,0.3623,0.2032,
cross_database_transfer,chembl_to_bindingdb_pair_scaffold_purged,ecfp_absdiff_xgb,0,chembl_raw,bindingdb_raw,4,0.4,0.5,7180,0.4578,0.3024,
cross_database_transfer,chembl_to_bindingdb_pair_scaffold_purged,ecfp_absdiff_xgb,0,chembl_raw,bindingdb_raw,5,0.5,0.6,14286,0.5221,0.3258,
cross_database_transfer,chembl_to_bindingdb_pair_scaffold_purged,ecfp_absdiff_xgb,0,chembl_raw,bindingdb_raw,6,0.6,0.7,63,0.6373,0.4286,
cross_database_transfer,chembl_to_bindingdb_pair_scaffold_purged,ecfp_absdiff_xgb,0,chembl_raw,bindingdb_raw,7,0.7,0.8,43,0.7311,0.7674,
cross_database_transfer,chembl_to_bindingdb_pair_scaffold_purged,ecfp_absdiff_xgb,0,chembl_raw,bindingdb_raw,8,0.8,0.9,0,,,
cross_database_transfer,chembl_to_bindingdb_pair_scaffold_purged,ecfp_absdiff_xgb,0,chembl_raw,bindingdb_raw,9,0.9,1.0,0,,,
cross_database_transfer,chembl_to_bindingdb_pair_scaffold_purged,rich_diff_scalars,0,chembl_raw,bindingdb_raw,0,0.0,0.1,0,,,
cross_database_transfer,chembl_to_bindingdb_pair_scaffold_purged,rich_diff_scalars,0,chembl_raw,bindingdb_raw,1,0.1,0.2,339,0.1729,0.0147,
cross_database_transfer,chembl_to_bindingdb_pair_scaffold_purged,rich_diff_scalars,0,chembl_raw,bindingdb_raw,2,0.2,0.3,601,0.2527,0.1381,
cross_database_transfer,chembl_to_bindingdb_pair_scaffold_purged,rich_diff_scalars,0,chembl_raw,bindingdb_raw,3,0.3,0.4,2531,0.3698,0.2422,
cross_database_transfer,chembl_to_bindingdb_pair_scaffold_purged,rich_diff_scalars,0,chembl_raw,bindingdb_raw,4,0.4,0.5,8782,0.4579,0.2944,
cross_database_transfer,chembl_to_bindingdb_pair_scaffold_purged,rich_diff_scalars,0,chembl_raw,bindingdb_raw,5,0.5,0.6,9115,0.5368,0.3541,
cross_database_transfer,chembl_to_bindingdb_pair_scaffold_purged,rich_diff_scalars,0,chembl_raw,bindingdb_raw,6,0.6,0.7,1092,0.623,0.4542,
cross_database_transfer,chembl_to_bindingdb_pair_scaffold_purged,rich_diff_scalars,0,chembl_raw,bindingdb_raw,7,0.7,0.8,19,0.7643,1.0,
cross_database_transfer,chembl_to_bindingdb_pair_scaffold_purged,rich_diff_scalars,0,chembl_raw,bindingdb_raw,8,0.8,0.9,5,0.8109,0.6,
cross_database_transfer,chembl_to_bindingdb_pair_scaffold_purged,rich_diff_scalars,0,chembl_raw,bindingdb_raw,9,0.9,1.0,0,,,
cross_database_transfer,chembl_to_bindingdb_pair_scaffold_purged,rich_scalars_only,0,chembl_raw,bindingdb_raw,0,0.0,0.1,0,,,
cross_database_transfer,chembl_to_bindingdb_pair_scaffold_purged,rich_scalars_only,0,chembl_raw,bindingdb_raw,1,0.1,0.2,341,0.1539,0.0147,
cross_database_transfer,chembl_to_bindingdb_pair_scaffold_purged,rich_scalars_only,0,chembl_raw,bindingdb_raw,2,0.2,0.3,390,0.2574,0.1462,
cross_database_transfer,chembl_to_bindingdb_pair_scaffold_purged,rich_scalars_only,0,chembl_raw,bindingdb_raw,3,0.3,0.4,1878,0.3668,0.2322,
cross_database_transfer,chembl_to_bindingdb_pair_scaffold_purged,rich_scalars_only,0,chembl_raw,bindingdb_raw,4,0.4,0.5,9997,0.4635,0.272,
cross_database_transfer,chembl_to_bindingdb_pair_scaffold_purged,rich_scalars_only,0,chembl_raw,bindingdb_raw,5,0.5,0.6,8827,0.536,0.3714,
cross_database_transfer,chembl_to_bindingdb_pair_scaffold_purged,rich_scalars_only,0,chembl_raw,bindingdb_raw,6,0.6,0.7,977,0.629,0.4995,
cross_database_transfer,chembl_to_bindingdb_pair_scaffold_purged,rich_scalars_only,0,chembl_raw,bindingdb_raw,7,0.7,0.8,74,0.7195,0.6622,
cross_database_transfer,chembl_to_bindingdb_pair_scaffold_purged,rich_scalars_only,0,chembl_raw,bindingdb_raw,8,0.8,0.9,0,,,
cross_database_transfer,chembl_to_bindingdb_pair_scaffold_purged,rich_scalars_only,0,chembl_raw,bindingdb_raw,9,0.9,1.0,0,,,
cross_database_transfer,chembl_to_bindingdb_pair_scaffold_purged,extratrees_scalars,0,chembl_raw,bindingdb_raw,0,0.0,0.1,355,0.0545,0.0169,
cross_database_transfer,chembl_to_bindingdb_pair_scaffold_purged,extratrees_scalars,0,chembl_raw,bindingdb_raw,1,0.1,0.2,602,0.1603,0.1362,
cross_database_transfer,chembl_to_bindingdb_pair_scaffold_purged,extratrees_scalars,0,chembl_raw,bindingdb_raw,2,0.2,0.3,2804,0.261,0.2422,
cross_database_transfer,chembl_to_bindingdb_pair_scaffold_purged,extratrees_scalars,0,chembl_raw,bindingdb_raw,3,0.3,0.4,6913,0.3548,0.2952,
cross_database_transfer,chembl_to_bindingdb_pair_scaffold_purged,extratrees_scalars,0,chembl_raw,bindingdb_raw,4,0.4,0.5,7430,0.4465,0.3206,
cross_database_transfer,chembl_to_bindingdb_pair_scaffold_purged,extratrees_scalars,0,chembl_raw,bindingdb_raw,5,0.5,0.6,3368,0.5402,0.3996,
cross_database_transfer,chembl_to_bindingdb_pair_scaffold_purged,extratrees_scalars,0,chembl_raw,bindingdb_raw,6,0.6,0.7,824,0.6355,0.4721,
cross_database_transfer,chembl_to_bindingdb_pair_scaffold_purged,extratrees_scalars,0,chembl_raw,bindingdb_raw,7,0.7,0.8,149,0.732,0.4765,
cross_database_transfer,chembl_to_bindingdb_pair_scaffold_purged,extratrees_scalars,0,chembl_raw,bindingdb_raw,8,0.8,0.9,28,0.849,0.8929,
cross_database_transfer,chembl_to_bindingdb_pair_scaffold_purged,extratrees_scalars,0,chembl_raw,bindingdb_raw,9,0.9,1.0,11,0.9337,1.0,
cross_database_transfer,chembl_to_bindingdb_pair_scaffold_purged,ecfp_absdiff_xgb,1,chembl_raw,bindingdb_raw,0,0.0,0.1,0,,,
cross_database_transfer,chembl_to_bindingdb_pair_scaffold_purged,ecfp_absdiff_xgb,1,chembl_raw,bindingdb_raw,1,0.1,0.2,46,0.1851,0.0,
cross_database_transfer,chembl_to_bindingdb_pair_scaffold_purged,ecfp_absdiff_xgb,1,chembl_raw,bindingdb_raw,2,0.2,0.3,168,0.2568,0.0714,
cross_database_transfer,chembl_to_bindingdb_pair_scaffold_purged,ecfp_absdiff_xgb,1,chembl_raw,bindingdb_raw,3,0.3,0.4,740,0.3637,0.1797,
cross_database_transfer,chembl_to_bindingdb_pair_scaffold_purged,ecfp_absdiff_xgb,1,chembl_raw,bindingdb_raw,4,0.4,0.5,7067,0.4576,0.3055,
cross_database_transfer,chembl_to_bindingdb_pair_scaffold_purged,ecfp_absdiff_xgb,1,chembl_raw,bindingdb_raw,5,0.5,0.6,14361,0.5216,0.3249,
cross_database_transfer,chembl_to_bindingdb_pair_scaffold_purged,ecfp_absdiff_xgb,1,chembl_raw,bindingdb_raw,6,0.6,0.7,49,0.6195,0.4898,
cross_database_transfer,chembl_to_bindingdb_pair_scaffold_purged,ecfp_absdiff_xgb,1,chembl_raw,bindingdb_raw,7,0.7,0.8,53,0.7365,0.717,
cross_database_transfer,chembl_to_bindingdb_pair_scaffold_purged,ecfp_absdiff_xgb,1,chembl_raw,bindingdb_raw,8,0.8,0.9,0,,,
cross_database_transfer,chembl_to_bindingdb_pair_scaffold_purged,ecfp_absdiff_xgb,1,chembl_raw,bindingdb_raw,9,0.9,1.0,0,,,
cross_database_transfer,chembl_to_bindingdb_pair_scaffold_purged,rich_diff_scalars,1,chembl_raw,bindingdb_raw,0,0.0,0.1,0,,,
cross_database_transfer,chembl_to_bindingdb_pair_scaffold_purged,rich_diff_scalars,1,chembl_raw,bindingdb_raw,1,0.1,0.2,364,0.1718,0.022,
cross_database_transfer,chembl_to_bindingdb_pair_scaffold_purged,rich_diff_scalars,1,chembl_raw,bindingdb_raw,2,0.2,0.3,603,0.2535,0.1376,
cross_database_transfer,chembl_to_bindingdb_pair_scaffold_purged,rich_diff_scalars,1,chembl_raw,bindingdb_raw,3,0.3,0.4,2628,0.3647,0.2542,
cross_database_transfer,chembl_to_bindingdb_pair_scaffold_purged,rich_diff_scalars,1,chembl_raw,bindingdb_raw,4,0.4,0.5,8215,0.4583,0.294,
cross_database_transfer,chembl_to_bindingdb_pair_scaffold_purged,rich_diff_scalars,1,chembl_raw,bindingdb_raw,5,0.5,0.6,9429,0.5357,0.3455,
cross_database_transfer,chembl_to_bindingdb_pair_scaffold_purged,rich_diff_scalars,1,chembl_raw,bindingdb_raw,6,0.6,0.7,1224,0.6232,0.4747,
cross_database_transfer,chembl_to_bindingdb_pair_scaffold_purged,rich_diff_scalars,1,chembl_raw,bindingdb_raw,7,0.7,0.8,19,0.7678,0.9474,
cross_database_transfer,chembl_to_bindingdb_pair_scaffold_purged,rich_diff_scalars,1,chembl_raw,bindingdb_raw,8,0.8,0.9,2,0.8051,0.5,
cross_database_transfer,chembl_to_bindingdb_pair_scaffold_purged,rich_diff_scalars,1,chembl_raw,bindingdb_raw,9,0.9,1.0,0,,,
cross_database_transfer,chembl_to_bindingdb_pair_scaffold_purged,rich_scalars_only,1,chembl_raw,bindingdb_raw,0,0.0,0.1,0,,,
cross_database_transfer,chembl_to_bindingdb_pair_scaffold_purged,rich_scalars_only,1,chembl_raw,bindingdb_raw,1,0.1,0.2,364,0.1626,0.0247,
cross_database_transfer,chembl_to_bindingdb_pair_scaffold_purged,rich_scalars_only,1,chembl_raw,bindingdb_raw,2,0.2,0.3,370,0.2583,0.1405,
cross_database_transfer,chembl_to_bindingdb_pair_scaffold_purged,rich_scalars_only,1,chembl_raw,bindingdb_raw,3,0.3,0.4,2064,0.3679,0.2403,
cross_database_transfer,chembl_to_bindingdb_pair_scaffold_purged,rich_scalars_only,1,chembl_raw,bindingdb_raw,4,0.4,0.5,10170,0.4617,0.2826,
cross_database_transfer,chembl_to_bindingdb_pair_scaffold_purged,rich_scalars_only,1,chembl_raw,bindingdb_raw,5,0.5,0.6,8321,0.5338,0.3609,
cross_database_transfer,chembl_to_bindingdb_pair_scaffold_purged,rich_scalars_only,1,chembl_raw,bindingdb_raw,6,0.6,0.7,1149,0.6305,0.4943,
cross_database_transfer,chembl_to_bindingdb_pair_scaffold_purged,rich_scalars_only,1,chembl_raw,bindingdb_raw,7,0.7,0.8,46,0.7186,0.6522,
cross_database_transfer,chembl_to_bindingdb_pair_scaffold_purged,rich_scalars_only,1,chembl_raw,bindingdb_raw,8,0.8,0.9,0,,,
cross_database_transfer,chembl_to_bindingdb_pair_scaffold_purged,rich_scalars_only,1,chembl_raw,bindingdb_raw,9,0.9,1.0,0,,,
cross_database_transfer,chembl_to_bindingdb_pair_scaffold_purged,extratrees_scalars,1,chembl_raw,bindingdb_raw,0,0.0,0.1,365,0.0511,0.0137,
cross_database_transfer,chembl_to_bindingdb_pair_scaffold_purged,extratrees_scalars,1,chembl_raw,bindingdb_raw,1,0.1,0.2,608,0.1617,0.1497,
cross_database_transfer,chembl_to_bindingdb_pair_scaffold_purged,extratrees_scalars,1,chembl_raw,bindingdb_raw,2,0.2,0.3,2954,0.261,0.2458,
cross_database_transfer,chembl_to_bindingdb_pair_scaffold_purged,extratrees_scalars,1,chembl_raw,bindingdb_raw,3,0.3,0.4,6865,0.3537,0.2918,
cross_database_transfer,chembl_to_bindingdb_pair_scaffold_purged,extratrees_scalars,1,chembl_raw,bindingdb_raw,4,0.4,0.5,7329,0.4466,0.3354,
cross_database_transfer,chembl_to_bindingdb_pair_scaffold_purged,extratrees_scalars,1,chembl_raw,bindingdb_raw,5,0.5,0.6,3422,0.5397,0.3729,
cross_database_transfer,chembl_to_bindingdb_pair_scaffold_purged,extratrees_scalars,1,chembl_raw,bindingdb_raw,6,0.6,0.7,762,0.6361,0.4672,
cross_database_transfer,chembl_to_bindingdb_pair_scaffold_purged,extratrees_scalars,1,chembl_raw,bindingdb_raw,7,0.7,0.8,144,0.7364,0.5972,
cross_database_transfer,chembl_to_bindingdb_pair_scaffold_purged,extratrees_scalars,1,chembl_raw,bindingdb_raw,8,0.8,0.9,25,0.8469,0.84,
cross_database_transfer,chembl_to_bindingdb_pair_scaffold_purged,extratrees_scalars,1,chembl_raw,bindingdb_raw,9,0.9,1.0,10,0.9478,1.0,
cross_database_transfer,chembl_to_bindingdb_pair_scaffold_purged,ecfp_absdiff_xgb,2,chembl_raw,bindingdb_raw,0,0.0,0.1,0,,,
cross_database_transfer,chembl_to_bindingdb_pair_scaffold_purged,ecfp_absdiff_xgb,2,chembl_raw,bindingdb_raw,1,0.1,0.2,57,0.1762,0.0,
cross_database_transfer,chembl_to_bindingdb_pair_scaffold_purged,ecfp_absdiff_xgb,2,chembl_raw,bindingdb_raw,2,0.2,0.3,176,0.2615,0.0455,
cross_database_transfer,chembl_to_bindingdb_pair_scaffold_purged,ecfp_absdiff_xgb,2,chembl_raw,bindingdb_raw,3,0.3,0.4,767,0.3629,0.2073,
cross_database_transfer,chembl_to_bindingdb_pair_scaffold_purged,ecfp_absdiff_xgb,2,chembl_raw,bindingdb_raw,4,0.4,0.5,6288,0.4557,0.3057,
cross_database_transfer,chembl_to_bindingdb_pair_scaffold_purged,ecfp_absdiff_xgb,2,chembl_raw,bindingdb_raw,5,0.5,0.6,15106,0.522,0.3236,
cross_database_transfer,chembl_to_bindingdb_pair_scaffold_purged,ecfp_absdiff_xgb,2,chembl_raw,bindingdb_raw,6,0.6,0.7,51,0.639,0.4902,
cross_database_transfer,chembl_to_bindingdb_pair_scaffold_purged,ecfp_absdiff_xgb,2,chembl_raw,bindingdb_raw,7,0.7,0.8,39,0.7297,0.7436,
cross_database_transfer,chembl_to_bindingdb_pair_scaffold_purged,ecfp_absdiff_xgb,2,chembl_raw,bindingdb_raw,8,0.8,0.9,0,,,
cross_database_transfer,chembl_to_bindingdb_pair_scaffold_purged,ecfp_absdiff_xgb,2,chembl_raw,bindingdb_raw,9,0.9,1.0,0,,,
cross_database_transfer,chembl_to_bindingdb_pair_scaffold_purged,rich_diff_scalars,2,chembl_raw,bindingdb_raw,0,0.0,0.1,0,,,
cross_database_transfer,chembl_to_bindingdb_pair_scaffold_purged,rich_diff_scalars,2,chembl_raw,bindingdb_raw,1,0.1,0.2,339,0.1711,0.0206,
cross_database_transfer,chembl_to_bindingdb_pair_scaffold_purged,rich_diff_scalars,2,chembl_raw,bindingdb_raw,2,0.2,0.3,787,0.2554,0.155,
cross_database_transfer,chembl_to_bindingdb_pair_scaffold_purged,rich_diff_scalars,2,chembl_raw,bindingdb_raw,3,0.3,0.4,2723,0.3655,0.2402,
cross_database_transfer,chembl_to_bindingdb_pair_scaffold_purged,rich_diff_scalars,2,chembl_raw,bindingdb_raw,4,0.4,0.5,8461,0.4578,0.2985,
cross_database_transfer,chembl_to_bindingdb_pair_scaffold_purged,rich_diff_scalars,2,chembl_raw,bindingdb_raw,5,0.5,0.6,8953,0.5375,0.3484,
cross_database_transfer,chembl_to_bindingdb_pair_scaffold_purged,rich_diff_scalars,2,chembl_raw,bindingdb_raw,6,0.6,0.7,1194,0.624,0.4866,
cross_database_transfer,chembl_to_bindingdb_pair_scaffold_purged,rich_diff_scalars,2,chembl_raw,bindingdb_raw,7,0.7,0.8,27,0.7608,0.8519,
cross_database_transfer,chembl_to_bindingdb_pair_scaffold_purged,rich_diff_scalars,2,chembl_raw,bindingdb_raw,8,0.8,0.9,0,,,
cross_database_transfer,chembl_to_bindingdb_pair_scaffold_purged,rich_diff_scalars,2,chembl_raw,bindingdb_raw,9,0.9,1.0,0,,,
cross_database_transfer,chembl_to_bindingdb_pair_scaffold_purged,rich_scalars_only,2,chembl_raw,bindingdb_raw,0,0.0,0.1,0,,,
cross_database_transfer,chembl_to_bindingdb_pair_scaffold_purged,rich_scalars_only,2,chembl_raw,bindingdb_raw,1,0.1,0.2,372,0.1554,0.0296,
cross_database_transfer,chembl_to_bindingdb_pair_scaffold_purged,rich_scalars_only,2,chembl_raw,bindingdb_raw,2,0.2,0.3,364,0.2585,0.1236,
cross_database_transfer,chembl_to_bindingdb_pair_scaffold_purged,rich_scalars_only,2,chembl_raw,bindingdb_raw,3,0.3,0.4,2401,0.3646,0.2357,
cross_database_transfer,chembl_to_bindingdb_pair_scaffold_purged,rich_scalars_only,2,chembl_raw,bindingdb_raw,4,0.4,0.5,9200,0.4649,0.2827,
cross_database_transfer,chembl_to_bindingdb_pair_scaffold_purged,rich_scalars_only,2,chembl_raw,bindingdb_raw,5,0.5,0.6,9063,0.5353,0.3578,
cross_database_transfer,chembl_to_bindingdb_pair_scaffold_purged,rich_scalars_only,2,chembl_raw,bindingdb_raw,6,0.6,0.7,1001,0.6302,0.5165,
cross_database_transfer,chembl_to_bindingdb_pair_scaffold_purged,rich_scalars_only,2,chembl_raw,bindingdb_raw,7,0.7,0.8,83,0.7157,0.5904,
cross_database_transfer,chembl_to_bindingdb_pair_scaffold_purged,rich_scalars_only,2,chembl_raw,bindingdb_raw,8,0.8,0.9,0,,,
cross_database_transfer,chembl_to_bindingdb_pair_scaffold_purged,rich_scalars_only,2,chembl_raw,bindingdb_raw,9,0.9,1.0,0,,,
cross_database_transfer,chembl_to_bindingdb_pair_scaffold_purged,extratrees_scalars,2,chembl_raw,bindingdb_raw,0,0.0,0.1,364,0.0497,0.011,
cross_database_transfer,chembl_to_bindingdb_pair_scaffold_purged,extratrees_scalars,2,chembl_raw,bindingdb_raw,1,0.1,0.2,631,0.1629,0.1743,
cross_database_transfer,chembl_to_bindingdb_pair_scaffold_purged,extratrees_scalars,2,chembl_raw,bindingdb_raw,2,0.2,0.3,2741,0.2607,0.2415,
cross_database_transfer,chembl_to_bindingdb_pair_scaffold_purged,extratrees_scalars,2,chembl_raw,bindingdb_raw,3,0.3,0.4,6818,0.3548,0.2832,
cross_database_transfer,chembl_to_bindingdb_pair_scaffold_purged,extratrees_scalars,2,chembl_raw,bindingdb_raw,4,0.4,0.5,7652,0.4467,0.3319,
cross_database_transfer,chembl_to_bindingdb_pair_scaffold_purged,extratrees_scalars,2,chembl_raw,bindingdb_raw,5,0.5,0.6,3395,0.5401,0.3876,
cross_database_transfer,chembl_to_bindingdb_pair_scaffold_purged,extratrees_scalars,2,chembl_raw,bindingdb_raw,6,0.6,0.7,713,0.633,0.5091,
cross_database_transfer,chembl_to_bindingdb_pair_scaffold_purged,extratrees_scalars,2,chembl_raw,bindingdb_raw,7,0.7,0.8,134,0.735,0.5522,
cross_database_transfer,chembl_to_bindingdb_pair_scaffold_purged,extratrees_scalars,2,chembl_raw,bindingdb_raw,8,0.8,0.9,25,0.8396,0.84,
cross_database_transfer,chembl_to_bindingdb_pair_scaffold_purged,extratrees_scalars,2,chembl_raw,bindingdb_raw,9,0.9,1.0,11,0.939,1.0,
cross_database_transfer,chembl_to_bindingdb_scaffold_purged,ecfp_absdiff_xgb,0,chembl_raw,bindingdb_raw,0,0.0,0.1,0,,,
cross_database_transfer,chembl_to_bindingdb_scaffold_purged,ecfp_absdiff_xgb,0,chembl_raw,bindingdb_raw,1,0.1,0.2,0,,,
cross_database_transfer,chembl_to_bindingdb_scaffold_purged,ecfp_absdiff_xgb,0,chembl_raw,bindingdb_raw,2,0.2,0.3,13,0.2889,0.4615,
cross_database_transfer,chembl_to_bindingdb_scaffold_purged,ecfp_absdiff_xgb,0,chembl_raw,bindingdb_raw,3,0.3,0.4,1255,0.3738,0.2869,
cross_database_transfer,chembl_to_bindingdb_scaffold_purged,ecfp_absdiff_xgb,0,chembl_raw,bindingdb_raw,4,0.4,0.5,7199,0.4583,0.2898,
cross_database_transfer,chembl_to_bindingdb_scaffold_purged,ecfp_absdiff_xgb,0,chembl_raw,bindingdb_raw,5,0.5,0.6,13907,0.5201,0.3264,
cross_database_transfer,chembl_to_bindingdb_scaffold_purged,ecfp_absdiff_xgb,0,chembl_raw,bindingdb_raw,6,0.6,0.7,110,0.6214,0.3727,
cross_database_transfer,chembl_to_bindingdb_scaffold_purged,ecfp_absdiff_xgb,0,chembl_raw,bindingdb_raw,7,0.7,0.8,0,,,
cross_database_transfer,chembl_to_bindingdb_scaffold_purged,ecfp_absdiff_xgb,0,chembl_raw,bindingdb_raw,8,0.8,0.9,0,,,
cross_database_transfer,chembl_to_bindingdb_scaffold_purged,ecfp_absdiff_xgb,0,chembl_raw,bindingdb_raw,9,0.9,1.0,0,,,
cross_database_transfer,chembl_to_bindingdb_scaffold_purged,rich_diff_scalars,0,chembl_raw,bindingdb_raw,0,0.0,0.1,0,,,
cross_database_transfer,chembl_to_bindingdb_scaffold_purged,rich_diff_scalars,0,chembl_raw,bindingdb_raw,1,0.1,0.2,0,,,
cross_database_transfer,chembl_to_bindingdb_scaffold_purged,rich_diff_scalars,0,chembl_raw,bindingdb_raw,2,0.2,0.3,1088,0.2807,0.1664,
cross_database_transfer,chembl_to_bindingdb_scaffold_purged,rich_diff_scalars,0,chembl_raw,bindingdb_raw,3,0.3,0.4,4268,0.3537,0.2561,
cross_database_transfer,chembl_to_bindingdb_scaffold_purged,rich_diff_scalars,0,chembl_raw,bindingdb_raw,4,0.4,0.5,8702,0.4624,0.2907,
cross_database_transfer,chembl_to_bindingdb_scaffold_purged,rich_diff_scalars,0,chembl_raw,bindingdb_raw,5,0.5,0.6,7835,0.5365,0.375,
cross_database_transfer,chembl_to_bindingdb_scaffold_purged,rich_diff_scalars,0,chembl_raw,bindingdb_raw,6,0.6,0.7,589,0.6189,0.489,
cross_database_transfer,chembl_to_bindingdb_scaffold_purged,rich_diff_scalars,0,chembl_raw,bindingdb_raw,7,0.7,0.8,2,0.7169,1.0,
cross_database_transfer,chembl_to_bindingdb_scaffold_purged,rich_diff_scalars,0,chembl_raw,bindingdb_raw,8,0.8,0.9,0,,,
cross_database_transfer,chembl_to_bindingdb_scaffold_purged,rich_diff_scalars,0,chembl_raw,bindingdb_raw,9,0.9,1.0,0,,,
cross_database_transfer,chembl_to_bindingdb_scaffold_purged,rich_scalars_only,0,chembl_raw,bindingdb_raw,0,0.0,0.1,0,,,
cross_database_transfer,chembl_to_bindingdb_scaffold_purged,rich_scalars_only,0,chembl_raw,bindingdb_raw,1,0.1,0.2,0,,,
cross_database_transfer,chembl_to_bindingdb_scaffold_purged,rich_scalars_only,0,chembl_raw,bindingdb_raw,2,0.2,0.3,910,0.2733,0.1637,
cross_database_transfer,chembl_to_bindingdb_scaffold_purged,rich_scalars_only,0,chembl_raw,bindingdb_raw,3,0.3,0.4,4242,0.3539,0.2636,
cross_database_transfer,chembl_to_bindingdb_scaffold_purged,rich_scalars_only,0,chembl_raw,bindingdb_raw,4,0.4,0.5,9903,0.4597,0.2998,
cross_database_transfer,chembl_to_bindingdb_scaffold_purged,rich_scalars_only,0,chembl_raw,bindingdb_raw,5,0.5,0.6,6675,0.5366,0.3634,
cross_database_transfer,chembl_to_bindingdb_scaffold_purged,rich_scalars_only,0,chembl_raw,bindingdb_raw,6,0.6,0.7,748,0.6267,0.4893,
cross_database_transfer,chembl_to_bindingdb_scaffold_purged,rich_scalars_only,0,chembl_raw,bindingdb_raw,7,0.7,0.8,6,0.7144,0.6667,
cross_database_transfer,chembl_to_bindingdb_scaffold_purged,rich_scalars_only,0,chembl_raw,bindingdb_raw,8,0.8,0.9,0,,,
cross_database_transfer,chembl_to_bindingdb_scaffold_purged,rich_scalars_only,0,chembl_raw,bindingdb_raw,9,0.9,1.0,0,,,
cross_database_transfer,chembl_to_bindingdb_scaffold_purged,extratrees_scalars,0,chembl_raw,bindingdb_raw,0,0.0,0.1,142,0.0706,0.0141,
cross_database_transfer,chembl_to_bindingdb_scaffold_purged,extratrees_scalars,0,chembl_raw,bindingdb_raw,1,0.1,0.2,946,0.1639,0.2146,
cross_database_transfer,chembl_to_bindingdb_scaffold_purged,extratrees_scalars,0,chembl_raw,bindingdb_raw,2,0.2,0.3,3944,0.2594,0.2756,
cross_database_transfer,chembl_to_bindingdb_scaffold_purged,extratrees_scalars,0,chembl_raw,bindingdb_raw,3,0.3,0.4,7718,0.3527,0.3037,
cross_database_transfer,chembl_to_bindingdb_scaffold_purged,extratrees_scalars,0,chembl_raw,bindingdb_raw,4,0.4,0.5,6505,0.446,0.3176,
cross_database_transfer,chembl_to_bindingdb_scaffold_purged,extratrees_scalars,0,chembl_raw,bindingdb_raw,5,0.5,0.6,2525,0.5392,0.4,
cross_database_transfer,chembl_to_bindingdb_scaffold_purged,extratrees_scalars,0,chembl_raw,bindingdb_raw,6,0.6,0.7,606,0.6371,0.4637,
cross_database_transfer,chembl_to_bindingdb_scaffold_purged,extratrees_scalars,0,chembl_raw,bindingdb_raw,7,0.7,0.8,95,0.7352,0.3895,
cross_database_transfer,chembl_to_bindingdb_scaffold_purged,extratrees_scalars,0,chembl_raw,bindingdb_raw,8,0.8,0.9,1,0.8279,0.0,
cross_database_transfer,chembl_to_bindingdb_scaffold_purged,extratrees_scalars,0,chembl_raw,bindingdb_raw,9,0.9,1.0,2,0.9245,1.0,
cross_database_transfer,chembl_to_bindingdb_scaffold_purged,ecfp_absdiff_xgb,1,chembl_raw,bindingdb_raw,0,0.0,0.1,0,,,
cross_database_transfer,chembl_to_bindingdb_scaffold_purged,ecfp_absdiff_xgb,1,chembl_raw,bindingdb_raw,1,0.1,0.2,0,,,
cross_database_transfer,chembl_to_bindingdb_scaffold_purged,ecfp_absdiff_xgb,1,chembl_raw,bindingdb_raw,2,0.2,0.3,36,0.2901,0.1111,
cross_database_transfer,chembl_to_bindingdb_scaffold_purged,ecfp_absdiff_xgb,1,chembl_raw,bindingdb_raw,3,0.3,0.4,1584,0.3745,0.2904,
cross_database_transfer,chembl_to_bindingdb_scaffold_purged,ecfp_absdiff_xgb,1,chembl_raw,bindingdb_raw,4,0.4,0.5,6696,0.4589,0.2879,
cross_database_transfer,chembl_to_bindingdb_scaffold_purged,ecfp_absdiff_xgb,1,chembl_raw,bindingdb_raw,5,0.5,0.6,14069,0.5195,0.327,
cross_database_transfer,chembl_to_bindingdb_scaffold_purged,ecfp_absdiff_xgb,1,chembl_raw,bindingdb_raw,6,0.6,0.7,99,0.6264,0.3939,
cross_database_transfer,chembl_to_bindingdb_scaffold_purged,ecfp_absdiff_xgb,1,chembl_raw,bindingdb_raw,7,0.7,0.8,0,,,
cross_database_transfer,chembl_to_bindingdb_scaffold_purged,ecfp_absdiff_xgb,1,chembl_raw,bindingdb_raw,8,0.8,0.9,0,,,
cross_database_transfer,chembl_to_bindingdb_scaffold_purged,ecfp_absdiff_xgb,1,chembl_raw,bindingdb_raw,9,0.9,1.0,0,,,
cross_database_transfer,chembl_to_bindingdb_scaffold_purged,rich_diff_scalars,1,chembl_raw,bindingdb_raw,0,0.0,0.1,0,,,
cross_database_transfer,chembl_to_bindingdb_scaffold_purged,rich_diff_scalars,1,chembl_raw,bindingdb_raw,1,0.1,0.2,0,,,
cross_database_transfer,chembl_to_bindingdb_scaffold_purged,rich_diff_scalars,1,chembl_raw,bindingdb_raw,2,0.2,0.3,858,0.2826,0.1457,
cross_database_transfer,chembl_to_bindingdb_scaffold_purged,rich_diff_scalars,1,chembl_raw,bindingdb_raw,3,0.3,0.4,4361,0.3522,0.2662,
cross_database_transfer,chembl_to_bindingdb_scaffold_purged,rich_diff_scalars,1,chembl_raw,bindingdb_raw,4,0.4,0.5,9699,0.461,0.2882,
cross_database_transfer,chembl_to_bindingdb_scaffold_purged,rich_diff_scalars,1,chembl_raw,bindingdb_raw,5,0.5,0.6,6877,0.535,0.3788,
cross_database_transfer,chembl_to_bindingdb_scaffold_purged,rich_diff_scalars,1,chembl_raw,bindingdb_raw,6,0.6,0.7,687,0.6246,0.5022,
cross_database_transfer,chembl_to_bindingdb_scaffold_purged,rich_diff_scalars,1,chembl_raw,bindingdb_raw,7,0.7,0.8,2,0.7032,0.5,
cross_database_transfer,chembl_to_bindingdb_scaffold_purged,rich_diff_scalars,1,chembl_raw,bindingdb_raw,8,0.8,0.9,0,,,
cross_database_transfer,chembl_to_bindingdb_scaffold_purged,rich_diff_scalars,1,chembl_raw,bindingdb_raw,9,0.9,1.0,0,,,
cross_database_transfer,chembl_to_bindingdb_scaffold_purged,rich_scalars_only,1,chembl_raw,bindingdb_raw,0,0.0,0.1,0,,,
cross_database_transfer,chembl_to_bindingdb_scaffold_purged,rich_scalars_only,1,chembl_raw,bindingdb_raw,1,0.1,0.2,0,,,
cross_database_transfer,chembl_to_bindingdb_scaffold_purged,rich_scalars_only,1,chembl_raw,bindingdb_raw,2,0.2,0.3,1000,0.2694,0.154,
cross_database_transfer,chembl_to_bindingdb_scaffold_purged,rich_scalars_only,1,chembl_raw,bindingdb_raw,3,0.3,0.4,3783,0.3536,0.267,
cross_database_transfer,chembl_to_bindingdb_scaffold_purged,rich_scalars_only,1,chembl_raw,bindingdb_raw,4,0.4,0.5,10304,0.4575,0.2908,
cross_database_transfer,chembl_to_bindingdb_scaffold_purged,rich_scalars_only,1,chembl_raw,bindingdb_raw,5,0.5,0.6,6562,0.5361,0.3741,
cross_database_transfer,chembl_to_bindingdb_scaffold_purged,rich_scalars_only,1,chembl_raw,bindingdb_raw,6,0.6,0.7,827,0.6278,0.4982,
cross_database_transfer,chembl_to_bindingdb_scaffold_purged,rich_scalars_only,1,chembl_raw,bindingdb_raw,7,0.7,0.8,8,0.7091,0.625,
cross_database_transfer,chembl_to_bindingdb_scaffold_purged,rich_scalars_only,1,chembl_raw,bindingdb_raw,8,0.8,0.9,0,,,
cross_database_transfer,chembl_to_bindingdb_scaffold_purged,rich_scalars_only,1,chembl_raw,bindingdb_raw,9,0.9,1.0,0,,,
cross_database_transfer,chembl_to_bindingdb_scaffold_purged,extratrees_scalars,1,chembl_raw,bindingdb_raw,0,0.0,0.1,154,0.0716,0.0325,
cross_database_transfer,chembl_to_bindingdb_scaffold_purged,extratrees_scalars,1,chembl_raw,bindingdb_raw,1,0.1,0.2,807,0.1651,0.2082,
cross_database_transfer,chembl_to_bindingdb_scaffold_purged,extratrees_scalars,1,chembl_raw,bindingdb_raw,2,0.2,0.3,3939,0.2603,0.2711,
cross_database_transfer,chembl_to_bindingdb_scaffold_purged,extratrees_scalars,1,chembl_raw,bindingdb_raw,3,0.3,0.4,7665,0.3516,0.3063,
cross_database_transfer,chembl_to_bindingdb_scaffold_purged,extratrees_scalars,1,chembl_raw,bindingdb_raw,4,0.4,0.5,6628,0.4445,0.3257,
cross_database_transfer,chembl_to_bindingdb_scaffold_purged,extratrees_scalars,1,chembl_raw,bindingdb_raw,5,0.5,0.6,2511,0.5392,0.3644,
cross_database_transfer,chembl_to_bindingdb_scaffold_purged,extratrees_scalars,1,chembl_raw,bindingdb_raw,6,0.6,0.7,662,0.6374,0.4683,
cross_database_transfer,chembl_to_bindingdb_scaffold_purged,extratrees_scalars,1,chembl_raw,bindingdb_raw,7,0.7,0.8,111,0.7348,0.4775,
cross_database_transfer,chembl_to_bindingdb_scaffold_purged,extratrees_scalars,1,chembl_raw,bindingdb_raw,8,0.8,0.9,6,0.8275,0.8333,
cross_database_transfer,chembl_to_bindingdb_scaffold_purged,extratrees_scalars,1,chembl_raw,bindingdb_raw,9,0.9,1.0,1,0.9587,1.0,
cross_database_transfer,chembl_to_bindingdb_scaffold_purged,ecfp_absdiff_xgb,2,chembl_raw,bindingdb_raw,0,0.0,0.1,0,,,
cross_database_transfer,chembl_to_bindingdb_scaffold_purged,ecfp_absdiff_xgb,2,chembl_raw,bindingdb_raw,1,0.1,0.2,0,,,
cross_database_transfer,chembl_to_bindingdb_scaffold_purged,ecfp_absdiff_xgb,2,chembl_raw,bindingdb_raw,2,0.2,0.3,53,0.2907,0.2642,
cross_database_transfer,chembl_to_bindingdb_scaffold_purged,ecfp_absdiff_xgb,2,chembl_raw,bindingdb_raw,3,0.3,0.4,1450,0.3741,0.2855,
cross_database_transfer,chembl_to_bindingdb_scaffold_purged,ecfp_absdiff_xgb,2,chembl_raw,bindingdb_raw,4,0.4,0.5,6678,0.4593,0.2898,
cross_database_transfer,chembl_to_bindingdb_scaffold_purged,ecfp_absdiff_xgb,2,chembl_raw,bindingdb_raw,5,0.5,0.6,14218,0.5199,0.3261,
cross_database_transfer,chembl_to_bindingdb_scaffold_purged,ecfp_absdiff_xgb,2,chembl_raw,bindingdb_raw,6,0.6,0.7,85,0.6296,0.3882,
cross_database_transfer,chembl_to_bindingdb_scaffold_purged,ecfp_absdiff_xgb,2,chembl_raw,bindingdb_raw,7,0.7,0.8,0,,,
cross_database_transfer,chembl_to_bindingdb_scaffold_purged,ecfp_absdiff_xgb,2,chembl_raw,bindingdb_raw,8,0.8,0.9,0,,,
cross_database_transfer,chembl_to_bindingdb_scaffold_purged,ecfp_absdiff_xgb,2,chembl_raw,bindingdb_raw,9,0.9,1.0,0,,,
cross_database_transfer,chembl_to_bindingdb_scaffold_purged,rich_diff_scalars,2,chembl_raw,bindingdb_raw,0,0.0,0.1,0,,,
cross_database_transfer,chembl_to_bindingdb_scaffold_purged,rich_diff_scalars,2,chembl_raw,bindingdb_raw,1,0.1,0.2,0,,,
cross_database_transfer,chembl_to_bindingdb_scaffold_purged,rich_diff_scalars,2,chembl_raw,bindingdb_raw,2,0.2,0.3,1173,0.2788,0.1509,
cross_database_transfer,chembl_to_bindingdb_scaffold_purged,rich_diff_scalars,2,chembl_raw,bindingdb_raw,3,0.3,0.4,4268,0.353,0.2617,
cross_database_transfer,chembl_to_bindingdb_scaffold_purged,rich_diff_scalars,2,chembl_raw,bindingdb_raw,4,0.4,0.5,8690,0.4609,0.2963,
cross_database_transfer,chembl_to_bindingdb_scaffold_purged,rich_diff_scalars,2,chembl_raw,bindingdb_raw,5,0.5,0.6,7557,0.5372,0.3668,
cross_database_transfer,chembl_to_bindingdb_scaffold_purged,rich_diff_scalars,2,chembl_raw,bindingdb_raw,6,0.6,0.7,794,0.6255,0.4899,
cross_database_transfer,chembl_to_bindingdb_scaffold_purged,rich_diff_scalars,2,chembl_raw,bindingdb_raw,7,0.7,0.8,2,0.7085,1.0,
cross_database_transfer,chembl_to_bindingdb_scaffold_purged,rich_diff_scalars,2,chembl_raw,bindingdb_raw,8,0.8,0.9,0,,,
cross_database_transfer,chembl_to_bindingdb_scaffold_purged,rich_diff_scalars,2,chembl_raw,bindingdb_raw,9,0.9,1.0,0,,,
cross_database_transfer,chembl_to_bindingdb_scaffold_purged,rich_scalars_only,2,chembl_raw,bindingdb_raw,0,0.0,0.1,0,,,
cross_database_transfer,chembl_to_bindingdb_scaffold_purged,rich_scalars_only,2,chembl_raw,bindingdb_raw,1,0.1,0.2,0,,,
cross_database_transfer,chembl_to_bindingdb_scaffold_purged,rich_scalars_only,2,chembl_raw,bindingdb_raw,2,0.2,0.3,1040,0.2734,0.1529,
cross_database_transfer,chembl_to_bindingdb_scaffold_purged,rich_scalars_only,2,chembl_raw,bindingdb_raw,3,0.3,0.4,4051,0.3529,0.2703,
cross_database_transfer,chembl_to_bindingdb_scaffold_purged,rich_scalars_only,2,chembl_raw,bindingdb_raw,4,0.4,0.5,10135,0.4583,0.2948,
cross_database_transfer,chembl_to_bindingdb_scaffold_purged,rich_scalars_only,2,chembl_raw,bindingdb_raw,5,0.5,0.6,6388,0.5387,0.3687,
cross_database_transfer,chembl_to_bindingdb_scaffold_purged,rich_scalars_only,2,chembl_raw,bindingdb_raw,6,0.6,0.7,858,0.6271,0.5012,
cross_database_transfer,chembl_to_bindingdb_scaffold_purged,rich_scalars_only,2,chembl_raw,bindingdb_raw,7,0.7,0.8,12,0.7138,0.4167,
cross_database_transfer,chembl_to_bindingdb_scaffold_purged,rich_scalars_only,2,chembl_raw,bindingdb_raw,8,0.8,0.9,0,,,
cross_database_transfer,chembl_to_bindingdb_scaffold_purged,rich_scalars_only,2,chembl_raw,bindingdb_raw,9,0.9,1.0,0,,,
cross_database_transfer,chembl_to_bindingdb_scaffold_purged,extratrees_scalars,2,chembl_raw,bindingdb_raw,0,0.0,0.1,179,0.0654,0.0559,
cross_database_transfer,chembl_to_bindingdb_scaffold_purged,extratrees_scalars,2,chembl_raw,bindingdb_raw,1,0.1,0.2,805,0.1646,0.2534,
cross_database_transfer,chembl_to_bindingdb_scaffold_purged,extratrees_scalars,2,chembl_raw,bindingdb_raw,2,0.2,0.3,3893,0.2593,0.2746,
cross_database_transfer,chembl_to_bindingdb_scaffold_purged,extratrees_scalars,2,chembl_raw,bindingdb_raw,3,0.3,0.4,7948,0.3521,0.2972,
cross_database_transfer,chembl_to_bindingdb_scaffold_purged,extratrees_scalars,2,chembl_raw,bindingdb_raw,4,0.4,0.5,6346,0.4456,0.3208,
cross_database_transfer,chembl_to_bindingdb_scaffold_purged,extratrees_scalars,2,chembl_raw,bindingdb_raw,5,0.5,0.6,2612,0.5398,0.3886,
cross_database_transfer,chembl_to_bindingdb_scaffold_purged,extratrees_scalars,2,chembl_raw,bindingdb_raw,6,0.6,0.7,576,0.637,0.4826,
cross_database_transfer,chembl_to_bindingdb_scaffold_purged,extratrees_scalars,2,chembl_raw,bindingdb_raw,7,0.7,0.8,118,0.7303,0.4746,
cross_database_transfer,chembl_to_bindingdb_scaffold_purged,extratrees_scalars,2,chembl_raw,bindingdb_raw,8,0.8,0.9,7,0.8346,0.2857,
cross_database_transfer,chembl_to_bindingdb_scaffold_purged,extratrees_scalars,2,chembl_raw,bindingdb_raw,9,0.9,1.0,0,,,
cross_database_transfer,bindingdb_to_chembl_matched_targets,ecfp_absdiff_xgb,0,bindingdb_raw,chembl_raw,0,0.0,0.1,0,,,
cross_database_transfer,bindingdb_to_chembl_matched_targets,ecfp_absdiff_xgb,0,bindingdb_raw,chembl_raw,1,0.1,0.2,0,,,
cross_database_transfer,bindingdb_to_chembl_matched_targets,ecfp_absdiff_xgb,0,bindingdb_raw,chembl_raw,2,0.2,0.3,185,0.2613,0.0378,
cross_database_transfer,bindingdb_to_chembl_matched_targets,ecfp_absdiff_xgb,0,bindingdb_raw,chembl_raw,3,0.3,0.4,285,0.3499,0.186,
cross_database_transfer,bindingdb_to_chembl_matched_targets,ecfp_absdiff_xgb,0,bindingdb_raw,chembl_raw,4,0.4,0.5,8649,0.4929,0.3673,
cross_database_transfer,bindingdb_to_chembl_matched_targets,ecfp_absdiff_xgb,0,bindingdb_raw,chembl_raw,5,0.5,0.6,2694,0.5274,0.4577,
cross_database_transfer,bindingdb_to_chembl_matched_targets,ecfp_absdiff_xgb,0,bindingdb_raw,chembl_raw,6,0.6,0.7,72,0.6192,0.7361,
cross_database_transfer,bindingdb_to_chembl_matched_targets,ecfp_absdiff_xgb,0,bindingdb_raw,chembl_raw,7,0.7,0.8,0,,,
cross_database_transfer,bindingdb_to_chembl_matched_targets,ecfp_absdiff_xgb,0,bindingdb_raw,chembl_raw,8,0.8,0.9,0,,,
cross_database_transfer,bindingdb_to_chembl_matched_targets,ecfp_absdiff_xgb,0,bindingdb_raw,chembl_raw,9,0.9,1.0,0,,,
cross_database_transfer,bindingdb_to_chembl_matched_targets,rich_diff_scalars,0,bindingdb_raw,chembl_raw,0,0.0,0.1,0,,,
cross_database_transfer,bindingdb_to_chembl_matched_targets,rich_diff_scalars,0,bindingdb_raw,chembl_raw,1,0.1,0.2,0,,,
cross_database_transfer,bindingdb_to_chembl_matched_targets,rich_diff_scalars,0,bindingdb_raw,chembl_raw,2,0.2,0.3,240,0.2588,0.0167,
cross_database_transfer,bindingdb_to_chembl_matched_targets,rich_diff_scalars,0,bindingdb_raw,chembl_raw,3,0.3,0.4,1148,0.3558,0.1559,
cross_database_transfer,bindingdb_to_chembl_matched_targets,rich_diff_scalars,0,bindingdb_raw,chembl_raw,4,0.4,0.5,4747,0.4556,0.324,
cross_database_transfer,bindingdb_to_chembl_matched_targets,rich_diff_scalars,0,bindingdb_raw,chembl_raw,5,0.5,0.6,4102,0.5454,0.4381,
cross_database_transfer,bindingdb_to_chembl_matched_targets,rich_diff_scalars,0,bindingdb_raw,chembl_raw,6,0.6,0.7,1400,0.6312,0.595,
cross_database_transfer,bindingdb_to_chembl_matched_targets,rich_diff_scalars,0,bindingdb_raw,chembl_raw,7,0.7,0.8,248,0.7256,0.6935,
cross_database_transfer,bindingdb_to_chembl_matched_targets,rich_diff_scalars,0,bindingdb_raw,chembl_raw,8,0.8,0.9,0,,,
cross_database_transfer,bindingdb_to_chembl_matched_targets,rich_diff_scalars,0,bindingdb_raw,chembl_raw,9,0.9,1.0,0,,,
cross_database_transfer,bindingdb_to_chembl_matched_targets,rich_scalars_only,0,bindingdb_raw,chembl_raw,0,0.0,0.1,0,,,
cross_database_transfer,bindingdb_to_chembl_matched_targets,rich_scalars_only,0,bindingdb_raw,chembl_raw,1,0.1,0.2,0,,,
cross_database_transfer,bindingdb_to_chembl_matched_targets,rich_scalars_only,0,bindingdb_raw,chembl_raw,2,0.2,0.3,443,0.2873,0.0451,
cross_database_transfer,bindingdb_to_chembl_matched_targets,rich_scalars_only,0,bindingdb_raw,chembl_raw,3,0.3,0.4,1129,0.3555,0.1993,
cross_database_transfer,bindingdb_to_chembl_matched_targets,rich_scalars_only,0,bindingdb_raw,chembl_raw,4,0.4,0.5,4328,0.4559,0.3246,
cross_database_transfer,bindingdb_to_chembl_matched_targets,rich_scalars_only,0,bindingdb_raw,chembl_raw,5,0.5,0.6,4151,0.5461,0.4259,
cross_database_transfer,bindingdb_to_chembl_matched_targets,rich_scalars_only,0,bindingdb_raw,chembl_raw,6,0.6,0.7,1526,0.6341,0.5924,
cross_database_transfer,bindingdb_to_chembl_matched_targets,rich_scalars_only,0,bindingdb_raw,chembl_raw,7,0.7,0.8,308,0.7456,0.6526,
cross_database_transfer,bindingdb_to_chembl_matched_targets,rich_scalars_only,0,bindingdb_raw,chembl_raw,8,0.8,0.9,0,,,
cross_database_transfer,bindingdb_to_chembl_matched_targets,rich_scalars_only,0,bindingdb_raw,chembl_raw,9,0.9,1.0,0,,,
cross_database_transfer,bindingdb_to_chembl_matched_targets,extratrees_scalars,0,bindingdb_raw,chembl_raw,0,0.0,0.1,526,0.0543,0.038,
cross_database_transfer,bindingdb_to_chembl_matched_targets,extratrees_scalars,0,bindingdb_raw,chembl_raw,1,0.1,0.2,733,0.1537,0.0914,
cross_database_transfer,bindingdb_to_chembl_matched_targets,extratrees_scalars,0,bindingdb_raw,chembl_raw,2,0.2,0.3,1396,0.2565,0.2285,
cross_database_transfer,bindingdb_to_chembl_matched_targets,extratrees_scalars,0,bindingdb_raw,chembl_raw,3,0.3,0.4,2478,0.3524,0.291,
cross_database_transfer,bindingdb_to_chembl_matched_targets,extratrees_scalars,0,bindingdb_raw,chembl_raw,4,0.4,0.5,2644,0.4489,0.3767,
cross_database_transfer,bindingdb_to_chembl_matched_targets,extratrees_scalars,0,bindingdb_raw,chembl_raw,5,0.5,0.6,2077,0.5478,0.4911,
cross_database_transfer,bindingdb_to_chembl_matched_targets,extratrees_scalars,0,bindingdb_raw,chembl_raw,6,0.6,0.7,1103,0.643,0.6147,
cross_database_transfer,bindingdb_to_chembl_matched_targets,extratrees_scalars,0,bindingdb_raw,chembl_raw,7,0.7,0.8,584,0.7448,0.7175,
cross_database_transfer,bindingdb_to_chembl_matched_targets,extratrees_scalars,0,bindingdb_raw,chembl_raw,8,0.8,0.9,281,0.8462,0.8043,
cross_database_transfer,bindingdb_to_chembl_matched_targets,extratrees_scalars,0,bindingdb_raw,chembl_raw,9,0.9,1.0,63,0.9242,0.9048,
cross_database_transfer,bindingdb_to_chembl_matched_targets,ecfp_absdiff_xgb,1,bindingdb_raw,chembl_raw,0,0.0,0.1,0,,,
cross_database_transfer,bindingdb_to_chembl_matched_targets,ecfp_absdiff_xgb,1,bindingdb_raw,chembl_raw,1,0.1,0.2,1,0.1971,0.0,
cross_database_transfer,bindingdb_to_chembl_matched_targets,ecfp_absdiff_xgb,1,bindingdb_raw,chembl_raw,2,0.2,0.3,191,0.2521,0.0419,
cross_database_transfer,bindingdb_to_chembl_matched_targets,ecfp_absdiff_xgb,1,bindingdb_raw,chembl_raw,3,0.3,0.4,276,0.3531,0.163,
cross_database_transfer,bindingdb_to_chembl_matched_targets,ecfp_absdiff_xgb,1,bindingdb_raw,chembl_raw,4,0.4,0.5,8940,0.4934,0.3668,
cross_database_transfer,bindingdb_to_chembl_matched_targets,ecfp_absdiff_xgb,1,bindingdb_raw,chembl_raw,5,0.5,0.6,2386,0.5303,0.4711,
cross_database_transfer,bindingdb_to_chembl_matched_targets,ecfp_absdiff_xgb,1,bindingdb_raw,chembl_raw,6,0.6,0.7,90,0.6185,0.7333,
cross_database_transfer,bindingdb_to_chembl_matched_targets,ecfp_absdiff_xgb,1,bindingdb_raw,chembl_raw,7,0.7,0.8,1,0.7085,1.0,
cross_database_transfer,bindingdb_to_chembl_matched_targets,ecfp_absdiff_xgb,1,bindingdb_raw,chembl_raw,8,0.8,0.9,0,,,
cross_database_transfer,bindingdb_to_chembl_matched_targets,ecfp_absdiff_xgb,1,bindingdb_raw,chembl_raw,9,0.9,1.0,0,,,
cross_database_transfer,bindingdb_to_chembl_matched_targets,rich_diff_scalars,1,bindingdb_raw,chembl_raw,0,0.0,0.1,0,,,
cross_database_transfer,bindingdb_to_chembl_matched_targets,rich_diff_scalars,1,bindingdb_raw,chembl_raw,1,0.1,0.2,0,,,
cross_database_transfer,bindingdb_to_chembl_matched_targets,rich_diff_scalars,1,bindingdb_raw,chembl_raw,2,0.2,0.3,321,0.2624,0.0249,
cross_database_transfer,bindingdb_to_chembl_matched_targets,rich_diff_scalars,1,bindingdb_raw,chembl_raw,3,0.3,0.4,1110,0.3527,0.1703,
cross_database_transfer,bindingdb_to_chembl_matched_targets,rich_diff_scalars,1,bindingdb_raw,chembl_raw,4,0.4,0.5,4713,0.4566,0.3202,
cross_database_transfer,bindingdb_to_chembl_matched_targets,rich_diff_scalars,1,bindingdb_raw,chembl_raw,5,0.5,0.6,4052,0.5461,0.4427,
cross_database_transfer,bindingdb_to_chembl_matched_targets,rich_diff_scalars,1,bindingdb_raw,chembl_raw,6,0.6,0.7,1458,0.6335,0.5926,
cross_database_transfer,bindingdb_to_chembl_matched_targets,rich_diff_scalars,1,bindingdb_raw,chembl_raw,7,0.7,0.8,231,0.7337,0.6883,
cross_database_transfer,bindingdb_to_chembl_matched_targets,rich_diff_scalars,1,bindingdb_raw,chembl_raw,8,0.8,0.9,0,,,
cross_database_transfer,bindingdb_to_chembl_matched_targets,rich_diff_scalars,1,bindingdb_raw,chembl_raw,9,0.9,1.0,0,,,
cross_database_transfer,bindingdb_to_chembl_matched_targets,rich_scalars_only,1,bindingdb_raw,chembl_raw,0,0.0,0.1,0,,,
cross_database_transfer,bindingdb_to_chembl_matched_targets,rich_scalars_only,1,bindingdb_raw,chembl_raw,1,0.1,0.2,0,,,
cross_database_transfer,bindingdb_to_chembl_matched_targets,rich_scalars_only,1,bindingdb_raw,chembl_raw,2,0.2,0.3,656,0.2843,0.0579,
cross_database_transfer,bindingdb_to_chembl_matched_targets,rich_scalars_only,1,bindingdb_raw,chembl_raw,3,0.3,0.4,778,0.3616,0.2134,
cross_database_transfer,bindingdb_to_chembl_matched_targets,rich_scalars_only,1,bindingdb_raw,chembl_raw,4,0.4,0.5,4606,0.4561,0.3294,
cross_database_transfer,bindingdb_to_chembl_matched_targets,rich_scalars_only,1,bindingdb_raw,chembl_raw,5,0.5,0.6,3980,0.5463,0.4211,
cross_database_transfer,bindingdb_to_chembl_matched_targets,rich_scalars_only,1,bindingdb_raw,chembl_raw,6,0.6,0.7,1562,0.6358,0.5915,
cross_database_transfer,bindingdb_to_chembl_matched_targets,rich_scalars_only,1,bindingdb_raw,chembl_raw,7,0.7,0.8,295,0.751,0.6712,
cross_database_transfer,bindingdb_to_chembl_matched_targets,rich_scalars_only,1,bindingdb_raw,chembl_raw,8,0.8,0.9,8,0.8047,0.5,
cross_database_transfer,bindingdb_to_chembl_matched_targets,rich_scalars_only,1,bindingdb_raw,chembl_raw,9,0.9,1.0,0,,,
cross_database_transfer,bindingdb_to_chembl_matched_targets,extratrees_scalars,1,bindingdb_raw,chembl_raw,0,0.0,0.1,596,0.0552,0.0319,
cross_database_transfer,bindingdb_to_chembl_matched_targets,extratrees_scalars,1,bindingdb_raw,chembl_raw,1,0.1,0.2,652,0.1553,0.1288,
cross_database_transfer,bindingdb_to_chembl_matched_targets,extratrees_scalars,1,bindingdb_raw,chembl_raw,2,0.2,0.3,1380,0.2569,0.2036,
cross_database_transfer,bindingdb_to_chembl_matched_targets,extratrees_scalars,1,bindingdb_raw,chembl_raw,3,0.3,0.4,2489,0.3524,0.2824,
cross_database_transfer,bindingdb_to_chembl_matched_targets,extratrees_scalars,1,bindingdb_raw,chembl_raw,4,0.4,0.5,2678,0.4494,0.3794,
cross_database_transfer,bindingdb_to_chembl_matched_targets,extratrees_scalars,1,bindingdb_raw,chembl_raw,5,0.5,0.6,1988,0.5465,0.4909,
cross_database_transfer,bindingdb_to_chembl_matched_targets,extratrees_scalars,1,bindingdb_raw,chembl_raw,6,0.6,0.7,1150,0.6443,0.6174,
cross_database_transfer,bindingdb_to_chembl_matched_targets,extratrees_scalars,1,bindingdb_raw,chembl_raw,7,0.7,0.8,562,0.7424,0.7242,
cross_database_transfer,bindingdb_to_chembl_matched_targets,extratrees_scalars,1,bindingdb_raw,chembl_raw,8,0.8,0.9,334,0.8434,0.8234,
cross_database_transfer,bindingdb_to_chembl_matched_targets,extratrees_scalars,1,bindingdb_raw,chembl_raw,9,0.9,1.0,56,0.9287,0.9286,
cross_database_transfer,bindingdb_to_chembl_matched_targets,ecfp_absdiff_xgb,2,bindingdb_raw,chembl_raw,0,0.0,0.1,0,,,
cross_database_transfer,bindingdb_to_chembl_matched_targets,ecfp_absdiff_xgb,2,bindingdb_raw,chembl_raw,1,0.1,0.2,0,,,
cross_database_transfer,bindingdb_to_chembl_matched_targets,ecfp_absdiff_xgb,2,bindingdb_raw,chembl_raw,2,0.2,0.3,167,0.2672,0.0359,
cross_database_transfer,bindingdb_to_chembl_matched_targets,ecfp_absdiff_xgb,2,bindingdb_raw,chembl_raw,3,0.3,0.4,327,0.3666,0.1529,
cross_database_transfer,bindingdb_to_chembl_matched_targets,ecfp_absdiff_xgb,2,bindingdb_raw,chembl_raw,4,0.4,0.5,8443,0.4925,0.3533,
cross_database_transfer,bindingdb_to_chembl_matched_targets,ecfp_absdiff_xgb,2,bindingdb_raw,chembl_raw,5,0.5,0.6,2852,0.5251,0.4968,
cross_database_transfer,bindingdb_to_chembl_matched_targets,ecfp_absdiff_xgb,2,bindingdb_raw,chembl_raw,6,0.6,0.7,95,0.6165,0.6947,
cross_database_transfer,bindingdb_to_chembl_matched_targets,ecfp_absdiff_xgb,2,bindingdb_raw,chembl_raw,7,0.7,0.8,1,0.7009,1.0,
cross_database_transfer,bindingdb_to_chembl_matched_targets,ecfp_absdiff_xgb,2,bindingdb_raw,chembl_raw,8,0.8,0.9,0,,,
cross_database_transfer,bindingdb_to_chembl_matched_targets,ecfp_absdiff_xgb,2,bindingdb_raw,chembl_raw,9,0.9,1.0,0,,,
cross_database_transfer,bindingdb_to_chembl_matched_targets,rich_diff_scalars,2,bindingdb_raw,chembl_raw,0,0.0,0.1,0,,,
cross_database_transfer,bindingdb_to_chembl_matched_targets,rich_diff_scalars,2,bindingdb_raw,chembl_raw,1,0.1,0.2,0,,,
cross_database_transfer,bindingdb_to_chembl_matched_targets,rich_diff_scalars,2,bindingdb_raw,chembl_raw,2,0.2,0.3,260,0.2669,0.0154,
cross_database_transfer,bindingdb_to_chembl_matched_targets,rich_diff_scalars,2,bindingdb_raw,chembl_raw,3,0.3,0.4,1268,0.3547,0.1806,
cross_database_transfer,bindingdb_to_chembl_matched_targets,rich_diff_scalars,2,bindingdb_raw,chembl_raw,4,0.4,0.5,4596,0.457,0.3209,
cross_database_transfer,bindingdb_to_chembl_matched_targets,rich_diff_scalars,2,bindingdb_raw,chembl_raw,5,0.5,0.6,4038,0.5458,0.4336,
cross_database_transfer,bindingdb_to_chembl_matched_targets,rich_diff_scalars,2,bindingdb_raw,chembl_raw,6,0.6,0.7,1508,0.6342,0.6061,
cross_database_transfer,bindingdb_to_chembl_matched_targets,rich_diff_scalars,2,bindingdb_raw,chembl_raw,7,0.7,0.8,215,0.7363,0.6977,
cross_database_transfer,bindingdb_to_chembl_matched_targets,rich_diff_scalars,2,bindingdb_raw,chembl_raw,8,0.8,0.9,0,,,
cross_database_transfer,bindingdb_to_chembl_matched_targets,rich_diff_scalars,2,bindingdb_raw,chembl_raw,9,0.9,1.0,0,,,
cross_database_transfer,bindingdb_to_chembl_matched_targets,rich_scalars_only,2,bindingdb_raw,chembl_raw,0,0.0,0.1,0,,,
cross_database_transfer,bindingdb_to_chembl_matched_targets,rich_scalars_only,2,bindingdb_raw,chembl_raw,1,0.1,0.2,0,,,
cross_database_transfer,bindingdb_to_chembl_matched_targets,rich_scalars_only,2,bindingdb_raw,chembl_raw,2,0.2,0.3,696,0.2784,0.0589,
cross_database_transfer,bindingdb_to_chembl_matched_targets,rich_scalars_only,2,bindingdb_raw,chembl_raw,3,0.3,0.4,801,0.3655,0.231,
cross_database_transfer,bindingdb_to_chembl_matched_targets,rich_scalars_only,2,bindingdb_raw,chembl_raw,4,0.4,0.5,4476,0.4555,0.3231,
cross_database_transfer,bindingdb_to_chembl_matched_targets,rich_scalars_only,2,bindingdb_raw,chembl_raw,5,0.5,0.6,4011,0.5456,0.4293,
cross_database_transfer,bindingdb_to_chembl_matched_targets,rich_scalars_only,2,bindingdb_raw,chembl_raw,6,0.6,0.7,1600,0.6363,0.5812,
cross_database_transfer,bindingdb_to_chembl_matched_targets,rich_scalars_only,2,bindingdb_raw,chembl_raw,7,0.7,0.8,301,0.7493,0.6611,
cross_database_transfer,bindingdb_to_chembl_matched_targets,rich_scalars_only,2,bindingdb_raw,chembl_raw,8,0.8,0.9,0,,,
cross_database_transfer,bindingdb_to_chembl_matched_targets,rich_scalars_only,2,bindingdb_raw,chembl_raw,9,0.9,1.0,0,,,
cross_database_transfer,bindingdb_to_chembl_matched_targets,extratrees_scalars,2,bindingdb_raw,chembl_raw,0,0.0,0.1,500,0.0569,0.026,
cross_database_transfer,bindingdb_to_chembl_matched_targets,extratrees_scalars,2,bindingdb_raw,chembl_raw,1,0.1,0.2,706,0.1516,0.1119,
cross_database_transfer,bindingdb_to_chembl_matched_targets,extratrees_scalars,2,bindingdb_raw,chembl_raw,2,0.2,0.3,1344,0.2565,0.1935,
cross_database_transfer,bindingdb_to_chembl_matched_targets,extratrees_scalars,2,bindingdb_raw,chembl_raw,3,0.3,0.4,2470,0.3514,0.2822,
cross_database_transfer,bindingdb_to_chembl_matched_targets,extratrees_scalars,2,bindingdb_raw,chembl_raw,4,0.4,0.5,2665,0.449,0.3854,
cross_database_transfer,bindingdb_to_chembl_matched_targets,extratrees_scalars,2,bindingdb_raw,chembl_raw,5,0.5,0.6,2028,0.5465,0.4882,
cross_database_transfer,bindingdb_to_chembl_matched_targets,extratrees_scalars,2,bindingdb_raw,chembl_raw,6,0.6,0.7,1214,0.6446,0.5873,
cross_database_transfer,bindingdb_to_chembl_matched_targets,extratrees_scalars,2,bindingdb_raw,chembl_raw,7,0.7,0.8,576,0.7451,0.7535,
cross_database_transfer,bindingdb_to_chembl_matched_targets,extratrees_scalars,2,bindingdb_raw,chembl_raw,8,0.8,0.9,292,0.8429,0.7808,
cross_database_transfer,bindingdb_to_chembl_matched_targets,extratrees_scalars,2,bindingdb_raw,chembl_raw,9,0.9,1.0,90,0.929,0.9111,
cross_database_transfer,bindingdb_to_chembl_exact_ligand_purged,ecfp_absdiff_xgb,0,bindingdb_raw,chembl_raw,0,0.0,0.1,0,,,
cross_database_transfer,bindingdb_to_chembl_exact_ligand_purged,ecfp_absdiff_xgb,0,bindingdb_raw,chembl_raw,1,0.1,0.2,0,,,
cross_database_transfer,bindingdb_to_chembl_exact_ligand_purged,ecfp_absdiff_xgb,0,bindingdb_raw,chembl_raw,2,0.2,0.3,1,0.2949,1.0,
cross_database_transfer,bindingdb_to_chembl_exact_ligand_purged,ecfp_absdiff_xgb,0,bindingdb_raw,chembl_raw,3,0.3,0.4,316,0.3865,0.1709,
cross_database_transfer,bindingdb_to_chembl_exact_ligand_purged,ecfp_absdiff_xgb,0,bindingdb_raw,chembl_raw,4,0.4,0.5,8961,0.4901,0.3715,
cross_database_transfer,bindingdb_to_chembl_exact_ligand_purged,ecfp_absdiff_xgb,0,bindingdb_raw,chembl_raw,5,0.5,0.6,2551,0.5283,0.432,
cross_database_transfer,bindingdb_to_chembl_exact_ligand_purged,ecfp_absdiff_xgb,0,bindingdb_raw,chembl_raw,6,0.6,0.7,56,0.6131,0.6607,
cross_database_transfer,bindingdb_to_chembl_exact_ligand_purged,ecfp_absdiff_xgb,0,bindingdb_raw,chembl_raw,7,0.7,0.8,0,,,
cross_database_transfer,bindingdb_to_chembl_exact_ligand_purged,ecfp_absdiff_xgb,0,bindingdb_raw,chembl_raw,8,0.8,0.9,0,,,
cross_database_transfer,bindingdb_to_chembl_exact_ligand_purged,ecfp_absdiff_xgb,0,bindingdb_raw,chembl_raw,9,0.9,1.0,0,,,
cross_database_transfer,bindingdb_to_chembl_exact_ligand_purged,rich_diff_scalars,0,bindingdb_raw,chembl_raw,0,0.0,0.1,0,,,
cross_database_transfer,bindingdb_to_chembl_exact_ligand_purged,rich_diff_scalars,0,bindingdb_raw,chembl_raw,1,0.1,0.2,0,,,
cross_database_transfer,bindingdb_to_chembl_exact_ligand_purged,rich_diff_scalars,0,bindingdb_raw,chembl_raw,2,0.2,0.3,0,,,
cross_database_transfer,bindingdb_to_chembl_exact_ligand_purged,rich_diff_scalars,0,bindingdb_raw,chembl_raw,3,0.3,0.4,916,0.3807,0.2271,
cross_database_transfer,bindingdb_to_chembl_exact_ligand_purged,rich_diff_scalars,0,bindingdb_raw,chembl_raw,4,0.4,0.5,5001,0.4558,0.3061,
cross_database_transfer,bindingdb_to_chembl_exact_ligand_purged,rich_diff_scalars,0,bindingdb_raw,chembl_raw,5,0.5,0.6,4471,0.545,0.4205,
cross_database_transfer,bindingdb_to_chembl_exact_ligand_purged,rich_diff_scalars,0,bindingdb_raw,chembl_raw,6,0.6,0.7,1312,0.6304,0.5884,
cross_database_transfer,bindingdb_to_chembl_exact_ligand_purged,rich_diff_scalars,0,bindingdb_raw,chembl_raw,7,0.7,0.8,185,0.7331,0.7135,
cross_database_transfer,bindingdb_to_chembl_exact_ligand_purged,rich_diff_scalars,0,bindingdb_raw,chembl_raw,8,0.8,0.9,0,,,
cross_database_transfer,bindingdb_to_chembl_exact_ligand_purged,rich_diff_scalars,0,bindingdb_raw,chembl_raw,9,0.9,1.0,0,,,
cross_database_transfer,bindingdb_to_chembl_exact_ligand_purged,rich_scalars_only,0,bindingdb_raw,chembl_raw,0,0.0,0.1,0,,,
cross_database_transfer,bindingdb_to_chembl_exact_ligand_purged,rich_scalars_only,0,bindingdb_raw,chembl_raw,1,0.1,0.2,0,,,
cross_database_transfer,bindingdb_to_chembl_exact_ligand_purged,rich_scalars_only,0,bindingdb_raw,chembl_raw,2,0.2,0.3,2,0.2942,0.5,
cross_database_transfer,bindingdb_to_chembl_exact_ligand_purged,rich_scalars_only,0,bindingdb_raw,chembl_raw,3,0.3,0.4,1011,0.3777,0.2344,
cross_database_transfer,bindingdb_to_chembl_exact_ligand_purged,rich_scalars_only,0,bindingdb_raw,chembl_raw,4,0.4,0.5,4647,0.4561,0.2894,
cross_database_transfer,bindingdb_to_chembl_exact_ligand_purged,rich_scalars_only,0,bindingdb_raw,chembl_raw,5,0.5,0.6,4544,0.5438,0.4322,
cross_database_transfer,bindingdb_to_chembl_exact_ligand_purged,rich_scalars_only,0,bindingdb_raw,chembl_raw,6,0.6,0.7,1459,0.6339,0.5682,
cross_database_transfer,bindingdb_to_chembl_exact_ligand_purged,rich_scalars_only,0,bindingdb_raw,chembl_raw,7,0.7,0.8,222,0.7344,0.6622,
cross_database_transfer,bindingdb_to_chembl_exact_ligand_purged,rich_scalars_only,0,bindingdb_raw,chembl_raw,8,0.8,0.9,0,,,
cross_database_transfer,bindingdb_to_chembl_exact_ligand_purged,rich_scalars_only,0,bindingdb_raw,chembl_raw,9,0.9,1.0,0,,,
cross_database_transfer,bindingdb_to_chembl_exact_ligand_purged,extratrees_scalars,0,bindingdb_raw,chembl_raw,0,0.0,0.1,53,0.0813,0.0377,
cross_database_transfer,bindingdb_to_chembl_exact_ligand_purged,extratrees_scalars,0,bindingdb_raw,chembl_raw,1,0.1,0.2,542,0.1604,0.1125,
cross_database_transfer,bindingdb_to_chembl_exact_ligand_purged,extratrees_scalars,0,bindingdb_raw,chembl_raw,2,0.2,0.3,1659,0.2588,0.2538,
cross_database_transfer,bindingdb_to_chembl_exact_ligand_purged,extratrees_scalars,0,bindingdb_raw,chembl_raw,3,0.3,0.4,2766,0.3515,0.3236,
cross_database_transfer,bindingdb_to_chembl_exact_ligand_purged,extratrees_scalars,0,bindingdb_raw,chembl_raw,4,0.4,0.5,3052,0.4488,0.3837,
cross_database_transfer,bindingdb_to_chembl_exact_ligand_purged,extratrees_scalars,0,bindingdb_raw,chembl_raw,5,0.5,0.6,2213,0.5452,0.4677,
cross_database_transfer,bindingdb_to_chembl_exact_ligand_purged,extratrees_scalars,0,bindingdb_raw,chembl_raw,6,0.6,0.7,1075,0.6409,0.5349,
cross_database_transfer,bindingdb_to_chembl_exact_ligand_purged,extratrees_scalars,0,bindingdb_raw,chembl_raw,7,0.7,0.8,339,0.7445,0.6195,
cross_database_transfer,bindingdb_to_chembl_exact_ligand_purged,extratrees_scalars,0,bindingdb_raw,chembl_raw,8,0.8,0.9,159,0.8394,0.8176,
cross_database_transfer,bindingdb_to_chembl_exact_ligand_purged,extratrees_scalars,0,bindingdb_raw,chembl_raw,9,0.9,1.0,27,0.9196,0.8519,
cross_database_transfer,bindingdb_to_chembl_exact_ligand_purged,ecfp_absdiff_xgb,1,bindingdb_raw,chembl_raw,0,0.0,0.1,0,,,
cross_database_transfer,bindingdb_to_chembl_exact_ligand_purged,ecfp_absdiff_xgb,1,bindingdb_raw,chembl_raw,1,0.1,0.2,0,,,
cross_database_transfer,bindingdb_to_chembl_exact_ligand_purged,ecfp_absdiff_xgb,1,bindingdb_raw,chembl_raw,2,0.2,0.3,0,,,
cross_database_transfer,bindingdb_to_chembl_exact_ligand_purged,ecfp_absdiff_xgb,1,bindingdb_raw,chembl_raw,3,0.3,0.4,77,0.3466,0.3506,
cross_database_transfer,bindingdb_to_chembl_exact_ligand_purged,ecfp_absdiff_xgb,1,bindingdb_raw,chembl_raw,4,0.4,0.5,9140,0.4885,0.3615,
cross_database_transfer,bindingdb_to_chembl_exact_ligand_purged,ecfp_absdiff_xgb,1,bindingdb_raw,chembl_raw,5,0.5,0.6,2634,0.5297,0.4457,
cross_database_transfer,bindingdb_to_chembl_exact_ligand_purged,ecfp_absdiff_xgb,1,bindingdb_raw,chembl_raw,6,0.6,0.7,34,0.6152,0.5294,
cross_database_transfer,bindingdb_to_chembl_exact_ligand_purged,ecfp_absdiff_xgb,1,bindingdb_raw,chembl_raw,7,0.7,0.8,0,,,
cross_database_transfer,bindingdb_to_chembl_exact_ligand_purged,ecfp_absdiff_xgb,1,bindingdb_raw,chembl_raw,8,0.8,0.9,0,,,
cross_database_transfer,bindingdb_to_chembl_exact_ligand_purged,ecfp_absdiff_xgb,1,bindingdb_raw,chembl_raw,9,0.9,1.0,0,,,
cross_database_transfer,bindingdb_to_chembl_exact_ligand_purged,rich_diff_scalars,1,bindingdb_raw,chembl_raw,0,0.0,0.1,0,,,
cross_database_transfer,bindingdb_to_chembl_exact_ligand_purged,rich_diff_scalars,1,bindingdb_raw,chembl_raw,1,0.1,0.2,0,,,
cross_database_transfer,bindingdb_to_chembl_exact_ligand_purged,rich_diff_scalars,1,bindingdb_raw,chembl_raw,2,0.2,0.3,0,,,
cross_database_transfer,bindingdb_to_chembl_exact_ligand_purged,rich_diff_scalars,1,bindingdb_raw,chembl_raw,3,0.3,0.4,949,0.3821,0.2308,
cross_database_transfer,bindingdb_to_chembl_exact_ligand_purged,rich_diff_scalars,1,bindingdb_raw,chembl_raw,4,0.4,0.5,5027,0.4545,0.3087,
cross_database_transfer,bindingdb_to_chembl_exact_ligand_purged,rich_diff_scalars,1,bindingdb_raw,chembl_raw,5,0.5,0.6,4297,0.5446,0.4249,
cross_database_transfer,bindingdb_to_chembl_exact_ligand_purged,rich_diff_scalars,1,bindingdb_raw,chembl_raw,6,0.6,0.7,1432,0.6303,0.5649,
cross_database_transfer,bindingdb_to_chembl_exact_ligand_purged,rich_diff_scalars,1,bindingdb_raw,chembl_raw,7,0.7,0.8,180,0.7311,0.65,
cross_database_transfer,bindingdb_to_chembl_exact_ligand_purged,rich_diff_scalars,1,bindingdb_raw,chembl_raw,8,0.8,0.9,0,,,
cross_database_transfer,bindingdb_to_chembl_exact_ligand_purged,rich_diff_scalars,1,bindingdb_raw,chembl_raw,9,0.9,1.0,0,,,
cross_database_transfer,bindingdb_to_chembl_exact_ligand_purged,rich_scalars_only,1,bindingdb_raw,chembl_raw,0,0.0,0.1,0,,,
cross_database_transfer,bindingdb_to_chembl_exact_ligand_purged,rich_scalars_only,1,bindingdb_raw,chembl_raw,1,0.1,0.2,0,,,
cross_database_transfer,bindingdb_to_chembl_exact_ligand_purged,rich_scalars_only,1,bindingdb_raw,chembl_raw,2,0.2,0.3,0,,,
cross_database_transfer,bindingdb_to_chembl_exact_ligand_purged,rich_scalars_only,1,bindingdb_raw,chembl_raw,3,0.3,0.4,997,0.3758,0.2538,
cross_database_transfer,bindingdb_to_chembl_exact_ligand_purged,rich_scalars_only,1,bindingdb_raw,chembl_raw,4,0.4,0.5,4926,0.4553,0.3065,
cross_database_transfer,bindingdb_to_chembl_exact_ligand_purged,rich_scalars_only,1,bindingdb_raw,chembl_raw,5,0.5,0.6,4194,0.5454,0.4192,
cross_database_transfer,bindingdb_to_chembl_exact_ligand_purged,rich_scalars_only,1,bindingdb_raw,chembl_raw,6,0.6,0.7,1540,0.6348,0.5526,
cross_database_transfer,bindingdb_to_chembl_exact_ligand_purged,rich_scalars_only,1,bindingdb_raw,chembl_raw,7,0.7,0.8,228,0.7359,0.6623,
cross_database_transfer,bindingdb_to_chembl_exact_ligand_purged,rich_scalars_only,1,bindingdb_raw,chembl_raw,8,0.8,0.9,0,,,
cross_database_transfer,bindingdb_to_chembl_exact_ligand_purged,rich_scalars_only,1,bindingdb_raw,chembl_raw,9,0.9,1.0,0,,,
cross_database_transfer,bindingdb_to_chembl_exact_ligand_purged,extratrees_scalars,1,bindingdb_raw,chembl_raw,0,0.0,0.1,60,0.0785,0.05,
cross_database_transfer,bindingdb_to_chembl_exact_ligand_purged,extratrees_scalars,1,bindingdb_raw,chembl_raw,1,0.1,0.2,548,0.1628,0.1296,
cross_database_transfer,bindingdb_to_chembl_exact_ligand_purged,extratrees_scalars,1,bindingdb_raw,chembl_raw,2,0.2,0.3,1582,0.2562,0.2522,
cross_database_transfer,bindingdb_to_chembl_exact_ligand_purged,extratrees_scalars,1,bindingdb_raw,chembl_raw,3,0.3,0.4,2778,0.3523,0.3272,
cross_database_transfer,bindingdb_to_chembl_exact_ligand_purged,extratrees_scalars,1,bindingdb_raw,chembl_raw,4,0.4,0.5,3120,0.4494,0.375,
cross_database_transfer,bindingdb_to_chembl_exact_ligand_purged,extratrees_scalars,1,bindingdb_raw,chembl_raw,5,0.5,0.6,2260,0.5453,0.4743,
cross_database_transfer,bindingdb_to_chembl_exact_ligand_purged,extratrees_scalars,1,bindingdb_raw,chembl_raw,6,0.6,0.7,970,0.6421,0.534,
cross_database_transfer,bindingdb_to_chembl_exact_ligand_purged,extratrees_scalars,1,bindingdb_raw,chembl_raw,7,0.7,0.8,361,0.7405,0.6094,
cross_database_transfer,bindingdb_to_chembl_exact_ligand_purged,extratrees_scalars,1,bindingdb_raw,chembl_raw,8,0.8,0.9,165,0.8471,0.7515,
cross_database_transfer,bindingdb_to_chembl_exact_ligand_purged,extratrees_scalars,1,bindingdb_raw,chembl_raw,9,0.9,1.0,41,0.9237,0.9024,
cross_database_transfer,bindingdb_to_chembl_exact_ligand_purged,ecfp_absdiff_xgb,2,bindingdb_raw,chembl_raw,0,0.0,0.1,0,,,
cross_database_transfer,bindingdb_to_chembl_exact_ligand_purged,ecfp_absdiff_xgb,2,bindingdb_raw,chembl_raw,1,0.1,0.2,0,,,
cross_database_transfer,bindingdb_to_chembl_exact_ligand_purged,ecfp_absdiff_xgb,2,bindingdb_raw,chembl_raw,2,0.2,0.3,0,,,
cross_database_transfer,bindingdb_to_chembl_exact_ligand_purged,ecfp_absdiff_xgb,2,bindingdb_raw,chembl_raw,3,0.3,0.4,319,0.3858,0.1599,
cross_database_transfer,bindingdb_to_chembl_exact_ligand_purged,ecfp_absdiff_xgb,2,bindingdb_raw,chembl_raw,4,0.4,0.5,9330,0.4901,0.3766,
cross_database_transfer,bindingdb_to_chembl_exact_ligand_purged,ecfp_absdiff_xgb,2,bindingdb_raw,chembl_raw,5,0.5,0.6,2183,0.5339,0.4224,
cross_database_transfer,bindingdb_to_chembl_exact_ligand_purged,ecfp_absdiff_xgb,2,bindingdb_raw,chembl_raw,6,0.6,0.7,53,0.6137,0.6792,
cross_database_transfer,bindingdb_to_chembl_exact_ligand_purged,ecfp_absdiff_xgb,2,bindingdb_raw,chembl_raw,7,0.7,0.8,0,,,
cross_database_transfer,bindingdb_to_chembl_exact_ligand_purged,ecfp_absdiff_xgb,2,bindingdb_raw,chembl_raw,8,0.8,0.9,0,,,
cross_database_transfer,bindingdb_to_chembl_exact_ligand_purged,ecfp_absdiff_xgb,2,bindingdb_raw,chembl_raw,9,0.9,1.0,0,,,
cross_database_transfer,bindingdb_to_chembl_exact_ligand_purged,rich_diff_scalars,2,bindingdb_raw,chembl_raw,0,0.0,0.1,0,,,
cross_database_transfer,bindingdb_to_chembl_exact_ligand_purged,rich_diff_scalars,2,bindingdb_raw,chembl_raw,1,0.1,0.2,0,,,
cross_database_transfer,bindingdb_to_chembl_exact_ligand_purged,rich_diff_scalars,2,bindingdb_raw,chembl_raw,2,0.2,0.3,0,,,
cross_database_transfer,bindingdb_to_chembl_exact_ligand_purged,rich_diff_scalars,2,bindingdb_raw,chembl_raw,3,0.3,0.4,879,0.3812,0.2344,
cross_database_transfer,bindingdb_to_chembl_exact_ligand_purged,rich_diff_scalars,2,bindingdb_raw,chembl_raw,4,0.4,0.5,5012,0.4539,0.3053,
cross_database_transfer,bindingdb_to_chembl_exact_ligand_purged,rich_diff_scalars,2,bindingdb_raw,chembl_raw,5,0.5,0.6,4491,0.5449,0.426,
cross_database_transfer,bindingdb_to_chembl_exact_ligand_purged,rich_diff_scalars,2,bindingdb_raw,chembl_raw,6,0.6,0.7,1311,0.6287,0.5698,
cross_database_transfer,bindingdb_to_chembl_exact_ligand_purged,rich_diff_scalars,2,bindingdb_raw,chembl_raw,7,0.7,0.8,192,0.7483,0.6615,
cross_database_transfer,bindingdb_to_chembl_exact_ligand_purged,rich_diff_scalars,2,bindingdb_raw,chembl_raw,8,0.8,0.9,0,,,
cross_database_transfer,bindingdb_to_chembl_exact_ligand_purged,rich_diff_scalars,2,bindingdb_raw,chembl_raw,9,0.9,1.0,0,,,
cross_database_transfer,bindingdb_to_chembl_exact_ligand_purged,rich_scalars_only,2,bindingdb_raw,chembl_raw,0,0.0,0.1,0,,,
cross_database_transfer,bindingdb_to_chembl_exact_ligand_purged,rich_scalars_only,2,bindingdb_raw,chembl_raw,1,0.1,0.2,0,,,
cross_database_transfer,bindingdb_to_chembl_exact_ligand_purged,rich_scalars_only,2,bindingdb_raw,chembl_raw,2,0.2,0.3,1,0.2968,0.0,
cross_database_transfer,bindingdb_to_chembl_exact_ligand_purged,rich_scalars_only,2,bindingdb_raw,chembl_raw,3,0.3,0.4,977,0.3779,0.2528,
cross_database_transfer,bindingdb_to_chembl_exact_ligand_purged,rich_scalars_only,2,bindingdb_raw,chembl_raw,4,0.4,0.5,5018,0.4543,0.3029,
cross_database_transfer,bindingdb_to_chembl_exact_ligand_purged,rich_scalars_only,2,bindingdb_raw,chembl_raw,5,0.5,0.6,4166,0.5461,0.4196,
cross_database_transfer,bindingdb_to_chembl_exact_ligand_purged,rich_scalars_only,2,bindingdb_raw,chembl_raw,6,0.6,0.7,1507,0.635,0.576,
cross_database_transfer,bindingdb_to_chembl_exact_ligand_purged,rich_scalars_only,2,bindingdb_raw,chembl_raw,7,0.7,0.8,215,0.7371,0.6465,
cross_database_transfer,bindingdb_to_chembl_exact_ligand_purged,rich_scalars_only,2,bindingdb_raw,chembl_raw,8,0.8,0.9,1,0.8067,1.0,
cross_database_transfer,bindingdb_to_chembl_exact_ligand_purged,rich_scalars_only,2,bindingdb_raw,chembl_raw,9,0.9,1.0,0,,,
cross_database_transfer,bindingdb_to_chembl_exact_ligand_purged,extratrees_scalars,2,bindingdb_raw,chembl_raw,0,0.0,0.1,70,0.078,0.0429,
cross_database_transfer,bindingdb_to_chembl_exact_ligand_purged,extratrees_scalars,2,bindingdb_raw,chembl_raw,1,0.1,0.2,549,0.1571,0.1075,
cross_database_transfer,bindingdb_to_chembl_exact_ligand_purged,extratrees_scalars,2,bindingdb_raw,chembl_raw,2,0.2,0.3,1610,0.2594,0.254,
cross_database_transfer,bindingdb_to_chembl_exact_ligand_purged,extratrees_scalars,2,bindingdb_raw,chembl_raw,3,0.3,0.4,2868,0.352,0.3173,
cross_database_transfer,bindingdb_to_chembl_exact_ligand_purged,extratrees_scalars,2,bindingdb_raw,chembl_raw,4,0.4,0.5,3065,0.4494,0.4023,
cross_database_transfer,bindingdb_to_chembl_exact_ligand_purged,extratrees_scalars,2,bindingdb_raw,chembl_raw,5,0.5,0.6,2249,0.5451,0.466,
cross_database_transfer,bindingdb_to_chembl_exact_ligand_purged,extratrees_scalars,2,bindingdb_raw,chembl_raw,6,0.6,0.7,952,0.6416,0.5389,
cross_database_transfer,bindingdb_to_chembl_exact_ligand_purged,extratrees_scalars,2,bindingdb_raw,chembl_raw,7,0.7,0.8,323,0.7439,0.6068,
cross_database_transfer,bindingdb_to_chembl_exact_ligand_purged,extratrees_scalars,2,bindingdb_raw,chembl_raw,8,0.8,0.9,180,0.851,0.7667,
cross_database_transfer,bindingdb_to_chembl_exact_ligand_purged,extratrees_scalars,2,bindingdb_raw,chembl_raw,9,0.9,1.0,19,0.9239,0.7368,
cross_database_transfer,bindingdb_to_chembl_pair_scaffold_purged,ecfp_absdiff_xgb,0,bindingdb_raw,chembl_raw,0,0.0,0.1,0,,,
cross_database_transfer,bindingdb_to_chembl_pair_scaffold_purged,ecfp_absdiff_xgb,0,bindingdb_raw,chembl_raw,1,0.1,0.2,0,,,
cross_database_transfer,bindingdb_to_chembl_pair_scaffold_purged,ecfp_absdiff_xgb,0,bindingdb_raw,chembl_raw,2,0.2,0.3,0,,,
cross_database_transfer,bindingdb_to_chembl_pair_scaffold_purged,ecfp_absdiff_xgb,0,bindingdb_raw,chembl_raw,3,0.3,0.4,346,0.3716,0.1416,
cross_database_transfer,bindingdb_to_chembl_pair_scaffold_purged,ecfp_absdiff_xgb,0,bindingdb_raw,chembl_raw,4,0.4,0.5,9192,0.4896,0.3708,
cross_database_transfer,bindingdb_to_chembl_pair_scaffold_purged,ecfp_absdiff_xgb,0,bindingdb_raw,chembl_raw,5,0.5,0.6,2314,0.534,0.4555,
cross_database_transfer,bindingdb_to_chembl_pair_scaffold_purged,ecfp_absdiff_xgb,0,bindingdb_raw,chembl_raw,6,0.6,0.7,33,0.614,0.3636,
cross_database_transfer,bindingdb_to_chembl_pair_scaffold_purged,ecfp_absdiff_xgb,0,bindingdb_raw,chembl_raw,7,0.7,0.8,0,,,
cross_database_transfer,bindingdb_to_chembl_pair_scaffold_purged,ecfp_absdiff_xgb,0,bindingdb_raw,chembl_raw,8,0.8,0.9,0,,,
cross_database_transfer,bindingdb_to_chembl_pair_scaffold_purged,ecfp_absdiff_xgb,0,bindingdb_raw,chembl_raw,9,0.9,1.0,0,,,
cross_database_transfer,bindingdb_to_chembl_pair_scaffold_purged,rich_diff_scalars,0,bindingdb_raw,chembl_raw,0,0.0,0.1,0,,,
cross_database_transfer,bindingdb_to_chembl_pair_scaffold_purged,rich_diff_scalars,0,bindingdb_raw,chembl_raw,1,0.1,0.2,0,,,
cross_database_transfer,bindingdb_to_chembl_pair_scaffold_purged,rich_diff_scalars,0,bindingdb_raw,chembl_raw,2,0.2,0.3,10,0.2889,0.2,
cross_database_transfer,bindingdb_to_chembl_pair_scaffold_purged,rich_diff_scalars,0,bindingdb_raw,chembl_raw,3,0.3,0.4,1271,0.3755,0.2085,
cross_database_transfer,bindingdb_to_chembl_pair_scaffold_purged,rich_diff_scalars,0,bindingdb_raw,chembl_raw,4,0.4,0.5,4479,0.4538,0.3092,
cross_database_transfer,bindingdb_to_chembl_pair_scaffold_purged,rich_diff_scalars,0,bindingdb_raw,chembl_raw,5,0.5,0.6,4537,0.5457,0.428,
cross_database_transfer,bindingdb_to_chembl_pair_scaffold_purged,rich_diff_scalars,0,bindingdb_raw,chembl_raw,6,0.6,0.7,1417,0.6304,0.578,
cross_database_transfer,bindingdb_to_chembl_pair_scaffold_purged,rich_diff_scalars,0,bindingdb_raw,chembl_raw,7,0.7,0.8,171,0.7304,0.6433,
cross_database_transfer,bindingdb_to_chembl_pair_scaffold_purged,rich_diff_scalars,0,bindingdb_raw,chembl_raw,8,0.8,0.9,0,,,
cross_database_transfer,bindingdb_to_chembl_pair_scaffold_purged,rich_diff_scalars,0,bindingdb_raw,chembl_raw,9,0.9,1.0,0,,,
cross_database_transfer,bindingdb_to_chembl_pair_scaffold_purged,rich_scalars_only,0,bindingdb_raw,chembl_raw,0,0.0,0.1,0,,,
cross_database_transfer,bindingdb_to_chembl_pair_scaffold_purged,rich_scalars_only,0,bindingdb_raw,chembl_raw,1,0.1,0.2,0,,,
cross_database_transfer,bindingdb_to_chembl_pair_scaffold_purged,rich_scalars_only,0,bindingdb_raw,chembl_raw,2,0.2,0.3,0,,,
cross_database_transfer,bindingdb_to_chembl_pair_scaffold_purged,rich_scalars_only,0,bindingdb_raw,chembl_raw,3,0.3,0.4,1294,0.3761,0.2264,
cross_database_transfer,bindingdb_to_chembl_pair_scaffold_purged,rich_scalars_only,0,bindingdb_raw,chembl_raw,4,0.4,0.5,4457,0.4536,0.302,
cross_database_transfer,bindingdb_to_chembl_pair_scaffold_purged,rich_scalars_only,0,bindingdb_raw,chembl_raw,5,0.5,0.6,4231,0.5455,0.4228,
cross_database_transfer,bindingdb_to_chembl_pair_scaffold_purged,rich_scalars_only,0,bindingdb_raw,chembl_raw,6,0.6,0.7,1668,0.6348,0.5677,
cross_database_transfer,bindingdb_to_chembl_pair_scaffold_purged,rich_scalars_only,0,bindingdb_raw,chembl_raw,7,0.7,0.8,233,0.7503,0.6309,
cross_database_transfer,bindingdb_to_chembl_pair_scaffold_purged,rich_scalars_only,0,bindingdb_raw,chembl_raw,8,0.8,0.9,2,0.8015,0.5,
cross_database_transfer,bindingdb_to_chembl_pair_scaffold_purged,rich_scalars_only,0,bindingdb_raw,chembl_raw,9,0.9,1.0,0,,,
cross_database_transfer,bindingdb_to_chembl_pair_scaffold_purged,extratrees_scalars,0,bindingdb_raw,chembl_raw,0,0.0,0.1,170,0.0707,0.0294,
cross_database_transfer,bindingdb_to_chembl_pair_scaffold_purged,extratrees_scalars,0,bindingdb_raw,chembl_raw,1,0.1,0.2,607,0.1571,0.0923,
cross_database_transfer,bindingdb_to_chembl_pair_scaffold_purged,extratrees_scalars,0,bindingdb_raw,chembl_raw,2,0.2,0.3,1479,0.2585,0.261,
cross_database_transfer,bindingdb_to_chembl_pair_scaffold_purged,extratrees_scalars,0,bindingdb_raw,chembl_raw,3,0.3,0.4,2755,0.3534,0.3263,
cross_database_transfer,bindingdb_to_chembl_pair_scaffold_purged,extratrees_scalars,0,bindingdb_raw,chembl_raw,4,0.4,0.5,2995,0.4483,0.3987,
cross_database_transfer,bindingdb_to_chembl_pair_scaffold_purged,extratrees_scalars,0,bindingdb_raw,chembl_raw,5,0.5,0.6,2423,0.5455,0.4742,
cross_database_transfer,bindingdb_to_chembl_pair_scaffold_purged,extratrees_scalars,0,bindingdb_raw,chembl_raw,6,0.6,0.7,995,0.6395,0.5327,
cross_database_transfer,bindingdb_to_chembl_pair_scaffold_purged,extratrees_scalars,0,bindingdb_raw,chembl_raw,7,0.7,0.8,271,0.7418,0.5867,
cross_database_transfer,bindingdb_to_chembl_pair_scaffold_purged,extratrees_scalars,0,bindingdb_raw,chembl_raw,8,0.8,0.9,173,0.8439,0.7514,
cross_database_transfer,bindingdb_to_chembl_pair_scaffold_purged,extratrees_scalars,0,bindingdb_raw,chembl_raw,9,0.9,1.0,17,0.9367,0.8824,
cross_database_transfer,bindingdb_to_chembl_pair_scaffold_purged,ecfp_absdiff_xgb,1,bindingdb_raw,chembl_raw,0,0.0,0.1,0,,,
cross_database_transfer,bindingdb_to_chembl_pair_scaffold_purged,ecfp_absdiff_xgb,1,bindingdb_raw,chembl_raw,1,0.1,0.2,0,,,
cross_database_transfer,bindingdb_to_chembl_pair_scaffold_purged,ecfp_absdiff_xgb,1,bindingdb_raw,chembl_raw,2,0.2,0.3,1,0.2933,1.0,
cross_database_transfer,bindingdb_to_chembl_pair_scaffold_purged,ecfp_absdiff_xgb,1,bindingdb_raw,chembl_raw,3,0.3,0.4,332,0.3705,0.1355,
cross_database_transfer,bindingdb_to_chembl_pair_scaffold_purged,ecfp_absdiff_xgb,1,bindingdb_raw,chembl_raw,4,0.4,0.5,9348,0.4894,0.3743,
cross_database_transfer,bindingdb_to_chembl_pair_scaffold_purged,ecfp_absdiff_xgb,1,bindingdb_raw,chembl_raw,5,0.5,0.6,2181,0.5358,0.4429,
cross_database_transfer,bindingdb_to_chembl_pair_scaffold_purged,ecfp_absdiff_xgb,1,bindingdb_raw,chembl_raw,6,0.6,0.7,23,0.619,0.5217,
cross_database_transfer,bindingdb_to_chembl_pair_scaffold_purged,ecfp_absdiff_xgb,1,bindingdb_raw,chembl_raw,7,0.7,0.8,0,,,
cross_database_transfer,bindingdb_to_chembl_pair_scaffold_purged,ecfp_absdiff_xgb,1,bindingdb_raw,chembl_raw,8,0.8,0.9,0,,,
cross_database_transfer,bindingdb_to_chembl_pair_scaffold_purged,ecfp_absdiff_xgb,1,bindingdb_raw,chembl_raw,9,0.9,1.0,0,,,
cross_database_transfer,bindingdb_to_chembl_pair_scaffold_purged,rich_diff_scalars,1,bindingdb_raw,chembl_raw,0,0.0,0.1,0,,,
cross_database_transfer,bindingdb_to_chembl_pair_scaffold_purged,rich_diff_scalars,1,bindingdb_raw,chembl_raw,1,0.1,0.2,0,,,
cross_database_transfer,bindingdb_to_chembl_pair_scaffold_purged,rich_diff_scalars,1,bindingdb_raw,chembl_raw,2,0.2,0.3,0,,,
cross_database_transfer,bindingdb_to_chembl_pair_scaffold_purged,rich_diff_scalars,1,bindingdb_raw,chembl_raw,3,0.3,0.4,1255,0.3779,0.2151,
cross_database_transfer,bindingdb_to_chembl_pair_scaffold_purged,rich_diff_scalars,1,bindingdb_raw,chembl_raw,4,0.4,0.5,4443,0.4528,0.3009,
cross_database_transfer,bindingdb_to_chembl_pair_scaffold_purged,rich_diff_scalars,1,bindingdb_raw,chembl_raw,5,0.5,0.6,4555,0.5456,0.4367,
cross_database_transfer,bindingdb_to_chembl_pair_scaffold_purged,rich_diff_scalars,1,bindingdb_raw,chembl_raw,6,0.6,0.7,1479,0.6309,0.5612,
cross_database_transfer,bindingdb_to_chembl_pair_scaffold_purged,rich_diff_scalars,1,bindingdb_raw,chembl_raw,7,0.7,0.8,153,0.7286,0.634,
cross_database_transfer,bindingdb_to_chembl_pair_scaffold_purged,rich_diff_scalars,1,bindingdb_raw,chembl_raw,8,0.8,0.9,0,,,
cross_database_transfer,bindingdb_to_chembl_pair_scaffold_purged,rich_diff_scalars,1,bindingdb_raw,chembl_raw,9,0.9,1.0,0,,,
cross_database_transfer,bindingdb_to_chembl_pair_scaffold_purged,rich_scalars_only,1,bindingdb_raw,chembl_raw,0,0.0,0.1,0,,,
cross_database_transfer,bindingdb_to_chembl_pair_scaffold_purged,rich_scalars_only,1,bindingdb_raw,chembl_raw,1,0.1,0.2,0,,,
cross_database_transfer,bindingdb_to_chembl_pair_scaffold_purged,rich_scalars_only,1,bindingdb_raw,chembl_raw,2,0.2,0.3,0,,,
cross_database_transfer,bindingdb_to_chembl_pair_scaffold_purged,rich_scalars_only,1,bindingdb_raw,chembl_raw,3,0.3,0.4,1378,0.3738,0.2293,
cross_database_transfer,bindingdb_to_chembl_pair_scaffold_purged,rich_scalars_only,1,bindingdb_raw,chembl_raw,4,0.4,0.5,4189,0.4523,0.3022,
cross_database_transfer,bindingdb_to_chembl_pair_scaffold_purged,rich_scalars_only,1,bindingdb_raw,chembl_raw,5,0.5,0.6,4500,0.5442,0.4229,
cross_database_transfer,bindingdb_to_chembl_pair_scaffold_purged,rich_scalars_only,1,bindingdb_raw,chembl_raw,6,0.6,0.7,1586,0.6338,0.5624,
cross_database_transfer,bindingdb_to_chembl_pair_scaffold_purged,rich_scalars_only,1,bindingdb_raw,chembl_raw,7,0.7,0.8,232,0.742,0.6293,
cross_database_transfer,bindingdb_to_chembl_pair_scaffold_purged,rich_scalars_only,1,bindingdb_raw,chembl_raw,8,0.8,0.9,0,,,
cross_database_transfer,bindingdb_to_chembl_pair_scaffold_purged,rich_scalars_only,1,bindingdb_raw,chembl_raw,9,0.9,1.0,0,,,
cross_database_transfer,bindingdb_to_chembl_pair_scaffold_purged,extratrees_scalars,1,bindingdb_raw,chembl_raw,0,0.0,0.1,185,0.0688,0.0324,
cross_database_transfer,bindingdb_to_chembl_pair_scaffold_purged,extratrees_scalars,1,bindingdb_raw,chembl_raw,1,0.1,0.2,589,0.1559,0.1307,
cross_database_transfer,bindingdb_to_chembl_pair_scaffold_purged,extratrees_scalars,1,bindingdb_raw,chembl_raw,2,0.2,0.3,1510,0.2571,0.2603,
cross_database_transfer,bindingdb_to_chembl_pair_scaffold_purged,extratrees_scalars,1,bindingdb_raw,chembl_raw,3,0.3,0.4,2909,0.3522,0.3469,
cross_database_transfer,bindingdb_to_chembl_pair_scaffold_purged,extratrees_scalars,1,bindingdb_raw,chembl_raw,4,0.4,0.5,2975,0.4481,0.3785,
cross_database_transfer,bindingdb_to_chembl_pair_scaffold_purged,extratrees_scalars,1,bindingdb_raw,chembl_raw,5,0.5,0.6,2184,0.5455,0.4844,
cross_database_transfer,bindingdb_to_chembl_pair_scaffold_purged,extratrees_scalars,1,bindingdb_raw,chembl_raw,6,0.6,0.7,1063,0.6406,0.5155,
cross_database_transfer,bindingdb_to_chembl_pair_scaffold_purged,extratrees_scalars,1,bindingdb_raw,chembl_raw,7,0.7,0.8,324,0.7435,0.6142,
cross_database_transfer,bindingdb_to_chembl_pair_scaffold_purged,extratrees_scalars,1,bindingdb_raw,chembl_raw,8,0.8,0.9,133,0.8421,0.7368,
cross_database_transfer,bindingdb_to_chembl_pair_scaffold_purged,extratrees_scalars,1,bindingdb_raw,chembl_raw,9,0.9,1.0,13,0.9093,0.6923,
cross_database_transfer,bindingdb_to_chembl_pair_scaffold_purged,ecfp_absdiff_xgb,2,bindingdb_raw,chembl_raw,0,0.0,0.1,0,,,
cross_database_transfer,bindingdb_to_chembl_pair_scaffold_purged,ecfp_absdiff_xgb,2,bindingdb_raw,chembl_raw,1,0.1,0.2,0,,,
cross_database_transfer,bindingdb_to_chembl_pair_scaffold_purged,ecfp_absdiff_xgb,2,bindingdb_raw,chembl_raw,2,0.2,0.3,0,,,
cross_database_transfer,bindingdb_to_chembl_pair_scaffold_purged,ecfp_absdiff_xgb,2,bindingdb_raw,chembl_raw,3,0.3,0.4,314,0.3726,0.1306,
cross_database_transfer,bindingdb_to_chembl_pair_scaffold_purged,ecfp_absdiff_xgb,2,bindingdb_raw,chembl_raw,4,0.4,0.5,9549,0.4897,0.3748,
cross_database_transfer,bindingdb_to_chembl_pair_scaffold_purged,ecfp_absdiff_xgb,2,bindingdb_raw,chembl_raw,5,0.5,0.6,1979,0.5412,0.4467,
cross_database_transfer,bindingdb_to_chembl_pair_scaffold_purged,ecfp_absdiff_xgb,2,bindingdb_raw,chembl_raw,6,0.6,0.7,43,0.6132,0.4419,
cross_database_transfer,bindingdb_to_chembl_pair_scaffold_purged,ecfp_absdiff_xgb,2,bindingdb_raw,chembl_raw,7,0.7,0.8,0,,,
cross_database_transfer,bindingdb_to_chembl_pair_scaffold_purged,ecfp_absdiff_xgb,2,bindingdb_raw,chembl_raw,8,0.8,0.9,0,,,
cross_database_transfer,bindingdb_to_chembl_pair_scaffold_purged,ecfp_absdiff_xgb,2,bindingdb_raw,chembl_raw,9,0.9,1.0,0,,,
cross_database_transfer,bindingdb_to_chembl_pair_scaffold_purged,rich_diff_scalars,2,bindingdb_raw,chembl_raw,0,0.0,0.1,0,,,
cross_database_transfer,bindingdb_to_chembl_pair_scaffold_purged,rich_diff_scalars,2,bindingdb_raw,chembl_raw,1,0.1,0.2,0,,,
cross_database_transfer,bindingdb_to_chembl_pair_scaffold_purged,rich_diff_scalars,2,bindingdb_raw,chembl_raw,2,0.2,0.3,1,0.2995,0.0,
cross_database_transfer,bindingdb_to_chembl_pair_scaffold_purged,rich_diff_scalars,2,bindingdb_raw,chembl_raw,3,0.3,0.4,1347,0.3765,0.1908,
cross_database_transfer,bindingdb_to_chembl_pair_scaffold_purged,rich_diff_scalars,2,bindingdb_raw,chembl_raw,4,0.4,0.5,4533,0.4537,0.3066,
cross_database_transfer,bindingdb_to_chembl_pair_scaffold_purged,rich_diff_scalars,2,bindingdb_raw,chembl_raw,5,0.5,0.6,4361,0.546,0.4439,
cross_database_transfer,bindingdb_to_chembl_pair_scaffold_purged,rich_diff_scalars,2,bindingdb_raw,chembl_raw,6,0.6,0.7,1483,0.6312,0.5563,
cross_database_transfer,bindingdb_to_chembl_pair_scaffold_purged,rich_diff_scalars,2,bindingdb_raw,chembl_raw,7,0.7,0.8,160,0.7342,0.7188,
cross_database_transfer,bindingdb_to_chembl_pair_scaffold_purged,rich_diff_scalars,2,bindingdb_raw,chembl_raw,8,0.8,0.9,0,,,
cross_database_transfer,bindingdb_to_chembl_pair_scaffold_purged,rich_diff_scalars,2,bindingdb_raw,chembl_raw,9,0.9,1.0,0,,,
cross_database_transfer,bindingdb_to_chembl_pair_scaffold_purged,rich_scalars_only,2,bindingdb_raw,chembl_raw,0,0.0,0.1,0,,,
cross_database_transfer,bindingdb_to_chembl_pair_scaffold_purged,rich_scalars_only,2,bindingdb_raw,chembl_raw,1,0.1,0.2,0,,,
cross_database_transfer,bindingdb_to_chembl_pair_scaffold_purged,rich_scalars_only,2,bindingdb_raw,chembl_raw,2,0.2,0.3,0,,,
cross_database_transfer,bindingdb_to_chembl_pair_scaffold_purged,rich_scalars_only,2,bindingdb_raw,chembl_raw,3,0.3,0.4,1529,0.3749,0.1916,
cross_database_transfer,bindingdb_to_chembl_pair_scaffold_purged,rich_scalars_only,2,bindingdb_raw,chembl_raw,4,0.4,0.5,3948,0.4529,0.3191,
cross_database_transfer,bindingdb_to_chembl_pair_scaffold_purged,rich_scalars_only,2,bindingdb_raw,chembl_raw,5,0.5,0.6,4550,0.5447,0.4204,
cross_database_transfer,bindingdb_to_chembl_pair_scaffold_purged,rich_scalars_only,2,bindingdb_raw,chembl_raw,6,0.6,0.7,1644,0.6323,0.5608,
cross_database_transfer,bindingdb_to_chembl_pair_scaffold_purged,rich_scalars_only,2,bindingdb_raw,chembl_raw,7,0.7,0.8,214,0.7426,0.6308,
cross_database_transfer,bindingdb_to_chembl_pair_scaffold_purged,rich_scalars_only,2,bindingdb_raw,chembl_raw,8,0.8,0.9,0,,,
cross_database_transfer,bindingdb_to_chembl_pair_scaffold_purged,rich_scalars_only,2,bindingdb_raw,chembl_raw,9,0.9,1.0,0,,,
cross_database_transfer,bindingdb_to_chembl_pair_scaffold_purged,extratrees_scalars,2,bindingdb_raw,chembl_raw,0,0.0,0.1,167,0.072,0.006,
cross_database_transfer,bindingdb_to_chembl_pair_scaffold_purged,extratrees_scalars,2,bindingdb_raw,chembl_raw,1,0.1,0.2,606,0.1554,0.1287,
cross_database_transfer,bindingdb_to_chembl_pair_scaffold_purged,extratrees_scalars,2,bindingdb_raw,chembl_raw,2,0.2,0.3,1446,0.2583,0.2337,
cross_database_transfer,bindingdb_to_chembl_pair_scaffold_purged,extratrees_scalars,2,bindingdb_raw,chembl_raw,3,0.3,0.4,2855,0.3521,0.3212,
cross_database_transfer,bindingdb_to_chembl_pair_scaffold_purged,extratrees_scalars,2,bindingdb_raw,chembl_raw,4,0.4,0.5,3007,0.4493,0.3991,
cross_database_transfer,bindingdb_to_chembl_pair_scaffold_purged,extratrees_scalars,2,bindingdb_raw,chembl_raw,5,0.5,0.6,2314,0.5446,0.4914,
cross_database_transfer,bindingdb_to_chembl_pair_scaffold_purged,extratrees_scalars,2,bindingdb_raw,chembl_raw,6,0.6,0.7,1022,0.6403,0.5499,
cross_database_transfer,bindingdb_to_chembl_pair_scaffold_purged,extratrees_scalars,2,bindingdb_raw,chembl_raw,7,0.7,0.8,277,0.7394,0.5162,
cross_database_transfer,bindingdb_to_chembl_pair_scaffold_purged,extratrees_scalars,2,bindingdb_raw,chembl_raw,8,0.8,0.9,174,0.8434,0.7701,
cross_database_transfer,bindingdb_to_chembl_pair_scaffold_purged,extratrees_scalars,2,bindingdb_raw,chembl_raw,9,0.9,1.0,17,0.9215,0.7647,
cross_database_transfer,bindingdb_to_chembl_scaffold_purged,ecfp_absdiff_xgb,0,bindingdb_raw,chembl_raw,0,0.0,0.1,0,,,
cross_database_transfer,bindingdb_to_chembl_scaffold_purged,ecfp_absdiff_xgb,0,bindingdb_raw,chembl_raw,1,0.1,0.2,0,,,
cross_database_transfer,bindingdb_to_chembl_scaffold_purged,ecfp_absdiff_xgb,0,bindingdb_raw,chembl_raw,2,0.2,0.3,0,,,
cross_database_transfer,bindingdb_to_chembl_scaffold_purged,ecfp_absdiff_xgb,0,bindingdb_raw,chembl_raw,3,0.3,0.4,80,0.3716,0.3875,
cross_database_transfer,bindingdb_to_chembl_scaffold_purged,ecfp_absdiff_xgb,0,bindingdb_raw,chembl_raw,4,0.4,0.5,9000,0.4883,0.3683,
cross_database_transfer,bindingdb_to_chembl_scaffold_purged,ecfp_absdiff_xgb,0,bindingdb_raw,chembl_raw,5,0.5,0.6,2765,0.5261,0.4188,
cross_database_transfer,bindingdb_to_chembl_scaffold_purged,ecfp_absdiff_xgb,0,bindingdb_raw,chembl_raw,6,0.6,0.7,40,0.6128,0.475,
cross_database_transfer,bindingdb_to_chembl_scaffold_purged,ecfp_absdiff_xgb,0,bindingdb_raw,chembl_raw,7,0.7,0.8,0,,,
cross_database_transfer,bindingdb_to_chembl_scaffold_purged,ecfp_absdiff_xgb,0,bindingdb_raw,chembl_raw,8,0.8,0.9,0,,,
cross_database_transfer,bindingdb_to_chembl_scaffold_purged,ecfp_absdiff_xgb,0,bindingdb_raw,chembl_raw,9,0.9,1.0,0,,,
cross_database_transfer,bindingdb_to_chembl_scaffold_purged,rich_diff_scalars,0,bindingdb_raw,chembl_raw,0,0.0,0.1,0,,,
cross_database_transfer,bindingdb_to_chembl_scaffold_purged,rich_diff_scalars,0,bindingdb_raw,chembl_raw,1,0.1,0.2,0,,,
cross_database_transfer,bindingdb_to_chembl_scaffold_purged,rich_diff_scalars,0,bindingdb_raw,chembl_raw,2,0.2,0.3,0,,,
cross_database_transfer,bindingdb_to_chembl_scaffold_purged,rich_diff_scalars,0,bindingdb_raw,chembl_raw,3,0.3,0.4,1078,0.3785,0.2551,
cross_database_transfer,bindingdb_to_chembl_scaffold_purged,rich_diff_scalars,0,bindingdb_raw,chembl_raw,4,0.4,0.5,4456,0.4554,0.2998,
cross_database_transfer,bindingdb_to_chembl_scaffold_purged,rich_diff_scalars,0,bindingdb_raw,chembl_raw,5,0.5,0.6,4789,0.5446,0.4249,
cross_database_transfer,bindingdb_to_chembl_scaffold_purged,rich_diff_scalars,0,bindingdb_raw,chembl_raw,6,0.6,0.7,1450,0.6323,0.5531,
cross_database_transfer,bindingdb_to_chembl_scaffold_purged,rich_diff_scalars,0,bindingdb_raw,chembl_raw,7,0.7,0.8,112,0.714,0.6696,
cross_database_transfer,bindingdb_to_chembl_scaffold_purged,rich_diff_scalars,0,bindingdb_raw,chembl_raw,8,0.8,0.9,0,,,
cross_database_transfer,bindingdb_to_chembl_scaffold_purged,rich_diff_scalars,0,bindingdb_raw,chembl_raw,9,0.9,1.0,0,,,
cross_database_transfer,bindingdb_to_chembl_scaffold_purged,rich_scalars_only,0,bindingdb_raw,chembl_raw,0,0.0,0.1,0,,,
cross_database_transfer,bindingdb_to_chembl_scaffold_purged,rich_scalars_only,0,bindingdb_raw,chembl_raw,1,0.1,0.2,0,,,
cross_database_transfer,bindingdb_to_chembl_scaffold_purged,rich_scalars_only,0,bindingdb_raw,chembl_raw,2,0.2,0.3,0,,,
cross_database_transfer,bindingdb_to_chembl_scaffold_purged,rich_scalars_only,0,bindingdb_raw,chembl_raw,3,0.3,0.4,992,0.3772,0.2692,
cross_database_transfer,bindingdb_to_chembl_scaffold_purged,rich_scalars_only,0,bindingdb_raw,chembl_raw,4,0.4,0.5,4628,0.4573,0.3008,
cross_database_transfer,bindingdb_to_chembl_scaffold_purged,rich_scalars_only,0,bindingdb_raw,chembl_raw,5,0.5,0.6,4521,0.544,0.4167,
cross_database_transfer,bindingdb_to_chembl_scaffold_purged,rich_scalars_only,0,bindingdb_raw,chembl_raw,6,0.6,0.7,1656,0.6364,0.5652,
cross_database_transfer,bindingdb_to_chembl_scaffold_purged,rich_scalars_only,0,bindingdb_raw,chembl_raw,7,0.7,0.8,88,0.712,0.5,
cross_database_transfer,bindingdb_to_chembl_scaffold_purged,rich_scalars_only,0,bindingdb_raw,chembl_raw,8,0.8,0.9,0,,,
cross_database_transfer,bindingdb_to_chembl_scaffold_purged,rich_scalars_only,0,bindingdb_raw,chembl_raw,9,0.9,1.0,0,,,
cross_database_transfer,bindingdb_to_chembl_scaffold_purged,extratrees_scalars,0,bindingdb_raw,chembl_raw,0,0.0,0.1,2,0.0995,0.0,
cross_database_transfer,bindingdb_to_chembl_scaffold_purged,extratrees_scalars,0,bindingdb_raw,chembl_raw,1,0.1,0.2,254,0.1696,0.2126,
cross_database_transfer,bindingdb_to_chembl_scaffold_purged,extratrees_scalars,0,bindingdb_raw,chembl_raw,2,0.2,0.3,1637,0.2597,0.2553,
cross_database_transfer,bindingdb_to_chembl_scaffold_purged,extratrees_scalars,0,bindingdb_raw,chembl_raw,3,0.3,0.4,3181,0.3525,0.3222,
cross_database_transfer,bindingdb_to_chembl_scaffold_purged,extratrees_scalars,0,bindingdb_raw,chembl_raw,4,0.4,0.5,3182,0.4485,0.3853,
cross_database_transfer,bindingdb_to_chembl_scaffold_purged,extratrees_scalars,0,bindingdb_raw,chembl_raw,5,0.5,0.6,2306,0.5456,0.4644,
cross_database_transfer,bindingdb_to_chembl_scaffold_purged,extratrees_scalars,0,bindingdb_raw,chembl_raw,6,0.6,0.7,919,0.6419,0.5016,
cross_database_transfer,bindingdb_to_chembl_scaffold_purged,extratrees_scalars,0,bindingdb_raw,chembl_raw,7,0.7,0.8,236,0.744,0.6059,
cross_database_transfer,bindingdb_to_chembl_scaffold_purged,extratrees_scalars,0,bindingdb_raw,chembl_raw,8,0.8,0.9,132,0.8545,0.75,
cross_database_transfer,bindingdb_to_chembl_scaffold_purged,extratrees_scalars,0,bindingdb_raw,chembl_raw,9,0.9,1.0,36,0.92,0.7222,
cross_database_transfer,bindingdb_to_chembl_scaffold_purged,ecfp_absdiff_xgb,1,bindingdb_raw,chembl_raw,0,0.0,0.1,0,,,
cross_database_transfer,bindingdb_to_chembl_scaffold_purged,ecfp_absdiff_xgb,1,bindingdb_raw,chembl_raw,1,0.1,0.2,0,,,
cross_database_transfer,bindingdb_to_chembl_scaffold_purged,ecfp_absdiff_xgb,1,bindingdb_raw,chembl_raw,2,0.2,0.3,0,,,
cross_database_transfer,bindingdb_to_chembl_scaffold_purged,ecfp_absdiff_xgb,1,bindingdb_raw,chembl_raw,3,0.3,0.4,79,0.3676,0.3797,
cross_database_transfer,bindingdb_to_chembl_scaffold_purged,ecfp_absdiff_xgb,1,bindingdb_raw,chembl_raw,4,0.4,0.5,9286,0.489,0.3677,
cross_database_transfer,bindingdb_to_chembl_scaffold_purged,ecfp_absdiff_xgb,1,bindingdb_raw,chembl_raw,5,0.5,0.6,2471,0.529,0.429,
cross_database_transfer,bindingdb_to_chembl_scaffold_purged,ecfp_absdiff_xgb,1,bindingdb_raw,chembl_raw,6,0.6,0.7,49,0.6142,0.3878,
cross_database_transfer,bindingdb_to_chembl_scaffold_purged,ecfp_absdiff_xgb,1,bindingdb_raw,chembl_raw,7,0.7,0.8,0,,,
cross_database_transfer,bindingdb_to_chembl_scaffold_purged,ecfp_absdiff_xgb,1,bindingdb_raw,chembl_raw,8,0.8,0.9,0,,,
cross_database_transfer,bindingdb_to_chembl_scaffold_purged,ecfp_absdiff_xgb,1,bindingdb_raw,chembl_raw,9,0.9,1.0,0,,,
cross_database_transfer,bindingdb_to_chembl_scaffold_purged,rich_diff_scalars,1,bindingdb_raw,chembl_raw,0,0.0,0.1,0,,,
cross_database_transfer,bindingdb_to_chembl_scaffold_purged,rich_diff_scalars,1,bindingdb_raw,chembl_raw,1,0.1,0.2,0,,,
cross_database_transfer,bindingdb_to_chembl_scaffold_purged,rich_diff_scalars,1,bindingdb_raw,chembl_raw,2,0.2,0.3,0,,,
cross_database_transfer,bindingdb_to_chembl_scaffold_purged,rich_diff_scalars,1,bindingdb_raw,chembl_raw,3,0.3,0.4,941,0.3794,0.2487,
cross_database_transfer,bindingdb_to_chembl_scaffold_purged,rich_diff_scalars,1,bindingdb_raw,chembl_raw,4,0.4,0.5,4702,0.4559,0.3024,
cross_database_transfer,bindingdb_to_chembl_scaffold_purged,rich_diff_scalars,1,bindingdb_raw,chembl_raw,5,0.5,0.6,4771,0.5449,0.4249,
cross_database_transfer,bindingdb_to_chembl_scaffold_purged,rich_diff_scalars,1,bindingdb_raw,chembl_raw,6,0.6,0.7,1439,0.6356,0.5664,
cross_database_transfer,bindingdb_to_chembl_scaffold_purged,rich_diff_scalars,1,bindingdb_raw,chembl_raw,7,0.7,0.8,32,0.7076,0.7812,
cross_database_transfer,bindingdb_to_chembl_scaffold_purged,rich_diff_scalars,1,bindingdb_raw,chembl_raw,8,0.8,0.9,0,,,
cross_database_transfer,bindingdb_to_chembl_scaffold_purged,rich_diff_scalars,1,bindingdb_raw,chembl_raw,9,0.9,1.0,0,,,
cross_database_transfer,bindingdb_to_chembl_scaffold_purged,rich_scalars_only,1,bindingdb_raw,chembl_raw,0,0.0,0.1,0,,,
cross_database_transfer,bindingdb_to_chembl_scaffold_purged,rich_scalars_only,1,bindingdb_raw,chembl_raw,1,0.1,0.2,0,,,
cross_database_transfer,bindingdb_to_chembl_scaffold_purged,rich_scalars_only,1,bindingdb_raw,chembl_raw,2,0.2,0.3,0,,,
cross_database_transfer,bindingdb_to_chembl_scaffold_purged,rich_scalars_only,1,bindingdb_raw,chembl_raw,3,0.3,0.4,1069,0.3735,0.2619,
cross_database_transfer,bindingdb_to_chembl_scaffold_purged,rich_scalars_only,1,bindingdb_raw,chembl_raw,4,0.4,0.5,4411,0.4574,0.3029,
cross_database_transfer,bindingdb_to_chembl_scaffold_purged,rich_scalars_only,1,bindingdb_raw,chembl_raw,5,0.5,0.6,4760,0.5452,0.42,
cross_database_transfer,bindingdb_to_chembl_scaffold_purged,rich_scalars_only,1,bindingdb_raw,chembl_raw,6,0.6,0.7,1498,0.6329,0.5401,
cross_database_transfer,bindingdb_to_chembl_scaffold_purged,rich_scalars_only,1,bindingdb_raw,chembl_raw,7,0.7,0.8,147,0.7211,0.6735,
cross_database_transfer,bindingdb_to_chembl_scaffold_purged,rich_scalars_only,1,bindingdb_raw,chembl_raw,8,0.8,0.9,0,,,
cross_database_transfer,bindingdb_to_chembl_scaffold_purged,rich_scalars_only,1,bindingdb_raw,chembl_raw,9,0.9,1.0,0,,,
cross_database_transfer,bindingdb_to_chembl_scaffold_purged,extratrees_scalars,1,bindingdb_raw,chembl_raw,0,0.0,0.1,9,0.0912,0.0,
cross_database_transfer,bindingdb_to_chembl_scaffold_purged,extratrees_scalars,1,bindingdb_raw,chembl_raw,1,0.1,0.2,247,0.1698,0.1903,
cross_database_transfer,bindingdb_to_chembl_scaffold_purged,extratrees_scalars,1,bindingdb_raw,chembl_raw,2,0.2,0.3,1616,0.2613,0.2463,
cross_database_transfer,bindingdb_to_chembl_scaffold_purged,extratrees_scalars,1,bindingdb_raw,chembl_raw,3,0.3,0.4,3336,0.3538,0.3321,
cross_database_transfer,bindingdb_to_chembl_scaffold_purged,extratrees_scalars,1,bindingdb_raw,chembl_raw,4,0.4,0.5,3181,0.4488,0.386,
cross_database_transfer,bindingdb_to_chembl_scaffold_purged,extratrees_scalars,1,bindingdb_raw,chembl_raw,5,0.5,0.6,2144,0.545,0.4636,
cross_database_transfer,bindingdb_to_chembl_scaffold_purged,extratrees_scalars,1,bindingdb_raw,chembl_raw,6,0.6,0.7,964,0.6403,0.5176,
cross_database_transfer,bindingdb_to_chembl_scaffold_purged,extratrees_scalars,1,bindingdb_raw,chembl_raw,7,0.7,0.8,254,0.7368,0.6142,
cross_database_transfer,bindingdb_to_chembl_scaffold_purged,extratrees_scalars,1,bindingdb_raw,chembl_raw,8,0.8,0.9,114,0.8431,0.6667,
cross_database_transfer,bindingdb_to_chembl_scaffold_purged,extratrees_scalars,1,bindingdb_raw,chembl_raw,9,0.9,1.0,20,0.925,0.85,
cross_database_transfer,bindingdb_to_chembl_scaffold_purged,ecfp_absdiff_xgb,2,bindingdb_raw,chembl_raw,0,0.0,0.1,0,,,
cross_database_transfer,bindingdb_to_chembl_scaffold_purged,ecfp_absdiff_xgb,2,bindingdb_raw,chembl_raw,1,0.1,0.2,0,,,
cross_database_transfer,bindingdb_to_chembl_scaffold_purged,ecfp_absdiff_xgb,2,bindingdb_raw,chembl_raw,2,0.2,0.3,0,,,
cross_database_transfer,bindingdb_to_chembl_scaffold_purged,ecfp_absdiff_xgb,2,bindingdb_raw,chembl_raw,3,0.3,0.4,83,0.3726,0.3735,
cross_database_transfer,bindingdb_to_chembl_scaffold_purged,ecfp_absdiff_xgb,2,bindingdb_raw,chembl_raw,4,0.4,0.5,8986,0.4869,0.3677,
cross_database_transfer,bindingdb_to_chembl_scaffold_purged,ecfp_absdiff_xgb,2,bindingdb_raw,chembl_raw,5,0.5,0.6,2765,0.5253,0.4221,
cross_database_transfer,bindingdb_to_chembl_scaffold_purged,ecfp_absdiff_xgb,2,bindingdb_raw,chembl_raw,6,0.6,0.7,51,0.6148,0.4118,
cross_database_transfer,bindingdb_to_chembl_scaffold_purged,ecfp_absdiff_xgb,2,bindingdb_raw,chembl_raw,7,0.7,0.8,0,,,
cross_database_transfer,bindingdb_to_chembl_scaffold_purged,ecfp_absdiff_xgb,2,bindingdb_raw,chembl_raw,8,0.8,0.9,0,,,
cross_database_transfer,bindingdb_to_chembl_scaffold_purged,ecfp_absdiff_xgb,2,bindingdb_raw,chembl_raw,9,0.9,1.0,0,,,
cross_database_transfer,bindingdb_to_chembl_scaffold_purged,rich_diff_scalars,2,bindingdb_raw,chembl_raw,0,0.0,0.1,0,,,
cross_database_transfer,bindingdb_to_chembl_scaffold_purged,rich_diff_scalars,2,bindingdb_raw,chembl_raw,1,0.1,0.2,0,,,
cross_database_transfer,bindingdb_to_chembl_scaffold_purged,rich_diff_scalars,2,bindingdb_raw,chembl_raw,2,0.2,0.3,0,,,
cross_database_transfer,bindingdb_to_chembl_scaffold_purged,rich_diff_scalars,2,bindingdb_raw,chembl_raw,3,0.3,0.4,909,0.3795,0.2629,
cross_database_transfer,bindingdb_to_chembl_scaffold_purged,rich_diff_scalars,2,bindingdb_raw,chembl_raw,4,0.4,0.5,4702,0.4548,0.2924,
cross_database_transfer,bindingdb_to_chembl_scaffold_purged,rich_diff_scalars,2,bindingdb_raw,chembl_raw,5,0.5,0.6,4837,0.5446,0.4339,
cross_database_transfer,bindingdb_to_chembl_scaffold_purged,rich_diff_scalars,2,bindingdb_raw,chembl_raw,6,0.6,0.7,1435,0.6295,0.5631,
cross_database_transfer,bindingdb_to_chembl_scaffold_purged,rich_diff_scalars,2,bindingdb_raw,chembl_raw,7,0.7,0.8,2,0.7004,1.0,
cross_database_transfer,bindingdb_to_chembl_scaffold_purged,rich_diff_scalars,2,bindingdb_raw,chembl_raw,8,0.8,0.9,0,,,
cross_database_transfer,bindingdb_to_chembl_scaffold_purged,rich_diff_scalars,2,bindingdb_raw,chembl_raw,9,0.9,1.0,0,,,
cross_database_transfer,bindingdb_to_chembl_scaffold_purged,rich_scalars_only,2,bindingdb_raw,chembl_raw,0,0.0,0.1,0,,,
cross_database_transfer,bindingdb_to_chembl_scaffold_purged,rich_scalars_only,2,bindingdb_raw,chembl_raw,1,0.1,0.2,0,,,
cross_database_transfer,bindingdb_to_chembl_scaffold_purged,rich_scalars_only,2,bindingdb_raw,chembl_raw,2,0.2,0.3,1,0.298,0.0,
cross_database_transfer,bindingdb_to_chembl_scaffold_purged,rich_scalars_only,2,bindingdb_raw,chembl_raw,3,0.3,0.4,1034,0.376,0.2872,
cross_database_transfer,bindingdb_to_chembl_scaffold_purged,rich_scalars_only,2,bindingdb_raw,chembl_raw,4,0.4,0.5,4547,0.4563,0.2947,
cross_database_transfer,bindingdb_to_chembl_scaffold_purged,rich_scalars_only,2,bindingdb_raw,chembl_raw,5,0.5,0.6,4672,0.5443,0.4182,
cross_database_transfer,bindingdb_to_chembl_scaffold_purged,rich_scalars_only,2,bindingdb_raw,chembl_raw,6,0.6,0.7,1542,0.636,0.5668,
cross_database_transfer,bindingdb_to_chembl_scaffold_purged,rich_scalars_only,2,bindingdb_raw,chembl_raw,7,0.7,0.8,89,0.7111,0.6517,
cross_database_transfer,bindingdb_to_chembl_scaffold_purged,rich_scalars_only,2,bindingdb_raw,chembl_raw,8,0.8,0.9,0,,,
cross_database_transfer,bindingdb_to_chembl_scaffold_purged,rich_scalars_only,2,bindingdb_raw,chembl_raw,9,0.9,1.0,0,,,
cross_database_transfer,bindingdb_to_chembl_scaffold_purged,extratrees_scalars,2,bindingdb_raw,chembl_raw,0,0.0,0.1,3,0.074,0.3333,
cross_database_transfer,bindingdb_to_chembl_scaffold_purged,extratrees_scalars,2,bindingdb_raw,chembl_raw,1,0.1,0.2,263,0.1712,0.1673,
cross_database_transfer,bindingdb_to_chembl_scaffold_purged,extratrees_scalars,2,bindingdb_raw,chembl_raw,2,0.2,0.3,1504,0.258,0.2666,
cross_database_transfer,bindingdb_to_chembl_scaffold_purged,extratrees_scalars,2,bindingdb_raw,chembl_raw,3,0.3,0.4,3155,0.3533,0.3068,
cross_database_transfer,bindingdb_to_chembl_scaffold_purged,extratrees_scalars,2,bindingdb_raw,chembl_raw,4,0.4,0.5,3391,0.4487,0.3825,
cross_database_transfer,bindingdb_to_chembl_scaffold_purged,extratrees_scalars,2,bindingdb_raw,chembl_raw,5,0.5,0.6,2275,0.5443,0.4862,
cross_database_transfer,bindingdb_to_chembl_scaffold_purged,extratrees_scalars,2,bindingdb_raw,chembl_raw,6,0.6,0.7,876,0.6389,0.4932,
cross_database_transfer,bindingdb_to_chembl_scaffold_purged,extratrees_scalars,2,bindingdb_raw,chembl_raw,7,0.7,0.8,257,0.7389,0.6187,
cross_database_transfer,bindingdb_to_chembl_scaffold_purged,extratrees_scalars,2,bindingdb_raw,chembl_raw,8,0.8,0.9,134,0.8409,0.7015,
cross_database_transfer,bindingdb_to_chembl_scaffold_purged,extratrees_scalars,2,bindingdb_raw,chembl_raw,9,0.9,1.0,27,0.9197,0.7778,
prospective_temporal,chembl_future_after_2005_future_only,ecfp_absdiff_xgb,0,chembl_raw,chembl_raw,0,0.0,0.1,0,,,2005.0
prospective_temporal,chembl_future_after_2005_future_only,ecfp_absdiff_xgb,0,chembl_raw,chembl_raw,1,0.1,0.2,0,,,2005.0
prospective_temporal,chembl_future_after_2005_future_only,ecfp_absdiff_xgb,0,chembl_raw,chembl_raw,2,0.2,0.3,4,0.2959,0.0,2005.0
prospective_temporal,chembl_future_after_2005_future_only,ecfp_absdiff_xgb,0,chembl_raw,chembl_raw,3,0.3,0.4,307,0.3777,0.241,2005.0
prospective_temporal,chembl_future_after_2005_future_only,ecfp_absdiff_xgb,0,chembl_raw,chembl_raw,4,0.4,0.5,1497,0.4658,0.2639,2005.0
prospective_temporal,chembl_future_after_2005_future_only,ecfp_absdiff_xgb,0,chembl_raw,chembl_raw,5,0.5,0.6,2683,0.5134,0.3183,2005.0
prospective_temporal,chembl_future_after_2005_future_only,ecfp_absdiff_xgb,0,chembl_raw,chembl_raw,6,0.6,0.7,12,0.6183,0.3333,2005.0
prospective_temporal,chembl_future_after_2005_future_only,ecfp_absdiff_xgb,0,chembl_raw,chembl_raw,7,0.7,0.8,0,,,2005.0
prospective_temporal,chembl_future_after_2005_future_only,ecfp_absdiff_xgb,0,chembl_raw,chembl_raw,8,0.8,0.9,0,,,2005.0
prospective_temporal,chembl_future_after_2005_future_only,ecfp_absdiff_xgb,0,chembl_raw,chembl_raw,9,0.9,1.0,0,,,2005.0
prospective_temporal,chembl_future_after_2005_future_only,rich_diff_scalars,0,chembl_raw,chembl_raw,0,0.0,0.1,0,,,2005.0
prospective_temporal,chembl_future_after_2005_future_only,rich_diff_scalars,0,chembl_raw,chembl_raw,1,0.1,0.2,0,,,2005.0
prospective_temporal,chembl_future_after_2005_future_only,rich_diff_scalars,0,chembl_raw,chembl_raw,2,0.2,0.3,3,0.2917,0.3333,2005.0
prospective_temporal,chembl_future_after_2005_future_only,rich_diff_scalars,0,chembl_raw,chembl_raw,3,0.3,0.4,1256,0.3793,0.1959,2005.0
prospective_temporal,chembl_future_after_2005_future_only,rich_diff_scalars,0,chembl_raw,chembl_raw,4,0.4,0.5,2317,0.4393,0.29,2005.0
prospective_temporal,chembl_future_after_2005_future_only,rich_diff_scalars,0,chembl_raw,chembl_raw,5,0.5,0.6,768,0.5412,0.4036,2005.0
prospective_temporal,chembl_future_after_2005_future_only,rich_diff_scalars,0,chembl_raw,chembl_raw,6,0.6,0.7,153,0.6406,0.6144,2005.0
prospective_temporal,chembl_future_after_2005_future_only,rich_diff_scalars,0,chembl_raw,chembl_raw,7,0.7,0.8,6,0.7239,0.6667,2005.0
prospective_temporal,chembl_future_after_2005_future_only,rich_diff_scalars,0,chembl_raw,chembl_raw,8,0.8,0.9,0,,,2005.0
prospective_temporal,chembl_future_after_2005_future_only,rich_diff_scalars,0,chembl_raw,chembl_raw,9,0.9,1.0,0,,,2005.0
prospective_temporal,chembl_future_after_2005_future_only,rich_scalars_only,0,chembl_raw,chembl_raw,0,0.0,0.1,0,,,2005.0
prospective_temporal,chembl_future_after_2005_future_only,rich_scalars_only,0,chembl_raw,chembl_raw,1,0.1,0.2,0,,,2005.0
prospective_temporal,chembl_future_after_2005_future_only,rich_scalars_only,0,chembl_raw,chembl_raw,2,0.2,0.3,0,,,2005.0
prospective_temporal,chembl_future_after_2005_future_only,rich_scalars_only,0,chembl_raw,chembl_raw,3,0.3,0.4,1014,0.3827,0.1953,2005.0
prospective_temporal,chembl_future_after_2005_future_only,rich_scalars_only,0,chembl_raw,chembl_raw,4,0.4,0.5,2515,0.4386,0.2811,2005.0
prospective_temporal,chembl_future_after_2005_future_only,rich_scalars_only,0,chembl_raw,chembl_raw,5,0.5,0.6,756,0.5404,0.3823,2005.0
prospective_temporal,chembl_future_after_2005_future_only,rich_scalars_only,0,chembl_raw,chembl_raw,6,0.6,0.7,209,0.6435,0.6172,2005.0
prospective_temporal,chembl_future_after_2005_future_only,rich_scalars_only,0,chembl_raw,chembl_raw,7,0.7,0.8,9,0.7131,0.4444,2005.0
prospective_temporal,chembl_future_after_2005_future_only,rich_scalars_only,0,chembl_raw,chembl_raw,8,0.8,0.9,0,,,2005.0
prospective_temporal,chembl_future_after_2005_future_only,rich_scalars_only,0,chembl_raw,chembl_raw,9,0.9,1.0,0,,,2005.0
prospective_temporal,chembl_future_after_2005_future_only,extratrees_scalars,0,chembl_raw,chembl_raw,0,0.0,0.1,1,0.0805,0.0,2005.0
prospective_temporal,chembl_future_after_2005_future_only,extratrees_scalars,0,chembl_raw,chembl_raw,1,0.1,0.2,59,0.1675,0.2203,2005.0
prospective_temporal,chembl_future_after_2005_future_only,extratrees_scalars,0,chembl_raw,chembl_raw,2,0.2,0.3,419,0.2641,0.2148,2005.0
prospective_temporal,chembl_future_after_2005_future_only,extratrees_scalars,0,chembl_raw,chembl_raw,3,0.3,0.4,1306,0.3548,0.2044,2005.0
prospective_temporal,chembl_future_after_2005_future_only,extratrees_scalars,0,chembl_raw,chembl_raw,4,0.4,0.5,1611,0.447,0.2955,2005.0
prospective_temporal,chembl_future_after_2005_future_only,extratrees_scalars,0,chembl_raw,chembl_raw,5,0.5,0.6,798,0.5401,0.3872,2005.0
prospective_temporal,chembl_future_after_2005_future_only,extratrees_scalars,0,chembl_raw,chembl_raw,6,0.6,0.7,220,0.6401,0.4955,2005.0
prospective_temporal,chembl_future_after_2005_future_only,extratrees_scalars,0,chembl_raw,chembl_raw,7,0.7,0.8,61,0.7354,0.6066,2005.0
prospective_temporal,chembl_future_after_2005_future_only,extratrees_scalars,0,chembl_raw,chembl_raw,8,0.8,0.9,9,0.8632,0.7778,2005.0
prospective_temporal,chembl_future_after_2005_future_only,extratrees_scalars,0,chembl_raw,chembl_raw,9,0.9,1.0,19,0.9344,1.0,2005.0
prospective_temporal,chembl_future_after_2005_future_only,ecfp_absdiff_xgb,1,chembl_raw,chembl_raw,0,0.0,0.1,0,,,2005.0
prospective_temporal,chembl_future_after_2005_future_only,ecfp_absdiff_xgb,1,chembl_raw,chembl_raw,1,0.1,0.2,0,,,2005.0
prospective_temporal,chembl_future_after_2005_future_only,ecfp_absdiff_xgb,1,chembl_raw,chembl_raw,2,0.2,0.3,4,0.2964,0.0,2005.0
prospective_temporal,chembl_future_after_2005_future_only,ecfp_absdiff_xgb,1,chembl_raw,chembl_raw,3,0.3,0.4,314,0.3714,0.2611,2005.0
prospective_temporal,chembl_future_after_2005_future_only,ecfp_absdiff_xgb,1,chembl_raw,chembl_raw,4,0.4,0.5,1414,0.4671,0.2588,2005.0
prospective_temporal,chembl_future_after_2005_future_only,ecfp_absdiff_xgb,1,chembl_raw,chembl_raw,5,0.5,0.6,2764,0.5145,0.3169,2005.0
prospective_temporal,chembl_future_after_2005_future_only,ecfp_absdiff_xgb,1,chembl_raw,chembl_raw,6,0.6,0.7,7,0.6244,0.4286,2005.0
prospective_temporal,chembl_future_after_2005_future_only,ecfp_absdiff_xgb,1,chembl_raw,chembl_raw,7,0.7,0.8,0,,,2005.0
prospective_temporal,chembl_future_after_2005_future_only,ecfp_absdiff_xgb,1,chembl_raw,chembl_raw,8,0.8,0.9,0,,,2005.0
prospective_temporal,chembl_future_after_2005_future_only,ecfp_absdiff_xgb,1,chembl_raw,chembl_raw,9,0.9,1.0,0,,,2005.0
prospective_temporal,chembl_future_after_2005_future_only,rich_diff_scalars,1,chembl_raw,chembl_raw,0,0.0,0.1,0,,,2005.0
prospective_temporal,chembl_future_after_2005_future_only,rich_diff_scalars,1,chembl_raw,chembl_raw,1,0.1,0.2,0,,,2005.0
prospective_temporal,chembl_future_after_2005_future_only,rich_diff_scalars,1,chembl_raw,chembl_raw,2,0.2,0.3,14,0.283,0.1429,2005.0
prospective_temporal,chembl_future_after_2005_future_only,rich_diff_scalars,1,chembl_raw,chembl_raw,3,0.3,0.4,1218,0.38,0.2061,2005.0
prospective_temporal,chembl_future_after_2005_future_only,rich_diff_scalars,1,chembl_raw,chembl_raw,4,0.4,0.5,2333,0.4387,0.2846,2005.0
prospective_temporal,chembl_future_after_2005_future_only,rich_diff_scalars,1,chembl_raw,chembl_raw,5,0.5,0.6,738,0.5391,0.393,2005.0
prospective_temporal,chembl_future_after_2005_future_only,rich_diff_scalars,1,chembl_raw,chembl_raw,6,0.6,0.7,195,0.6332,0.6,2005.0
prospective_temporal,chembl_future_after_2005_future_only,rich_diff_scalars,1,chembl_raw,chembl_raw,7,0.7,0.8,5,0.7274,0.6,2005.0
prospective_temporal,chembl_future_after_2005_future_only,rich_diff_scalars,1,chembl_raw,chembl_raw,8,0.8,0.9,0,,,2005.0
prospective_temporal,chembl_future_after_2005_future_only,rich_diff_scalars,1,chembl_raw,chembl_raw,9,0.9,1.0,0,,,2005.0
prospective_temporal,chembl_future_after_2005_future_only,rich_scalars_only,1,chembl_raw,chembl_raw,0,0.0,0.1,0,,,2005.0
prospective_temporal,chembl_future_after_2005_future_only,rich_scalars_only,1,chembl_raw,chembl_raw,1,0.1,0.2,0,,,2005.0
prospective_temporal,chembl_future_after_2005_future_only,rich_scalars_only,1,chembl_raw,chembl_raw,2,0.2,0.3,0,,,2005.0
prospective_temporal,chembl_future_after_2005_future_only,rich_scalars_only,1,chembl_raw,chembl_raw,3,0.3,0.4,812,0.3812,0.2414,2005.0
prospective_temporal,chembl_future_after_2005_future_only,rich_scalars_only,1,chembl_raw,chembl_raw,4,0.4,0.5,2621,0.4395,0.2606,2005.0
prospective_temporal,chembl_future_after_2005_future_only,rich_scalars_only,1,chembl_raw,chembl_raw,5,0.5,0.6,831,0.5425,0.3803,2005.0
prospective_temporal,chembl_future_after_2005_future_only,rich_scalars_only,1,chembl_raw,chembl_raw,6,0.6,0.7,222,0.639,0.5495,2005.0
prospective_temporal,chembl_future_after_2005_future_only,rich_scalars_only,1,chembl_raw,chembl_raw,7,0.7,0.8,17,0.7124,0.5882,2005.0
prospective_temporal,chembl_future_after_2005_future_only,rich_scalars_only,1,chembl_raw,chembl_raw,8,0.8,0.9,0,,,2005.0
prospective_temporal,chembl_future_after_2005_future_only,rich_scalars_only,1,chembl_raw,chembl_raw,9,0.9,1.0,0,,,2005.0
prospective_temporal,chembl_future_after_2005_future_only,extratrees_scalars,1,chembl_raw,chembl_raw,0,0.0,0.1,3,0.0683,0.3333,2005.0
prospective_temporal,chembl_future_after_2005_future_only,extratrees_scalars,1,chembl_raw,chembl_raw,1,0.1,0.2,49,0.1609,0.1837,2005.0
prospective_temporal,chembl_future_after_2005_future_only,extratrees_scalars,1,chembl_raw,chembl_raw,2,0.2,0.3,355,0.2632,0.2225,2005.0
prospective_temporal,chembl_future_after_2005_future_only,extratrees_scalars,1,chembl_raw,chembl_raw,3,0.3,0.4,1273,0.3558,0.2231,2005.0
prospective_temporal,chembl_future_after_2005_future_only,extratrees_scalars,1,chembl_raw,chembl_raw,4,0.4,0.5,1624,0.4491,0.2722,2005.0
prospective_temporal,chembl_future_after_2005_future_only,extratrees_scalars,1,chembl_raw,chembl_raw,5,0.5,0.6,839,0.5416,0.3707,2005.0
prospective_temporal,chembl_future_after_2005_future_only,extratrees_scalars,1,chembl_raw,chembl_raw,6,0.6,0.7,279,0.6376,0.5054,2005.0
prospective_temporal,chembl_future_after_2005_future_only,extratrees_scalars,1,chembl_raw,chembl_raw,7,0.7,0.8,51,0.7321,0.6471,2005.0
prospective_temporal,chembl_future_after_2005_future_only,extratrees_scalars,1,chembl_raw,chembl_raw,8,0.8,0.9,11,0.8505,0.8182,2005.0
prospective_temporal,chembl_future_after_2005_future_only,extratrees_scalars,1,chembl_raw,chembl_raw,9,0.9,1.0,19,0.9442,0.9474,2005.0
prospective_temporal,chembl_future_after_2005_future_only,ecfp_absdiff_xgb,2,chembl_raw,chembl_raw,0,0.0,0.1,0,,,2005.0
prospective_temporal,chembl_future_after_2005_future_only,ecfp_absdiff_xgb,2,chembl_raw,chembl_raw,1,0.1,0.2,0,,,2005.0
prospective_temporal,chembl_future_after_2005_future_only,ecfp_absdiff_xgb,2,chembl_raw,chembl_raw,2,0.2,0.3,4,0.2927,0.0,2005.0
prospective_temporal,chembl_future_after_2005_future_only,ecfp_absdiff_xgb,2,chembl_raw,chembl_raw,3,0.3,0.4,310,0.3731,0.2548,2005.0
prospective_temporal,chembl_future_after_2005_future_only,ecfp_absdiff_xgb,2,chembl_raw,chembl_raw,4,0.4,0.5,1196,0.4614,0.2926,2005.0
prospective_temporal,chembl_future_after_2005_future_only,ecfp_absdiff_xgb,2,chembl_raw,chembl_raw,5,0.5,0.6,2980,0.5135,0.3003,2005.0
prospective_temporal,chembl_future_after_2005_future_only,ecfp_absdiff_xgb,2,chembl_raw,chembl_raw,6,0.6,0.7,13,0.624,0.2308,2005.0
prospective_temporal,chembl_future_after_2005_future_only,ecfp_absdiff_xgb,2,chembl_raw,chembl_raw,7,0.7,0.8,0,,,2005.0
prospective_temporal,chembl_future_after_2005_future_only,ecfp_absdiff_xgb,2,chembl_raw,chembl_raw,8,0.8,0.9,0,,,2005.0
prospective_temporal,chembl_future_after_2005_future_only,ecfp_absdiff_xgb,2,chembl_raw,chembl_raw,9,0.9,1.0,0,,,2005.0
prospective_temporal,chembl_future_after_2005_future_only,rich_diff_scalars,2,chembl_raw,chembl_raw,0,0.0,0.1,0,,,2005.0
prospective_temporal,chembl_future_after_2005_future_only,rich_diff_scalars,2,chembl_raw,chembl_raw,1,0.1,0.2,0,,,2005.0
prospective_temporal,chembl_future_after_2005_future_only,rich_diff_scalars,2,chembl_raw,chembl_raw,2,0.2,0.3,1,0.2995,0.0,2005.0
prospective_temporal,chembl_future_after_2005_future_only,rich_diff_scalars,2,chembl_raw,chembl_raw,3,0.3,0.4,1276,0.3793,0.2139,2005.0
prospective_temporal,chembl_future_after_2005_future_only,rich_diff_scalars,2,chembl_raw,chembl_raw,4,0.4,0.5,2365,0.4393,0.2841,2005.0
prospective_temporal,chembl_future_after_2005_future_only,rich_diff_scalars,2,chembl_raw,chembl_raw,5,0.5,0.6,656,0.539,0.3872,2005.0
prospective_temporal,chembl_future_after_2005_future_only,rich_diff_scalars,2,chembl_raw,chembl_raw,6,0.6,0.7,196,0.636,0.6276,2005.0
prospective_temporal,chembl_future_after_2005_future_only,rich_diff_scalars,2,chembl_raw,chembl_raw,7,0.7,0.8,9,0.714,0.5556,2005.0
prospective_temporal,chembl_future_after_2005_future_only,rich_diff_scalars,2,chembl_raw,chembl_raw,8,0.8,0.9,0,,,2005.0
prospective_temporal,chembl_future_after_2005_future_only,rich_diff_scalars,2,chembl_raw,chembl_raw,9,0.9,1.0,0,,,2005.0
prospective_temporal,chembl_future_after_2005_future_only,rich_scalars_only,2,chembl_raw,chembl_raw,0,0.0,0.1,0,,,2005.0
prospective_temporal,chembl_future_after_2005_future_only,rich_scalars_only,2,chembl_raw,chembl_raw,1,0.1,0.2,0,,,2005.0
prospective_temporal,chembl_future_after_2005_future_only,rich_scalars_only,2,chembl_raw,chembl_raw,2,0.2,0.3,0,,,2005.0
prospective_temporal,chembl_future_after_2005_future_only,rich_scalars_only,2,chembl_raw,chembl_raw,3,0.3,0.4,1046,0.3813,0.2075,2005.0
prospective_temporal,chembl_future_after_2005_future_only,rich_scalars_only,2,chembl_raw,chembl_raw,4,0.4,0.5,2429,0.4438,0.2705,2005.0
prospective_temporal,chembl_future_after_2005_future_only,rich_scalars_only,2,chembl_raw,chembl_raw,5,0.5,0.6,800,0.5424,0.4,2005.0
prospective_temporal,chembl_future_after_2005_future_only,rich_scalars_only,2,chembl_raw,chembl_raw,6,0.6,0.7,212,0.6383,0.5849,2005.0
prospective_temporal,chembl_future_after_2005_future_only,rich_scalars_only,2,chembl_raw,chembl_raw,7,0.7,0.8,16,0.727,0.5625,2005.0
prospective_temporal,chembl_future_after_2005_future_only,rich_scalars_only,2,chembl_raw,chembl_raw,8,0.8,0.9,0,,,2005.0
prospective_temporal,chembl_future_after_2005_future_only,rich_scalars_only,2,chembl_raw,chembl_raw,9,0.9,1.0,0,,,2005.0
prospective_temporal,chembl_future_after_2005_future_only,extratrees_scalars,2,chembl_raw,chembl_raw,0,0.0,0.1,5,0.084,0.4,2005.0
prospective_temporal,chembl_future_after_2005_future_only,extratrees_scalars,2,chembl_raw,chembl_raw,1,0.1,0.2,66,0.1726,0.1818,2005.0
prospective_temporal,chembl_future_after_2005_future_only,extratrees_scalars,2,chembl_raw,chembl_raw,2,0.2,0.3,449,0.2661,0.1893,2005.0
prospective_temporal,chembl_future_after_2005_future_only,extratrees_scalars,2,chembl_raw,chembl_raw,3,0.3,0.4,1357,0.3558,0.2203,2005.0
prospective_temporal,chembl_future_after_2005_future_only,extratrees_scalars,2,chembl_raw,chembl_raw,4,0.4,0.5,1513,0.447,0.2941,2005.0
prospective_temporal,chembl_future_after_2005_future_only,extratrees_scalars,2,chembl_raw,chembl_raw,5,0.5,0.6,770,0.5399,0.3883,2005.0
prospective_temporal,chembl_future_after_2005_future_only,extratrees_scalars,2,chembl_raw,chembl_raw,6,0.6,0.7,259,0.6391,0.4788,2005.0
prospective_temporal,chembl_future_after_2005_future_only,extratrees_scalars,2,chembl_raw,chembl_raw,7,0.7,0.8,57,0.7326,0.6316,2005.0
prospective_temporal,chembl_future_after_2005_future_only,extratrees_scalars,2,chembl_raw,chembl_raw,8,0.8,0.9,13,0.8628,0.8462,2005.0
prospective_temporal,chembl_future_after_2005_future_only,extratrees_scalars,2,chembl_raw,chembl_raw,9,0.9,1.0,14,0.9389,1.0,2005.0
prospective_temporal,chembl_future_after_2005_scaffold_source_purged,ecfp_absdiff_xgb,0,chembl_raw,chembl_raw,0,0.0,0.1,0,,,2005.0
prospective_temporal,chembl_future_after_2005_scaffold_source_purged,ecfp_absdiff_xgb,0,chembl_raw,chembl_raw,1,0.1,0.2,0,,,2005.0
prospective_temporal,chembl_future_after_2005_scaffold_source_purged,ecfp_absdiff_xgb,0,chembl_raw,chembl_raw,2,0.2,0.3,11,0.2946,0.0,2005.0
prospective_temporal,chembl_future_after_2005_scaffold_source_purged,ecfp_absdiff_xgb,0,chembl_raw,chembl_raw,3,0.3,0.4,494,0.3659,0.2773,2005.0
prospective_temporal,chembl_future_after_2005_scaffold_source_purged,ecfp_absdiff_xgb,0,chembl_raw,chembl_raw,4,0.4,0.5,3220,0.4864,0.3037,2005.0
prospective_temporal,chembl_future_after_2005_scaffold_source_purged,ecfp_absdiff_xgb,0,chembl_raw,chembl_raw,5,0.5,0.6,764,0.5399,0.2709,2005.0
prospective_temporal,chembl_future_after_2005_scaffold_source_purged,ecfp_absdiff_xgb,0,chembl_raw,chembl_raw,6,0.6,0.7,14,0.617,0.3571,2005.0
prospective_temporal,chembl_future_after_2005_scaffold_source_purged,ecfp_absdiff_xgb,0,chembl_raw,chembl_raw,7,0.7,0.8,0,,,2005.0
prospective_temporal,chembl_future_after_2005_scaffold_source_purged,ecfp_absdiff_xgb,0,chembl_raw,chembl_raw,8,0.8,0.9,0,,,2005.0
prospective_temporal,chembl_future_after_2005_scaffold_source_purged,ecfp_absdiff_xgb,0,chembl_raw,chembl_raw,9,0.9,1.0,0,,,2005.0
prospective_temporal,chembl_future_after_2005_scaffold_source_purged,rich_diff_scalars,0,chembl_raw,chembl_raw,0,0.0,0.1,0,,,2005.0
prospective_temporal,chembl_future_after_2005_scaffold_source_purged,rich_diff_scalars,0,chembl_raw,chembl_raw,1,0.1,0.2,0,,,2005.0
prospective_temporal,chembl_future_after_2005_scaffold_source_purged,rich_diff_scalars,0,chembl_raw,chembl_raw,2,0.2,0.3,14,0.2832,0.0714,2005.0
prospective_temporal,chembl_future_after_2005_scaffold_source_purged,rich_diff_scalars,0,chembl_raw,chembl_raw,3,0.3,0.4,647,0.3704,0.1484,2005.0
prospective_temporal,chembl_future_after_2005_scaffold_source_purged,rich_diff_scalars,0,chembl_raw,chembl_raw,4,0.4,0.5,2936,0.4522,0.2858,2005.0
prospective_temporal,chembl_future_after_2005_scaffold_source_purged,rich_diff_scalars,0,chembl_raw,chembl_raw,5,0.5,0.6,853,0.5299,0.4314,2005.0
prospective_temporal,chembl_future_after_2005_scaffold_source_purged,rich_diff_scalars,0,chembl_raw,chembl_raw,6,0.6,0.7,53,0.6274,0.434,2005.0
prospective_temporal,chembl_future_after_2005_scaffold_source_purged,rich_diff_scalars,0,chembl_raw,chembl_raw,7,0.7,0.8,0,,,2005.0
prospective_temporal,chembl_future_after_2005_scaffold_source_purged,rich_diff_scalars,0,chembl_raw,chembl_raw,8,0.8,0.9,0,,,2005.0
prospective_temporal,chembl_future_after_2005_scaffold_source_purged,rich_diff_scalars,0,chembl_raw,chembl_raw,9,0.9,1.0,0,,,2005.0
prospective_temporal,chembl_future_after_2005_scaffold_source_purged,rich_scalars_only,0,chembl_raw,chembl_raw,0,0.0,0.1,0,,,2005.0
prospective_temporal,chembl_future_after_2005_scaffold_source_purged,rich_scalars_only,0,chembl_raw,chembl_raw,1,0.1,0.2,0,,,2005.0
prospective_temporal,chembl_future_after_2005_scaffold_source_purged,rich_scalars_only,0,chembl_raw,chembl_raw,2,0.2,0.3,0,,,2005.0
prospective_temporal,chembl_future_after_2005_scaffold_source_purged,rich_scalars_only,0,chembl_raw,chembl_raw,3,0.3,0.4,434,0.3796,0.1083,2005.0
prospective_temporal,chembl_future_after_2005_scaffold_source_purged,rich_scalars_only,0,chembl_raw,chembl_raw,4,0.4,0.5,3067,0.4498,0.2948,2005.0
prospective_temporal,chembl_future_after_2005_scaffold_source_purged,rich_scalars_only,0,chembl_raw,chembl_raw,5,0.5,0.6,907,0.5371,0.3738,2005.0
prospective_temporal,chembl_future_after_2005_scaffold_source_purged,rich_scalars_only,0,chembl_raw,chembl_raw,6,0.6,0.7,87,0.6301,0.4138,2005.0
prospective_temporal,chembl_future_after_2005_scaffold_source_purged,rich_scalars_only,0,chembl_raw,chembl_raw,7,0.7,0.8,8,0.716,0.125,2005.0
prospective_temporal,chembl_future_after_2005_scaffold_source_purged,rich_scalars_only,0,chembl_raw,chembl_raw,8,0.8,0.9,0,,,2005.0
prospective_temporal,chembl_future_after_2005_scaffold_source_purged,rich_scalars_only,0,chembl_raw,chembl_raw,9,0.9,1.0,0,,,2005.0
prospective_temporal,chembl_future_after_2005_scaffold_source_purged,extratrees_scalars,0,chembl_raw,chembl_raw,0,0.0,0.1,1,0.0942,1.0,2005.0
prospective_temporal,chembl_future_after_2005_scaffold_source_purged,extratrees_scalars,0,chembl_raw,chembl_raw,1,0.1,0.2,29,0.1665,0.2414,2005.0
prospective_temporal,chembl_future_after_2005_scaffold_source_purged,extratrees_scalars,0,chembl_raw,chembl_raw,2,0.2,0.3,444,0.2657,0.2162,2005.0
prospective_temporal,chembl_future_after_2005_scaffold_source_purged,extratrees_scalars,0,chembl_raw,chembl_raw,3,0.3,0.4,1557,0.3545,0.228,2005.0
prospective_temporal,chembl_future_after_2005_scaffold_source_purged,extratrees_scalars,0,chembl_raw,chembl_raw,4,0.4,0.5,1549,0.4464,0.3138,2005.0
prospective_temporal,chembl_future_after_2005_scaffold_source_purged,extratrees_scalars,0,chembl_raw,chembl_raw,5,0.5,0.6,711,0.5449,0.4262,2005.0
prospective_temporal,chembl_future_after_2005_scaffold_source_purged,extratrees_scalars,0,chembl_raw,chembl_raw,6,0.6,0.7,182,0.6363,0.3956,2005.0
prospective_temporal,chembl_future_after_2005_scaffold_source_purged,extratrees_scalars,0,chembl_raw,chembl_raw,7,0.7,0.8,30,0.733,0.2333,2005.0
prospective_temporal,chembl_future_after_2005_scaffold_source_purged,extratrees_scalars,0,chembl_raw,chembl_raw,8,0.8,0.9,0,,,2005.0
prospective_temporal,chembl_future_after_2005_scaffold_source_purged,extratrees_scalars,0,chembl_raw,chembl_raw,9,0.9,1.0,0,,,2005.0
prospective_temporal,chembl_future_after_2005_scaffold_source_purged,ecfp_absdiff_xgb,1,chembl_raw,chembl_raw,0,0.0,0.1,0,,,2005.0
prospective_temporal,chembl_future_after_2005_scaffold_source_purged,ecfp_absdiff_xgb,1,chembl_raw,chembl_raw,1,0.1,0.2,0,,,2005.0
prospective_temporal,chembl_future_after_2005_scaffold_source_purged,ecfp_absdiff_xgb,1,chembl_raw,chembl_raw,2,0.2,0.3,8,0.2935,0.0,2005.0
prospective_temporal,chembl_future_after_2005_scaffold_source_purged,ecfp_absdiff_xgb,1,chembl_raw,chembl_raw,3,0.3,0.4,577,0.3698,0.2669,2005.0
prospective_temporal,chembl_future_after_2005_scaffold_source_purged,ecfp_absdiff_xgb,1,chembl_raw,chembl_raw,4,0.4,0.5,3143,0.4882,0.315,2005.0
prospective_temporal,chembl_future_after_2005_scaffold_source_purged,ecfp_absdiff_xgb,1,chembl_raw,chembl_raw,5,0.5,0.6,667,0.5305,0.2354,2005.0
prospective_temporal,chembl_future_after_2005_scaffold_source_purged,ecfp_absdiff_xgb,1,chembl_raw,chembl_raw,6,0.6,0.7,108,0.6155,0.2407,2005.0
prospective_temporal,chembl_future_after_2005_scaffold_source_purged,ecfp_absdiff_xgb,1,chembl_raw,chembl_raw,7,0.7,0.8,0,,,2005.0
prospective_temporal,chembl_future_after_2005_scaffold_source_purged,ecfp_absdiff_xgb,1,chembl_raw,chembl_raw,8,0.8,0.9,0,,,2005.0
prospective_temporal,chembl_future_after_2005_scaffold_source_purged,ecfp_absdiff_xgb,1,chembl_raw,chembl_raw,9,0.9,1.0,0,,,2005.0
prospective_temporal,chembl_future_after_2005_scaffold_source_purged,rich_diff_scalars,1,chembl_raw,chembl_raw,0,0.0,0.1,0,,,2005.0
prospective_temporal,chembl_future_after_2005_scaffold_source_purged,rich_diff_scalars,1,chembl_raw,chembl_raw,1,0.1,0.2,0,,,2005.0
prospective_temporal,chembl_future_after_2005_scaffold_source_purged,rich_diff_scalars,1,chembl_raw,chembl_raw,2,0.2,0.3,3,0.2926,0.0,2005.0
prospective_temporal,chembl_future_after_2005_scaffold_source_purged,rich_diff_scalars,1,chembl_raw,chembl_raw,3,0.3,0.4,540,0.3739,0.1722,2005.0
prospective_temporal,chembl_future_after_2005_scaffold_source_purged,rich_diff_scalars,1,chembl_raw,chembl_raw,4,0.4,0.5,3101,0.4513,0.2822,2005.0
prospective_temporal,chembl_future_after_2005_scaffold_source_purged,rich_diff_scalars,1,chembl_raw,chembl_raw,5,0.5,0.6,786,0.5314,0.4186,2005.0
prospective_temporal,chembl_future_after_2005_scaffold_source_purged,rich_diff_scalars,1,chembl_raw,chembl_raw,6,0.6,0.7,71,0.624,0.4225,2005.0
prospective_temporal,chembl_future_after_2005_scaffold_source_purged,rich_diff_scalars,1,chembl_raw,chembl_raw,7,0.7,0.8,2,0.7104,0.0,2005.0
prospective_temporal,chembl_future_after_2005_scaffold_source_purged,rich_diff_scalars,1,chembl_raw,chembl_raw,8,0.8,0.9,0,,,2005.0
prospective_temporal,chembl_future_after_2005_scaffold_source_purged,rich_diff_scalars,1,chembl_raw,chembl_raw,9,0.9,1.0,0,,,2005.0
prospective_temporal,chembl_future_after_2005_scaffold_source_purged,rich_scalars_only,1,chembl_raw,chembl_raw,0,0.0,0.1,0,,,2005.0
prospective_temporal,chembl_future_after_2005_scaffold_source_purged,rich_scalars_only,1,chembl_raw,chembl_raw,1,0.1,0.2,0,,,2005.0
prospective_temporal,chembl_future_after_2005_scaffold_source_purged,rich_scalars_only,1,chembl_raw,chembl_raw,2,0.2,0.3,0,,,2005.0
prospective_temporal,chembl_future_after_2005_scaffold_source_purged,rich_scalars_only,1,chembl_raw,chembl_raw,3,0.3,0.4,339,0.3787,0.1003,2005.0
prospective_temporal,chembl_future_after_2005_scaffold_source_purged,rich_scalars_only,1,chembl_raw,chembl_raw,4,0.4,0.5,3174,0.4519,0.2861,2005.0
prospective_temporal,chembl_future_after_2005_scaffold_source_purged,rich_scalars_only,1,chembl_raw,chembl_raw,5,0.5,0.6,851,0.5333,0.3854,2005.0
prospective_temporal,chembl_future_after_2005_scaffold_source_purged,rich_scalars_only,1,chembl_raw,chembl_raw,6,0.6,0.7,130,0.6318,0.4231,2005.0
prospective_temporal,chembl_future_after_2005_scaffold_source_purged,rich_scalars_only,1,chembl_raw,chembl_raw,7,0.7,0.8,9,0.7212,0.2222,2005.0
prospective_temporal,chembl_future_after_2005_scaffold_source_purged,rich_scalars_only,1,chembl_raw,chembl_raw,8,0.8,0.9,0,,,2005.0
prospective_temporal,chembl_future_after_2005_scaffold_source_purged,rich_scalars_only,1,chembl_raw,chembl_raw,9,0.9,1.0,0,,,2005.0
prospective_temporal,chembl_future_after_2005_scaffold_source_purged,extratrees_scalars,1,chembl_raw,chembl_raw,0,0.0,0.1,5,0.089,0.4,2005.0
prospective_temporal,chembl_future_after_2005_scaffold_source_purged,extratrees_scalars,1,chembl_raw,chembl_raw,1,0.1,0.2,28,0.1607,0.0714,2005.0
prospective_temporal,chembl_future_after_2005_scaffold_source_purged,extratrees_scalars,1,chembl_raw,chembl_raw,2,0.2,0.3,424,0.2651,0.2052,2005.0
prospective_temporal,chembl_future_after_2005_scaffold_source_purged,extratrees_scalars,1,chembl_raw,chembl_raw,3,0.3,0.4,1430,0.356,0.2413,2005.0
prospective_temporal,chembl_future_after_2005_scaffold_source_purged,extratrees_scalars,1,chembl_raw,chembl_raw,4,0.4,0.5,1585,0.4459,0.3091,2005.0
prospective_temporal,chembl_future_after_2005_scaffold_source_purged,extratrees_scalars,1,chembl_raw,chembl_raw,5,0.5,0.6,804,0.5401,0.3781,2005.0
prospective_temporal,chembl_future_after_2005_scaffold_source_purged,extratrees_scalars,1,chembl_raw,chembl_raw,6,0.6,0.7,189,0.6335,0.418,2005.0
prospective_temporal,chembl_future_after_2005_scaffold_source_purged,extratrees_scalars,1,chembl_raw,chembl_raw,7,0.7,0.8,38,0.7377,0.4737,2005.0
prospective_temporal,chembl_future_after_2005_scaffold_source_purged,extratrees_scalars,1,chembl_raw,chembl_raw,8,0.8,0.9,0,,,2005.0
prospective_temporal,chembl_future_after_2005_scaffold_source_purged,extratrees_scalars,1,chembl_raw,chembl_raw,9,0.9,1.0,0,,,2005.0
prospective_temporal,chembl_future_after_2005_scaffold_source_purged,ecfp_absdiff_xgb,2,chembl_raw,chembl_raw,0,0.0,0.1,0,,,2005.0
prospective_temporal,chembl_future_after_2005_scaffold_source_purged,ecfp_absdiff_xgb,2,chembl_raw,chembl_raw,1,0.1,0.2,0,,,2005.0
prospective_temporal,chembl_future_after_2005_scaffold_source_purged,ecfp_absdiff_xgb,2,chembl_raw,chembl_raw,2,0.2,0.3,19,0.2893,0.0526,2005.0
prospective_temporal,chembl_future_after_2005_scaffold_source_purged,ecfp_absdiff_xgb,2,chembl_raw,chembl_raw,3,0.3,0.4,579,0.3728,0.2712,2005.0
prospective_temporal,chembl_future_after_2005_scaffold_source_purged,ecfp_absdiff_xgb,2,chembl_raw,chembl_raw,4,0.4,0.5,3235,0.4898,0.3002,2005.0
prospective_temporal,chembl_future_after_2005_scaffold_source_purged,ecfp_absdiff_xgb,2,chembl_raw,chembl_raw,5,0.5,0.6,582,0.5369,0.3007,2005.0
prospective_temporal,chembl_future_after_2005_scaffold_source_purged,ecfp_absdiff_xgb,2,chembl_raw,chembl_raw,6,0.6,0.7,88,0.605,0.2614,2005.0
prospective_temporal,chembl_future_after_2005_scaffold_source_purged,ecfp_absdiff_xgb,2,chembl_raw,chembl_raw,7,0.7,0.8,0,,,2005.0
prospective_temporal,chembl_future_after_2005_scaffold_source_purged,ecfp_absdiff_xgb,2,chembl_raw,chembl_raw,8,0.8,0.9,0,,,2005.0
prospective_temporal,chembl_future_after_2005_scaffold_source_purged,ecfp_absdiff_xgb,2,chembl_raw,chembl_raw,9,0.9,1.0,0,,,2005.0
prospective_temporal,chembl_future_after_2005_scaffold_source_purged,rich_diff_scalars,2,chembl_raw,chembl_raw,0,0.0,0.1,0,,,2005.0
prospective_temporal,chembl_future_after_2005_scaffold_source_purged,rich_diff_scalars,2,chembl_raw,chembl_raw,1,0.1,0.2,0,,,2005.0
prospective_temporal,chembl_future_after_2005_scaffold_source_purged,rich_diff_scalars,2,chembl_raw,chembl_raw,2,0.2,0.3,6,0.2779,0.0,2005.0
prospective_temporal,chembl_future_after_2005_scaffold_source_purged,rich_diff_scalars,2,chembl_raw,chembl_raw,3,0.3,0.4,532,0.3709,0.1635,2005.0
prospective_temporal,chembl_future_after_2005_scaffold_source_purged,rich_diff_scalars,2,chembl_raw,chembl_raw,4,0.4,0.5,3022,0.4524,0.2823,2005.0
prospective_temporal,chembl_future_after_2005_scaffold_source_purged,rich_diff_scalars,2,chembl_raw,chembl_raw,5,0.5,0.6,863,0.5292,0.4114,2005.0
prospective_temporal,chembl_future_after_2005_scaffold_source_purged,rich_diff_scalars,2,chembl_raw,chembl_raw,6,0.6,0.7,77,0.6234,0.4156,2005.0
prospective_temporal,chembl_future_after_2005_scaffold_source_purged,rich_diff_scalars,2,chembl_raw,chembl_raw,7,0.7,0.8,3,0.7128,0.0,2005.0
prospective_temporal,chembl_future_after_2005_scaffold_source_purged,rich_diff_scalars,2,chembl_raw,chembl_raw,8,0.8,0.9,0,,,2005.0
prospective_temporal,chembl_future_after_2005_scaffold_source_purged,rich_diff_scalars,2,chembl_raw,chembl_raw,9,0.9,1.0,0,,,2005.0
prospective_temporal,chembl_future_after_2005_scaffold_source_purged,rich_scalars_only,2,chembl_raw,chembl_raw,0,0.0,0.1,0,,,2005.0
prospective_temporal,chembl_future_after_2005_scaffold_source_purged,rich_scalars_only,2,chembl_raw,chembl_raw,1,0.1,0.2,0,,,2005.0
prospective_temporal,chembl_future_after_2005_scaffold_source_purged,rich_scalars_only,2,chembl_raw,chembl_raw,2,0.2,0.3,0,,,2005.0
prospective_temporal,chembl_future_after_2005_scaffold_source_purged,rich_scalars_only,2,chembl_raw,chembl_raw,3,0.3,0.4,441,0.3792,0.1156,2005.0
prospective_temporal,chembl_future_after_2005_scaffold_source_purged,rich_scalars_only,2,chembl_raw,chembl_raw,4,0.4,0.5,3141,0.451,0.2865,2005.0
prospective_temporal,chembl_future_after_2005_scaffold_source_purged,rich_scalars_only,2,chembl_raw,chembl_raw,5,0.5,0.6,777,0.5365,0.4028,2005.0
prospective_temporal,chembl_future_after_2005_scaffold_source_purged,rich_scalars_only,2,chembl_raw,chembl_raw,6,0.6,0.7,140,0.6345,0.45,2005.0
prospective_temporal,chembl_future_after_2005_scaffold_source_purged,rich_scalars_only,2,chembl_raw,chembl_raw,7,0.7,0.8,4,0.7313,0.0,2005.0
prospective_temporal,chembl_future_after_2005_scaffold_source_purged,rich_scalars_only,2,chembl_raw,chembl_raw,8,0.8,0.9,0,,,2005.0
prospective_temporal,chembl_future_after_2005_scaffold_source_purged,rich_scalars_only,2,chembl_raw,chembl_raw,9,0.9,1.0,0,,,2005.0
prospective_temporal,chembl_future_after_2005_scaffold_source_purged,extratrees_scalars,2,chembl_raw,chembl_raw,0,0.0,0.1,5,0.0709,0.2,2005.0
prospective_temporal,chembl_future_after_2005_scaffold_source_purged,extratrees_scalars,2,chembl_raw,chembl_raw,1,0.1,0.2,46,0.1651,0.1957,2005.0
prospective_temporal,chembl_future_after_2005_scaffold_source_purged,extratrees_scalars,2,chembl_raw,chembl_raw,2,0.2,0.3,396,0.2703,0.1919,2005.0
prospective_temporal,chembl_future_after_2005_scaffold_source_purged,extratrees_scalars,2,chembl_raw,chembl_raw,3,0.3,0.4,1447,0.3556,0.235,2005.0
prospective_temporal,chembl_future_after_2005_scaffold_source_purged,extratrees_scalars,2,chembl_raw,chembl_raw,4,0.4,0.5,1630,0.4473,0.3012,2005.0
prospective_temporal,chembl_future_after_2005_scaffold_source_purged,extratrees_scalars,2,chembl_raw,chembl_raw,5,0.5,0.6,738,0.5411,0.4173,2005.0
prospective_temporal,chembl_future_after_2005_scaffold_source_purged,extratrees_scalars,2,chembl_raw,chembl_raw,6,0.6,0.7,218,0.6371,0.4266,2005.0
prospective_temporal,chembl_future_after_2005_scaffold_source_purged,extratrees_scalars,2,chembl_raw,chembl_raw,7,0.7,0.8,23,0.7271,0.3913,2005.0
prospective_temporal,chembl_future_after_2005_scaffold_source_purged,extratrees_scalars,2,chembl_raw,chembl_raw,8,0.8,0.9,0,,,2005.0
prospective_temporal,chembl_future_after_2005_scaffold_source_purged,extratrees_scalars,2,chembl_raw,chembl_raw,9,0.9,1.0,0,,,2005.0
prospective_temporal,chembl_future_after_2010_future_only,ecfp_absdiff_xgb,0,chembl_raw,chembl_raw,0,0.0,0.1,0,,,2010.0
prospective_temporal,chembl_future_after_2010_future_only,ecfp_absdiff_xgb,0,chembl_raw,chembl_raw,1,0.1,0.2,0,,,2010.0
prospective_temporal,chembl_future_after_2010_future_only,ecfp_absdiff_xgb,0,chembl_raw,chembl_raw,2,0.2,0.3,0,,,2010.0
prospective_temporal,chembl_future_after_2010_future_only,ecfp_absdiff_xgb,0,chembl_raw,chembl_raw,3,0.3,0.4,57,0.3835,0.2105,2010.0
prospective_temporal,chembl_future_after_2010_future_only,ecfp_absdiff_xgb,0,chembl_raw,chembl_raw,4,0.4,0.5,604,0.4546,0.2533,2010.0
prospective_temporal,chembl_future_after_2010_future_only,ecfp_absdiff_xgb,0,chembl_raw,chembl_raw,5,0.5,0.6,1555,0.5184,0.2682,2010.0
prospective_temporal,chembl_future_after_2010_future_only,ecfp_absdiff_xgb,0,chembl_raw,chembl_raw,6,0.6,0.7,18,0.6173,0.6667,2010.0
prospective_temporal,chembl_future_after_2010_future_only,ecfp_absdiff_xgb,0,chembl_raw,chembl_raw,7,0.7,0.8,0,,,2010.0
prospective_temporal,chembl_future_after_2010_future_only,ecfp_absdiff_xgb,0,chembl_raw,chembl_raw,8,0.8,0.9,0,,,2010.0
prospective_temporal,chembl_future_after_2010_future_only,ecfp_absdiff_xgb,0,chembl_raw,chembl_raw,9,0.9,1.0,0,,,2010.0
prospective_temporal,chembl_future_after_2010_future_only,rich_diff_scalars,0,chembl_raw,chembl_raw,0,0.0,0.1,0,,,2010.0
prospective_temporal,chembl_future_after_2010_future_only,rich_diff_scalars,0,chembl_raw,chembl_raw,1,0.1,0.2,0,,,2010.0
prospective_temporal,chembl_future_after_2010_future_only,rich_diff_scalars,0,chembl_raw,chembl_raw,2,0.2,0.3,0,,,2010.0
prospective_temporal,chembl_future_after_2010_future_only,rich_diff_scalars,0,chembl_raw,chembl_raw,3,0.3,0.4,343,0.3783,0.1458,2010.0
prospective_temporal,chembl_future_after_2010_future_only,rich_diff_scalars,0,chembl_raw,chembl_raw,4,0.4,0.5,1566,0.4452,0.2663,2010.0
prospective_temporal,chembl_future_after_2010_future_only,rich_diff_scalars,0,chembl_raw,chembl_raw,5,0.5,0.6,313,0.5308,0.3994,2010.0
prospective_temporal,chembl_future_after_2010_future_only,rich_diff_scalars,0,chembl_raw,chembl_raw,6,0.6,0.7,12,0.6171,0.1667,2010.0
prospective_temporal,chembl_future_after_2010_future_only,rich_diff_scalars,0,chembl_raw,chembl_raw,7,0.7,0.8,0,,,2010.0
prospective_temporal,chembl_future_after_2010_future_only,rich_diff_scalars,0,chembl_raw,chembl_raw,8,0.8,0.9,0,,,2010.0
prospective_temporal,chembl_future_after_2010_future_only,rich_diff_scalars,0,chembl_raw,chembl_raw,9,0.9,1.0,0,,,2010.0
prospective_temporal,chembl_future_after_2010_future_only,rich_scalars_only,0,chembl_raw,chembl_raw,0,0.0,0.1,0,,,2010.0
prospective_temporal,chembl_future_after_2010_future_only,rich_scalars_only,0,chembl_raw,chembl_raw,1,0.1,0.2,0,,,2010.0
prospective_temporal,chembl_future_after_2010_future_only,rich_scalars_only,0,chembl_raw,chembl_raw,2,0.2,0.3,0,,,2010.0
prospective_temporal,chembl_future_after_2010_future_only,rich_scalars_only,0,chembl_raw,chembl_raw,3,0.3,0.4,345,0.3756,0.1536,2010.0
prospective_temporal,chembl_future_after_2010_future_only,rich_scalars_only,0,chembl_raw,chembl_raw,4,0.4,0.5,1515,0.444,0.2607,2010.0
prospective_temporal,chembl_future_after_2010_future_only,rich_scalars_only,0,chembl_raw,chembl_raw,5,0.5,0.6,345,0.5346,0.3971,2010.0
prospective_temporal,chembl_future_after_2010_future_only,rich_scalars_only,0,chembl_raw,chembl_raw,6,0.6,0.7,28,0.6355,0.3214,2010.0
prospective_temporal,chembl_future_after_2010_future_only,rich_scalars_only,0,chembl_raw,chembl_raw,7,0.7,0.8,1,0.713,0.0,2010.0
prospective_temporal,chembl_future_after_2010_future_only,rich_scalars_only,0,chembl_raw,chembl_raw,8,0.8,0.9,0,,,2010.0
prospective_temporal,chembl_future_after_2010_future_only,rich_scalars_only,0,chembl_raw,chembl_raw,9,0.9,1.0,0,,,2010.0
prospective_temporal,chembl_future_after_2010_future_only,extratrees_scalars,0,chembl_raw,chembl_raw,0,0.0,0.1,0,,,2010.0
prospective_temporal,chembl_future_after_2010_future_only,extratrees_scalars,0,chembl_raw,chembl_raw,1,0.1,0.2,23,0.1836,0.1304,2010.0
prospective_temporal,chembl_future_after_2010_future_only,extratrees_scalars,0,chembl_raw,chembl_raw,2,0.2,0.3,256,0.266,0.2656,2010.0
prospective_temporal,chembl_future_after_2010_future_only,extratrees_scalars,0,chembl_raw,chembl_raw,3,0.3,0.4,755,0.3541,0.2344,2010.0
prospective_temporal,chembl_future_after_2010_future_only,extratrees_scalars,0,chembl_raw,chembl_raw,4,0.4,0.5,765,0.4459,0.2588,2010.0
prospective_temporal,chembl_future_after_2010_future_only,extratrees_scalars,0,chembl_raw,chembl_raw,5,0.5,0.6,342,0.5401,0.348,2010.0
prospective_temporal,chembl_future_after_2010_future_only,extratrees_scalars,0,chembl_raw,chembl_raw,6,0.6,0.7,79,0.6409,0.3291,2010.0
prospective_temporal,chembl_future_after_2010_future_only,extratrees_scalars,0,chembl_raw,chembl_raw,7,0.7,0.8,14,0.719,0.2143,2010.0
prospective_temporal,chembl_future_after_2010_future_only,extratrees_scalars,0,chembl_raw,chembl_raw,8,0.8,0.9,0,,,2010.0
prospective_temporal,chembl_future_after_2010_future_only,extratrees_scalars,0,chembl_raw,chembl_raw,9,0.9,1.0,0,,,2010.0
prospective_temporal,chembl_future_after_2010_future_only,ecfp_absdiff_xgb,1,chembl_raw,chembl_raw,0,0.0,0.1,0,,,2010.0
prospective_temporal,chembl_future_after_2010_future_only,ecfp_absdiff_xgb,1,chembl_raw,chembl_raw,1,0.1,0.2,0,,,2010.0
prospective_temporal,chembl_future_after_2010_future_only,ecfp_absdiff_xgb,1,chembl_raw,chembl_raw,2,0.2,0.3,0,,,2010.0
prospective_temporal,chembl_future_after_2010_future_only,ecfp_absdiff_xgb,1,chembl_raw,chembl_raw,3,0.3,0.4,72,0.3805,0.2361,2010.0
prospective_temporal,chembl_future_after_2010_future_only,ecfp_absdiff_xgb,1,chembl_raw,chembl_raw,4,0.4,0.5,589,0.4539,0.2598,2010.0
prospective_temporal,chembl_future_after_2010_future_only,ecfp_absdiff_xgb,1,chembl_raw,chembl_raw,5,0.5,0.6,1564,0.5192,0.2679,2010.0
prospective_temporal,chembl_future_after_2010_future_only,ecfp_absdiff_xgb,1,chembl_raw,chembl_raw,6,0.6,0.7,9,0.6236,0.5556,2010.0
prospective_temporal,chembl_future_after_2010_future_only,ecfp_absdiff_xgb,1,chembl_raw,chembl_raw,7,0.7,0.8,0,,,2010.0
prospective_temporal,chembl_future_after_2010_future_only,ecfp_absdiff_xgb,1,chembl_raw,chembl_raw,8,0.8,0.9,0,,,2010.0
prospective_temporal,chembl_future_after_2010_future_only,ecfp_absdiff_xgb,1,chembl_raw,chembl_raw,9,0.9,1.0,0,,,2010.0
prospective_temporal,chembl_future_after_2010_future_only,rich_diff_scalars,1,chembl_raw,chembl_raw,0,0.0,0.1,0,,,2010.0
prospective_temporal,chembl_future_after_2010_future_only,rich_diff_scalars,1,chembl_raw,chembl_raw,1,0.1,0.2,0,,,2010.0
prospective_temporal,chembl_future_after_2010_future_only,rich_diff_scalars,1,chembl_raw,chembl_raw,2,0.2,0.3,0,,,2010.0
prospective_temporal,chembl_future_after_2010_future_only,rich_diff_scalars,1,chembl_raw,chembl_raw,3,0.3,0.4,323,0.3778,0.1981,2010.0
prospective_temporal,chembl_future_after_2010_future_only,rich_diff_scalars,1,chembl_raw,chembl_raw,4,0.4,0.5,1629,0.4457,0.2615,2010.0
prospective_temporal,chembl_future_after_2010_future_only,rich_diff_scalars,1,chembl_raw,chembl_raw,5,0.5,0.6,278,0.5309,0.3669,2010.0
prospective_temporal,chembl_future_after_2010_future_only,rich_diff_scalars,1,chembl_raw,chembl_raw,6,0.6,0.7,4,0.6314,0.5,2010.0
prospective_temporal,chembl_future_after_2010_future_only,rich_diff_scalars,1,chembl_raw,chembl_raw,7,0.7,0.8,0,,,2010.0
prospective_temporal,chembl_future_after_2010_future_only,rich_diff_scalars,1,chembl_raw,chembl_raw,8,0.8,0.9,0,,,2010.0
prospective_temporal,chembl_future_after_2010_future_only,rich_diff_scalars,1,chembl_raw,chembl_raw,9,0.9,1.0,0,,,2010.0
prospective_temporal,chembl_future_after_2010_future_only,rich_scalars_only,1,chembl_raw,chembl_raw,0,0.0,0.1,0,,,2010.0
prospective_temporal,chembl_future_after_2010_future_only,rich_scalars_only,1,chembl_raw,chembl_raw,1,0.1,0.2,0,,,2010.0
prospective_temporal,chembl_future_after_2010_future_only,rich_scalars_only,1,chembl_raw,chembl_raw,2,0.2,0.3,1,0.2985,0.0,2010.0
prospective_temporal,chembl_future_after_2010_future_only,rich_scalars_only,1,chembl_raw,chembl_raw,3,0.3,0.4,413,0.3724,0.1792,2010.0
prospective_temporal,chembl_future_after_2010_future_only,rich_scalars_only,1,chembl_raw,chembl_raw,4,0.4,0.5,1516,0.4458,0.2632,2010.0
prospective_temporal,chembl_future_after_2010_future_only,rich_scalars_only,1,chembl_raw,chembl_raw,5,0.5,0.6,256,0.5373,0.4062,2010.0
prospective_temporal,chembl_future_after_2010_future_only,rich_scalars_only,1,chembl_raw,chembl_raw,6,0.6,0.7,46,0.6386,0.3478,2010.0
prospective_temporal,chembl_future_after_2010_future_only,rich_scalars_only,1,chembl_raw,chembl_raw,7,0.7,0.8,2,0.7141,0.5,2010.0
prospective_temporal,chembl_future_after_2010_future_only,rich_scalars_only,1,chembl_raw,chembl_raw,8,0.8,0.9,0,,,2010.0
prospective_temporal,chembl_future_after_2010_future_only,rich_scalars_only,1,chembl_raw,chembl_raw,9,0.9,1.0,0,,,2010.0
prospective_temporal,chembl_future_after_2010_future_only,extratrees_scalars,1,chembl_raw,chembl_raw,0,0.0,0.1,0,,,2010.0
prospective_temporal,chembl_future_after_2010_future_only,extratrees_scalars,1,chembl_raw,chembl_raw,1,0.1,0.2,14,0.1792,0.1429,2010.0
prospective_temporal,chembl_future_after_2010_future_only,extratrees_scalars,1,chembl_raw,chembl_raw,2,0.2,0.3,258,0.2639,0.1938,2010.0
prospective_temporal,chembl_future_after_2010_future_only,extratrees_scalars,1,chembl_raw,chembl_raw,3,0.3,0.4,802,0.3536,0.2107,2010.0
prospective_temporal,chembl_future_after_2010_future_only,extratrees_scalars,1,chembl_raw,chembl_raw,4,0.4,0.5,762,0.446,0.2743,2010.0
prospective_temporal,chembl_future_after_2010_future_only,extratrees_scalars,1,chembl_raw,chembl_raw,5,0.5,0.6,326,0.5418,0.4294,2010.0
prospective_temporal,chembl_future_after_2010_future_only,extratrees_scalars,1,chembl_raw,chembl_raw,6,0.6,0.7,61,0.6376,0.2951,2010.0
prospective_temporal,chembl_future_after_2010_future_only,extratrees_scalars,1,chembl_raw,chembl_raw,7,0.7,0.8,11,0.7399,0.5455,2010.0
prospective_temporal,chembl_future_after_2010_future_only,extratrees_scalars,1,chembl_raw,chembl_raw,8,0.8,0.9,0,,,2010.0
prospective_temporal,chembl_future_after_2010_future_only,extratrees_scalars,1,chembl_raw,chembl_raw,9,0.9,1.0,0,,,2010.0
prospective_temporal,chembl_future_after_2010_future_only,ecfp_absdiff_xgb,2,chembl_raw,chembl_raw,0,0.0,0.1,0,,,2010.0
prospective_temporal,chembl_future_after_2010_future_only,ecfp_absdiff_xgb,2,chembl_raw,chembl_raw,1,0.1,0.2,0,,,2010.0
prospective_temporal,chembl_future_after_2010_future_only,ecfp_absdiff_xgb,2,chembl_raw,chembl_raw,2,0.2,0.3,0,,,2010.0
prospective_temporal,chembl_future_after_2010_future_only,ecfp_absdiff_xgb,2,chembl_raw,chembl_raw,3,0.3,0.4,62,0.3808,0.2581,2010.0
prospective_temporal,chembl_future_after_2010_future_only,ecfp_absdiff_xgb,2,chembl_raw,chembl_raw,4,0.4,0.5,695,0.4608,0.2432,2010.0
prospective_temporal,chembl_future_after_2010_future_only,ecfp_absdiff_xgb,2,chembl_raw,chembl_raw,5,0.5,0.6,1471,0.5173,0.276,2010.0
prospective_temporal,chembl_future_after_2010_future_only,ecfp_absdiff_xgb,2,chembl_raw,chembl_raw,6,0.6,0.7,6,0.612,0.5,2010.0
prospective_temporal,chembl_future_after_2010_future_only,ecfp_absdiff_xgb,2,chembl_raw,chembl_raw,7,0.7,0.8,0,,,2010.0
prospective_temporal,chembl_future_after_2010_future_only,ecfp_absdiff_xgb,2,chembl_raw,chembl_raw,8,0.8,0.9,0,,,2010.0
prospective_temporal,chembl_future_after_2010_future_only,ecfp_absdiff_xgb,2,chembl_raw,chembl_raw,9,0.9,1.0,0,,,2010.0
prospective_temporal,chembl_future_after_2010_future_only,rich_diff_scalars,2,chembl_raw,chembl_raw,0,0.0,0.1,0,,,2010.0
prospective_temporal,chembl_future_after_2010_future_only,rich_diff_scalars,2,chembl_raw,chembl_raw,1,0.1,0.2,0,,,2010.0
prospective_temporal,chembl_future_after_2010_future_only,rich_diff_scalars,2,chembl_raw,chembl_raw,2,0.2,0.3,0,,,2010.0
prospective_temporal,chembl_future_after_2010_future_only,rich_diff_scalars,2,chembl_raw,chembl_raw,3,0.3,0.4,300,0.375,0.1667,2010.0
prospective_temporal,chembl_future_after_2010_future_only,rich_diff_scalars,2,chembl_raw,chembl_raw,4,0.4,0.5,1649,0.4463,0.2608,2010.0
prospective_temporal,chembl_future_after_2010_future_only,rich_diff_scalars,2,chembl_raw,chembl_raw,5,0.5,0.6,282,0.5276,0.4007,2010.0
prospective_temporal,chembl_future_after_2010_future_only,rich_diff_scalars,2,chembl_raw,chembl_raw,6,0.6,0.7,3,0.6273,0.3333,2010.0
prospective_temporal,chembl_future_after_2010_future_only,rich_diff_scalars,2,chembl_raw,chembl_raw,7,0.7,0.8,0,,,2010.0
prospective_temporal,chembl_future_after_2010_future_only,rich_diff_scalars,2,chembl_raw,chembl_raw,8,0.8,0.9,0,,,2010.0
prospective_temporal,chembl_future_after_2010_future_only,rich_diff_scalars,2,chembl_raw,chembl_raw,9,0.9,1.0,0,,,2010.0
prospective_temporal,chembl_future_after_2010_future_only,rich_scalars_only,2,chembl_raw,chembl_raw,0,0.0,0.1,0,,,2010.0
prospective_temporal,chembl_future_after_2010_future_only,rich_scalars_only,2,chembl_raw,chembl_raw,1,0.1,0.2,0,,,2010.0
prospective_temporal,chembl_future_after_2010_future_only,rich_scalars_only,2,chembl_raw,chembl_raw,2,0.2,0.3,0,,,2010.0
prospective_temporal,chembl_future_after_2010_future_only,rich_scalars_only,2,chembl_raw,chembl_raw,3,0.3,0.4,455,0.368,0.1582,2010.0
prospective_temporal,chembl_future_after_2010_future_only,rich_scalars_only,2,chembl_raw,chembl_raw,4,0.4,0.5,1434,0.4501,0.2671,2010.0
prospective_temporal,chembl_future_after_2010_future_only,rich_scalars_only,2,chembl_raw,chembl_raw,5,0.5,0.6,309,0.5344,0.4078,2010.0
prospective_temporal,chembl_future_after_2010_future_only,rich_scalars_only,2,chembl_raw,chembl_raw,6,0.6,0.7,34,0.6271,0.3824,2010.0
prospective_temporal,chembl_future_after_2010_future_only,rich_scalars_only,2,chembl_raw,chembl_raw,7,0.7,0.8,2,0.7185,0.0,2010.0
prospective_temporal,chembl_future_after_2010_future_only,rich_scalars_only,2,chembl_raw,chembl_raw,8,0.8,0.9,0,,,2010.0
prospective_temporal,chembl_future_after_2010_future_only,rich_scalars_only,2,chembl_raw,chembl_raw,9,0.9,1.0,0,,,2010.0
prospective_temporal,chembl_future_after_2010_future_only,extratrees_scalars,2,chembl_raw,chembl_raw,0,0.0,0.1,1,0.0871,0.0,2010.0
prospective_temporal,chembl_future_after_2010_future_only,extratrees_scalars,2,chembl_raw,chembl_raw,1,0.1,0.2,14,0.183,0.1429,2010.0
prospective_temporal,chembl_future_after_2010_future_only,extratrees_scalars,2,chembl_raw,chembl_raw,2,0.2,0.3,258,0.2621,0.2287,2010.0
prospective_temporal,chembl_future_after_2010_future_only,extratrees_scalars,2,chembl_raw,chembl_raw,3,0.3,0.4,779,0.3553,0.2208,2010.0
prospective_temporal,chembl_future_after_2010_future_only,extratrees_scalars,2,chembl_raw,chembl_raw,4,0.4,0.5,763,0.4439,0.2752,2010.0
prospective_temporal,chembl_future_after_2010_future_only,extratrees_scalars,2,chembl_raw,chembl_raw,5,0.5,0.6,317,0.5403,0.3533,2010.0
prospective_temporal,chembl_future_after_2010_future_only,extratrees_scalars,2,chembl_raw,chembl_raw,6,0.6,0.7,82,0.6413,0.4146,2010.0
prospective_temporal,chembl_future_after_2010_future_only,extratrees_scalars,2,chembl_raw,chembl_raw,7,0.7,0.8,20,0.7228,0.25,2010.0
prospective_temporal,chembl_future_after_2010_future_only,extratrees_scalars,2,chembl_raw,chembl_raw,8,0.8,0.9,0,,,2010.0
prospective_temporal,chembl_future_after_2010_future_only,extratrees_scalars,2,chembl_raw,chembl_raw,9,0.9,1.0,0,,,2010.0
prospective_temporal,chembl_future_after_2010_scaffold_source_purged,ecfp_absdiff_xgb,0,chembl_raw,chembl_raw,0,0.0,0.1,0,,,2010.0
prospective_temporal,chembl_future_after_2010_scaffold_source_purged,ecfp_absdiff_xgb,0,chembl_raw,chembl_raw,1,0.1,0.2,0,,,2010.0
prospective_temporal,chembl_future_after_2010_scaffold_source_purged,ecfp_absdiff_xgb,0,chembl_raw,chembl_raw,2,0.2,0.3,0,,,2010.0
prospective_temporal,chembl_future_after_2010_scaffold_source_purged,ecfp_absdiff_xgb,0,chembl_raw,chembl_raw,3,0.3,0.4,59,0.3823,0.2203,2010.0
prospective_temporal,chembl_future_after_2010_scaffold_source_purged,ecfp_absdiff_xgb,0,chembl_raw,chembl_raw,4,0.4,0.5,532,0.4493,0.2857,2010.0
prospective_temporal,chembl_future_after_2010_scaffold_source_purged,ecfp_absdiff_xgb,0,chembl_raw,chembl_raw,5,0.5,0.6,1633,0.5194,0.2596,2010.0
prospective_temporal,chembl_future_after_2010_scaffold_source_purged,ecfp_absdiff_xgb,0,chembl_raw,chembl_raw,6,0.6,0.7,10,0.618,0.5,2010.0
prospective_temporal,chembl_future_after_2010_scaffold_source_purged,ecfp_absdiff_xgb,0,chembl_raw,chembl_raw,7,0.7,0.8,0,,,2010.0
prospective_temporal,chembl_future_after_2010_scaffold_source_purged,ecfp_absdiff_xgb,0,chembl_raw,chembl_raw,8,0.8,0.9,0,,,2010.0
prospective_temporal,chembl_future_after_2010_scaffold_source_purged,ecfp_absdiff_xgb,0,chembl_raw,chembl_raw,9,0.9,1.0,0,,,2010.0
prospective_temporal,chembl_future_after_2010_scaffold_source_purged,rich_diff_scalars,0,chembl_raw,chembl_raw,0,0.0,0.1,0,,,2010.0
prospective_temporal,chembl_future_after_2010_scaffold_source_purged,rich_diff_scalars,0,chembl_raw,chembl_raw,1,0.1,0.2,0,,,2010.0
prospective_temporal,chembl_future_after_2010_scaffold_source_purged,rich_diff_scalars,0,chembl_raw,chembl_raw,2,0.2,0.3,0,,,2010.0
prospective_temporal,chembl_future_after_2010_scaffold_source_purged,rich_diff_scalars,0,chembl_raw,chembl_raw,3,0.3,0.4,364,0.3701,0.1868,2010.0
prospective_temporal,chembl_future_after_2010_scaffold_source_purged,rich_diff_scalars,0,chembl_raw,chembl_raw,4,0.4,0.5,1450,0.4493,0.2566,2010.0
prospective_temporal,chembl_future_after_2010_scaffold_source_purged,rich_diff_scalars,0,chembl_raw,chembl_raw,5,0.5,0.6,412,0.5286,0.3665,2010.0
prospective_temporal,chembl_future_after_2010_scaffold_source_purged,rich_diff_scalars,0,chembl_raw,chembl_raw,6,0.6,0.7,8,0.6136,0.375,2010.0
prospective_temporal,chembl_future_after_2010_scaffold_source_purged,rich_diff_scalars,0,chembl_raw,chembl_raw,7,0.7,0.8,0,,,2010.0
prospective_temporal,chembl_future_after_2010_scaffold_source_purged,rich_diff_scalars,0,chembl_raw,chembl_raw,8,0.8,0.9,0,,,2010.0
prospective_temporal,chembl_future_after_2010_scaffold_source_purged,rich_diff_scalars,0,chembl_raw,chembl_raw,9,0.9,1.0,0,,,2010.0
prospective_temporal,chembl_future_after_2010_scaffold_source_purged,rich_scalars_only,0,chembl_raw,chembl_raw,0,0.0,0.1,0,,,2010.0
prospective_temporal,chembl_future_after_2010_scaffold_source_purged,rich_scalars_only,0,chembl_raw,chembl_raw,1,0.1,0.2,0,,,2010.0
prospective_temporal,chembl_future_after_2010_scaffold_source_purged,rich_scalars_only,0,chembl_raw,chembl_raw,2,0.2,0.3,1,0.296,0.0,2010.0
prospective_temporal,chembl_future_after_2010_scaffold_source_purged,rich_scalars_only,0,chembl_raw,chembl_raw,3,0.3,0.4,387,0.3718,0.2093,2010.0
prospective_temporal,chembl_future_after_2010_scaffold_source_purged,rich_scalars_only,0,chembl_raw,chembl_raw,4,0.4,0.5,1484,0.4555,0.254,2010.0
prospective_temporal,chembl_future_after_2010_scaffold_source_purged,rich_scalars_only,0,chembl_raw,chembl_raw,5,0.5,0.6,320,0.5331,0.3844,2010.0
prospective_temporal,chembl_future_after_2010_scaffold_source_purged,rich_scalars_only,0,chembl_raw,chembl_raw,6,0.6,0.7,41,0.6375,0.3171,2010.0
prospective_temporal,chembl_future_after_2010_scaffold_source_purged,rich_scalars_only,0,chembl_raw,chembl_raw,7,0.7,0.8,1,0.7157,0.0,2010.0
prospective_temporal,chembl_future_after_2010_scaffold_source_purged,rich_scalars_only,0,chembl_raw,chembl_raw,8,0.8,0.9,0,,,2010.0
prospective_temporal,chembl_future_after_2010_scaffold_source_purged,rich_scalars_only,0,chembl_raw,chembl_raw,9,0.9,1.0,0,,,2010.0
prospective_temporal,chembl_future_after_2010_scaffold_source_purged,extratrees_scalars,0,chembl_raw,chembl_raw,0,0.0,0.1,0,,,2010.0
prospective_temporal,chembl_future_after_2010_scaffold_source_purged,extratrees_scalars,0,chembl_raw,chembl_raw,1,0.1,0.2,16,0.1811,0.125,2010.0
prospective_temporal,chembl_future_after_2010_scaffold_source_purged,extratrees_scalars,0,chembl_raw,chembl_raw,2,0.2,0.3,298,0.264,0.2181,2010.0
prospective_temporal,chembl_future_after_2010_scaffold_source_purged,extratrees_scalars,0,chembl_raw,chembl_raw,3,0.3,0.4,790,0.3563,0.2215,2010.0
prospective_temporal,chembl_future_after_2010_scaffold_source_purged,extratrees_scalars,0,chembl_raw,chembl_raw,4,0.4,0.5,759,0.4443,0.2899,2010.0
prospective_temporal,chembl_future_after_2010_scaffold_source_purged,extratrees_scalars,0,chembl_raw,chembl_raw,5,0.5,0.6,266,0.5381,0.3609,2010.0
prospective_temporal,chembl_future_after_2010_scaffold_source_purged,extratrees_scalars,0,chembl_raw,chembl_raw,6,0.6,0.7,79,0.6441,0.3924,2010.0
prospective_temporal,chembl_future_after_2010_scaffold_source_purged,extratrees_scalars,0,chembl_raw,chembl_raw,7,0.7,0.8,25,0.725,0.2,2010.0
prospective_temporal,chembl_future_after_2010_scaffold_source_purged,extratrees_scalars,0,chembl_raw,chembl_raw,8,0.8,0.9,1,0.8117,0.0,2010.0
prospective_temporal,chembl_future_after_2010_scaffold_source_purged,extratrees_scalars,0,chembl_raw,chembl_raw,9,0.9,1.0,0,,,2010.0
prospective_temporal,chembl_future_after_2010_scaffold_source_purged,ecfp_absdiff_xgb,1,chembl_raw,chembl_raw,0,0.0,0.1,0,,,2010.0
prospective_temporal,chembl_future_after_2010_scaffold_source_purged,ecfp_absdiff_xgb,1,chembl_raw,chembl_raw,1,0.1,0.2,0,,,2010.0
prospective_temporal,chembl_future_after_2010_scaffold_source_purged,ecfp_absdiff_xgb,1,chembl_raw,chembl_raw,2,0.2,0.3,0,,,2010.0
prospective_temporal,chembl_future_after_2010_scaffold_source_purged,ecfp_absdiff_xgb,1,chembl_raw,chembl_raw,3,0.3,0.4,66,0.3822,0.197,2010.0
prospective_temporal,chembl_future_after_2010_scaffold_source_purged,ecfp_absdiff_xgb,1,chembl_raw,chembl_raw,4,0.4,0.5,596,0.4547,0.2903,2010.0
prospective_temporal,chembl_future_after_2010_scaffold_source_purged,ecfp_absdiff_xgb,1,chembl_raw,chembl_raw,5,0.5,0.6,1558,0.5179,0.2574,2010.0
prospective_temporal,chembl_future_after_2010_scaffold_source_purged,ecfp_absdiff_xgb,1,chembl_raw,chembl_raw,6,0.6,0.7,14,0.6141,0.5,2010.0
prospective_temporal,chembl_future_after_2010_scaffold_source_purged,ecfp_absdiff_xgb,1,chembl_raw,chembl_raw,7,0.7,0.8,0,,,2010.0
prospective_temporal,chembl_future_after_2010_scaffold_source_purged,ecfp_absdiff_xgb,1,chembl_raw,chembl_raw,8,0.8,0.9,0,,,2010.0
prospective_temporal,chembl_future_after_2010_scaffold_source_purged,ecfp_absdiff_xgb,1,chembl_raw,chembl_raw,9,0.9,1.0,0,,,2010.0
prospective_temporal,chembl_future_after_2010_scaffold_source_purged,rich_diff_scalars,1,chembl_raw,chembl_raw,0,0.0,0.1,0,,,2010.0
prospective_temporal,chembl_future_after_2010_scaffold_source_purged,rich_diff_scalars,1,chembl_raw,chembl_raw,1,0.1,0.2,0,,,2010.0
prospective_temporal,chembl_future_after_2010_scaffold_source_purged,rich_diff_scalars,1,chembl_raw,chembl_raw,2,0.2,0.3,0,,,2010.0
prospective_temporal,chembl_future_after_2010_scaffold_source_purged,rich_diff_scalars,1,chembl_raw,chembl_raw,3,0.3,0.4,359,0.3777,0.1783,2010.0
prospective_temporal,chembl_future_after_2010_scaffold_source_purged,rich_diff_scalars,1,chembl_raw,chembl_raw,4,0.4,0.5,1576,0.4483,0.2525,2010.0
prospective_temporal,chembl_future_after_2010_scaffold_source_purged,rich_diff_scalars,1,chembl_raw,chembl_raw,5,0.5,0.6,295,0.5256,0.4373,2010.0
prospective_temporal,chembl_future_after_2010_scaffold_source_purged,rich_diff_scalars,1,chembl_raw,chembl_raw,6,0.6,0.7,4,0.6109,0.75,2010.0
prospective_temporal,chembl_future_after_2010_scaffold_source_purged,rich_diff_scalars,1,chembl_raw,chembl_raw,7,0.7,0.8,0,,,2010.0
prospective_temporal,chembl_future_after_2010_scaffold_source_purged,rich_diff_scalars,1,chembl_raw,chembl_raw,8,0.8,0.9,0,,,2010.0
prospective_temporal,chembl_future_after_2010_scaffold_source_purged,rich_diff_scalars,1,chembl_raw,chembl_raw,9,0.9,1.0,0,,,2010.0
prospective_temporal,chembl_future_after_2010_scaffold_source_purged,rich_scalars_only,1,chembl_raw,chembl_raw,0,0.0,0.1,0,,,2010.0
prospective_temporal,chembl_future_after_2010_scaffold_source_purged,rich_scalars_only,1,chembl_raw,chembl_raw,1,0.1,0.2,0,,,2010.0
prospective_temporal,chembl_future_after_2010_scaffold_source_purged,rich_scalars_only,1,chembl_raw,chembl_raw,2,0.2,0.3,0,,,2010.0
prospective_temporal,chembl_future_after_2010_scaffold_source_purged,rich_scalars_only,1,chembl_raw,chembl_raw,3,0.3,0.4,565,0.3712,0.1788,2010.0
prospective_temporal,chembl_future_after_2010_scaffold_source_purged,rich_scalars_only,1,chembl_raw,chembl_raw,4,0.4,0.5,1348,0.444,0.273,2010.0
prospective_temporal,chembl_future_after_2010_scaffold_source_purged,rich_scalars_only,1,chembl_raw,chembl_raw,5,0.5,0.6,268,0.5373,0.3806,2010.0
prospective_temporal,chembl_future_after_2010_scaffold_source_purged,rich_scalars_only,1,chembl_raw,chembl_raw,6,0.6,0.7,50,0.6346,0.42,2010.0
prospective_temporal,chembl_future_after_2010_scaffold_source_purged,rich_scalars_only,1,chembl_raw,chembl_raw,7,0.7,0.8,3,0.7181,0.6667,2010.0
prospective_temporal,chembl_future_after_2010_scaffold_source_purged,rich_scalars_only,1,chembl_raw,chembl_raw,8,0.8,0.9,0,,,2010.0
prospective_temporal,chembl_future_after_2010_scaffold_source_purged,rich_scalars_only,1,chembl_raw,chembl_raw,9,0.9,1.0,0,,,2010.0
prospective_temporal,chembl_future_after_2010_scaffold_source_purged,extratrees_scalars,1,chembl_raw,chembl_raw,0,0.0,0.1,0,,,2010.0
prospective_temporal,chembl_future_after_2010_scaffold_source_purged,extratrees_scalars,1,chembl_raw,chembl_raw,1,0.1,0.2,12,0.1847,0.25,2010.0
prospective_temporal,chembl_future_after_2010_scaffold_source_purged,extratrees_scalars,1,chembl_raw,chembl_raw,2,0.2,0.3,276,0.2663,0.2101,2010.0
prospective_temporal,chembl_future_after_2010_scaffold_source_purged,extratrees_scalars,1,chembl_raw,chembl_raw,3,0.3,0.4,878,0.3556,0.1845,2010.0
prospective_temporal,chembl_future_after_2010_scaffold_source_purged,extratrees_scalars,1,chembl_raw,chembl_raw,4,0.4,0.5,694,0.4449,0.3228,2010.0
prospective_temporal,chembl_future_after_2010_scaffold_source_purged,extratrees_scalars,1,chembl_raw,chembl_raw,5,0.5,0.6,296,0.5398,0.4054,2010.0
prospective_temporal,chembl_future_after_2010_scaffold_source_purged,extratrees_scalars,1,chembl_raw,chembl_raw,6,0.6,0.7,66,0.6385,0.3788,2010.0
prospective_temporal,chembl_future_after_2010_scaffold_source_purged,extratrees_scalars,1,chembl_raw,chembl_raw,7,0.7,0.8,12,0.7216,0.1667,2010.0
prospective_temporal,chembl_future_after_2010_scaffold_source_purged,extratrees_scalars,1,chembl_raw,chembl_raw,8,0.8,0.9,0,,,2010.0
prospective_temporal,chembl_future_after_2010_scaffold_source_purged,extratrees_scalars,1,chembl_raw,chembl_raw,9,0.9,1.0,0,,,2010.0
prospective_temporal,chembl_future_after_2010_scaffold_source_purged,ecfp_absdiff_xgb,2,chembl_raw,chembl_raw,0,0.0,0.1,0,,,2010.0
prospective_temporal,chembl_future_after_2010_scaffold_source_purged,ecfp_absdiff_xgb,2,chembl_raw,chembl_raw,1,0.1,0.2,0,,,2010.0
prospective_temporal,chembl_future_after_2010_scaffold_source_purged,ecfp_absdiff_xgb,2,chembl_raw,chembl_raw,2,0.2,0.3,0,,,2010.0
prospective_temporal,chembl_future_after_2010_scaffold_source_purged,ecfp_absdiff_xgb,2,chembl_raw,chembl_raw,3,0.3,0.4,69,0.3741,0.2029,2010.0
prospective_temporal,chembl_future_after_2010_scaffold_source_purged,ecfp_absdiff_xgb,2,chembl_raw,chembl_raw,4,0.4,0.5,606,0.4546,0.2475,2010.0
prospective_temporal,chembl_future_after_2010_scaffold_source_purged,ecfp_absdiff_xgb,2,chembl_raw,chembl_raw,5,0.5,0.6,1531,0.5197,0.2685,2010.0
prospective_temporal,chembl_future_after_2010_scaffold_source_purged,ecfp_absdiff_xgb,2,chembl_raw,chembl_raw,6,0.6,0.7,28,0.6157,0.6786,2010.0
prospective_temporal,chembl_future_after_2010_scaffold_source_purged,ecfp_absdiff_xgb,2,chembl_raw,chembl_raw,7,0.7,0.8,0,,,2010.0
prospective_temporal,chembl_future_after_2010_scaffold_source_purged,ecfp_absdiff_xgb,2,chembl_raw,chembl_raw,8,0.8,0.9,0,,,2010.0
prospective_temporal,chembl_future_after_2010_scaffold_source_purged,ecfp_absdiff_xgb,2,chembl_raw,chembl_raw,9,0.9,1.0,0,,,2010.0
prospective_temporal,chembl_future_after_2010_scaffold_source_purged,rich_diff_scalars,2,chembl_raw,chembl_raw,0,0.0,0.1,0,,,2010.0
prospective_temporal,chembl_future_after_2010_scaffold_source_purged,rich_diff_scalars,2,chembl_raw,chembl_raw,1,0.1,0.2,0,,,2010.0
prospective_temporal,chembl_future_after_2010_scaffold_source_purged,rich_diff_scalars,2,chembl_raw,chembl_raw,2,0.2,0.3,3,0.2948,0.0,2010.0
prospective_temporal,chembl_future_after_2010_scaffold_source_purged,rich_diff_scalars,2,chembl_raw,chembl_raw,3,0.3,0.4,395,0.3706,0.1899,2010.0
prospective_temporal,chembl_future_after_2010_scaffold_source_purged,rich_diff_scalars,2,chembl_raw,chembl_raw,4,0.4,0.5,1483,0.4492,0.2751,2010.0
prospective_temporal,chembl_future_after_2010_scaffold_source_purged,rich_diff_scalars,2,chembl_raw,chembl_raw,5,0.5,0.6,349,0.5267,0.3095,2010.0
prospective_temporal,chembl_future_after_2010_scaffold_source_purged,rich_diff_scalars,2,chembl_raw,chembl_raw,6,0.6,0.7,4,0.6235,0.75,2010.0
prospective_temporal,chembl_future_after_2010_scaffold_source_purged,rich_diff_scalars,2,chembl_raw,chembl_raw,7,0.7,0.8,0,,,2010.0
prospective_temporal,chembl_future_after_2010_scaffold_source_purged,rich_diff_scalars,2,chembl_raw,chembl_raw,8,0.8,0.9,0,,,2010.0
prospective_temporal,chembl_future_after_2010_scaffold_source_purged,rich_diff_scalars,2,chembl_raw,chembl_raw,9,0.9,1.0,0,,,2010.0
prospective_temporal,chembl_future_after_2010_scaffold_source_purged,rich_scalars_only,2,chembl_raw,chembl_raw,0,0.0,0.1,0,,,2010.0
prospective_temporal,chembl_future_after_2010_scaffold_source_purged,rich_scalars_only,2,chembl_raw,chembl_raw,1,0.1,0.2,0,,,2010.0
prospective_temporal,chembl_future_after_2010_scaffold_source_purged,rich_scalars_only,2,chembl_raw,chembl_raw,2,0.2,0.3,1,0.2784,1.0,2010.0
prospective_temporal,chembl_future_after_2010_scaffold_source_purged,rich_scalars_only,2,chembl_raw,chembl_raw,3,0.3,0.4,469,0.3709,0.1898,2010.0
prospective_temporal,chembl_future_after_2010_scaffold_source_purged,rich_scalars_only,2,chembl_raw,chembl_raw,4,0.4,0.5,1399,0.4499,0.2652,2010.0
prospective_temporal,chembl_future_after_2010_scaffold_source_purged,rich_scalars_only,2,chembl_raw,chembl_raw,5,0.5,0.6,303,0.5324,0.3696,2010.0
prospective_temporal,chembl_future_after_2010_scaffold_source_purged,rich_scalars_only,2,chembl_raw,chembl_raw,6,0.6,0.7,61,0.6401,0.3443,2010.0
prospective_temporal,chembl_future_after_2010_scaffold_source_purged,rich_scalars_only,2,chembl_raw,chembl_raw,7,0.7,0.8,1,0.7402,0.0,2010.0
prospective_temporal,chembl_future_after_2010_scaffold_source_purged,rich_scalars_only,2,chembl_raw,chembl_raw,8,0.8,0.9,0,,,2010.0
prospective_temporal,chembl_future_after_2010_scaffold_source_purged,rich_scalars_only,2,chembl_raw,chembl_raw,9,0.9,1.0,0,,,2010.0
prospective_temporal,chembl_future_after_2010_scaffold_source_purged,extratrees_scalars,2,chembl_raw,chembl_raw,0,0.0,0.1,0,,,2010.0
prospective_temporal,chembl_future_after_2010_scaffold_source_purged,extratrees_scalars,2,chembl_raw,chembl_raw,1,0.1,0.2,10,0.1851,0.3,2010.0
prospective_temporal,chembl_future_after_2010_scaffold_source_purged,extratrees_scalars,2,chembl_raw,chembl_raw,2,0.2,0.3,241,0.2681,0.2033,2010.0
prospective_temporal,chembl_future_after_2010_scaffold_source_purged,extratrees_scalars,2,chembl_raw,chembl_raw,3,0.3,0.4,828,0.3548,0.2174,2010.0
prospective_temporal,chembl_future_after_2010_scaffold_source_purged,extratrees_scalars,2,chembl_raw,chembl_raw,4,0.4,0.5,773,0.4437,0.2872,2010.0
prospective_temporal,chembl_future_after_2010_scaffold_source_purged,extratrees_scalars,2,chembl_raw,chembl_raw,5,0.5,0.6,276,0.5375,0.3551,2010.0
prospective_temporal,chembl_future_after_2010_scaffold_source_purged,extratrees_scalars,2,chembl_raw,chembl_raw,6,0.6,0.7,86,0.6372,0.4535,2010.0
prospective_temporal,chembl_future_after_2010_scaffold_source_purged,extratrees_scalars,2,chembl_raw,chembl_raw,7,0.7,0.8,20,0.7231,0.15,2010.0
prospective_temporal,chembl_future_after_2010_scaffold_source_purged,extratrees_scalars,2,chembl_raw,chembl_raw,8,0.8,0.9,0,,,2010.0
prospective_temporal,chembl_future_after_2010_scaffold_source_purged,extratrees_scalars,2,chembl_raw,chembl_raw,9,0.9,1.0,0,,,2010.0
prospective_temporal,chembl_future_after_2015_future_only,ecfp_absdiff_xgb,0,chembl_raw,chembl_raw,0,0.0,0.1,0,,,2015.0
prospective_temporal,chembl_future_after_2015_future_only,ecfp_absdiff_xgb,0,chembl_raw,chembl_raw,1,0.1,0.2,0,,,2015.0
prospective_temporal,chembl_future_after_2015_future_only,ecfp_absdiff_xgb,0,chembl_raw,chembl_raw,2,0.2,0.3,0,,,2015.0
prospective_temporal,chembl_future_after_2015_future_only,ecfp_absdiff_xgb,0,chembl_raw,chembl_raw,3,0.3,0.4,5,0.3912,0.0,2015.0
prospective_temporal,chembl_future_after_2015_future_only,ecfp_absdiff_xgb,0,chembl_raw,chembl_raw,4,0.4,0.5,262,0.4633,0.1565,2015.0
prospective_temporal,chembl_future_after_2015_future_only,ecfp_absdiff_xgb,0,chembl_raw,chembl_raw,5,0.5,0.6,833,0.5212,0.1477,2015.0
prospective_temporal,chembl_future_after_2015_future_only,ecfp_absdiff_xgb,0,chembl_raw,chembl_raw,6,0.6,0.7,4,0.6122,1.0,2015.0
prospective_temporal,chembl_future_after_2015_future_only,ecfp_absdiff_xgb,0,chembl_raw,chembl_raw,7,0.7,0.8,0,,,2015.0
prospective_temporal,chembl_future_after_2015_future_only,ecfp_absdiff_xgb,0,chembl_raw,chembl_raw,8,0.8,0.9,0,,,2015.0
prospective_temporal,chembl_future_after_2015_future_only,ecfp_absdiff_xgb,0,chembl_raw,chembl_raw,9,0.9,1.0,0,,,2015.0
prospective_temporal,chembl_future_after_2015_future_only,rich_diff_scalars,0,chembl_raw,chembl_raw,0,0.0,0.1,0,,,2015.0
prospective_temporal,chembl_future_after_2015_future_only,rich_diff_scalars,0,chembl_raw,chembl_raw,1,0.1,0.2,0,,,2015.0
prospective_temporal,chembl_future_after_2015_future_only,rich_diff_scalars,0,chembl_raw,chembl_raw,2,0.2,0.3,0,,,2015.0
prospective_temporal,chembl_future_after_2015_future_only,rich_diff_scalars,0,chembl_raw,chembl_raw,3,0.3,0.4,172,0.3828,0.1105,2015.0
prospective_temporal,chembl_future_after_2015_future_only,rich_diff_scalars,0,chembl_raw,chembl_raw,4,0.4,0.5,877,0.4383,0.138,2015.0
prospective_temporal,chembl_future_after_2015_future_only,rich_diff_scalars,0,chembl_raw,chembl_raw,5,0.5,0.6,55,0.5176,0.5091,2015.0
prospective_temporal,chembl_future_after_2015_future_only,rich_diff_scalars,0,chembl_raw,chembl_raw,6,0.6,0.7,0,,,2015.0
prospective_temporal,chembl_future_after_2015_future_only,rich_diff_scalars,0,chembl_raw,chembl_raw,7,0.7,0.8,0,,,2015.0
prospective_temporal,chembl_future_after_2015_future_only,rich_diff_scalars,0,chembl_raw,chembl_raw,8,0.8,0.9,0,,,2015.0
prospective_temporal,chembl_future_after_2015_future_only,rich_diff_scalars,0,chembl_raw,chembl_raw,9,0.9,1.0,0,,,2015.0
prospective_temporal,chembl_future_after_2015_future_only,rich_scalars_only,0,chembl_raw,chembl_raw,0,0.0,0.1,0,,,2015.0
prospective_temporal,chembl_future_after_2015_future_only,rich_scalars_only,0,chembl_raw,chembl_raw,1,0.1,0.2,0,,,2015.0
prospective_temporal,chembl_future_after_2015_future_only,rich_scalars_only,0,chembl_raw,chembl_raw,2,0.2,0.3,0,,,2015.0
prospective_temporal,chembl_future_after_2015_future_only,rich_scalars_only,0,chembl_raw,chembl_raw,3,0.3,0.4,273,0.3703,0.1062,2015.0
prospective_temporal,chembl_future_after_2015_future_only,rich_scalars_only,0,chembl_raw,chembl_raw,4,0.4,0.5,751,0.4403,0.1332,2015.0
prospective_temporal,chembl_future_after_2015_future_only,rich_scalars_only,0,chembl_raw,chembl_raw,5,0.5,0.6,80,0.5242,0.4875,2015.0
prospective_temporal,chembl_future_after_2015_future_only,rich_scalars_only,0,chembl_raw,chembl_raw,6,0.6,0.7,0,,,2015.0
prospective_temporal,chembl_future_after_2015_future_only,rich_scalars_only,0,chembl_raw,chembl_raw,7,0.7,0.8,0,,,2015.0
prospective_temporal,chembl_future_after_2015_future_only,rich_scalars_only,0,chembl_raw,chembl_raw,8,0.8,0.9,0,,,2015.0
prospective_temporal,chembl_future_after_2015_future_only,rich_scalars_only,0,chembl_raw,chembl_raw,9,0.9,1.0,0,,,2015.0
prospective_temporal,chembl_future_after_2015_future_only,extratrees_scalars,0,chembl_raw,chembl_raw,0,0.0,0.1,0,,,2015.0
prospective_temporal,chembl_future_after_2015_future_only,extratrees_scalars,0,chembl_raw,chembl_raw,1,0.1,0.2,9,0.1794,0.2222,2015.0
prospective_temporal,chembl_future_after_2015_future_only,extratrees_scalars,0,chembl_raw,chembl_raw,2,0.2,0.3,187,0.2669,0.1283,2015.0
prospective_temporal,chembl_future_after_2015_future_only,extratrees_scalars,0,chembl_raw,chembl_raw,3,0.3,0.4,479,0.3544,0.1294,2015.0
prospective_temporal,chembl_future_after_2015_future_only,extratrees_scalars,0,chembl_raw,chembl_raw,4,0.4,0.5,357,0.4407,0.1709,2015.0
prospective_temporal,chembl_future_after_2015_future_only,extratrees_scalars,0,chembl_raw,chembl_raw,5,0.5,0.6,70,0.528,0.2714,2015.0
prospective_temporal,chembl_future_after_2015_future_only,extratrees_scalars,0,chembl_raw,chembl_raw,6,0.6,0.7,2,0.6482,0.0,2015.0
prospective_temporal,chembl_future_after_2015_future_only,extratrees_scalars,0,chembl_raw,chembl_raw,7,0.7,0.8,0,,,2015.0
prospective_temporal,chembl_future_after_2015_future_only,extratrees_scalars,0,chembl_raw,chembl_raw,8,0.8,0.9,0,,,2015.0
prospective_temporal,chembl_future_after_2015_future_only,extratrees_scalars,0,chembl_raw,chembl_raw,9,0.9,1.0,0,,,2015.0
prospective_temporal,chembl_future_after_2015_future_only,ecfp_absdiff_xgb,1,chembl_raw,chembl_raw,0,0.0,0.1,0,,,2015.0
prospective_temporal,chembl_future_after_2015_future_only,ecfp_absdiff_xgb,1,chembl_raw,chembl_raw,1,0.1,0.2,0,,,2015.0
prospective_temporal,chembl_future_after_2015_future_only,ecfp_absdiff_xgb,1,chembl_raw,chembl_raw,2,0.2,0.3,0,,,2015.0
prospective_temporal,chembl_future_after_2015_future_only,ecfp_absdiff_xgb,1,chembl_raw,chembl_raw,3,0.3,0.4,2,0.3847,0.0,2015.0
prospective_temporal,chembl_future_after_2015_future_only,ecfp_absdiff_xgb,1,chembl_raw,chembl_raw,4,0.4,0.5,246,0.4605,0.1301,2015.0
prospective_temporal,chembl_future_after_2015_future_only,ecfp_absdiff_xgb,1,chembl_raw,chembl_raw,5,0.5,0.6,852,0.5232,0.1549,2015.0
prospective_temporal,chembl_future_after_2015_future_only,ecfp_absdiff_xgb,1,chembl_raw,chembl_raw,6,0.6,0.7,4,0.6094,1.0,2015.0
prospective_temporal,chembl_future_after_2015_future_only,ecfp_absdiff_xgb,1,chembl_raw,chembl_raw,7,0.7,0.8,0,,,2015.0
prospective_temporal,chembl_future_after_2015_future_only,ecfp_absdiff_xgb,1,chembl_raw,chembl_raw,8,0.8,0.9,0,,,2015.0
prospective_temporal,chembl_future_after_2015_future_only,ecfp_absdiff_xgb,1,chembl_raw,chembl_raw,9,0.9,1.0,0,,,2015.0
prospective_temporal,chembl_future_after_2015_future_only,rich_diff_scalars,1,chembl_raw,chembl_raw,0,0.0,0.1,0,,,2015.0
prospective_temporal,chembl_future_after_2015_future_only,rich_diff_scalars,1,chembl_raw,chembl_raw,1,0.1,0.2,0,,,2015.0
prospective_temporal,chembl_future_after_2015_future_only,rich_diff_scalars,1,chembl_raw,chembl_raw,2,0.2,0.3,0,,,2015.0
prospective_temporal,chembl_future_after_2015_future_only,rich_diff_scalars,1,chembl_raw,chembl_raw,3,0.3,0.4,200,0.3839,0.075,2015.0
prospective_temporal,chembl_future_after_2015_future_only,rich_diff_scalars,1,chembl_raw,chembl_raw,4,0.4,0.5,865,0.4366,0.1514,2015.0
prospective_temporal,chembl_future_after_2015_future_only,rich_diff_scalars,1,chembl_raw,chembl_raw,5,0.5,0.6,39,0.5191,0.5641,2015.0
prospective_temporal,chembl_future_after_2015_future_only,rich_diff_scalars,1,chembl_raw,chembl_raw,6,0.6,0.7,0,,,2015.0
prospective_temporal,chembl_future_after_2015_future_only,rich_diff_scalars,1,chembl_raw,chembl_raw,7,0.7,0.8,0,,,2015.0
prospective_temporal,chembl_future_after_2015_future_only,rich_diff_scalars,1,chembl_raw,chembl_raw,8,0.8,0.9,0,,,2015.0
prospective_temporal,chembl_future_after_2015_future_only,rich_diff_scalars,1,chembl_raw,chembl_raw,9,0.9,1.0,0,,,2015.0
prospective_temporal,chembl_future_after_2015_future_only,rich_scalars_only,1,chembl_raw,chembl_raw,0,0.0,0.1,0,,,2015.0
prospective_temporal,chembl_future_after_2015_future_only,rich_scalars_only,1,chembl_raw,chembl_raw,1,0.1,0.2,0,,,2015.0
prospective_temporal,chembl_future_after_2015_future_only,rich_scalars_only,1,chembl_raw,chembl_raw,2,0.2,0.3,0,,,2015.0
prospective_temporal,chembl_future_after_2015_future_only,rich_scalars_only,1,chembl_raw,chembl_raw,3,0.3,0.4,340,0.3753,0.0618,2015.0
prospective_temporal,chembl_future_after_2015_future_only,rich_scalars_only,1,chembl_raw,chembl_raw,4,0.4,0.5,707,0.4343,0.1641,2015.0
prospective_temporal,chembl_future_after_2015_future_only,rich_scalars_only,1,chembl_raw,chembl_raw,5,0.5,0.6,57,0.516,0.5439,2015.0
prospective_temporal,chembl_future_after_2015_future_only,rich_scalars_only,1,chembl_raw,chembl_raw,6,0.6,0.7,0,,,2015.0
prospective_temporal,chembl_future_after_2015_future_only,rich_scalars_only,1,chembl_raw,chembl_raw,7,0.7,0.8,0,,,2015.0
prospective_temporal,chembl_future_after_2015_future_only,rich_scalars_only,1,chembl_raw,chembl_raw,8,0.8,0.9,0,,,2015.0
prospective_temporal,chembl_future_after_2015_future_only,rich_scalars_only,1,chembl_raw,chembl_raw,9,0.9,1.0,0,,,2015.0
prospective_temporal,chembl_future_after_2015_future_only,extratrees_scalars,1,chembl_raw,chembl_raw,0,0.0,0.1,0,,,2015.0
prospective_temporal,chembl_future_after_2015_future_only,extratrees_scalars,1,chembl_raw,chembl_raw,1,0.1,0.2,14,0.1789,0.1429,2015.0
prospective_temporal,chembl_future_after_2015_future_only,extratrees_scalars,1,chembl_raw,chembl_raw,2,0.2,0.3,194,0.2628,0.1443,2015.0
prospective_temporal,chembl_future_after_2015_future_only,extratrees_scalars,1,chembl_raw,chembl_raw,3,0.3,0.4,442,0.3525,0.1176,2015.0
prospective_temporal,chembl_future_after_2015_future_only,extratrees_scalars,1,chembl_raw,chembl_raw,4,0.4,0.5,365,0.4461,0.1671,2015.0
prospective_temporal,chembl_future_after_2015_future_only,extratrees_scalars,1,chembl_raw,chembl_raw,5,0.5,0.6,82,0.5314,0.3049,2015.0
prospective_temporal,chembl_future_after_2015_future_only,extratrees_scalars,1,chembl_raw,chembl_raw,6,0.6,0.7,7,0.6285,0.0,2015.0
prospective_temporal,chembl_future_after_2015_future_only,extratrees_scalars,1,chembl_raw,chembl_raw,7,0.7,0.8,0,,,2015.0
prospective_temporal,chembl_future_after_2015_future_only,extratrees_scalars,1,chembl_raw,chembl_raw,8,0.8,0.9,0,,,2015.0
prospective_temporal,chembl_future_after_2015_future_only,extratrees_scalars,1,chembl_raw,chembl_raw,9,0.9,1.0,0,,,2015.0
prospective_temporal,chembl_future_after_2015_future_only,ecfp_absdiff_xgb,2,chembl_raw,chembl_raw,0,0.0,0.1,0,,,2015.0
prospective_temporal,chembl_future_after_2015_future_only,ecfp_absdiff_xgb,2,chembl_raw,chembl_raw,1,0.1,0.2,0,,,2015.0
prospective_temporal,chembl_future_after_2015_future_only,ecfp_absdiff_xgb,2,chembl_raw,chembl_raw,2,0.2,0.3,0,,,2015.0
prospective_temporal,chembl_future_after_2015_future_only,ecfp_absdiff_xgb,2,chembl_raw,chembl_raw,3,0.3,0.4,5,0.3855,0.2,2015.0
prospective_temporal,chembl_future_after_2015_future_only,ecfp_absdiff_xgb,2,chembl_raw,chembl_raw,4,0.4,0.5,217,0.4547,0.1521,2015.0
prospective_temporal,chembl_future_after_2015_future_only,ecfp_absdiff_xgb,2,chembl_raw,chembl_raw,5,0.5,0.6,874,0.5206,0.1442,2015.0
prospective_temporal,chembl_future_after_2015_future_only,ecfp_absdiff_xgb,2,chembl_raw,chembl_raw,6,0.6,0.7,8,0.6082,1.0,2015.0
prospective_temporal,chembl_future_after_2015_future_only,ecfp_absdiff_xgb,2,chembl_raw,chembl_raw,7,0.7,0.8,0,,,2015.0
prospective_temporal,chembl_future_after_2015_future_only,ecfp_absdiff_xgb,2,chembl_raw,chembl_raw,8,0.8,0.9,0,,,2015.0
prospective_temporal,chembl_future_after_2015_future_only,ecfp_absdiff_xgb,2,chembl_raw,chembl_raw,9,0.9,1.0,0,,,2015.0
prospective_temporal,chembl_future_after_2015_future_only,rich_diff_scalars,2,chembl_raw,chembl_raw,0,0.0,0.1,0,,,2015.0
prospective_temporal,chembl_future_after_2015_future_only,rich_diff_scalars,2,chembl_raw,chembl_raw,1,0.1,0.2,0,,,2015.0
prospective_temporal,chembl_future_after_2015_future_only,rich_diff_scalars,2,chembl_raw,chembl_raw,2,0.2,0.3,0,,,2015.0
prospective_temporal,chembl_future_after_2015_future_only,rich_diff_scalars,2,chembl_raw,chembl_raw,3,0.3,0.4,160,0.3825,0.0875,2015.0
prospective_temporal,chembl_future_after_2015_future_only,rich_diff_scalars,2,chembl_raw,chembl_raw,4,0.4,0.5,882,0.4402,0.1395,2015.0
prospective_temporal,chembl_future_after_2015_future_only,rich_diff_scalars,2,chembl_raw,chembl_raw,5,0.5,0.6,62,0.5161,0.5,2015.0
prospective_temporal,chembl_future_after_2015_future_only,rich_diff_scalars,2,chembl_raw,chembl_raw,6,0.6,0.7,0,,,2015.0
prospective_temporal,chembl_future_after_2015_future_only,rich_diff_scalars,2,chembl_raw,chembl_raw,7,0.7,0.8,0,,,2015.0
prospective_temporal,chembl_future_after_2015_future_only,rich_diff_scalars,2,chembl_raw,chembl_raw,8,0.8,0.9,0,,,2015.0
prospective_temporal,chembl_future_after_2015_future_only,rich_diff_scalars,2,chembl_raw,chembl_raw,9,0.9,1.0,0,,,2015.0
prospective_temporal,chembl_future_after_2015_future_only,rich_scalars_only,2,chembl_raw,chembl_raw,0,0.0,0.1,0,,,2015.0
prospective_temporal,chembl_future_after_2015_future_only,rich_scalars_only,2,chembl_raw,chembl_raw,1,0.1,0.2,0,,,2015.0
prospective_temporal,chembl_future_after_2015_future_only,rich_scalars_only,2,chembl_raw,chembl_raw,2,0.2,0.3,1,0.2996,0.0,2015.0
prospective_temporal,chembl_future_after_2015_future_only,rich_scalars_only,2,chembl_raw,chembl_raw,3,0.3,0.4,302,0.3681,0.096,2015.0
prospective_temporal,chembl_future_after_2015_future_only,rich_scalars_only,2,chembl_raw,chembl_raw,4,0.4,0.5,753,0.4403,0.1554,2015.0
prospective_temporal,chembl_future_after_2015_future_only,rich_scalars_only,2,chembl_raw,chembl_raw,5,0.5,0.6,48,0.5183,0.4583,2015.0
prospective_temporal,chembl_future_after_2015_future_only,rich_scalars_only,2,chembl_raw,chembl_raw,6,0.6,0.7,0,,,2015.0
prospective_temporal,chembl_future_after_2015_future_only,rich_scalars_only,2,chembl_raw,chembl_raw,7,0.7,0.8,0,,,2015.0
prospective_temporal,chembl_future_after_2015_future_only,rich_scalars_only,2,chembl_raw,chembl_raw,8,0.8,0.9,0,,,2015.0
prospective_temporal,chembl_future_after_2015_future_only,rich_scalars_only,2,chembl_raw,chembl_raw,9,0.9,1.0,0,,,2015.0
prospective_temporal,chembl_future_after_2015_future_only,extratrees_scalars,2,chembl_raw,chembl_raw,0,0.0,0.1,0,,,2015.0
prospective_temporal,chembl_future_after_2015_future_only,extratrees_scalars,2,chembl_raw,chembl_raw,1,0.1,0.2,4,0.187,0.0,2015.0
prospective_temporal,chembl_future_after_2015_future_only,extratrees_scalars,2,chembl_raw,chembl_raw,2,0.2,0.3,108,0.2725,0.1019,2015.0
prospective_temporal,chembl_future_after_2015_future_only,extratrees_scalars,2,chembl_raw,chembl_raw,3,0.3,0.4,473,0.3573,0.1607,2015.0
prospective_temporal,chembl_future_after_2015_future_only,extratrees_scalars,2,chembl_raw,chembl_raw,4,0.4,0.5,396,0.4422,0.1641,2015.0
prospective_temporal,chembl_future_after_2015_future_only,extratrees_scalars,2,chembl_raw,chembl_raw,5,0.5,0.6,116,0.5344,0.1293,2015.0
prospective_temporal,chembl_future_after_2015_future_only,extratrees_scalars,2,chembl_raw,chembl_raw,6,0.6,0.7,7,0.6164,0.1429,2015.0
prospective_temporal,chembl_future_after_2015_future_only,extratrees_scalars,2,chembl_raw,chembl_raw,7,0.7,0.8,0,,,2015.0
prospective_temporal,chembl_future_after_2015_future_only,extratrees_scalars,2,chembl_raw,chembl_raw,8,0.8,0.9,0,,,2015.0
prospective_temporal,chembl_future_after_2015_future_only,extratrees_scalars,2,chembl_raw,chembl_raw,9,0.9,1.0,0,,,2015.0
prospective_temporal,chembl_future_after_2015_scaffold_source_purged,ecfp_absdiff_xgb,0,chembl_raw,chembl_raw,0,0.0,0.1,0,,,2015.0
prospective_temporal,chembl_future_after_2015_scaffold_source_purged,ecfp_absdiff_xgb,0,chembl_raw,chembl_raw,1,0.1,0.2,0,,,2015.0
prospective_temporal,chembl_future_after_2015_scaffold_source_purged,ecfp_absdiff_xgb,0,chembl_raw,chembl_raw,2,0.2,0.3,0,,,2015.0
prospective_temporal,chembl_future_after_2015_scaffold_source_purged,ecfp_absdiff_xgb,0,chembl_raw,chembl_raw,3,0.3,0.4,5,0.3912,0.0,2015.0
prospective_temporal,chembl_future_after_2015_scaffold_source_purged,ecfp_absdiff_xgb,0,chembl_raw,chembl_raw,4,0.4,0.5,262,0.4633,0.1565,2015.0
prospective_temporal,chembl_future_after_2015_scaffold_source_purged,ecfp_absdiff_xgb,0,chembl_raw,chembl_raw,5,0.5,0.6,833,0.5212,0.1477,2015.0
prospective_temporal,chembl_future_after_2015_scaffold_source_purged,ecfp_absdiff_xgb,0,chembl_raw,chembl_raw,6,0.6,0.7,4,0.6122,1.0,2015.0
prospective_temporal,chembl_future_after_2015_scaffold_source_purged,ecfp_absdiff_xgb,0,chembl_raw,chembl_raw,7,0.7,0.8,0,,,2015.0
prospective_temporal,chembl_future_after_2015_scaffold_source_purged,ecfp_absdiff_xgb,0,chembl_raw,chembl_raw,8,0.8,0.9,0,,,2015.0
prospective_temporal,chembl_future_after_2015_scaffold_source_purged,ecfp_absdiff_xgb,0,chembl_raw,chembl_raw,9,0.9,1.0,0,,,2015.0
prospective_temporal,chembl_future_after_2015_scaffold_source_purged,rich_diff_scalars,0,chembl_raw,chembl_raw,0,0.0,0.1,0,,,2015.0
prospective_temporal,chembl_future_after_2015_scaffold_source_purged,rich_diff_scalars,0,chembl_raw,chembl_raw,1,0.1,0.2,0,,,2015.0
prospective_temporal,chembl_future_after_2015_scaffold_source_purged,rich_diff_scalars,0,chembl_raw,chembl_raw,2,0.2,0.3,0,,,2015.0
prospective_temporal,chembl_future_after_2015_scaffold_source_purged,rich_diff_scalars,0,chembl_raw,chembl_raw,3,0.3,0.4,172,0.3828,0.1105,2015.0
prospective_temporal,chembl_future_after_2015_scaffold_source_purged,rich_diff_scalars,0,chembl_raw,chembl_raw,4,0.4,0.5,877,0.4383,0.138,2015.0
prospective_temporal,chembl_future_after_2015_scaffold_source_purged,rich_diff_scalars,0,chembl_raw,chembl_raw,5,0.5,0.6,55,0.5176,0.5091,2015.0
prospective_temporal,chembl_future_after_2015_scaffold_source_purged,rich_diff_scalars,0,chembl_raw,chembl_raw,6,0.6,0.7,0,,,2015.0
prospective_temporal,chembl_future_after_2015_scaffold_source_purged,rich_diff_scalars,0,chembl_raw,chembl_raw,7,0.7,0.8,0,,,2015.0
prospective_temporal,chembl_future_after_2015_scaffold_source_purged,rich_diff_scalars,0,chembl_raw,chembl_raw,8,0.8,0.9,0,,,2015.0
prospective_temporal,chembl_future_after_2015_scaffold_source_purged,rich_diff_scalars,0,chembl_raw,chembl_raw,9,0.9,1.0,0,,,2015.0
prospective_temporal,chembl_future_after_2015_scaffold_source_purged,rich_scalars_only,0,chembl_raw,chembl_raw,0,0.0,0.1,0,,,2015.0
prospective_temporal,chembl_future_after_2015_scaffold_source_purged,rich_scalars_only,0,chembl_raw,chembl_raw,1,0.1,0.2,0,,,2015.0
prospective_temporal,chembl_future_after_2015_scaffold_source_purged,rich_scalars_only,0,chembl_raw,chembl_raw,2,0.2,0.3,0,,,2015.0
prospective_temporal,chembl_future_after_2015_scaffold_source_purged,rich_scalars_only,0,chembl_raw,chembl_raw,3,0.3,0.4,273,0.3703,0.1062,2015.0
prospective_temporal,chembl_future_after_2015_scaffold_source_purged,rich_scalars_only,0,chembl_raw,chembl_raw,4,0.4,0.5,751,0.4403,0.1332,2015.0
prospective_temporal,chembl_future_after_2015_scaffold_source_purged,rich_scalars_only,0,chembl_raw,chembl_raw,5,0.5,0.6,80,0.5242,0.4875,2015.0
prospective_temporal,chembl_future_after_2015_scaffold_source_purged,rich_scalars_only,0,chembl_raw,chembl_raw,6,0.6,0.7,0,,,2015.0
prospective_temporal,chembl_future_after_2015_scaffold_source_purged,rich_scalars_only,0,chembl_raw,chembl_raw,7,0.7,0.8,0,,,2015.0
prospective_temporal,chembl_future_after_2015_scaffold_source_purged,rich_scalars_only,0,chembl_raw,chembl_raw,8,0.8,0.9,0,,,2015.0
prospective_temporal,chembl_future_after_2015_scaffold_source_purged,rich_scalars_only,0,chembl_raw,chembl_raw,9,0.9,1.0,0,,,2015.0
prospective_temporal,chembl_future_after_2015_scaffold_source_purged,extratrees_scalars,0,chembl_raw,chembl_raw,0,0.0,0.1,0,,,2015.0
prospective_temporal,chembl_future_after_2015_scaffold_source_purged,extratrees_scalars,0,chembl_raw,chembl_raw,1,0.1,0.2,9,0.1794,0.2222,2015.0
prospective_temporal,chembl_future_after_2015_scaffold_source_purged,extratrees_scalars,0,chembl_raw,chembl_raw,2,0.2,0.3,187,0.2669,0.1283,2015.0
prospective_temporal,chembl_future_after_2015_scaffold_source_purged,extratrees_scalars,0,chembl_raw,chembl_raw,3,0.3,0.4,479,0.3544,0.1294,2015.0
prospective_temporal,chembl_future_after_2015_scaffold_source_purged,extratrees_scalars,0,chembl_raw,chembl_raw,4,0.4,0.5,357,0.4407,0.1709,2015.0
prospective_temporal,chembl_future_after_2015_scaffold_source_purged,extratrees_scalars,0,chembl_raw,chembl_raw,5,0.5,0.6,70,0.528,0.2714,2015.0
prospective_temporal,chembl_future_after_2015_scaffold_source_purged,extratrees_scalars,0,chembl_raw,chembl_raw,6,0.6,0.7,2,0.6482,0.0,2015.0
prospective_temporal,chembl_future_after_2015_scaffold_source_purged,extratrees_scalars,0,chembl_raw,chembl_raw,7,0.7,0.8,0,,,2015.0
prospective_temporal,chembl_future_after_2015_scaffold_source_purged,extratrees_scalars,0,chembl_raw,chembl_raw,8,0.8,0.9,0,,,2015.0
prospective_temporal,chembl_future_after_2015_scaffold_source_purged,extratrees_scalars,0,chembl_raw,chembl_raw,9,0.9,1.0,0,,,2015.0
prospective_temporal,chembl_future_after_2015_scaffold_source_purged,ecfp_absdiff_xgb,1,chembl_raw,chembl_raw,0,0.0,0.1,0,,,2015.0
prospective_temporal,chembl_future_after_2015_scaffold_source_purged,ecfp_absdiff_xgb,1,chembl_raw,chembl_raw,1,0.1,0.2,0,,,2015.0
prospective_temporal,chembl_future_after_2015_scaffold_source_purged,ecfp_absdiff_xgb,1,chembl_raw,chembl_raw,2,0.2,0.3,0,,,2015.0
prospective_temporal,chembl_future_after_2015_scaffold_source_purged,ecfp_absdiff_xgb,1,chembl_raw,chembl_raw,3,0.3,0.4,2,0.3847,0.0,2015.0
prospective_temporal,chembl_future_after_2015_scaffold_source_purged,ecfp_absdiff_xgb,1,chembl_raw,chembl_raw,4,0.4,0.5,246,0.4605,0.1301,2015.0
prospective_temporal,chembl_future_after_2015_scaffold_source_purged,ecfp_absdiff_xgb,1,chembl_raw,chembl_raw,5,0.5,0.6,852,0.5232,0.1549,2015.0
prospective_temporal,chembl_future_after_2015_scaffold_source_purged,ecfp_absdiff_xgb,1,chembl_raw,chembl_raw,6,0.6,0.7,4,0.6094,1.0,2015.0
prospective_temporal,chembl_future_after_2015_scaffold_source_purged,ecfp_absdiff_xgb,1,chembl_raw,chembl_raw,7,0.7,0.8,0,,,2015.0
prospective_temporal,chembl_future_after_2015_scaffold_source_purged,ecfp_absdiff_xgb,1,chembl_raw,chembl_raw,8,0.8,0.9,0,,,2015.0
prospective_temporal,chembl_future_after_2015_scaffold_source_purged,ecfp_absdiff_xgb,1,chembl_raw,chembl_raw,9,0.9,1.0,0,,,2015.0
prospective_temporal,chembl_future_after_2015_scaffold_source_purged,rich_diff_scalars,1,chembl_raw,chembl_raw,0,0.0,0.1,0,,,2015.0
prospective_temporal,chembl_future_after_2015_scaffold_source_purged,rich_diff_scalars,1,chembl_raw,chembl_raw,1,0.1,0.2,0,,,2015.0
prospective_temporal,chembl_future_after_2015_scaffold_source_purged,rich_diff_scalars,1,chembl_raw,chembl_raw,2,0.2,0.3,0,,,2015.0
prospective_temporal,chembl_future_after_2015_scaffold_source_purged,rich_diff_scalars,1,chembl_raw,chembl_raw,3,0.3,0.4,200,0.3839,0.075,2015.0
prospective_temporal,chembl_future_after_2015_scaffold_source_purged,rich_diff_scalars,1,chembl_raw,chembl_raw,4,0.4,0.5,865,0.4366,0.1514,2015.0
prospective_temporal,chembl_future_after_2015_scaffold_source_purged,rich_diff_scalars,1,chembl_raw,chembl_raw,5,0.5,0.6,39,0.5191,0.5641,2015.0
prospective_temporal,chembl_future_after_2015_scaffold_source_purged,rich_diff_scalars,1,chembl_raw,chembl_raw,6,0.6,0.7,0,,,2015.0
prospective_temporal,chembl_future_after_2015_scaffold_source_purged,rich_diff_scalars,1,chembl_raw,chembl_raw,7,0.7,0.8,0,,,2015.0
prospective_temporal,chembl_future_after_2015_scaffold_source_purged,rich_diff_scalars,1,chembl_raw,chembl_raw,8,0.8,0.9,0,,,2015.0
prospective_temporal,chembl_future_after_2015_scaffold_source_purged,rich_diff_scalars,1,chembl_raw,chembl_raw,9,0.9,1.0,0,,,2015.0
prospective_temporal,chembl_future_after_2015_scaffold_source_purged,rich_scalars_only,1,chembl_raw,chembl_raw,0,0.0,0.1,0,,,2015.0
prospective_temporal,chembl_future_after_2015_scaffold_source_purged,rich_scalars_only,1,chembl_raw,chembl_raw,1,0.1,0.2,0,,,2015.0
prospective_temporal,chembl_future_after_2015_scaffold_source_purged,rich_scalars_only,1,chembl_raw,chembl_raw,2,0.2,0.3,0,,,2015.0
prospective_temporal,chembl_future_after_2015_scaffold_source_purged,rich_scalars_only,1,chembl_raw,chembl_raw,3,0.3,0.4,340,0.3753,0.0618,2015.0
prospective_temporal,chembl_future_after_2015_scaffold_source_purged,rich_scalars_only,1,chembl_raw,chembl_raw,4,0.4,0.5,707,0.4343,0.1641,2015.0
prospective_temporal,chembl_future_after_2015_scaffold_source_purged,rich_scalars_only,1,chembl_raw,chembl_raw,5,0.5,0.6,57,0.516,0.5439,2015.0
prospective_temporal,chembl_future_after_2015_scaffold_source_purged,rich_scalars_only,1,chembl_raw,chembl_raw,6,0.6,0.7,0,,,2015.0
prospective_temporal,chembl_future_after_2015_scaffold_source_purged,rich_scalars_only,1,chembl_raw,chembl_raw,7,0.7,0.8,0,,,2015.0
prospective_temporal,chembl_future_after_2015_scaffold_source_purged,rich_scalars_only,1,chembl_raw,chembl_raw,8,0.8,0.9,0,,,2015.0
prospective_temporal,chembl_future_after_2015_scaffold_source_purged,rich_scalars_only,1,chembl_raw,chembl_raw,9,0.9,1.0,0,,,2015.0
prospective_temporal,chembl_future_after_2015_scaffold_source_purged,extratrees_scalars,1,chembl_raw,chembl_raw,0,0.0,0.1,0,,,2015.0
prospective_temporal,chembl_future_after_2015_scaffold_source_purged,extratrees_scalars,1,chembl_raw,chembl_raw,1,0.1,0.2,14,0.1789,0.1429,2015.0
prospective_temporal,chembl_future_after_2015_scaffold_source_purged,extratrees_scalars,1,chembl_raw,chembl_raw,2,0.2,0.3,194,0.2628,0.1443,2015.0
prospective_temporal,chembl_future_after_2015_scaffold_source_purged,extratrees_scalars,1,chembl_raw,chembl_raw,3,0.3,0.4,442,0.3525,0.1176,2015.0
prospective_temporal,chembl_future_after_2015_scaffold_source_purged,extratrees_scalars,1,chembl_raw,chembl_raw,4,0.4,0.5,365,0.4461,0.1671,2015.0
prospective_temporal,chembl_future_after_2015_scaffold_source_purged,extratrees_scalars,1,chembl_raw,chembl_raw,5,0.5,0.6,82,0.5314,0.3049,2015.0
prospective_temporal,chembl_future_after_2015_scaffold_source_purged,extratrees_scalars,1,chembl_raw,chembl_raw,6,0.6,0.7,7,0.6285,0.0,2015.0
prospective_temporal,chembl_future_after_2015_scaffold_source_purged,extratrees_scalars,1,chembl_raw,chembl_raw,7,0.7,0.8,0,,,2015.0
prospective_temporal,chembl_future_after_2015_scaffold_source_purged,extratrees_scalars,1,chembl_raw,chembl_raw,8,0.8,0.9,0,,,2015.0
prospective_temporal,chembl_future_after_2015_scaffold_source_purged,extratrees_scalars,1,chembl_raw,chembl_raw,9,0.9,1.0,0,,,2015.0
prospective_temporal,chembl_future_after_2015_scaffold_source_purged,ecfp_absdiff_xgb,2,chembl_raw,chembl_raw,0,0.0,0.1,0,,,2015.0
prospective_temporal,chembl_future_after_2015_scaffold_source_purged,ecfp_absdiff_xgb,2,chembl_raw,chembl_raw,1,0.1,0.2,0,,,2015.0
prospective_temporal,chembl_future_after_2015_scaffold_source_purged,ecfp_absdiff_xgb,2,chembl_raw,chembl_raw,2,0.2,0.3,0,,,2015.0
prospective_temporal,chembl_future_after_2015_scaffold_source_purged,ecfp_absdiff_xgb,2,chembl_raw,chembl_raw,3,0.3,0.4,5,0.3855,0.2,2015.0
prospective_temporal,chembl_future_after_2015_scaffold_source_purged,ecfp_absdiff_xgb,2,chembl_raw,chembl_raw,4,0.4,0.5,217,0.4547,0.1521,2015.0
prospective_temporal,chembl_future_after_2015_scaffold_source_purged,ecfp_absdiff_xgb,2,chembl_raw,chembl_raw,5,0.5,0.6,874,0.5206,0.1442,2015.0
prospective_temporal,chembl_future_after_2015_scaffold_source_purged,ecfp_absdiff_xgb,2,chembl_raw,chembl_raw,6,0.6,0.7,8,0.6082,1.0,2015.0
prospective_temporal,chembl_future_after_2015_scaffold_source_purged,ecfp_absdiff_xgb,2,chembl_raw,chembl_raw,7,0.7,0.8,0,,,2015.0
prospective_temporal,chembl_future_after_2015_scaffold_source_purged,ecfp_absdiff_xgb,2,chembl_raw,chembl_raw,8,0.8,0.9,0,,,2015.0
prospective_temporal,chembl_future_after_2015_scaffold_source_purged,ecfp_absdiff_xgb,2,chembl_raw,chembl_raw,9,0.9,1.0,0,,,2015.0
prospective_temporal,chembl_future_after_2015_scaffold_source_purged,rich_diff_scalars,2,chembl_raw,chembl_raw,0,0.0,0.1,0,,,2015.0
prospective_temporal,chembl_future_after_2015_scaffold_source_purged,rich_diff_scalars,2,chembl_raw,chembl_raw,1,0.1,0.2,0,,,2015.0
prospective_temporal,chembl_future_after_2015_scaffold_source_purged,rich_diff_scalars,2,chembl_raw,chembl_raw,2,0.2,0.3,0,,,2015.0
prospective_temporal,chembl_future_after_2015_scaffold_source_purged,rich_diff_scalars,2,chembl_raw,chembl_raw,3,0.3,0.4,160,0.3825,0.0875,2015.0
prospective_temporal,chembl_future_after_2015_scaffold_source_purged,rich_diff_scalars,2,chembl_raw,chembl_raw,4,0.4,0.5,882,0.4402,0.1395,2015.0
prospective_temporal,chembl_future_after_2015_scaffold_source_purged,rich_diff_scalars,2,chembl_raw,chembl_raw,5,0.5,0.6,62,0.5161,0.5,2015.0
prospective_temporal,chembl_future_after_2015_scaffold_source_purged,rich_diff_scalars,2,chembl_raw,chembl_raw,6,0.6,0.7,0,,,2015.0
prospective_temporal,chembl_future_after_2015_scaffold_source_purged,rich_diff_scalars,2,chembl_raw,chembl_raw,7,0.7,0.8,0,,,2015.0
prospective_temporal,chembl_future_after_2015_scaffold_source_purged,rich_diff_scalars,2,chembl_raw,chembl_raw,8,0.8,0.9,0,,,2015.0
prospective_temporal,chembl_future_after_2015_scaffold_source_purged,rich_diff_scalars,2,chembl_raw,chembl_raw,9,0.9,1.0,0,,,2015.0
prospective_temporal,chembl_future_after_2015_scaffold_source_purged,rich_scalars_only,2,chembl_raw,chembl_raw,0,0.0,0.1,0,,,2015.0
prospective_temporal,chembl_future_after_2015_scaffold_source_purged,rich_scalars_only,2,chembl_raw,chembl_raw,1,0.1,0.2,0,,,2015.0
prospective_temporal,chembl_future_after_2015_scaffold_source_purged,rich_scalars_only,2,chembl_raw,chembl_raw,2,0.2,0.3,1,0.2996,0.0,2015.0
prospective_temporal,chembl_future_after_2015_scaffold_source_purged,rich_scalars_only,2,chembl_raw,chembl_raw,3,0.3,0.4,302,0.3681,0.096,2015.0
prospective_temporal,chembl_future_after_2015_scaffold_source_purged,rich_scalars_only,2,chembl_raw,chembl_raw,4,0.4,0.5,753,0.4403,0.1554,2015.0
prospective_temporal,chembl_future_after_2015_scaffold_source_purged,rich_scalars_only,2,chembl_raw,chembl_raw,5,0.5,0.6,48,0.5183,0.4583,2015.0
prospective_temporal,chembl_future_after_2015_scaffold_source_purged,rich_scalars_only,2,chembl_raw,chembl_raw,6,0.6,0.7,0,,,2015.0
prospective_temporal,chembl_future_after_2015_scaffold_source_purged,rich_scalars_only,2,chembl_raw,chembl_raw,7,0.7,0.8,0,,,2015.0
prospective_temporal,chembl_future_after_2015_scaffold_source_purged,rich_scalars_only,2,chembl_raw,chembl_raw,8,0.8,0.9,0,,,2015.0
prospective_temporal,chembl_future_after_2015_scaffold_source_purged,rich_scalars_only,2,chembl_raw,chembl_raw,9,0.9,1.0,0,,,2015.0
prospective_temporal,chembl_future_after_2015_scaffold_source_purged,extratrees_scalars,2,chembl_raw,chembl_raw,0,0.0,0.1,0,,,2015.0
prospective_temporal,chembl_future_after_2015_scaffold_source_purged,extratrees_scalars,2,chembl_raw,chembl_raw,1,0.1,0.2,4,0.187,0.0,2015.0
prospective_temporal,chembl_future_after_2015_scaffold_source_purged,extratrees_scalars,2,chembl_raw,chembl_raw,2,0.2,0.3,108,0.2725,0.1019,2015.0
prospective_temporal,chembl_future_after_2015_scaffold_source_purged,extratrees_scalars,2,chembl_raw,chembl_raw,3,0.3,0.4,473,0.3573,0.1607,2015.0
prospective_temporal,chembl_future_after_2015_scaffold_source_purged,extratrees_scalars,2,chembl_raw,chembl_raw,4,0.4,0.5,396,0.4422,0.1641,2015.0
prospective_temporal,chembl_future_after_2015_scaffold_source_purged,extratrees_scalars,2,chembl_raw,chembl_raw,5,0.5,0.6,116,0.5344,0.1293,2015.0
prospective_temporal,chembl_future_after_2015_scaffold_source_purged,extratrees_scalars,2,chembl_raw,chembl_raw,6,0.6,0.7,7,0.6164,0.1429,2015.0
prospective_temporal,chembl_future_after_2015_scaffold_source_purged,extratrees_scalars,2,chembl_raw,chembl_raw,7,0.7,0.8,0,,,2015.0
prospective_temporal,chembl_future_after_2015_scaffold_source_purged,extratrees_scalars,2,chembl_raw,chembl_raw,8,0.8,0.9,0,,,2015.0
prospective_temporal,chembl_future_after_2015_scaffold_source_purged,extratrees_scalars,2,chembl_raw,chembl_raw,9,0.9,1.0,0,,,2015.0
