experiment,split_mode,variant,seed,train_source,test_source,coverage,accuracy,risk,positive_precision,positive_lift,cutoff_year
cross_database_transfer,chembl_to_bindingdb_matched_targets,ecfp_absdiff_xgb,0,chembl_raw,bindingdb_raw,0.1,0.767,0.233,0.3815,1.2198,
cross_database_transfer,chembl_to_bindingdb_matched_targets,ecfp_absdiff_xgb,0,chembl_raw,bindingdb_raw,0.2,0.7096,0.2904,0.37,1.1831,
cross_database_transfer,chembl_to_bindingdb_matched_targets,ecfp_absdiff_xgb,0,chembl_raw,bindingdb_raw,0.4,0.6173,0.3827,0.3471,1.1099,
cross_database_transfer,chembl_to_bindingdb_matched_targets,ecfp_absdiff_xgb,0,chembl_raw,bindingdb_raw,0.6,0.5247,0.4753,0.3336,1.0665,
cross_database_transfer,chembl_to_bindingdb_matched_targets,ecfp_absdiff_xgb,0,chembl_raw,bindingdb_raw,0.8,0.4842,0.5158,0.3279,1.0484,
cross_database_transfer,chembl_to_bindingdb_matched_targets,ecfp_absdiff_xgb,0,chembl_raw,bindingdb_raw,1.0,0.4928,0.5072,0.3128,1.0,
cross_database_transfer,chembl_to_bindingdb_matched_targets,rich_diff_scalars,0,chembl_raw,bindingdb_raw,0.1,0.7137,0.2863,0.4562,1.4587,
cross_database_transfer,chembl_to_bindingdb_matched_targets,rich_diff_scalars,0,chembl_raw,bindingdb_raw,0.2,0.6845,0.3155,0.4263,1.363,
cross_database_transfer,chembl_to_bindingdb_matched_targets,rich_diff_scalars,0,chembl_raw,bindingdb_raw,0.4,0.6616,0.3384,0.3916,1.2521,
cross_database_transfer,chembl_to_bindingdb_matched_targets,rich_diff_scalars,0,chembl_raw,bindingdb_raw,0.6,0.6447,0.3553,0.3601,1.1514,
cross_database_transfer,chembl_to_bindingdb_matched_targets,rich_diff_scalars,0,chembl_raw,bindingdb_raw,0.8,0.6282,0.3718,0.3409,1.09,
cross_database_transfer,chembl_to_bindingdb_matched_targets,rich_diff_scalars,0,chembl_raw,bindingdb_raw,1.0,0.6043,0.3957,0.3128,1.0,
cross_database_transfer,chembl_to_bindingdb_matched_targets,rich_scalars_only,0,chembl_raw,bindingdb_raw,0.1,0.6932,0.3068,0.4331,1.3847,
cross_database_transfer,chembl_to_bindingdb_matched_targets,rich_scalars_only,0,chembl_raw,bindingdb_raw,0.2,0.6627,0.3373,0.4352,1.3914,
cross_database_transfer,chembl_to_bindingdb_matched_targets,rich_scalars_only,0,chembl_raw,bindingdb_raw,0.4,0.657,0.343,0.3964,1.2674,
cross_database_transfer,chembl_to_bindingdb_matched_targets,rich_scalars_only,0,chembl_raw,bindingdb_raw,0.6,0.635,0.365,0.3625,1.1589,
cross_database_transfer,chembl_to_bindingdb_matched_targets,rich_scalars_only,0,chembl_raw,bindingdb_raw,0.8,0.6176,0.3824,0.3405,1.0887,
cross_database_transfer,chembl_to_bindingdb_matched_targets,rich_scalars_only,0,chembl_raw,bindingdb_raw,1.0,0.5994,0.4006,0.3128,1.0,
cross_database_transfer,chembl_to_bindingdb_matched_targets,extratrees_scalars,0,chembl_raw,bindingdb_raw,0.1,0.8804,0.1196,0.5754,1.8397,
cross_database_transfer,chembl_to_bindingdb_matched_targets,extratrees_scalars,0,chembl_raw,bindingdb_raw,0.2,0.8286,0.1714,0.4701,1.5031,
cross_database_transfer,chembl_to_bindingdb_matched_targets,extratrees_scalars,0,chembl_raw,bindingdb_raw,0.4,0.7733,0.2267,0.3996,1.2777,
cross_database_transfer,chembl_to_bindingdb_matched_targets,extratrees_scalars,0,chembl_raw,bindingdb_raw,0.6,0.733,0.267,0.3716,1.1881,
cross_database_transfer,chembl_to_bindingdb_matched_targets,extratrees_scalars,0,chembl_raw,bindingdb_raw,0.8,0.6991,0.3009,0.3486,1.1145,
cross_database_transfer,chembl_to_bindingdb_matched_targets,extratrees_scalars,0,chembl_raw,bindingdb_raw,1.0,0.6652,0.3348,0.3128,1.0,
cross_database_transfer,chembl_to_bindingdb_matched_targets,ecfp_absdiff_xgb,1,chembl_raw,bindingdb_raw,0.1,0.7688,0.2312,0.3975,1.271,
cross_database_transfer,chembl_to_bindingdb_matched_targets,ecfp_absdiff_xgb,1,chembl_raw,bindingdb_raw,0.2,0.704,0.296,0.3665,1.1717,
cross_database_transfer,chembl_to_bindingdb_matched_targets,ecfp_absdiff_xgb,1,chembl_raw,bindingdb_raw,0.4,0.6346,0.3654,0.3411,1.0907,
cross_database_transfer,chembl_to_bindingdb_matched_targets,ecfp_absdiff_xgb,1,chembl_raw,bindingdb_raw,0.6,0.5341,0.4659,0.334,1.0679,
cross_database_transfer,chembl_to_bindingdb_matched_targets,ecfp_absdiff_xgb,1,chembl_raw,bindingdb_raw,0.8,0.4915,0.5085,0.3269,1.0454,
cross_database_transfer,chembl_to_bindingdb_matched_targets,ecfp_absdiff_xgb,1,chembl_raw,bindingdb_raw,1.0,0.4933,0.5067,0.3128,1.0,
cross_database_transfer,chembl_to_bindingdb_matched_targets,rich_diff_scalars,1,chembl_raw,bindingdb_raw,0.1,0.7426,0.2574,0.4562,1.4587,
cross_database_transfer,chembl_to_bindingdb_matched_targets,rich_diff_scalars,1,chembl_raw,bindingdb_raw,0.2,0.6913,0.3087,0.4198,1.3424,
cross_database_transfer,chembl_to_bindingdb_matched_targets,rich_diff_scalars,1,chembl_raw,bindingdb_raw,0.4,0.6644,0.3356,0.3915,1.2517,
cross_database_transfer,chembl_to_bindingdb_matched_targets,rich_diff_scalars,1,chembl_raw,bindingdb_raw,0.6,0.6446,0.3554,0.3635,1.1623,
cross_database_transfer,chembl_to_bindingdb_matched_targets,rich_diff_scalars,1,chembl_raw,bindingdb_raw,0.8,0.6265,0.3735,0.3409,1.09,
cross_database_transfer,chembl_to_bindingdb_matched_targets,rich_diff_scalars,1,chembl_raw,bindingdb_raw,1.0,0.608,0.392,0.3128,1.0,
cross_database_transfer,chembl_to_bindingdb_matched_targets,rich_scalars_only,1,chembl_raw,bindingdb_raw,0.1,0.7421,0.2579,0.4429,1.416,
cross_database_transfer,chembl_to_bindingdb_matched_targets,rich_scalars_only,1,chembl_raw,bindingdb_raw,0.2,0.6684,0.3316,0.4307,1.3772,
cross_database_transfer,chembl_to_bindingdb_matched_targets,rich_scalars_only,1,chembl_raw,bindingdb_raw,0.4,0.6649,0.3351,0.3968,1.2688,
cross_database_transfer,chembl_to_bindingdb_matched_targets,rich_scalars_only,1,chembl_raw,bindingdb_raw,0.6,0.6481,0.3519,0.3643,1.1649,
cross_database_transfer,chembl_to_bindingdb_matched_targets,rich_scalars_only,1,chembl_raw,bindingdb_raw,0.8,0.6278,0.3722,0.3403,1.0882,
cross_database_transfer,chembl_to_bindingdb_matched_targets,rich_scalars_only,1,chembl_raw,bindingdb_raw,1.0,0.609,0.391,0.3128,1.0,
cross_database_transfer,chembl_to_bindingdb_matched_targets,extratrees_scalars,1,chembl_raw,bindingdb_raw,0.1,0.8724,0.1276,0.5576,1.7828,
cross_database_transfer,chembl_to_bindingdb_matched_targets,extratrees_scalars,1,chembl_raw,bindingdb_raw,0.2,0.8234,0.1766,0.4701,1.5031,
cross_database_transfer,chembl_to_bindingdb_matched_targets,extratrees_scalars,1,chembl_raw,bindingdb_raw,0.4,0.7698,0.2302,0.4069,1.3011,
cross_database_transfer,chembl_to_bindingdb_matched_targets,extratrees_scalars,1,chembl_raw,bindingdb_raw,0.6,0.73,0.27,0.3729,1.1924,
cross_database_transfer,chembl_to_bindingdb_matched_targets,extratrees_scalars,1,chembl_raw,bindingdb_raw,0.8,0.6985,0.3015,0.3465,1.1077,
cross_database_transfer,chembl_to_bindingdb_matched_targets,extratrees_scalars,1,chembl_raw,bindingdb_raw,1.0,0.665,0.335,0.3128,1.0,
cross_database_transfer,chembl_to_bindingdb_matched_targets,ecfp_absdiff_xgb,2,chembl_raw,bindingdb_raw,0.1,0.7755,0.2245,0.4362,1.3947,
cross_database_transfer,chembl_to_bindingdb_matched_targets,ecfp_absdiff_xgb,2,chembl_raw,bindingdb_raw,0.2,0.6982,0.3018,0.3756,1.2009,
cross_database_transfer,chembl_to_bindingdb_matched_targets,ecfp_absdiff_xgb,2,chembl_raw,bindingdb_raw,0.4,0.6406,0.3594,0.3467,1.1085,
cross_database_transfer,chembl_to_bindingdb_matched_targets,ecfp_absdiff_xgb,2,chembl_raw,bindingdb_raw,0.6,0.5307,0.4693,0.3333,1.0656,
cross_database_transfer,chembl_to_bindingdb_matched_targets,ecfp_absdiff_xgb,2,chembl_raw,bindingdb_raw,0.8,0.4909,0.5091,0.3269,1.0454,
cross_database_transfer,chembl_to_bindingdb_matched_targets,ecfp_absdiff_xgb,2,chembl_raw,bindingdb_raw,1.0,0.4884,0.5116,0.3128,1.0,
cross_database_transfer,chembl_to_bindingdb_matched_targets,rich_diff_scalars,2,chembl_raw,bindingdb_raw,0.1,0.7221,0.2779,0.4558,1.4572,
cross_database_transfer,chembl_to_bindingdb_matched_targets,rich_diff_scalars,2,chembl_raw,bindingdb_raw,0.2,0.6856,0.3144,0.4347,1.39,
cross_database_transfer,chembl_to_bindingdb_matched_targets,rich_diff_scalars,2,chembl_raw,bindingdb_raw,0.4,0.665,0.335,0.3905,1.2485,
cross_database_transfer,chembl_to_bindingdb_matched_targets,rich_diff_scalars,2,chembl_raw,bindingdb_raw,0.6,0.6507,0.3493,0.3599,1.1509,
cross_database_transfer,chembl_to_bindingdb_matched_targets,rich_diff_scalars,2,chembl_raw,bindingdb_raw,0.8,0.6268,0.3732,0.341,1.0903,
cross_database_transfer,chembl_to_bindingdb_matched_targets,rich_diff_scalars,2,chembl_raw,bindingdb_raw,1.0,0.6046,0.3954,0.3128,1.0,
cross_database_transfer,chembl_to_bindingdb_matched_targets,rich_scalars_only,2,chembl_raw,bindingdb_raw,0.1,0.6865,0.3135,0.4433,1.4174,
cross_database_transfer,chembl_to_bindingdb_matched_targets,rich_scalars_only,2,chembl_raw,bindingdb_raw,0.2,0.6555,0.3445,0.4361,1.3943,
cross_database_transfer,chembl_to_bindingdb_matched_targets,rich_scalars_only,2,chembl_raw,bindingdb_raw,0.4,0.6533,0.3467,0.397,1.2695,
cross_database_transfer,chembl_to_bindingdb_matched_targets,rich_scalars_only,2,chembl_raw,bindingdb_raw,0.6,0.6406,0.3594,0.3608,1.1537,
cross_database_transfer,chembl_to_bindingdb_matched_targets,rich_scalars_only,2,chembl_raw,bindingdb_raw,0.8,0.6251,0.3749,0.338,1.0807,
cross_database_transfer,chembl_to_bindingdb_matched_targets,rich_scalars_only,2,chembl_raw,bindingdb_raw,1.0,0.6043,0.3957,0.3128,1.0,
cross_database_transfer,chembl_to_bindingdb_matched_targets,extratrees_scalars,2,chembl_raw,bindingdb_raw,0.1,0.8728,0.1272,0.5825,1.8624,
cross_database_transfer,chembl_to_bindingdb_matched_targets,extratrees_scalars,2,chembl_raw,bindingdb_raw,0.2,0.8125,0.1875,0.4797,1.5336,
cross_database_transfer,chembl_to_bindingdb_matched_targets,extratrees_scalars,2,chembl_raw,bindingdb_raw,0.4,0.7665,0.2335,0.4044,1.293,
cross_database_transfer,chembl_to_bindingdb_matched_targets,extratrees_scalars,2,chembl_raw,bindingdb_raw,0.6,0.7324,0.2676,0.37,1.1829,
cross_database_transfer,chembl_to_bindingdb_matched_targets,extratrees_scalars,2,chembl_raw,bindingdb_raw,0.8,0.698,0.302,0.3438,1.0992,
cross_database_transfer,chembl_to_bindingdb_matched_targets,extratrees_scalars,2,chembl_raw,bindingdb_raw,1.0,0.6632,0.3368,0.3128,1.0,
cross_database_transfer,chembl_to_bindingdb_exact_ligand_purged,ecfp_absdiff_xgb,0,chembl_raw,bindingdb_raw,0.1,0.7817,0.2183,0.3846,1.2298,
cross_database_transfer,chembl_to_bindingdb_exact_ligand_purged,ecfp_absdiff_xgb,0,chembl_raw,bindingdb_raw,0.2,0.7009,0.2991,0.3478,1.112,
cross_database_transfer,chembl_to_bindingdb_exact_ligand_purged,ecfp_absdiff_xgb,0,chembl_raw,bindingdb_raw,0.4,0.6339,0.3661,0.3289,1.0516,
cross_database_transfer,chembl_to_bindingdb_exact_ligand_purged,ecfp_absdiff_xgb,0,chembl_raw,bindingdb_raw,0.6,0.5441,0.4559,0.3246,1.0378,
cross_database_transfer,chembl_to_bindingdb_exact_ligand_purged,ecfp_absdiff_xgb,0,chembl_raw,bindingdb_raw,0.8,0.4859,0.5141,0.3273,1.0464,
cross_database_transfer,chembl_to_bindingdb_exact_ligand_purged,ecfp_absdiff_xgb,0,chembl_raw,bindingdb_raw,1.0,0.4769,0.5231,0.3128,1.0,
cross_database_transfer,chembl_to_bindingdb_exact_ligand_purged,rich_diff_scalars,0,chembl_raw,bindingdb_raw,0.1,0.8044,0.1956,0.4633,1.4814,
cross_database_transfer,chembl_to_bindingdb_exact_ligand_purged,rich_diff_scalars,0,chembl_raw,bindingdb_raw,0.2,0.7574,0.2426,0.4096,1.3097,
cross_database_transfer,chembl_to_bindingdb_exact_ligand_purged,rich_diff_scalars,0,chembl_raw,bindingdb_raw,0.4,0.685,0.315,0.3736,1.1945,
cross_database_transfer,chembl_to_bindingdb_exact_ligand_purged,rich_diff_scalars,0,chembl_raw,bindingdb_raw,0.6,0.6473,0.3527,0.3583,1.1457,
cross_database_transfer,chembl_to_bindingdb_exact_ligand_purged,rich_diff_scalars,0,chembl_raw,bindingdb_raw,0.8,0.6166,0.3834,0.3392,1.0845,
cross_database_transfer,chembl_to_bindingdb_exact_ligand_purged,rich_diff_scalars,0,chembl_raw,bindingdb_raw,1.0,0.593,0.407,0.3128,1.0,
cross_database_transfer,chembl_to_bindingdb_exact_ligand_purged,rich_scalars_only,0,chembl_raw,bindingdb_raw,0.1,0.8173,0.1827,0.4691,1.4999,
cross_database_transfer,chembl_to_bindingdb_exact_ligand_purged,rich_scalars_only,0,chembl_raw,bindingdb_raw,0.2,0.7429,0.2571,0.4085,1.3061,
cross_database_transfer,chembl_to_bindingdb_exact_ligand_purged,rich_scalars_only,0,chembl_raw,bindingdb_raw,0.4,0.6666,0.3334,0.3786,1.2105,
cross_database_transfer,chembl_to_bindingdb_exact_ligand_purged,rich_scalars_only,0,chembl_raw,bindingdb_raw,0.6,0.6338,0.3662,0.3614,1.1554,
cross_database_transfer,chembl_to_bindingdb_exact_ligand_purged,rich_scalars_only,0,chembl_raw,bindingdb_raw,0.8,0.6062,0.3938,0.3393,1.0848,
cross_database_transfer,chembl_to_bindingdb_exact_ligand_purged,rich_scalars_only,0,chembl_raw,bindingdb_raw,1.0,0.5863,0.4137,0.3128,1.0,
cross_database_transfer,chembl_to_bindingdb_exact_ligand_purged,extratrees_scalars,0,chembl_raw,bindingdb_raw,0.1,0.8377,0.1623,0.4767,1.5241,
cross_database_transfer,chembl_to_bindingdb_exact_ligand_purged,extratrees_scalars,0,chembl_raw,bindingdb_raw,0.2,0.7867,0.2133,0.4212,1.3466,
cross_database_transfer,chembl_to_bindingdb_exact_ligand_purged,extratrees_scalars,0,chembl_raw,bindingdb_raw,0.4,0.7421,0.2579,0.3834,1.2258,
cross_database_transfer,chembl_to_bindingdb_exact_ligand_purged,extratrees_scalars,0,chembl_raw,bindingdb_raw,0.6,0.7082,0.2918,0.3573,1.1423,
cross_database_transfer,chembl_to_bindingdb_exact_ligand_purged,extratrees_scalars,0,chembl_raw,bindingdb_raw,0.8,0.6783,0.3217,0.3381,1.0809,
cross_database_transfer,chembl_to_bindingdb_exact_ligand_purged,extratrees_scalars,0,chembl_raw,bindingdb_raw,1.0,0.6494,0.3506,0.3128,1.0,
cross_database_transfer,chembl_to_bindingdb_exact_ligand_purged,ecfp_absdiff_xgb,1,chembl_raw,bindingdb_raw,0.1,0.7635,0.2365,0.3828,1.2241,
cross_database_transfer,chembl_to_bindingdb_exact_ligand_purged,ecfp_absdiff_xgb,1,chembl_raw,bindingdb_raw,0.2,0.7007,0.2993,0.3449,1.1028,
cross_database_transfer,chembl_to_bindingdb_exact_ligand_purged,ecfp_absdiff_xgb,1,chembl_raw,bindingdb_raw,0.4,0.6344,0.3656,0.3351,1.0715,
cross_database_transfer,chembl_to_bindingdb_exact_ligand_purged,ecfp_absdiff_xgb,1,chembl_raw,bindingdb_raw,0.6,0.5301,0.4699,0.3269,1.0452,
cross_database_transfer,chembl_to_bindingdb_exact_ligand_purged,ecfp_absdiff_xgb,1,chembl_raw,bindingdb_raw,0.8,0.4759,0.5241,0.3275,1.0471,
cross_database_transfer,chembl_to_bindingdb_exact_ligand_purged,ecfp_absdiff_xgb,1,chembl_raw,bindingdb_raw,1.0,0.4733,0.5267,0.3128,1.0,
cross_database_transfer,chembl_to_bindingdb_exact_ligand_purged,rich_diff_scalars,1,chembl_raw,bindingdb_raw,0.1,0.8173,0.1827,0.4584,1.4658,
cross_database_transfer,chembl_to_bindingdb_exact_ligand_purged,rich_diff_scalars,1,chembl_raw,bindingdb_raw,0.2,0.7543,0.2457,0.4025,1.2869,
cross_database_transfer,chembl_to_bindingdb_exact_ligand_purged,rich_diff_scalars,1,chembl_raw,bindingdb_raw,0.4,0.6771,0.3229,0.3759,1.202,
cross_database_transfer,chembl_to_bindingdb_exact_ligand_purged,rich_diff_scalars,1,chembl_raw,bindingdb_raw,0.6,0.6425,0.3575,0.3571,1.1416,
cross_database_transfer,chembl_to_bindingdb_exact_ligand_purged,rich_diff_scalars,1,chembl_raw,bindingdb_raw,0.8,0.6121,0.3879,0.3387,1.0829,
cross_database_transfer,chembl_to_bindingdb_exact_ligand_purged,rich_diff_scalars,1,chembl_raw,bindingdb_raw,1.0,0.5937,0.4063,0.3128,1.0,
cross_database_transfer,chembl_to_bindingdb_exact_ligand_purged,rich_scalars_only,1,chembl_raw,bindingdb_raw,0.1,0.807,0.193,0.4478,1.4316,
cross_database_transfer,chembl_to_bindingdb_exact_ligand_purged,rich_scalars_only,1,chembl_raw,bindingdb_raw,0.2,0.7452,0.2548,0.4076,1.3033,
cross_database_transfer,chembl_to_bindingdb_exact_ligand_purged,rich_scalars_only,1,chembl_raw,bindingdb_raw,0.4,0.6617,0.3383,0.3804,1.2162,
cross_database_transfer,chembl_to_bindingdb_exact_ligand_purged,rich_scalars_only,1,chembl_raw,bindingdb_raw,0.6,0.6295,0.3705,0.361,1.1542,
cross_database_transfer,chembl_to_bindingdb_exact_ligand_purged,rich_scalars_only,1,chembl_raw,bindingdb_raw,0.8,0.6067,0.3933,0.3384,1.082,
cross_database_transfer,chembl_to_bindingdb_exact_ligand_purged,rich_scalars_only,1,chembl_raw,bindingdb_raw,1.0,0.5901,0.4099,0.3128,1.0,
cross_database_transfer,chembl_to_bindingdb_exact_ligand_purged,extratrees_scalars,1,chembl_raw,bindingdb_raw,0.1,0.8426,0.1574,0.4691,1.4999,
cross_database_transfer,chembl_to_bindingdb_exact_ligand_purged,extratrees_scalars,1,chembl_raw,bindingdb_raw,0.2,0.7865,0.2135,0.4198,1.3424,
cross_database_transfer,chembl_to_bindingdb_exact_ligand_purged,extratrees_scalars,1,chembl_raw,bindingdb_raw,0.4,0.7389,0.2611,0.3699,1.1828,
cross_database_transfer,chembl_to_bindingdb_exact_ligand_purged,extratrees_scalars,1,chembl_raw,bindingdb_raw,0.6,0.7038,0.2962,0.3551,1.1355,
cross_database_transfer,chembl_to_bindingdb_exact_ligand_purged,extratrees_scalars,1,chembl_raw,bindingdb_raw,0.8,0.6713,0.3287,0.3376,1.0793,
cross_database_transfer,chembl_to_bindingdb_exact_ligand_purged,extratrees_scalars,1,chembl_raw,bindingdb_raw,1.0,0.6457,0.3543,0.3128,1.0,
cross_database_transfer,chembl_to_bindingdb_exact_ligand_purged,ecfp_absdiff_xgb,2,chembl_raw,bindingdb_raw,0.1,0.7808,0.2192,0.4157,1.3293,
cross_database_transfer,chembl_to_bindingdb_exact_ligand_purged,ecfp_absdiff_xgb,2,chembl_raw,bindingdb_raw,0.2,0.6871,0.3129,0.3722,1.1902,
cross_database_transfer,chembl_to_bindingdb_exact_ligand_purged,ecfp_absdiff_xgb,2,chembl_raw,bindingdb_raw,0.4,0.6477,0.3523,0.3436,1.0985,
cross_database_transfer,chembl_to_bindingdb_exact_ligand_purged,ecfp_absdiff_xgb,2,chembl_raw,bindingdb_raw,0.6,0.5388,0.4612,0.3333,1.0658,
cross_database_transfer,chembl_to_bindingdb_exact_ligand_purged,ecfp_absdiff_xgb,2,chembl_raw,bindingdb_raw,0.8,0.4837,0.5163,0.3273,1.0466,
cross_database_transfer,chembl_to_bindingdb_exact_ligand_purged,ecfp_absdiff_xgb,2,chembl_raw,bindingdb_raw,1.0,0.4792,0.5208,0.3128,1.0,
cross_database_transfer,chembl_to_bindingdb_exact_ligand_purged,rich_diff_scalars,2,chembl_raw,bindingdb_raw,0.1,0.8253,0.1747,0.4633,1.4814,
cross_database_transfer,chembl_to_bindingdb_exact_ligand_purged,rich_diff_scalars,2,chembl_raw,bindingdb_raw,0.2,0.7574,0.2426,0.398,1.2727,
cross_database_transfer,chembl_to_bindingdb_exact_ligand_purged,rich_diff_scalars,2,chembl_raw,bindingdb_raw,0.4,0.6817,0.3183,0.3739,1.1956,
cross_database_transfer,chembl_to_bindingdb_exact_ligand_purged,rich_diff_scalars,2,chembl_raw,bindingdb_raw,0.6,0.6401,0.3599,0.3576,1.1433,
cross_database_transfer,chembl_to_bindingdb_exact_ligand_purged,rich_diff_scalars,2,chembl_raw,bindingdb_raw,0.8,0.612,0.388,0.3401,1.0873,
cross_database_transfer,chembl_to_bindingdb_exact_ligand_purged,rich_diff_scalars,2,chembl_raw,bindingdb_raw,1.0,0.593,0.407,0.3128,1.0,
cross_database_transfer,chembl_to_bindingdb_exact_ligand_purged,rich_scalars_only,2,chembl_raw,bindingdb_raw,0.1,0.8288,0.1712,0.4495,1.4373,
cross_database_transfer,chembl_to_bindingdb_exact_ligand_purged,rich_scalars_only,2,chembl_raw,bindingdb_raw,0.2,0.7427,0.2573,0.4025,1.2869,
cross_database_transfer,chembl_to_bindingdb_exact_ligand_purged,rich_scalars_only,2,chembl_raw,bindingdb_raw,0.4,0.6666,0.3334,0.3794,1.213,
cross_database_transfer,chembl_to_bindingdb_exact_ligand_purged,rich_scalars_only,2,chembl_raw,bindingdb_raw,0.6,0.6324,0.3676,0.3615,1.1559,
cross_database_transfer,chembl_to_bindingdb_exact_ligand_purged,rich_scalars_only,2,chembl_raw,bindingdb_raw,0.8,0.6082,0.3918,0.3412,1.091,
cross_database_transfer,chembl_to_bindingdb_exact_ligand_purged,rich_scalars_only,2,chembl_raw,bindingdb_raw,1.0,0.5902,0.4098,0.3128,1.0,
cross_database_transfer,chembl_to_bindingdb_exact_ligand_purged,extratrees_scalars,2,chembl_raw,bindingdb_raw,0.1,0.8422,0.1578,0.4984,1.5937,
cross_database_transfer,chembl_to_bindingdb_exact_ligand_purged,extratrees_scalars,2,chembl_raw,bindingdb_raw,0.2,0.7941,0.2059,0.4392,1.4042,
cross_database_transfer,chembl_to_bindingdb_exact_ligand_purged,extratrees_scalars,2,chembl_raw,bindingdb_raw,0.4,0.7457,0.2543,0.3833,1.2254,
cross_database_transfer,chembl_to_bindingdb_exact_ligand_purged,extratrees_scalars,2,chembl_raw,bindingdb_raw,0.6,0.7117,0.2883,0.3574,1.1428,
cross_database_transfer,chembl_to_bindingdb_exact_ligand_purged,extratrees_scalars,2,chembl_raw,bindingdb_raw,0.8,0.6855,0.3145,0.3404,1.0884,
cross_database_transfer,chembl_to_bindingdb_exact_ligand_purged,extratrees_scalars,2,chembl_raw,bindingdb_raw,1.0,0.6526,0.3474,0.3128,1.0,
cross_database_transfer,chembl_to_bindingdb_pair_scaffold_purged,ecfp_absdiff_xgb,0,chembl_raw,bindingdb_raw,0.1,0.7719,0.2281,0.3402,1.0876,
cross_database_transfer,chembl_to_bindingdb_pair_scaffold_purged,ecfp_absdiff_xgb,0,chembl_raw,bindingdb_raw,0.2,0.6682,0.3318,0.3324,1.063,
cross_database_transfer,chembl_to_bindingdb_pair_scaffold_purged,ecfp_absdiff_xgb,0,chembl_raw,bindingdb_raw,0.4,0.5957,0.4043,0.3309,1.058,
cross_database_transfer,chembl_to_bindingdb_pair_scaffold_purged,ecfp_absdiff_xgb,0,chembl_raw,bindingdb_raw,0.6,0.5106,0.4894,0.3253,1.04,
cross_database_transfer,chembl_to_bindingdb_pair_scaffold_purged,ecfp_absdiff_xgb,0,chembl_raw,bindingdb_raw,0.8,0.4693,0.5307,0.3245,1.0377,
cross_database_transfer,chembl_to_bindingdb_pair_scaffold_purged,ecfp_absdiff_xgb,0,chembl_raw,bindingdb_raw,1.0,0.4666,0.5334,0.3128,1.0,
cross_database_transfer,chembl_to_bindingdb_pair_scaffold_purged,rich_diff_scalars,0,chembl_raw,bindingdb_raw,0.1,0.791,0.209,0.4451,1.4231,
cross_database_transfer,chembl_to_bindingdb_pair_scaffold_purged,rich_diff_scalars,0,chembl_raw,bindingdb_raw,0.2,0.7196,0.2804,0.4145,1.3253,
cross_database_transfer,chembl_to_bindingdb_pair_scaffold_purged,rich_diff_scalars,0,chembl_raw,bindingdb_raw,0.4,0.6544,0.3456,0.3729,1.1924,
cross_database_transfer,chembl_to_bindingdb_pair_scaffold_purged,rich_diff_scalars,0,chembl_raw,bindingdb_raw,0.6,0.6124,0.3876,0.3516,1.1241,
cross_database_transfer,chembl_to_bindingdb_pair_scaffold_purged,rich_diff_scalars,0,chembl_raw,bindingdb_raw,0.8,0.5839,0.4161,0.3362,1.0749,
cross_database_transfer,chembl_to_bindingdb_pair_scaffold_purged,rich_diff_scalars,0,chembl_raw,bindingdb_raw,1.0,0.5654,0.4346,0.3128,1.0,
cross_database_transfer,chembl_to_bindingdb_pair_scaffold_purged,rich_scalars_only,0,chembl_raw,bindingdb_raw,0.1,0.7617,0.2383,0.4575,1.4629,
cross_database_transfer,chembl_to_bindingdb_pair_scaffold_purged,rich_scalars_only,0,chembl_raw,bindingdb_raw,0.2,0.7014,0.2986,0.4189,1.3395,
cross_database_transfer,chembl_to_bindingdb_pair_scaffold_purged,rich_scalars_only,0,chembl_raw,bindingdb_raw,0.4,0.6401,0.3599,0.3932,1.2571,
cross_database_transfer,chembl_to_bindingdb_pair_scaffold_purged,rich_scalars_only,0,chembl_raw,bindingdb_raw,0.6,0.6174,0.3826,0.3602,1.1518,
cross_database_transfer,chembl_to_bindingdb_pair_scaffold_purged,rich_scalars_only,0,chembl_raw,bindingdb_raw,0.8,0.5994,0.4006,0.3364,1.0757,
cross_database_transfer,chembl_to_bindingdb_pair_scaffold_purged,rich_scalars_only,0,chembl_raw,bindingdb_raw,1.0,0.5873,0.4127,0.3128,1.0,
cross_database_transfer,chembl_to_bindingdb_pair_scaffold_purged,extratrees_scalars,0,chembl_raw,bindingdb_raw,0.1,0.8217,0.1783,0.4629,1.48,
cross_database_transfer,chembl_to_bindingdb_pair_scaffold_purged,extratrees_scalars,0,chembl_raw,bindingdb_raw,0.2,0.7765,0.2235,0.4214,1.3474,
cross_database_transfer,chembl_to_bindingdb_pair_scaffold_purged,extratrees_scalars,0,chembl_raw,bindingdb_raw,0.4,0.7298,0.2702,0.3803,1.2158,
cross_database_transfer,chembl_to_bindingdb_pair_scaffold_purged,extratrees_scalars,0,chembl_raw,bindingdb_raw,0.6,0.71,0.29,0.3493,1.117,
cross_database_transfer,chembl_to_bindingdb_pair_scaffold_purged,extratrees_scalars,0,chembl_raw,bindingdb_raw,0.8,0.6865,0.3135,0.337,1.0775,
cross_database_transfer,chembl_to_bindingdb_pair_scaffold_purged,extratrees_scalars,0,chembl_raw,bindingdb_raw,1.0,0.6563,0.3437,0.3128,1.0,
cross_database_transfer,chembl_to_bindingdb_pair_scaffold_purged,ecfp_absdiff_xgb,1,chembl_raw,bindingdb_raw,0.1,0.7746,0.2254,0.3473,1.1103,
cross_database_transfer,chembl_to_bindingdb_pair_scaffold_purged,ecfp_absdiff_xgb,1,chembl_raw,bindingdb_raw,0.2,0.7109,0.2891,0.334,1.0679,
cross_database_transfer,chembl_to_bindingdb_pair_scaffold_purged,ecfp_absdiff_xgb,1,chembl_raw,bindingdb_raw,0.4,0.6106,0.3894,0.3278,1.048,
cross_database_transfer,chembl_to_bindingdb_pair_scaffold_purged,ecfp_absdiff_xgb,1,chembl_raw,bindingdb_raw,0.6,0.5149,0.4851,0.3262,1.043,
cross_database_transfer,chembl_to_bindingdb_pair_scaffold_purged,ecfp_absdiff_xgb,1,chembl_raw,bindingdb_raw,0.8,0.4664,0.5336,0.3242,1.0366,
cross_database_transfer,chembl_to_bindingdb_pair_scaffold_purged,ecfp_absdiff_xgb,1,chembl_raw,bindingdb_raw,1.0,0.4646,0.5354,0.3128,1.0,
cross_database_transfer,chembl_to_bindingdb_pair_scaffold_purged,rich_diff_scalars,1,chembl_raw,bindingdb_raw,0.1,0.8052,0.1948,0.4513,1.443,
cross_database_transfer,chembl_to_bindingdb_pair_scaffold_purged,rich_diff_scalars,1,chembl_raw,bindingdb_raw,0.2,0.7194,0.2806,0.4032,1.289,
cross_database_transfer,chembl_to_bindingdb_pair_scaffold_purged,rich_diff_scalars,1,chembl_raw,bindingdb_raw,0.4,0.6537,0.3463,0.3698,1.1824,
cross_database_transfer,chembl_to_bindingdb_pair_scaffold_purged,rich_diff_scalars,1,chembl_raw,bindingdb_raw,0.6,0.6008,0.3992,0.35,1.1191,
cross_database_transfer,chembl_to_bindingdb_pair_scaffold_purged,rich_diff_scalars,1,chembl_raw,bindingdb_raw,0.8,0.5683,0.4317,0.3358,1.0736,
cross_database_transfer,chembl_to_bindingdb_pair_scaffold_purged,rich_diff_scalars,1,chembl_raw,bindingdb_raw,1.0,0.5557,0.4443,0.3128,1.0,
cross_database_transfer,chembl_to_bindingdb_pair_scaffold_purged,rich_scalars_only,1,chembl_raw,bindingdb_raw,0.1,0.7706,0.2294,0.4811,1.5383,
cross_database_transfer,chembl_to_bindingdb_pair_scaffold_purged,rich_scalars_only,1,chembl_raw,bindingdb_raw,0.2,0.7029,0.2971,0.4307,1.3772,
cross_database_transfer,chembl_to_bindingdb_pair_scaffold_purged,rich_scalars_only,1,chembl_raw,bindingdb_raw,0.4,0.6558,0.3442,0.3828,1.224,
cross_database_transfer,chembl_to_bindingdb_pair_scaffold_purged,rich_scalars_only,1,chembl_raw,bindingdb_raw,0.6,0.6252,0.3748,0.3565,1.14,
cross_database_transfer,chembl_to_bindingdb_pair_scaffold_purged,rich_scalars_only,1,chembl_raw,bindingdb_raw,0.8,0.602,0.398,0.3347,1.0701,
cross_database_transfer,chembl_to_bindingdb_pair_scaffold_purged,rich_scalars_only,1,chembl_raw,bindingdb_raw,1.0,0.5843,0.4157,0.3128,1.0,
cross_database_transfer,chembl_to_bindingdb_pair_scaffold_purged,extratrees_scalars,1,chembl_raw,bindingdb_raw,0.1,0.8235,0.1765,0.4491,1.4359,
cross_database_transfer,chembl_to_bindingdb_pair_scaffold_purged,extratrees_scalars,1,chembl_raw,bindingdb_raw,0.2,0.7801,0.2199,0.3989,1.2755,
cross_database_transfer,chembl_to_bindingdb_pair_scaffold_purged,extratrees_scalars,1,chembl_raw,bindingdb_raw,0.4,0.7392,0.2608,0.3682,1.1774,
cross_database_transfer,chembl_to_bindingdb_pair_scaffold_purged,extratrees_scalars,1,chembl_raw,bindingdb_raw,0.6,0.706,0.294,0.3534,1.13,
cross_database_transfer,chembl_to_bindingdb_pair_scaffold_purged,extratrees_scalars,1,chembl_raw,bindingdb_raw,0.8,0.6781,0.3219,0.3371,1.0779,
cross_database_transfer,chembl_to_bindingdb_pair_scaffold_purged,extratrees_scalars,1,chembl_raw,bindingdb_raw,1.0,0.6488,0.3512,0.3128,1.0,
cross_database_transfer,chembl_to_bindingdb_pair_scaffold_purged,ecfp_absdiff_xgb,2,chembl_raw,bindingdb_raw,0.1,0.755,0.245,0.3562,1.1388,
cross_database_transfer,chembl_to_bindingdb_pair_scaffold_purged,ecfp_absdiff_xgb,2,chembl_raw,bindingdb_raw,0.2,0.7105,0.2895,0.3382,1.0814,
cross_database_transfer,chembl_to_bindingdb_pair_scaffold_purged,ecfp_absdiff_xgb,2,chembl_raw,bindingdb_raw,0.4,0.5781,0.4219,0.3326,1.0633,
cross_database_transfer,chembl_to_bindingdb_pair_scaffold_purged,ecfp_absdiff_xgb,2,chembl_raw,bindingdb_raw,0.6,0.494,0.506,0.3319,1.0611,
cross_database_transfer,chembl_to_bindingdb_pair_scaffold_purged,ecfp_absdiff_xgb,2,chembl_raw,bindingdb_raw,0.8,0.463,0.537,0.3247,1.0381,
cross_database_transfer,chembl_to_bindingdb_pair_scaffold_purged,ecfp_absdiff_xgb,2,chembl_raw,bindingdb_raw,1.0,0.4511,0.5489,0.3128,1.0,
cross_database_transfer,chembl_to_bindingdb_pair_scaffold_purged,rich_diff_scalars,2,chembl_raw,bindingdb_raw,0.1,0.8128,0.1872,0.4509,1.4416,
cross_database_transfer,chembl_to_bindingdb_pair_scaffold_purged,rich_diff_scalars,2,chembl_raw,bindingdb_raw,0.2,0.7363,0.2637,0.4112,1.3146,
cross_database_transfer,chembl_to_bindingdb_pair_scaffold_purged,rich_diff_scalars,2,chembl_raw,bindingdb_raw,0.4,0.6504,0.3496,0.3726,1.1913,
cross_database_transfer,chembl_to_bindingdb_pair_scaffold_purged,rich_diff_scalars,2,chembl_raw,bindingdb_raw,0.6,0.6114,0.3886,0.3532,1.1293,
cross_database_transfer,chembl_to_bindingdb_pair_scaffold_purged,rich_diff_scalars,2,chembl_raw,bindingdb_raw,0.8,0.5845,0.4155,0.3357,1.0733,
cross_database_transfer,chembl_to_bindingdb_pair_scaffold_purged,rich_diff_scalars,2,chembl_raw,bindingdb_raw,1.0,0.5659,0.4341,0.3128,1.0,
cross_database_transfer,chembl_to_bindingdb_pair_scaffold_purged,rich_scalars_only,2,chembl_raw,bindingdb_raw,0.1,0.7932,0.2068,0.4713,1.507,
cross_database_transfer,chembl_to_bindingdb_pair_scaffold_purged,rich_scalars_only,2,chembl_raw,bindingdb_raw,0.2,0.7243,0.2757,0.4205,1.3445,
cross_database_transfer,chembl_to_bindingdb_pair_scaffold_purged,rich_scalars_only,2,chembl_raw,bindingdb_raw,0.4,0.6457,0.3543,0.3828,1.224,
cross_database_transfer,chembl_to_bindingdb_pair_scaffold_purged,rich_scalars_only,2,chembl_raw,bindingdb_raw,0.6,0.6103,0.3897,0.3585,1.1464,
cross_database_transfer,chembl_to_bindingdb_pair_scaffold_purged,rich_scalars_only,2,chembl_raw,bindingdb_raw,0.8,0.5897,0.4103,0.3353,1.072,
cross_database_transfer,chembl_to_bindingdb_pair_scaffold_purged,rich_scalars_only,2,chembl_raw,bindingdb_raw,1.0,0.5748,0.4252,0.3128,1.0,
cross_database_transfer,chembl_to_bindingdb_pair_scaffold_purged,extratrees_scalars,2,chembl_raw,bindingdb_raw,0.1,0.8239,0.1761,0.4589,1.4672,
cross_database_transfer,chembl_to_bindingdb_pair_scaffold_purged,extratrees_scalars,2,chembl_raw,bindingdb_raw,0.2,0.7803,0.2197,0.4121,1.3175,
cross_database_transfer,chembl_to_bindingdb_pair_scaffold_purged,extratrees_scalars,2,chembl_raw,bindingdb_raw,0.4,0.7392,0.2608,0.3777,1.2076,
cross_database_transfer,chembl_to_bindingdb_pair_scaffold_purged,extratrees_scalars,2,chembl_raw,bindingdb_raw,0.6,0.7111,0.2889,0.3539,1.1317,
cross_database_transfer,chembl_to_bindingdb_pair_scaffold_purged,extratrees_scalars,2,chembl_raw,bindingdb_raw,0.8,0.6861,0.3139,0.3374,1.0789,
cross_database_transfer,chembl_to_bindingdb_pair_scaffold_purged,extratrees_scalars,2,chembl_raw,bindingdb_raw,1.0,0.6558,0.3442,0.3128,1.0,
cross_database_transfer,chembl_to_bindingdb_scaffold_purged,ecfp_absdiff_xgb,0,chembl_raw,bindingdb_raw,0.1,0.6852,0.3148,0.3664,1.1715,
cross_database_transfer,chembl_to_bindingdb_scaffold_purged,ecfp_absdiff_xgb,0,chembl_raw,bindingdb_raw,0.2,0.6822,0.3178,0.354,1.1319,
cross_database_transfer,chembl_to_bindingdb_scaffold_purged,ecfp_absdiff_xgb,0,chembl_raw,bindingdb_raw,0.4,0.598,0.402,0.3353,1.0722,
cross_database_transfer,chembl_to_bindingdb_scaffold_purged,ecfp_absdiff_xgb,0,chembl_raw,bindingdb_raw,0.6,0.5025,0.4975,0.329,1.0518,
cross_database_transfer,chembl_to_bindingdb_scaffold_purged,ecfp_absdiff_xgb,0,chembl_raw,bindingdb_raw,0.8,0.4648,0.5352,0.3187,1.0189,
cross_database_transfer,chembl_to_bindingdb_scaffold_purged,ecfp_absdiff_xgb,0,chembl_raw,bindingdb_raw,1.0,0.4712,0.5288,0.3128,1.0,
cross_database_transfer,chembl_to_bindingdb_scaffold_purged,rich_diff_scalars,0,chembl_raw,bindingdb_raw,0.1,0.8057,0.1943,0.4593,1.4686,
cross_database_transfer,chembl_to_bindingdb_scaffold_purged,rich_diff_scalars,0,chembl_raw,bindingdb_raw,0.2,0.7587,0.2413,0.4205,1.3445,
cross_database_transfer,chembl_to_bindingdb_scaffold_purged,rich_diff_scalars,0,chembl_raw,bindingdb_raw,0.4,0.6918,0.3082,0.3774,1.2066,
cross_database_transfer,chembl_to_bindingdb_scaffold_purged,rich_diff_scalars,0,chembl_raw,bindingdb_raw,0.6,0.6406,0.3594,0.3465,1.1077,
cross_database_transfer,chembl_to_bindingdb_scaffold_purged,rich_diff_scalars,0,chembl_raw,bindingdb_raw,0.8,0.619,0.381,0.3336,1.0667,
cross_database_transfer,chembl_to_bindingdb_scaffold_purged,rich_diff_scalars,0,chembl_raw,bindingdb_raw,1.0,0.5996,0.4004,0.3128,1.0,
cross_database_transfer,chembl_to_bindingdb_scaffold_purged,rich_scalars_only,0,chembl_raw,bindingdb_raw,0.1,0.7817,0.2183,0.454,1.4515,
cross_database_transfer,chembl_to_bindingdb_scaffold_purged,rich_scalars_only,0,chembl_raw,bindingdb_raw,0.2,0.7392,0.2608,0.4067,1.3004,
cross_database_transfer,chembl_to_bindingdb_scaffold_purged,rich_scalars_only,0,chembl_raw,bindingdb_raw,0.4,0.6826,0.3174,0.365,1.1671,
cross_database_transfer,chembl_to_bindingdb_scaffold_purged,rich_scalars_only,0,chembl_raw,bindingdb_raw,0.6,0.6486,0.3514,0.3447,1.1023,
cross_database_transfer,chembl_to_bindingdb_scaffold_purged,rich_scalars_only,0,chembl_raw,bindingdb_raw,0.8,0.6275,0.3725,0.3314,1.0596,
cross_database_transfer,chembl_to_bindingdb_scaffold_purged,rich_scalars_only,0,chembl_raw,bindingdb_raw,1.0,0.6055,0.3945,0.3128,1.0,
cross_database_transfer,chembl_to_bindingdb_scaffold_purged,extratrees_scalars,0,chembl_raw,bindingdb_raw,0.1,0.7652,0.2348,0.43,1.3748,
cross_database_transfer,chembl_to_bindingdb_scaffold_purged,extratrees_scalars,0,chembl_raw,bindingdb_raw,0.2,0.7421,0.2579,0.3952,1.2635,
cross_database_transfer,chembl_to_bindingdb_scaffold_purged,extratrees_scalars,0,chembl_raw,bindingdb_raw,0.4,0.7163,0.2837,0.3533,1.1298,
cross_database_transfer,chembl_to_bindingdb_scaffold_purged,extratrees_scalars,0,chembl_raw,bindingdb_raw,0.6,0.7014,0.2986,0.3373,1.0784,
cross_database_transfer,chembl_to_bindingdb_scaffold_purged,extratrees_scalars,0,chembl_raw,bindingdb_raw,0.8,0.6881,0.3119,0.328,1.0487,
cross_database_transfer,chembl_to_bindingdb_scaffold_purged,extratrees_scalars,0,chembl_raw,bindingdb_raw,1.0,0.6619,0.3381,0.3128,1.0,
cross_database_transfer,chembl_to_bindingdb_scaffold_purged,ecfp_absdiff_xgb,1,chembl_raw,bindingdb_raw,0.1,0.6861,0.3139,0.333,1.0648,
cross_database_transfer,chembl_to_bindingdb_scaffold_purged,ecfp_absdiff_xgb,1,chembl_raw,bindingdb_raw,0.2,0.6658,0.3342,0.3324,1.063,
cross_database_transfer,chembl_to_bindingdb_scaffold_purged,ecfp_absdiff_xgb,1,chembl_raw,bindingdb_raw,0.4,0.5848,0.4152,0.3294,1.0534,
cross_database_transfer,chembl_to_bindingdb_scaffold_purged,ecfp_absdiff_xgb,1,chembl_raw,bindingdb_raw,0.6,0.5017,0.4983,0.3275,1.0471,
cross_database_transfer,chembl_to_bindingdb_scaffold_purged,ecfp_absdiff_xgb,1,chembl_raw,bindingdb_raw,0.8,0.4626,0.5374,0.3178,1.016,
cross_database_transfer,chembl_to_bindingdb_scaffold_purged,ecfp_absdiff_xgb,1,chembl_raw,bindingdb_raw,1.0,0.4698,0.5302,0.3128,1.0,
cross_database_transfer,chembl_to_bindingdb_scaffold_purged,rich_diff_scalars,1,chembl_raw,bindingdb_raw,0.1,0.799,0.201,0.462,1.4771,
cross_database_transfer,chembl_to_bindingdb_scaffold_purged,rich_diff_scalars,1,chembl_raw,bindingdb_raw,0.2,0.7481,0.2519,0.4209,1.3459,
cross_database_transfer,chembl_to_bindingdb_scaffold_purged,rich_diff_scalars,1,chembl_raw,bindingdb_raw,0.4,0.6855,0.3145,0.3768,1.2048,
cross_database_transfer,chembl_to_bindingdb_scaffold_purged,rich_diff_scalars,1,chembl_raw,bindingdb_raw,0.6,0.6555,0.3445,0.344,1.0999,
cross_database_transfer,chembl_to_bindingdb_scaffold_purged,rich_diff_scalars,1,chembl_raw,bindingdb_raw,0.8,0.6366,0.3634,0.3312,1.0589,
cross_database_transfer,chembl_to_bindingdb_scaffold_purged,rich_diff_scalars,1,chembl_raw,bindingdb_raw,1.0,0.6132,0.3868,0.3128,1.0,
cross_database_transfer,chembl_to_bindingdb_scaffold_purged,rich_scalars_only,1,chembl_raw,bindingdb_raw,0.1,0.7821,0.2179,0.4718,1.5084,
cross_database_transfer,chembl_to_bindingdb_scaffold_purged,rich_scalars_only,1,chembl_raw,bindingdb_raw,0.2,0.7323,0.2677,0.4249,1.3587,
cross_database_transfer,chembl_to_bindingdb_scaffold_purged,rich_scalars_only,1,chembl_raw,bindingdb_raw,0.4,0.6883,0.3117,0.3753,1.1998,
cross_database_transfer,chembl_to_bindingdb_scaffold_purged,rich_scalars_only,1,chembl_raw,bindingdb_raw,0.6,0.6639,0.3361,0.3492,1.1165,
cross_database_transfer,chembl_to_bindingdb_scaffold_purged,rich_scalars_only,1,chembl_raw,bindingdb_raw,0.8,0.6395,0.3605,0.3303,1.0562,
cross_database_transfer,chembl_to_bindingdb_scaffold_purged,rich_scalars_only,1,chembl_raw,bindingdb_raw,1.0,0.6137,0.3863,0.3128,1.0,
cross_database_transfer,chembl_to_bindingdb_scaffold_purged,extratrees_scalars,1,chembl_raw,bindingdb_raw,0.1,0.7759,0.2241,0.4171,1.3335,
cross_database_transfer,chembl_to_bindingdb_scaffold_purged,extratrees_scalars,1,chembl_raw,bindingdb_raw,0.2,0.7478,0.2522,0.374,1.1959,
cross_database_transfer,chembl_to_bindingdb_scaffold_purged,extratrees_scalars,1,chembl_raw,bindingdb_raw,0.4,0.717,0.283,0.3508,1.1216,
cross_database_transfer,chembl_to_bindingdb_scaffold_purged,extratrees_scalars,1,chembl_raw,bindingdb_raw,0.6,0.7002,0.2998,0.3376,1.0795,
cross_database_transfer,chembl_to_bindingdb_scaffold_purged,extratrees_scalars,1,chembl_raw,bindingdb_raw,0.8,0.6813,0.3187,0.3292,1.0525,
cross_database_transfer,chembl_to_bindingdb_scaffold_purged,extratrees_scalars,1,chembl_raw,bindingdb_raw,1.0,0.6551,0.3449,0.3128,1.0,
cross_database_transfer,chembl_to_bindingdb_scaffold_purged,ecfp_absdiff_xgb,2,chembl_raw,bindingdb_raw,0.1,0.683,0.317,0.3308,1.0577,
cross_database_transfer,chembl_to_bindingdb_scaffold_purged,ecfp_absdiff_xgb,2,chembl_raw,bindingdb_raw,0.2,0.6693,0.3307,0.3369,1.0772,
cross_database_transfer,chembl_to_bindingdb_scaffold_purged,ecfp_absdiff_xgb,2,chembl_raw,bindingdb_raw,0.4,0.5854,0.4146,0.332,1.0615,
cross_database_transfer,chembl_to_bindingdb_scaffold_purged,ecfp_absdiff_xgb,2,chembl_raw,bindingdb_raw,0.6,0.5093,0.4907,0.3259,1.0421,
cross_database_transfer,chembl_to_bindingdb_scaffold_purged,ecfp_absdiff_xgb,2,chembl_raw,bindingdb_raw,0.8,0.4619,0.5381,0.319,1.0201,
cross_database_transfer,chembl_to_bindingdb_scaffold_purged,ecfp_absdiff_xgb,2,chembl_raw,bindingdb_raw,1.0,0.4664,0.5336,0.3128,1.0,
cross_database_transfer,chembl_to_bindingdb_scaffold_purged,rich_diff_scalars,2,chembl_raw,bindingdb_raw,0.1,0.811,0.189,0.4713,1.507,
cross_database_transfer,chembl_to_bindingdb_scaffold_purged,rich_diff_scalars,2,chembl_raw,bindingdb_raw,0.2,0.7561,0.2439,0.4316,1.3801,
cross_database_transfer,chembl_to_bindingdb_scaffold_purged,rich_diff_scalars,2,chembl_raw,bindingdb_raw,0.4,0.6911,0.3089,0.3747,1.198,
cross_database_transfer,chembl_to_bindingdb_scaffold_purged,rich_diff_scalars,2,chembl_raw,bindingdb_raw,0.6,0.6423,0.3577,0.3473,1.1104,
cross_database_transfer,chembl_to_bindingdb_scaffold_purged,rich_diff_scalars,2,chembl_raw,bindingdb_raw,0.8,0.6199,0.3801,0.3344,1.0693,
cross_database_transfer,chembl_to_bindingdb_scaffold_purged,rich_diff_scalars,2,chembl_raw,bindingdb_raw,1.0,0.5971,0.4029,0.3128,1.0,
cross_database_transfer,chembl_to_bindingdb_scaffold_purged,rich_scalars_only,2,chembl_raw,bindingdb_raw,0.1,0.787,0.213,0.4687,1.4985,
cross_database_transfer,chembl_to_bindingdb_scaffold_purged,rich_scalars_only,2,chembl_raw,bindingdb_raw,0.2,0.7389,0.2611,0.4107,1.3132,
cross_database_transfer,chembl_to_bindingdb_scaffold_purged,rich_scalars_only,2,chembl_raw,bindingdb_raw,0.4,0.6767,0.3233,0.3744,1.197,
cross_database_transfer,chembl_to_bindingdb_scaffold_purged,rich_scalars_only,2,chembl_raw,bindingdb_raw,0.6,0.6535,0.3465,0.3434,1.098,
cross_database_transfer,chembl_to_bindingdb_scaffold_purged,rich_scalars_only,2,chembl_raw,bindingdb_raw,0.8,0.6351,0.3649,0.3303,1.056,
cross_database_transfer,chembl_to_bindingdb_scaffold_purged,rich_scalars_only,2,chembl_raw,bindingdb_raw,1.0,0.6126,0.3874,0.3128,1.0,
cross_database_transfer,chembl_to_bindingdb_scaffold_purged,extratrees_scalars,2,chembl_raw,bindingdb_raw,0.1,0.7554,0.2446,0.4389,1.4032,
cross_database_transfer,chembl_to_bindingdb_scaffold_purged,extratrees_scalars,2,chembl_raw,bindingdb_raw,0.2,0.7338,0.2662,0.3878,1.24,
cross_database_transfer,chembl_to_bindingdb_scaffold_purged,extratrees_scalars,2,chembl_raw,bindingdb_raw,0.4,0.7204,0.2796,0.3529,1.1284,
cross_database_transfer,chembl_to_bindingdb_scaffold_purged,extratrees_scalars,2,chembl_raw,bindingdb_raw,0.6,0.7039,0.2961,0.3397,1.0862,
cross_database_transfer,chembl_to_bindingdb_scaffold_purged,extratrees_scalars,2,chembl_raw,bindingdb_raw,0.8,0.6882,0.3118,0.3258,1.0418,
cross_database_transfer,chembl_to_bindingdb_scaffold_purged,extratrees_scalars,2,chembl_raw,bindingdb_raw,1.0,0.6601,0.3399,0.3128,1.0,
cross_database_transfer,bindingdb_to_chembl_matched_targets,ecfp_absdiff_xgb,0,bindingdb_raw,chembl_raw,0.1,0.7553,0.2447,0.5164,1.3569,
cross_database_transfer,bindingdb_to_chembl_matched_targets,ecfp_absdiff_xgb,0,bindingdb_raw,chembl_raw,0.2,0.6466,0.3534,0.4859,1.2768,
cross_database_transfer,bindingdb_to_chembl_matched_targets,ecfp_absdiff_xgb,0,bindingdb_raw,chembl_raw,0.4,0.6016,0.3984,0.431,1.1325,
cross_database_transfer,bindingdb_to_chembl_matched_targets,ecfp_absdiff_xgb,0,bindingdb_raw,chembl_raw,0.6,0.6019,0.3981,0.4166,1.0948,
cross_database_transfer,bindingdb_to_chembl_matched_targets,ecfp_absdiff_xgb,0,bindingdb_raw,chembl_raw,0.8,0.6032,0.3968,0.4081,1.0723,
cross_database_transfer,bindingdb_to_chembl_matched_targets,ecfp_absdiff_xgb,0,bindingdb_raw,chembl_raw,1.0,0.6031,0.3969,0.3806,1.0,
cross_database_transfer,bindingdb_to_chembl_matched_targets,rich_diff_scalars,0,bindingdb_raw,chembl_raw,0.1,0.8234,0.1766,0.6316,1.6597,
cross_database_transfer,bindingdb_to_chembl_matched_targets,rich_diff_scalars,0,bindingdb_raw,chembl_raw,0.2,0.7581,0.2419,0.5852,1.5377,
cross_database_transfer,bindingdb_to_chembl_matched_targets,rich_diff_scalars,0,bindingdb_raw,chembl_raw,0.4,0.6864,0.3136,0.5109,1.3426,
cross_database_transfer,bindingdb_to_chembl_matched_targets,rich_diff_scalars,0,bindingdb_raw,chembl_raw,0.6,0.651,0.349,0.4573,1.2016,
cross_database_transfer,bindingdb_to_chembl_matched_targets,rich_diff_scalars,0,bindingdb_raw,chembl_raw,0.8,0.628,0.372,0.4277,1.124,
cross_database_transfer,bindingdb_to_chembl_matched_targets,rich_diff_scalars,0,bindingdb_raw,chembl_raw,1.0,0.6072,0.3928,0.3806,1.0,
cross_database_transfer,bindingdb_to_chembl_matched_targets,rich_scalars_only,0,bindingdb_raw,chembl_raw,0.1,0.836,0.164,0.614,1.6133,
cross_database_transfer,bindingdb_to_chembl_matched_targets,rich_scalars_only,0,bindingdb_raw,chembl_raw,0.2,0.7421,0.2579,0.5738,1.5078,
cross_database_transfer,bindingdb_to_chembl_matched_targets,rich_scalars_only,0,bindingdb_raw,chembl_raw,0.4,0.6792,0.3208,0.512,1.3453,
cross_database_transfer,bindingdb_to_chembl_matched_targets,rich_scalars_only,0,bindingdb_raw,chembl_raw,0.6,0.6442,0.3558,0.458,1.2035,
cross_database_transfer,bindingdb_to_chembl_matched_targets,rich_scalars_only,0,bindingdb_raw,chembl_raw,0.8,0.6203,0.3797,0.4248,1.1162,
cross_database_transfer,bindingdb_to_chembl_matched_targets,rich_scalars_only,0,bindingdb_raw,chembl_raw,1.0,0.5993,0.4007,0.3806,1.0,
cross_database_transfer,bindingdb_to_chembl_matched_targets,extratrees_scalars,0,bindingdb_raw,chembl_raw,0.1,0.9268,0.0732,0.7401,1.9448,
cross_database_transfer,bindingdb_to_chembl_matched_targets,extratrees_scalars,0,bindingdb_raw,chembl_raw,0.2,0.8717,0.1283,0.6605,1.7356,
cross_database_transfer,bindingdb_to_chembl_matched_targets,extratrees_scalars,0,bindingdb_raw,chembl_raw,0.4,0.7934,0.2066,0.5644,1.483,
cross_database_transfer,bindingdb_to_chembl_matched_targets,extratrees_scalars,0,bindingdb_raw,chembl_raw,0.6,0.7532,0.2468,0.4925,1.2941,
cross_database_transfer,bindingdb_to_chembl_matched_targets,extratrees_scalars,0,bindingdb_raw,chembl_raw,0.8,0.7128,0.2872,0.4401,1.1563,
cross_database_transfer,bindingdb_to_chembl_matched_targets,extratrees_scalars,0,bindingdb_raw,chembl_raw,1.0,0.6777,0.3223,0.3806,1.0,
cross_database_transfer,bindingdb_to_chembl_matched_targets,ecfp_absdiff_xgb,1,bindingdb_raw,chembl_raw,0.1,0.7292,0.2708,0.513,1.3481,
cross_database_transfer,bindingdb_to_chembl_matched_targets,ecfp_absdiff_xgb,1,bindingdb_raw,chembl_raw,0.2,0.6403,0.3597,0.4834,1.2702,
cross_database_transfer,bindingdb_to_chembl_matched_targets,ecfp_absdiff_xgb,1,bindingdb_raw,chembl_raw,0.4,0.6113,0.3887,0.4348,1.1425,
cross_database_transfer,bindingdb_to_chembl_matched_targets,ecfp_absdiff_xgb,1,bindingdb_raw,chembl_raw,0.6,0.613,0.387,0.4201,1.104,
cross_database_transfer,bindingdb_to_chembl_matched_targets,ecfp_absdiff_xgb,1,bindingdb_raw,chembl_raw,0.8,0.6131,0.3869,0.4114,1.0811,
cross_database_transfer,bindingdb_to_chembl_matched_targets,ecfp_absdiff_xgb,1,bindingdb_raw,chembl_raw,1.0,0.6114,0.3886,0.3806,1.0,
cross_database_transfer,bindingdb_to_chembl_matched_targets,rich_diff_scalars,1,bindingdb_raw,chembl_raw,0.1,0.841,0.159,0.6232,1.6376,
cross_database_transfer,bindingdb_to_chembl_matched_targets,rich_diff_scalars,1,bindingdb_raw,chembl_raw,0.2,0.7568,0.2432,0.5852,1.5377,
cross_database_transfer,bindingdb_to_chembl_matched_targets,rich_diff_scalars,1,bindingdb_raw,chembl_raw,0.4,0.6849,0.3151,0.5111,1.3431,
cross_database_transfer,bindingdb_to_chembl_matched_targets,rich_diff_scalars,1,bindingdb_raw,chembl_raw,0.6,0.6507,0.3493,0.4594,1.2072,
cross_database_transfer,bindingdb_to_chembl_matched_targets,rich_diff_scalars,1,bindingdb_raw,chembl_raw,0.8,0.6277,0.3723,0.4255,1.1182,
cross_database_transfer,bindingdb_to_chembl_matched_targets,rich_diff_scalars,1,bindingdb_raw,chembl_raw,1.0,0.6104,0.3896,0.3806,1.0,
cross_database_transfer,bindingdb_to_chembl_matched_targets,rich_scalars_only,1,bindingdb_raw,chembl_raw,0.1,0.8444,0.1556,0.6283,1.6509,
cross_database_transfer,bindingdb_to_chembl_matched_targets,rich_scalars_only,1,bindingdb_raw,chembl_raw,0.2,0.743,0.257,0.5827,1.5311,
cross_database_transfer,bindingdb_to_chembl_matched_targets,rich_scalars_only,1,bindingdb_raw,chembl_raw,0.4,0.6767,0.3233,0.512,1.3453,
cross_database_transfer,bindingdb_to_chembl_matched_targets,rich_scalars_only,1,bindingdb_raw,chembl_raw,0.6,0.6472,0.3528,0.4563,1.1991,
cross_database_transfer,bindingdb_to_chembl_matched_targets,rich_scalars_only,1,bindingdb_raw,chembl_raw,0.8,0.6225,0.3775,0.4255,1.1182,
cross_database_transfer,bindingdb_to_chembl_matched_targets,rich_scalars_only,1,bindingdb_raw,chembl_raw,1.0,0.5992,0.4008,0.3806,1.0,
cross_database_transfer,bindingdb_to_chembl_matched_targets,extratrees_scalars,1,bindingdb_raw,chembl_raw,0.1,0.9294,0.0706,0.7494,1.9691,
cross_database_transfer,bindingdb_to_chembl_matched_targets,extratrees_scalars,1,bindingdb_raw,chembl_raw,0.2,0.8713,0.1287,0.6714,1.7643,
cross_database_transfer,bindingdb_to_chembl_matched_targets,extratrees_scalars,1,bindingdb_raw,chembl_raw,0.4,0.7987,0.2013,0.5646,1.4835,
cross_database_transfer,bindingdb_to_chembl_matched_targets,extratrees_scalars,1,bindingdb_raw,chembl_raw,0.6,0.7601,0.2399,0.4982,1.3092,
cross_database_transfer,bindingdb_to_chembl_matched_targets,extratrees_scalars,1,bindingdb_raw,chembl_raw,0.8,0.7175,0.2825,0.4413,1.1596,
cross_database_transfer,bindingdb_to_chembl_matched_targets,extratrees_scalars,1,bindingdb_raw,chembl_raw,1.0,0.6825,0.3175,0.3806,1.0,
cross_database_transfer,bindingdb_to_chembl_matched_targets,ecfp_absdiff_xgb,2,bindingdb_raw,chembl_raw,0.1,0.7275,0.2725,0.5198,1.3658,
cross_database_transfer,bindingdb_to_chembl_matched_targets,ecfp_absdiff_xgb,2,bindingdb_raw,chembl_raw,0.2,0.6332,0.3668,0.5011,1.3166,
cross_database_transfer,bindingdb_to_chembl_matched_targets,ecfp_absdiff_xgb,2,bindingdb_raw,chembl_raw,0.4,0.6266,0.3734,0.4508,1.1845,
cross_database_transfer,bindingdb_to_chembl_matched_targets,ecfp_absdiff_xgb,2,bindingdb_raw,chembl_raw,0.6,0.6121,0.3879,0.4242,1.1147,
cross_database_transfer,bindingdb_to_chembl_matched_targets,ecfp_absdiff_xgb,2,bindingdb_raw,chembl_raw,0.8,0.6175,0.3825,0.4089,1.0745,
cross_database_transfer,bindingdb_to_chembl_matched_targets,ecfp_absdiff_xgb,2,bindingdb_raw,chembl_raw,1.0,0.6211,0.3789,0.3806,1.0,
cross_database_transfer,bindingdb_to_chembl_matched_targets,rich_diff_scalars,2,bindingdb_raw,chembl_raw,0.1,0.841,0.159,0.6291,1.6531,
cross_database_transfer,bindingdb_to_chembl_matched_targets,rich_diff_scalars,2,bindingdb_raw,chembl_raw,0.2,0.7547,0.2453,0.5915,1.5543,
cross_database_transfer,bindingdb_to_chembl_matched_targets,rich_diff_scalars,2,bindingdb_raw,chembl_raw,0.4,0.6872,0.3128,0.5158,1.3553,
cross_database_transfer,bindingdb_to_chembl_matched_targets,rich_diff_scalars,2,bindingdb_raw,chembl_raw,0.6,0.6553,0.3447,0.4608,1.2108,
cross_database_transfer,bindingdb_to_chembl_matched_targets,rich_diff_scalars,2,bindingdb_raw,chembl_raw,0.8,0.6307,0.3693,0.4259,1.119,
cross_database_transfer,bindingdb_to_chembl_matched_targets,rich_diff_scalars,2,bindingdb_raw,chembl_raw,1.0,0.6084,0.3916,0.3806,1.0,
cross_database_transfer,bindingdb_to_chembl_matched_targets,rich_scalars_only,2,bindingdb_raw,chembl_raw,0.1,0.8452,0.1548,0.635,1.6685,
cross_database_transfer,bindingdb_to_chembl_matched_targets,rich_scalars_only,2,bindingdb_raw,chembl_raw,0.2,0.7514,0.2486,0.5801,1.5244,
cross_database_transfer,bindingdb_to_chembl_matched_targets,rich_scalars_only,2,bindingdb_raw,chembl_raw,0.4,0.682,0.318,0.512,1.3453,
cross_database_transfer,bindingdb_to_chembl_matched_targets,rich_scalars_only,2,bindingdb_raw,chembl_raw,0.6,0.6487,0.3513,0.4576,1.2024,
cross_database_transfer,bindingdb_to_chembl_matched_targets,rich_scalars_only,2,bindingdb_raw,chembl_raw,0.8,0.6235,0.3765,0.4262,1.1198,
cross_database_transfer,bindingdb_to_chembl_matched_targets,rich_scalars_only,2,bindingdb_raw,chembl_raw,1.0,0.6018,0.3982,0.3806,1.0,
cross_database_transfer,bindingdb_to_chembl_matched_targets,extratrees_scalars,2,bindingdb_raw,chembl_raw,0.1,0.9226,0.0774,0.7679,2.0177,
cross_database_transfer,bindingdb_to_chembl_matched_targets,extratrees_scalars,2,bindingdb_raw,chembl_raw,0.2,0.8717,0.1283,0.6559,1.7234,
cross_database_transfer,bindingdb_to_chembl_matched_targets,extratrees_scalars,2,bindingdb_raw,chembl_raw,0.4,0.8086,0.1914,0.5658,1.4868,
cross_database_transfer,bindingdb_to_chembl_matched_targets,extratrees_scalars,2,bindingdb_raw,chembl_raw,0.6,0.7563,0.2437,0.4981,1.3089,
cross_database_transfer,bindingdb_to_chembl_matched_targets,extratrees_scalars,2,bindingdb_raw,chembl_raw,0.8,0.7187,0.2813,0.4436,1.1657,
cross_database_transfer,bindingdb_to_chembl_matched_targets,extratrees_scalars,2,bindingdb_raw,chembl_raw,1.0,0.6778,0.3222,0.3806,1.0,
cross_database_transfer,bindingdb_to_chembl_exact_ligand_purged,ecfp_absdiff_xgb,0,bindingdb_raw,chembl_raw,0.1,0.6182,0.3818,0.4676,1.2288,
cross_database_transfer,bindingdb_to_chembl_exact_ligand_purged,ecfp_absdiff_xgb,0,bindingdb_raw,chembl_raw,0.2,0.5654,0.4346,0.443,1.1641,
cross_database_transfer,bindingdb_to_chembl_exact_ligand_purged,ecfp_absdiff_xgb,0,bindingdb_raw,chembl_raw,0.4,0.5961,0.4039,0.4224,1.1099,
cross_database_transfer,bindingdb_to_chembl_exact_ligand_purged,ecfp_absdiff_xgb,0,bindingdb_raw,chembl_raw,0.6,0.6051,0.3949,0.4095,1.076,
cross_database_transfer,bindingdb_to_chembl_exact_ligand_purged,ecfp_absdiff_xgb,0,bindingdb_raw,chembl_raw,0.8,0.6054,0.3946,0.403,1.059,
cross_database_transfer,bindingdb_to_chembl_exact_ligand_purged,ecfp_absdiff_xgb,0,bindingdb_raw,chembl_raw,1.0,0.5918,0.4082,0.3806,1.0,
cross_database_transfer,bindingdb_to_chembl_exact_ligand_purged,rich_diff_scalars,0,bindingdb_raw,chembl_raw,0.1,0.6686,0.3314,0.6148,1.6155,
cross_database_transfer,bindingdb_to_chembl_exact_ligand_purged,rich_diff_scalars,0,bindingdb_raw,chembl_raw,0.2,0.666,0.334,0.5658,1.4868,
cross_database_transfer,bindingdb_to_chembl_exact_ligand_purged,rich_diff_scalars,0,bindingdb_raw,chembl_raw,0.4,0.638,0.362,0.495,1.3006,
cross_database_transfer,bindingdb_to_chembl_exact_ligand_purged,rich_diff_scalars,0,bindingdb_raw,chembl_raw,0.6,0.6256,0.3744,0.4461,1.1722,
cross_database_transfer,bindingdb_to_chembl_exact_ligand_purged,rich_diff_scalars,0,bindingdb_raw,chembl_raw,0.8,0.6033,0.3967,0.4133,1.0861,
cross_database_transfer,bindingdb_to_chembl_exact_ligand_purged,rich_diff_scalars,0,bindingdb_raw,chembl_raw,1.0,0.5858,0.4142,0.3806,1.0,
cross_database_transfer,bindingdb_to_chembl_exact_ligand_purged,rich_scalars_only,0,bindingdb_raw,chembl_raw,0.1,0.6737,0.3263,0.6039,1.5868,
cross_database_transfer,bindingdb_to_chembl_exact_ligand_purged,rich_scalars_only,0,bindingdb_raw,chembl_raw,0.2,0.6542,0.3458,0.5671,1.4902,
cross_database_transfer,bindingdb_to_chembl_exact_ligand_purged,rich_scalars_only,0,bindingdb_raw,chembl_raw,0.4,0.6382,0.3618,0.5023,1.3199,
cross_database_transfer,bindingdb_to_chembl_exact_ligand_purged,rich_scalars_only,0,bindingdb_raw,chembl_raw,0.6,0.6212,0.3788,0.4471,1.1747,
cross_database_transfer,bindingdb_to_chembl_exact_ligand_purged,rich_scalars_only,0,bindingdb_raw,chembl_raw,0.8,0.6045,0.3955,0.4114,1.0811,
cross_database_transfer,bindingdb_to_chembl_exact_ligand_purged,rich_scalars_only,0,bindingdb_raw,chembl_raw,1.0,0.5904,0.4096,0.3806,1.0,
cross_database_transfer,bindingdb_to_chembl_exact_ligand_purged,extratrees_scalars,0,bindingdb_raw,chembl_raw,0.1,0.8436,0.1564,0.6131,1.6111,
cross_database_transfer,bindingdb_to_chembl_exact_ligand_purged,extratrees_scalars,0,bindingdb_raw,chembl_raw,0.2,0.7812,0.2188,0.5515,1.4493,
cross_database_transfer,bindingdb_to_chembl_exact_ligand_purged,extratrees_scalars,0,bindingdb_raw,chembl_raw,0.4,0.7192,0.2808,0.4956,1.3022,
cross_database_transfer,bindingdb_to_chembl_exact_ligand_purged,extratrees_scalars,0,bindingdb_raw,chembl_raw,0.6,0.6862,0.3138,0.4532,1.1909,
cross_database_transfer,bindingdb_to_chembl_exact_ligand_purged,extratrees_scalars,0,bindingdb_raw,chembl_raw,0.8,0.6561,0.3439,0.4207,1.1055,
cross_database_transfer,bindingdb_to_chembl_exact_ligand_purged,extratrees_scalars,0,bindingdb_raw,chembl_raw,1.0,0.6306,0.3694,0.3806,1.0,
cross_database_transfer,bindingdb_to_chembl_exact_ligand_purged,ecfp_absdiff_xgb,1,bindingdb_raw,chembl_raw,0.1,0.6653,0.3347,0.4987,1.3105,
cross_database_transfer,bindingdb_to_chembl_exact_ligand_purged,ecfp_absdiff_xgb,1,bindingdb_raw,chembl_raw,0.2,0.5629,0.4371,0.4577,1.2027,
cross_database_transfer,bindingdb_to_chembl_exact_ligand_purged,ecfp_absdiff_xgb,1,bindingdb_raw,chembl_raw,0.4,0.582,0.418,0.4161,1.0933,
cross_database_transfer,bindingdb_to_chembl_exact_ligand_purged,ecfp_absdiff_xgb,1,bindingdb_raw,chembl_raw,0.6,0.5978,0.4022,0.4039,1.0612,
cross_database_transfer,bindingdb_to_chembl_exact_ligand_purged,ecfp_absdiff_xgb,1,bindingdb_raw,chembl_raw,0.8,0.5994,0.4006,0.3999,1.0507,
cross_database_transfer,bindingdb_to_chembl_exact_ligand_purged,ecfp_absdiff_xgb,1,bindingdb_raw,chembl_raw,1.0,0.5955,0.4045,0.3806,1.0,
cross_database_transfer,bindingdb_to_chembl_exact_ligand_purged,rich_diff_scalars,1,bindingdb_raw,chembl_raw,0.1,0.6358,0.3642,0.5879,1.5448,
cross_database_transfer,bindingdb_to_chembl_exact_ligand_purged,rich_diff_scalars,1,bindingdb_raw,chembl_raw,0.2,0.6462,0.3538,0.557,1.4636,
cross_database_transfer,bindingdb_to_chembl_exact_ligand_purged,rich_diff_scalars,1,bindingdb_raw,chembl_raw,0.4,0.6416,0.3584,0.4901,1.2879,
cross_database_transfer,bindingdb_to_chembl_exact_ligand_purged,rich_diff_scalars,1,bindingdb_raw,chembl_raw,0.6,0.6254,0.3746,0.444,1.1666,
cross_database_transfer,bindingdb_to_chembl_exact_ligand_purged,rich_diff_scalars,1,bindingdb_raw,chembl_raw,0.8,0.6028,0.3972,0.4109,1.0798,
cross_database_transfer,bindingdb_to_chembl_exact_ligand_purged,rich_diff_scalars,1,bindingdb_raw,chembl_raw,1.0,0.5854,0.4146,0.3806,1.0,
cross_database_transfer,bindingdb_to_chembl_exact_ligand_purged,rich_scalars_only,1,bindingdb_raw,chembl_raw,0.1,0.6695,0.3305,0.6013,1.5801,
cross_database_transfer,bindingdb_to_chembl_exact_ligand_purged,rich_scalars_only,1,bindingdb_raw,chembl_raw,0.2,0.639,0.361,0.552,1.4504,
cross_database_transfer,bindingdb_to_chembl_exact_ligand_purged,rich_scalars_only,1,bindingdb_raw,chembl_raw,0.4,0.6203,0.3797,0.4899,1.2873,
cross_database_transfer,bindingdb_to_chembl_exact_ligand_purged,rich_scalars_only,1,bindingdb_raw,chembl_raw,0.6,0.6169,0.3831,0.4419,1.1611,
cross_database_transfer,bindingdb_to_chembl_exact_ligand_purged,rich_scalars_only,1,bindingdb_raw,chembl_raw,0.8,0.6009,0.3991,0.4094,1.0759,
cross_database_transfer,bindingdb_to_chembl_exact_ligand_purged,rich_scalars_only,1,bindingdb_raw,chembl_raw,1.0,0.5822,0.4178,0.3806,1.0,
cross_database_transfer,bindingdb_to_chembl_exact_ligand_purged,extratrees_scalars,1,bindingdb_raw,chembl_raw,0.1,0.8284,0.1716,0.6241,1.6398,
cross_database_transfer,bindingdb_to_chembl_exact_ligand_purged,extratrees_scalars,1,bindingdb_raw,chembl_raw,0.2,0.7732,0.2268,0.5486,1.4415,
cross_database_transfer,bindingdb_to_chembl_exact_ligand_purged,extratrees_scalars,1,bindingdb_raw,chembl_raw,0.4,0.7213,0.2787,0.5008,1.3161,
cross_database_transfer,bindingdb_to_chembl_exact_ligand_purged,extratrees_scalars,1,bindingdb_raw,chembl_raw,0.6,0.6836,0.3164,0.4524,1.1887,
cross_database_transfer,bindingdb_to_chembl_exact_ligand_purged,extratrees_scalars,1,bindingdb_raw,chembl_raw,0.8,0.6558,0.3442,0.4207,1.1055,
cross_database_transfer,bindingdb_to_chembl_exact_ligand_purged,extratrees_scalars,1,bindingdb_raw,chembl_raw,1.0,0.6316,0.3684,0.3806,1.0,
cross_database_transfer,bindingdb_to_chembl_exact_ligand_purged,ecfp_absdiff_xgb,2,bindingdb_raw,chembl_raw,0.1,0.6543,0.3457,0.4886,1.284,
cross_database_transfer,bindingdb_to_chembl_exact_ligand_purged,ecfp_absdiff_xgb,2,bindingdb_raw,chembl_raw,0.2,0.5583,0.4417,0.4329,1.1375,
cross_database_transfer,bindingdb_to_chembl_exact_ligand_purged,ecfp_absdiff_xgb,2,bindingdb_raw,chembl_raw,0.4,0.5936,0.4064,0.4091,1.0751,
cross_database_transfer,bindingdb_to_chembl_exact_ligand_purged,ecfp_absdiff_xgb,2,bindingdb_raw,chembl_raw,0.6,0.6071,0.3929,0.404,1.0616,
cross_database_transfer,bindingdb_to_chembl_exact_ligand_purged,ecfp_absdiff_xgb,2,bindingdb_raw,chembl_raw,0.8,0.6048,0.3952,0.3993,1.0494,
cross_database_transfer,bindingdb_to_chembl_exact_ligand_purged,ecfp_absdiff_xgb,2,bindingdb_raw,chembl_raw,1.0,0.5925,0.4075,0.3806,1.0,
cross_database_transfer,bindingdb_to_chembl_exact_ligand_purged,rich_diff_scalars,2,bindingdb_raw,chembl_raw,0.1,0.6476,0.3524,0.5921,1.5558,
cross_database_transfer,bindingdb_to_chembl_exact_ligand_purged,rich_diff_scalars,2,bindingdb_raw,chembl_raw,0.2,0.65,0.35,0.5482,1.4404,
cross_database_transfer,bindingdb_to_chembl_exact_ligand_purged,rich_diff_scalars,2,bindingdb_raw,chembl_raw,0.4,0.6371,0.3629,0.4895,1.2862,
cross_database_transfer,bindingdb_to_chembl_exact_ligand_purged,rich_diff_scalars,2,bindingdb_raw,chembl_raw,0.6,0.6247,0.3753,0.4454,1.1703,
cross_database_transfer,bindingdb_to_chembl_exact_ligand_purged,rich_diff_scalars,2,bindingdb_raw,chembl_raw,0.8,0.6027,0.3973,0.4128,1.0847,
cross_database_transfer,bindingdb_to_chembl_exact_ligand_purged,rich_diff_scalars,2,bindingdb_raw,chembl_raw,1.0,0.5841,0.4159,0.3806,1.0,
cross_database_transfer,bindingdb_to_chembl_exact_ligand_purged,rich_scalars_only,2,bindingdb_raw,chembl_raw,0.1,0.6619,0.3381,0.6098,1.6022,
cross_database_transfer,bindingdb_to_chembl_exact_ligand_purged,rich_scalars_only,2,bindingdb_raw,chembl_raw,0.2,0.6475,0.3525,0.5591,1.4692,
cross_database_transfer,bindingdb_to_chembl_exact_ligand_purged,rich_scalars_only,2,bindingdb_raw,chembl_raw,0.4,0.6342,0.3658,0.4895,1.2862,
cross_database_transfer,bindingdb_to_chembl_exact_ligand_purged,rich_scalars_only,2,bindingdb_raw,chembl_raw,0.6,0.618,0.382,0.4486,1.1788,
cross_database_transfer,bindingdb_to_chembl_exact_ligand_purged,rich_scalars_only,2,bindingdb_raw,chembl_raw,0.8,0.6046,0.3954,0.413,1.0853,
cross_database_transfer,bindingdb_to_chembl_exact_ligand_purged,rich_scalars_only,2,bindingdb_raw,chembl_raw,1.0,0.5877,0.4123,0.3806,1.0,
cross_database_transfer,bindingdb_to_chembl_exact_ligand_purged,extratrees_scalars,2,bindingdb_raw,chembl_raw,0.1,0.8368,0.1632,0.5938,1.5603,
cross_database_transfer,bindingdb_to_chembl_exact_ligand_purged,extratrees_scalars,2,bindingdb_raw,chembl_raw,0.2,0.785,0.215,0.549,1.4426,
cross_database_transfer,bindingdb_to_chembl_exact_ligand_purged,extratrees_scalars,2,bindingdb_raw,chembl_raw,0.4,0.7171,0.2829,0.4985,1.31,
cross_database_transfer,bindingdb_to_chembl_exact_ligand_purged,extratrees_scalars,2,bindingdb_raw,chembl_raw,0.6,0.6881,0.3119,0.4565,1.1994,
cross_database_transfer,bindingdb_to_chembl_exact_ligand_purged,extratrees_scalars,2,bindingdb_raw,chembl_raw,0.8,0.659,0.341,0.421,1.1063,
cross_database_transfer,bindingdb_to_chembl_exact_ligand_purged,extratrees_scalars,2,bindingdb_raw,chembl_raw,1.0,0.6274,0.3726,0.3806,1.0,
cross_database_transfer,bindingdb_to_chembl_pair_scaffold_purged,ecfp_absdiff_xgb,0,bindingdb_raw,chembl_raw,0.1,0.6451,0.3549,0.4861,1.2774,
cross_database_transfer,bindingdb_to_chembl_pair_scaffold_purged,ecfp_absdiff_xgb,0,bindingdb_raw,chembl_raw,0.2,0.6172,0.3828,0.4518,1.1873,
cross_database_transfer,bindingdb_to_chembl_pair_scaffold_purged,ecfp_absdiff_xgb,0,bindingdb_raw,chembl_raw,0.4,0.6088,0.3912,0.4241,1.1143,
cross_database_transfer,bindingdb_to_chembl_pair_scaffold_purged,ecfp_absdiff_xgb,0,bindingdb_raw,chembl_raw,0.6,0.6073,0.3927,0.4166,1.0948,
cross_database_transfer,bindingdb_to_chembl_pair_scaffold_purged,ecfp_absdiff_xgb,0,bindingdb_raw,chembl_raw,0.8,0.6056,0.3944,0.3983,1.0466,
cross_database_transfer,bindingdb_to_chembl_pair_scaffold_purged,ecfp_absdiff_xgb,0,bindingdb_raw,chembl_raw,1.0,0.6013,0.3987,0.3806,1.0,
cross_database_transfer,bindingdb_to_chembl_pair_scaffold_purged,rich_diff_scalars,0,bindingdb_raw,chembl_raw,0.1,0.6964,0.3036,0.5955,1.5647,
cross_database_transfer,bindingdb_to_chembl_pair_scaffold_purged,rich_diff_scalars,0,bindingdb_raw,chembl_raw,0.2,0.6841,0.3159,0.5612,1.4747,
cross_database_transfer,bindingdb_to_chembl_pair_scaffold_purged,rich_diff_scalars,0,bindingdb_raw,chembl_raw,0.4,0.6601,0.3399,0.5042,1.3249,
cross_database_transfer,bindingdb_to_chembl_pair_scaffold_purged,rich_diff_scalars,0,bindingdb_raw,chembl_raw,0.6,0.6382,0.3618,0.4496,1.1814,
cross_database_transfer,bindingdb_to_chembl_pair_scaffold_purged,rich_diff_scalars,0,bindingdb_raw,chembl_raw,0.8,0.6071,0.3929,0.4178,1.0977,
cross_database_transfer,bindingdb_to_chembl_pair_scaffold_purged,rich_diff_scalars,0,bindingdb_raw,chembl_raw,1.0,0.5872,0.4128,0.3806,1.0,
cross_database_transfer,bindingdb_to_chembl_pair_scaffold_purged,rich_scalars_only,0,bindingdb_raw,chembl_raw,0.1,0.6552,0.3448,0.5988,1.5735,
cross_database_transfer,bindingdb_to_chembl_pair_scaffold_purged,rich_scalars_only,0,bindingdb_raw,chembl_raw,0.2,0.6588,0.3412,0.565,1.4846,
cross_database_transfer,bindingdb_to_chembl_pair_scaffold_purged,rich_scalars_only,0,bindingdb_raw,chembl_raw,0.4,0.6561,0.3439,0.5023,1.3199,
cross_database_transfer,bindingdb_to_chembl_pair_scaffold_purged,rich_scalars_only,0,bindingdb_raw,chembl_raw,0.6,0.6309,0.3691,0.4545,1.1943,
cross_database_transfer,bindingdb_to_chembl_pair_scaffold_purged,rich_scalars_only,0,bindingdb_raw,chembl_raw,0.8,0.6092,0.3908,0.4179,1.098,
cross_database_transfer,bindingdb_to_chembl_pair_scaffold_purged,rich_scalars_only,0,bindingdb_raw,chembl_raw,1.0,0.5886,0.4114,0.3806,1.0,
cross_database_transfer,bindingdb_to_chembl_pair_scaffold_purged,extratrees_scalars,0,bindingdb_raw,chembl_raw,0.1,0.8738,0.1262,0.5828,1.5315,
cross_database_transfer,bindingdb_to_chembl_pair_scaffold_purged,extratrees_scalars,0,bindingdb_raw,chembl_raw,0.2,0.7955,0.2045,0.5406,1.4205,
cross_database_transfer,bindingdb_to_chembl_pair_scaffold_purged,extratrees_scalars,0,bindingdb_raw,chembl_raw,0.4,0.7204,0.2796,0.4931,1.2956,
cross_database_transfer,bindingdb_to_chembl_pair_scaffold_purged,extratrees_scalars,0,bindingdb_raw,chembl_raw,0.6,0.6866,0.3134,0.4581,1.2038,
cross_database_transfer,bindingdb_to_chembl_pair_scaffold_purged,extratrees_scalars,0,bindingdb_raw,chembl_raw,0.8,0.6536,0.3464,0.425,1.1168,
cross_database_transfer,bindingdb_to_chembl_pair_scaffold_purged,extratrees_scalars,0,bindingdb_raw,chembl_raw,1.0,0.6268,0.3732,0.3806,1.0,
cross_database_transfer,bindingdb_to_chembl_pair_scaffold_purged,ecfp_absdiff_xgb,1,bindingdb_raw,chembl_raw,0.1,0.6484,0.3516,0.4979,1.3083,
cross_database_transfer,bindingdb_to_chembl_pair_scaffold_purged,ecfp_absdiff_xgb,1,bindingdb_raw,chembl_raw,0.2,0.6029,0.3971,0.4405,1.1574,
cross_database_transfer,bindingdb_to_chembl_pair_scaffold_purged,ecfp_absdiff_xgb,1,bindingdb_raw,chembl_raw,0.4,0.5999,0.4001,0.4199,1.1033,
cross_database_transfer,bindingdb_to_chembl_pair_scaffold_purged,ecfp_absdiff_xgb,1,bindingdb_raw,chembl_raw,0.6,0.6054,0.3946,0.4088,1.0741,
cross_database_transfer,bindingdb_to_chembl_pair_scaffold_purged,ecfp_absdiff_xgb,1,bindingdb_raw,chembl_raw,0.8,0.6029,0.3971,0.401,1.0538,
cross_database_transfer,bindingdb_to_chembl_pair_scaffold_purged,ecfp_absdiff_xgb,1,bindingdb_raw,chembl_raw,1.0,0.5986,0.4014,0.3806,1.0,
cross_database_transfer,bindingdb_to_chembl_pair_scaffold_purged,rich_diff_scalars,1,bindingdb_raw,chembl_raw,0.1,0.6669,0.3331,0.5913,1.5536,
cross_database_transfer,bindingdb_to_chembl_pair_scaffold_purged,rich_diff_scalars,1,bindingdb_raw,chembl_raw,0.2,0.6618,0.3382,0.5616,1.4758,
cross_database_transfer,bindingdb_to_chembl_pair_scaffold_purged,rich_diff_scalars,1,bindingdb_raw,chembl_raw,0.4,0.6603,0.3397,0.5063,1.3304,
cross_database_transfer,bindingdb_to_chembl_pair_scaffold_purged,rich_diff_scalars,1,bindingdb_raw,chembl_raw,0.6,0.6285,0.3715,0.4487,1.1792,
cross_database_transfer,bindingdb_to_chembl_pair_scaffold_purged,rich_diff_scalars,1,bindingdb_raw,chembl_raw,0.8,0.6038,0.3962,0.4172,1.0963,
cross_database_transfer,bindingdb_to_chembl_pair_scaffold_purged,rich_diff_scalars,1,bindingdb_raw,chembl_raw,1.0,0.5896,0.4104,0.3806,1.0,
cross_database_transfer,bindingdb_to_chembl_pair_scaffold_purged,rich_scalars_only,1,bindingdb_raw,chembl_raw,0.1,0.6552,0.3448,0.5946,1.5625,
cross_database_transfer,bindingdb_to_chembl_pair_scaffold_purged,rich_scalars_only,1,bindingdb_raw,chembl_raw,0.2,0.6538,0.3462,0.5616,1.4758,
cross_database_transfer,bindingdb_to_chembl_pair_scaffold_purged,rich_scalars_only,1,bindingdb_raw,chembl_raw,0.4,0.6546,0.3454,0.5088,1.3371,
cross_database_transfer,bindingdb_to_chembl_pair_scaffold_purged,rich_scalars_only,1,bindingdb_raw,chembl_raw,0.6,0.6315,0.3685,0.45,1.1825,
cross_database_transfer,bindingdb_to_chembl_pair_scaffold_purged,rich_scalars_only,1,bindingdb_raw,chembl_raw,0.8,0.6065,0.3935,0.4169,1.0955,
cross_database_transfer,bindingdb_to_chembl_pair_scaffold_purged,rich_scalars_only,1,bindingdb_raw,chembl_raw,1.0,0.5828,0.4172,0.3806,1.0,
cross_database_transfer,bindingdb_to_chembl_pair_scaffold_purged,extratrees_scalars,1,bindingdb_raw,chembl_raw,0.1,0.8537,0.1463,0.5736,1.5072,
cross_database_transfer,bindingdb_to_chembl_pair_scaffold_purged,extratrees_scalars,1,bindingdb_raw,chembl_raw,0.2,0.7842,0.2158,0.5381,1.4139,
cross_database_transfer,bindingdb_to_chembl_pair_scaffold_purged,extratrees_scalars,1,bindingdb_raw,chembl_raw,0.4,0.7087,0.2913,0.4935,1.2967,
cross_database_transfer,bindingdb_to_chembl_pair_scaffold_purged,extratrees_scalars,1,bindingdb_raw,chembl_raw,0.6,0.6769,0.3231,0.449,1.1799,
cross_database_transfer,bindingdb_to_chembl_pair_scaffold_purged,extratrees_scalars,1,bindingdb_raw,chembl_raw,0.8,0.6534,0.3466,0.4223,1.1096,
cross_database_transfer,bindingdb_to_chembl_pair_scaffold_purged,extratrees_scalars,1,bindingdb_raw,chembl_raw,1.0,0.6284,0.3716,0.3806,1.0,
cross_database_transfer,bindingdb_to_chembl_pair_scaffold_purged,ecfp_absdiff_xgb,2,bindingdb_raw,chembl_raw,0.1,0.6459,0.3541,0.492,1.2928,
cross_database_transfer,bindingdb_to_chembl_pair_scaffold_purged,ecfp_absdiff_xgb,2,bindingdb_raw,chembl_raw,0.2,0.6167,0.3833,0.435,1.143,
cross_database_transfer,bindingdb_to_chembl_pair_scaffold_purged,ecfp_absdiff_xgb,2,bindingdb_raw,chembl_raw,0.4,0.6081,0.3919,0.4186,1.0999,
cross_database_transfer,bindingdb_to_chembl_pair_scaffold_purged,ecfp_absdiff_xgb,2,bindingdb_raw,chembl_raw,0.6,0.6116,0.3884,0.4063,1.0675,
cross_database_transfer,bindingdb_to_chembl_pair_scaffold_purged,ecfp_absdiff_xgb,2,bindingdb_raw,chembl_raw,0.8,0.6095,0.3905,0.4047,1.0635,
cross_database_transfer,bindingdb_to_chembl_pair_scaffold_purged,ecfp_absdiff_xgb,2,bindingdb_raw,chembl_raw,1.0,0.6013,0.3987,0.3806,1.0,
cross_database_transfer,bindingdb_to_chembl_pair_scaffold_purged,rich_diff_scalars,2,bindingdb_raw,chembl_raw,0.1,0.6905,0.3095,0.5812,1.5271,
cross_database_transfer,bindingdb_to_chembl_pair_scaffold_purged,rich_diff_scalars,2,bindingdb_raw,chembl_raw,0.2,0.6807,0.3193,0.5549,1.4581,
cross_database_transfer,bindingdb_to_chembl_pair_scaffold_purged,rich_diff_scalars,2,bindingdb_raw,chembl_raw,0.4,0.6641,0.3359,0.5015,1.3177,
cross_database_transfer,bindingdb_to_chembl_pair_scaffold_purged,rich_diff_scalars,2,bindingdb_raw,chembl_raw,0.6,0.6333,0.3667,0.453,1.1902,
cross_database_transfer,bindingdb_to_chembl_pair_scaffold_purged,rich_diff_scalars,2,bindingdb_raw,chembl_raw,0.8,0.6125,0.3875,0.42,1.1035,
cross_database_transfer,bindingdb_to_chembl_pair_scaffold_purged,rich_diff_scalars,2,bindingdb_raw,chembl_raw,1.0,0.5982,0.4018,0.3806,1.0,
cross_database_transfer,bindingdb_to_chembl_pair_scaffold_purged,rich_scalars_only,2,bindingdb_raw,chembl_raw,0.1,0.6947,0.3053,0.6056,1.5912,
cross_database_transfer,bindingdb_to_chembl_pair_scaffold_purged,rich_scalars_only,2,bindingdb_raw,chembl_raw,0.2,0.6925,0.3075,0.5637,1.4813,
cross_database_transfer,bindingdb_to_chembl_pair_scaffold_purged,rich_scalars_only,2,bindingdb_raw,chembl_raw,0.4,0.6693,0.3307,0.4941,1.2984,
cross_database_transfer,bindingdb_to_chembl_pair_scaffold_purged,rich_scalars_only,2,bindingdb_raw,chembl_raw,0.6,0.6264,0.3736,0.4489,1.1795,
cross_database_transfer,bindingdb_to_chembl_pair_scaffold_purged,rich_scalars_only,2,bindingdb_raw,chembl_raw,0.8,0.5997,0.4003,0.4216,1.1079,
cross_database_transfer,bindingdb_to_chembl_pair_scaffold_purged,rich_scalars_only,2,bindingdb_raw,chembl_raw,1.0,0.5801,0.4199,0.3806,1.0,
cross_database_transfer,bindingdb_to_chembl_pair_scaffold_purged,extratrees_scalars,2,bindingdb_raw,chembl_raw,0.1,0.8638,0.1362,0.5711,1.5006,
cross_database_transfer,bindingdb_to_chembl_pair_scaffold_purged,extratrees_scalars,2,bindingdb_raw,chembl_raw,0.2,0.7913,0.2087,0.5545,1.457,
cross_database_transfer,bindingdb_to_chembl_pair_scaffold_purged,extratrees_scalars,2,bindingdb_raw,chembl_raw,0.4,0.7265,0.2735,0.5027,1.321,
cross_database_transfer,bindingdb_to_chembl_pair_scaffold_purged,extratrees_scalars,2,bindingdb_raw,chembl_raw,0.6,0.6904,0.3096,0.4632,1.2171,
cross_database_transfer,bindingdb_to_chembl_pair_scaffold_purged,extratrees_scalars,2,bindingdb_raw,chembl_raw,0.8,0.6623,0.3377,0.4264,1.1204,
cross_database_transfer,bindingdb_to_chembl_pair_scaffold_purged,extratrees_scalars,2,bindingdb_raw,chembl_raw,1.0,0.6341,0.3659,0.3806,1.0,
cross_database_transfer,bindingdb_to_chembl_scaffold_purged,ecfp_absdiff_xgb,0,bindingdb_raw,chembl_raw,0.1,0.6283,0.3717,0.4853,1.2752,
cross_database_transfer,bindingdb_to_chembl_scaffold_purged,ecfp_absdiff_xgb,0,bindingdb_raw,chembl_raw,0.2,0.5902,0.4098,0.4257,1.1187,
cross_database_transfer,bindingdb_to_chembl_scaffold_purged,ecfp_absdiff_xgb,0,bindingdb_raw,chembl_raw,0.4,0.5658,0.4342,0.3959,1.0402,
cross_database_transfer,bindingdb_to_chembl_scaffold_purged,ecfp_absdiff_xgb,0,bindingdb_raw,chembl_raw,0.6,0.574,0.426,0.3953,1.0388,
cross_database_transfer,bindingdb_to_chembl_scaffold_purged,ecfp_absdiff_xgb,0,bindingdb_raw,chembl_raw,0.8,0.5816,0.4184,0.395,1.038,
cross_database_transfer,bindingdb_to_chembl_scaffold_purged,ecfp_absdiff_xgb,0,bindingdb_raw,chembl_raw,1.0,0.5815,0.4185,0.3806,1.0,
cross_database_transfer,bindingdb_to_chembl_scaffold_purged,rich_diff_scalars,0,bindingdb_raw,chembl_raw,0.1,0.6476,0.3524,0.5803,1.5249,
cross_database_transfer,bindingdb_to_chembl_scaffold_purged,rich_diff_scalars,0,bindingdb_raw,chembl_raw,0.2,0.6399,0.3601,0.5578,1.4658,
cross_database_transfer,bindingdb_to_chembl_scaffold_purged,rich_diff_scalars,0,bindingdb_raw,chembl_raw,0.4,0.635,0.365,0.4918,1.2923,
cross_database_transfer,bindingdb_to_chembl_scaffold_purged,rich_diff_scalars,0,bindingdb_raw,chembl_raw,0.6,0.6123,0.3877,0.4444,1.1677,
cross_database_transfer,bindingdb_to_chembl_scaffold_purged,rich_diff_scalars,0,bindingdb_raw,chembl_raw,0.8,0.5909,0.4091,0.4095,1.0762,
cross_database_transfer,bindingdb_to_chembl_scaffold_purged,rich_diff_scalars,0,bindingdb_raw,chembl_raw,1.0,0.5751,0.4249,0.3806,1.0,
cross_database_transfer,bindingdb_to_chembl_scaffold_purged,rich_scalars_only,0,bindingdb_raw,chembl_raw,0.1,0.614,0.386,0.5753,1.5116,
cross_database_transfer,bindingdb_to_chembl_scaffold_purged,rich_scalars_only,0,bindingdb_raw,chembl_raw,0.2,0.6235,0.3765,0.5385,1.415,
cross_database_transfer,bindingdb_to_chembl_scaffold_purged,rich_scalars_only,0,bindingdb_raw,chembl_raw,0.4,0.6182,0.3818,0.4926,1.2945,
cross_database_transfer,bindingdb_to_chembl_scaffold_purged,rich_scalars_only,0,bindingdb_raw,chembl_raw,0.6,0.6057,0.3943,0.4437,1.1659,
cross_database_transfer,bindingdb_to_chembl_scaffold_purged,rich_scalars_only,0,bindingdb_raw,chembl_raw,0.8,0.5919,0.4081,0.4089,1.0745,
cross_database_transfer,bindingdb_to_chembl_scaffold_purged,rich_scalars_only,0,bindingdb_raw,chembl_raw,1.0,0.5743,0.4257,0.3806,1.0,
cross_database_transfer,bindingdb_to_chembl_scaffold_purged,extratrees_scalars,0,bindingdb_raw,chembl_raw,0.1,0.7637,0.2363,0.5652,1.4851,
cross_database_transfer,bindingdb_to_chembl_scaffold_purged,extratrees_scalars,0,bindingdb_raw,chembl_raw,0.2,0.7324,0.2676,0.5334,1.4017,
cross_database_transfer,bindingdb_to_chembl_scaffold_purged,extratrees_scalars,0,bindingdb_raw,chembl_raw,0.4,0.6952,0.3048,0.4775,1.2547,
cross_database_transfer,bindingdb_to_chembl_scaffold_purged,extratrees_scalars,0,bindingdb_raw,chembl_raw,0.6,0.6661,0.3339,0.441,1.1589,
cross_database_transfer,bindingdb_to_chembl_scaffold_purged,extratrees_scalars,0,bindingdb_raw,chembl_raw,0.8,0.6449,0.3551,0.4121,1.0828,
cross_database_transfer,bindingdb_to_chembl_scaffold_purged,extratrees_scalars,0,bindingdb_raw,chembl_raw,1.0,0.617,0.383,0.3806,1.0,
cross_database_transfer,bindingdb_to_chembl_scaffold_purged,ecfp_absdiff_xgb,1,bindingdb_raw,chembl_raw,0.1,0.6341,0.3659,0.4794,1.2597,
cross_database_transfer,bindingdb_to_chembl_scaffold_purged,ecfp_absdiff_xgb,1,bindingdb_raw,chembl_raw,0.2,0.5852,0.4148,0.4316,1.1342,
cross_database_transfer,bindingdb_to_chembl_scaffold_purged,ecfp_absdiff_xgb,1,bindingdb_raw,chembl_raw,0.4,0.5696,0.4304,0.415,1.0905,
cross_database_transfer,bindingdb_to_chembl_scaffold_purged,ecfp_absdiff_xgb,1,bindingdb_raw,chembl_raw,0.6,0.5848,0.4152,0.4074,1.0705,
cross_database_transfer,bindingdb_to_chembl_scaffold_purged,ecfp_absdiff_xgb,1,bindingdb_raw,chembl_raw,0.8,0.5912,0.4088,0.3971,1.0436,
cross_database_transfer,bindingdb_to_chembl_scaffold_purged,ecfp_absdiff_xgb,1,bindingdb_raw,chembl_raw,1.0,0.589,0.411,0.3806,1.0,
cross_database_transfer,bindingdb_to_chembl_scaffold_purged,rich_diff_scalars,1,bindingdb_raw,chembl_raw,0.1,0.64,0.36,0.5828,1.5315,
cross_database_transfer,bindingdb_to_chembl_scaffold_purged,rich_diff_scalars,1,bindingdb_raw,chembl_raw,0.2,0.6416,0.3584,0.5536,1.4548,
cross_database_transfer,bindingdb_to_chembl_scaffold_purged,rich_diff_scalars,1,bindingdb_raw,chembl_raw,0.4,0.6332,0.3668,0.4918,1.2923,
cross_database_transfer,bindingdb_to_chembl_scaffold_purged,rich_diff_scalars,1,bindingdb_raw,chembl_raw,0.6,0.6139,0.3861,0.4436,1.1655,
cross_database_transfer,bindingdb_to_chembl_scaffold_purged,rich_diff_scalars,1,bindingdb_raw,chembl_raw,0.8,0.595,0.405,0.4121,1.0828,
cross_database_transfer,bindingdb_to_chembl_scaffold_purged,rich_diff_scalars,1,bindingdb_raw,chembl_raw,1.0,0.5767,0.4233,0.3806,1.0,
cross_database_transfer,bindingdb_to_chembl_scaffold_purged,rich_scalars_only,1,bindingdb_raw,chembl_raw,0.1,0.6442,0.3558,0.5559,1.4608,
cross_database_transfer,bindingdb_to_chembl_scaffold_purged,rich_scalars_only,1,bindingdb_raw,chembl_raw,0.2,0.6231,0.3769,0.5368,1.4106,
cross_database_transfer,bindingdb_to_chembl_scaffold_purged,rich_scalars_only,1,bindingdb_raw,chembl_raw,0.4,0.6199,0.3801,0.4968,1.3055,
cross_database_transfer,bindingdb_to_chembl_scaffold_purged,rich_scalars_only,1,bindingdb_raw,chembl_raw,0.6,0.5987,0.4013,0.4422,1.1618,
cross_database_transfer,bindingdb_to_chembl_scaffold_purged,rich_scalars_only,1,bindingdb_raw,chembl_raw,0.8,0.5831,0.4169,0.4079,1.0717,
cross_database_transfer,bindingdb_to_chembl_scaffold_purged,rich_scalars_only,1,bindingdb_raw,chembl_raw,1.0,0.5697,0.4303,0.3806,1.0,
cross_database_transfer,bindingdb_to_chembl_scaffold_purged,extratrees_scalars,1,bindingdb_raw,chembl_raw,0.1,0.7696,0.2304,0.5685,1.494,
cross_database_transfer,bindingdb_to_chembl_scaffold_purged,extratrees_scalars,1,bindingdb_raw,chembl_raw,0.2,0.7383,0.2617,0.5179,1.3608,
cross_database_transfer,bindingdb_to_chembl_scaffold_purged,extratrees_scalars,1,bindingdb_raw,chembl_raw,0.4,0.6923,0.3077,0.4769,1.253,
cross_database_transfer,bindingdb_to_chembl_scaffold_purged,extratrees_scalars,1,bindingdb_raw,chembl_raw,0.6,0.6685,0.3315,0.4395,1.1548,
cross_database_transfer,bindingdb_to_chembl_scaffold_purged,extratrees_scalars,1,bindingdb_raw,chembl_raw,0.8,0.6418,0.3582,0.4127,1.0845,
cross_database_transfer,bindingdb_to_chembl_scaffold_purged,extratrees_scalars,1,bindingdb_raw,chembl_raw,1.0,0.6184,0.3816,0.3806,1.0,
cross_database_transfer,bindingdb_to_chembl_scaffold_purged,ecfp_absdiff_xgb,2,bindingdb_raw,chembl_raw,0.1,0.6316,0.3684,0.4962,1.3039,
cross_database_transfer,bindingdb_to_chembl_scaffold_purged,ecfp_absdiff_xgb,2,bindingdb_raw,chembl_raw,0.2,0.594,0.406,0.414,1.0878,
cross_database_transfer,bindingdb_to_chembl_scaffold_purged,ecfp_absdiff_xgb,2,bindingdb_raw,chembl_raw,0.4,0.5711,0.4289,0.4018,1.0557,
cross_database_transfer,bindingdb_to_chembl_scaffold_purged,ecfp_absdiff_xgb,2,bindingdb_raw,chembl_raw,0.6,0.5859,0.4141,0.3985,1.0472,
cross_database_transfer,bindingdb_to_chembl_scaffold_purged,ecfp_absdiff_xgb,2,bindingdb_raw,chembl_raw,0.8,0.5906,0.4094,0.3949,1.0378,
cross_database_transfer,bindingdb_to_chembl_scaffold_purged,ecfp_absdiff_xgb,2,bindingdb_raw,chembl_raw,1.0,0.5824,0.4176,0.3806,1.0,
cross_database_transfer,bindingdb_to_chembl_scaffold_purged,rich_diff_scalars,2,bindingdb_raw,chembl_raw,0.1,0.6308,0.3692,0.5627,1.4785,
cross_database_transfer,bindingdb_to_chembl_scaffold_purged,rich_diff_scalars,2,bindingdb_raw,chembl_raw,0.2,0.6298,0.3702,0.5364,1.4095,
cross_database_transfer,bindingdb_to_chembl_scaffold_purged,rich_diff_scalars,2,bindingdb_raw,chembl_raw,0.4,0.6182,0.3818,0.4926,1.2945,
cross_database_transfer,bindingdb_to_chembl_scaffold_purged,rich_diff_scalars,2,bindingdb_raw,chembl_raw,0.6,0.6062,0.3938,0.4422,1.1618,
cross_database_transfer,bindingdb_to_chembl_scaffold_purged,rich_diff_scalars,2,bindingdb_raw,chembl_raw,0.8,0.5942,0.4058,0.4068,1.069,
cross_database_transfer,bindingdb_to_chembl_scaffold_purged,rich_diff_scalars,2,bindingdb_raw,chembl_raw,1.0,0.5811,0.4189,0.3806,1.0,
cross_database_transfer,bindingdb_to_chembl_scaffold_purged,rich_scalars_only,2,bindingdb_raw,chembl_raw,0.1,0.6249,0.3751,0.587,1.5426,
cross_database_transfer,bindingdb_to_chembl_scaffold_purged,rich_scalars_only,2,bindingdb_raw,chembl_raw,0.2,0.6256,0.3744,0.5486,1.4415,
cross_database_transfer,bindingdb_to_chembl_scaffold_purged,rich_scalars_only,2,bindingdb_raw,chembl_raw,0.4,0.6256,0.3744,0.4922,1.2934,
cross_database_transfer,bindingdb_to_chembl_scaffold_purged,rich_scalars_only,2,bindingdb_raw,chembl_raw,0.6,0.6052,0.3948,0.4427,1.1633,
cross_database_transfer,bindingdb_to_chembl_scaffold_purged,rich_scalars_only,2,bindingdb_raw,chembl_raw,0.8,0.5877,0.4123,0.407,1.0695,
cross_database_transfer,bindingdb_to_chembl_scaffold_purged,rich_scalars_only,2,bindingdb_raw,chembl_raw,1.0,0.5748,0.4252,0.3806,1.0,
cross_database_transfer,bindingdb_to_chembl_scaffold_purged,extratrees_scalars,2,bindingdb_raw,chembl_raw,0.1,0.7485,0.2515,0.5576,1.4652,
cross_database_transfer,bindingdb_to_chembl_scaffold_purged,extratrees_scalars,2,bindingdb_raw,chembl_raw,0.2,0.7278,0.2722,0.5225,1.373,
cross_database_transfer,bindingdb_to_chembl_scaffold_purged,extratrees_scalars,2,bindingdb_raw,chembl_raw,0.4,0.6963,0.3037,0.4834,1.2702,
cross_database_transfer,bindingdb_to_chembl_scaffold_purged,extratrees_scalars,2,bindingdb_raw,chembl_raw,0.6,0.6675,0.3325,0.4457,1.1711,
cross_database_transfer,bindingdb_to_chembl_scaffold_purged,extratrees_scalars,2,bindingdb_raw,chembl_raw,0.8,0.6448,0.3552,0.4103,1.0781,
cross_database_transfer,bindingdb_to_chembl_scaffold_purged,extratrees_scalars,2,bindingdb_raw,chembl_raw,1.0,0.6241,0.3759,0.3806,1.0,
prospective_temporal,chembl_future_after_2005_future_only,ecfp_absdiff_xgb,0,chembl_raw,chembl_raw,0.1002,0.7228,0.2772,0.286,0.9706,2005.0
prospective_temporal,chembl_future_after_2005_future_only,ecfp_absdiff_xgb,0,chembl_raw,chembl_raw,0.2001,0.6127,0.3873,0.293,0.9943,2005.0
prospective_temporal,chembl_future_after_2005_future_only,ecfp_absdiff_xgb,0,chembl_raw,chembl_raw,0.4002,0.5699,0.4301,0.3036,1.0301,2005.0
prospective_temporal,chembl_future_after_2005_future_only,ecfp_absdiff_xgb,0,chembl_raw,chembl_raw,0.6,0.5566,0.4434,0.3179,1.0788,2005.0
prospective_temporal,chembl_future_after_2005_future_only,ecfp_absdiff_xgb,0,chembl_raw,chembl_raw,0.8001,0.5293,0.4707,0.2981,1.0115,2005.0
prospective_temporal,chembl_future_after_2005_future_only,ecfp_absdiff_xgb,0,chembl_raw,chembl_raw,1.0,0.4879,0.5121,0.2947,1.0,2005.0
prospective_temporal,chembl_future_after_2005_future_only,rich_diff_scalars,0,chembl_raw,chembl_raw,0.1002,0.7849,0.2151,0.5144,1.7456,2005.0
prospective_temporal,chembl_future_after_2005_future_only,rich_diff_scalars,0,chembl_raw,chembl_raw,0.2001,0.7847,0.2153,0.4351,1.4764,2005.0
prospective_temporal,chembl_future_after_2005_future_only,rich_diff_scalars,0,chembl_raw,chembl_raw,0.4002,0.7747,0.2253,0.4073,1.3822,2005.0
prospective_temporal,chembl_future_after_2005_future_only,rich_diff_scalars,0,chembl_raw,chembl_raw,0.6,0.7591,0.2409,0.3542,1.2019,2005.0
prospective_temporal,chembl_future_after_2005_future_only,rich_diff_scalars,0,chembl_raw,chembl_raw,0.8001,0.7274,0.2726,0.322,1.0925,2005.0
prospective_temporal,chembl_future_after_2005_future_only,rich_diff_scalars,0,chembl_raw,chembl_raw,1.0,0.6807,0.3193,0.2947,1.0,2005.0
prospective_temporal,chembl_future_after_2005_future_only,rich_scalars_only,0,chembl_raw,chembl_raw,0.1002,0.7583,0.2417,0.4878,1.6553,2005.0
prospective_temporal,chembl_future_after_2005_future_only,rich_scalars_only,0,chembl_raw,chembl_raw,0.2001,0.7758,0.2242,0.4373,1.4839,2005.0
prospective_temporal,chembl_future_after_2005_future_only,rich_scalars_only,0,chembl_raw,chembl_raw,0.4002,0.7764,0.2236,0.4062,1.3784,2005.0
prospective_temporal,chembl_future_after_2005_future_only,rich_scalars_only,0,chembl_raw,chembl_raw,0.6,0.7535,0.2465,0.3608,1.2245,2005.0
prospective_temporal,chembl_future_after_2005_future_only,rich_scalars_only,0,chembl_raw,chembl_raw,0.8001,0.7147,0.2853,0.3206,1.0878,2005.0
prospective_temporal,chembl_future_after_2005_future_only,rich_scalars_only,0,chembl_raw,chembl_raw,1.0,0.6764,0.3236,0.2947,1.0,2005.0
prospective_temporal,chembl_future_after_2005_future_only,extratrees_scalars,0,chembl_raw,chembl_raw,0.1002,0.7783,0.2217,0.5233,1.7757,2005.0
prospective_temporal,chembl_future_after_2005_future_only,extratrees_scalars,0,chembl_raw,chembl_raw,0.2001,0.7725,0.2275,0.455,1.5442,2005.0
prospective_temporal,chembl_future_after_2005_future_only,extratrees_scalars,0,chembl_raw,chembl_raw,0.4002,0.7608,0.2392,0.3857,1.3088,2005.0
prospective_temporal,chembl_future_after_2005_future_only,extratrees_scalars,0,chembl_raw,chembl_raw,0.6,0.7365,0.2635,0.3516,1.1931,2005.0
prospective_temporal,chembl_future_after_2005_future_only,extratrees_scalars,0,chembl_raw,chembl_raw,0.8001,0.7061,0.2939,0.3164,1.0737,2005.0
prospective_temporal,chembl_future_after_2005_future_only,extratrees_scalars,0,chembl_raw,chembl_raw,1.0,0.6731,0.3269,0.2947,1.0,2005.0
prospective_temporal,chembl_future_after_2005_future_only,ecfp_absdiff_xgb,1,chembl_raw,chembl_raw,0.1002,0.7029,0.2971,0.2151,0.7298,2005.0
prospective_temporal,chembl_future_after_2005_future_only,ecfp_absdiff_xgb,1,chembl_raw,chembl_raw,0.2001,0.6238,0.3762,0.3052,1.0357,2005.0
prospective_temporal,chembl_future_after_2005_future_only,ecfp_absdiff_xgb,1,chembl_raw,chembl_raw,0.4002,0.5339,0.4661,0.3124,1.0602,2005.0
prospective_temporal,chembl_future_after_2005_future_only,ecfp_absdiff_xgb,1,chembl_raw,chembl_raw,0.6,0.5703,0.4297,0.3168,1.075,2005.0
prospective_temporal,chembl_future_after_2005_future_only,ecfp_absdiff_xgb,1,chembl_raw,chembl_raw,0.8001,0.5235,0.4765,0.2989,1.0143,2005.0
prospective_temporal,chembl_future_after_2005_future_only,ecfp_absdiff_xgb,1,chembl_raw,chembl_raw,1.0,0.4803,0.5197,0.2947,1.0,2005.0
prospective_temporal,chembl_future_after_2005_future_only,rich_diff_scalars,1,chembl_raw,chembl_raw,0.1002,0.7694,0.2306,0.5011,1.7004,2005.0
prospective_temporal,chembl_future_after_2005_future_only,rich_diff_scalars,1,chembl_raw,chembl_raw,0.2001,0.7769,0.2231,0.4428,1.5027,2005.0
prospective_temporal,chembl_future_after_2005_future_only,rich_diff_scalars,1,chembl_raw,chembl_raw,0.4002,0.7708,0.2292,0.3957,1.3427,2005.0
prospective_temporal,chembl_future_after_2005_future_only,rich_diff_scalars,1,chembl_raw,chembl_raw,0.6,0.7509,0.2491,0.3531,1.1981,2005.0
prospective_temporal,chembl_future_after_2005_future_only,rich_diff_scalars,1,chembl_raw,chembl_raw,0.8001,0.7202,0.2798,0.3206,1.0878,2005.0
prospective_temporal,chembl_future_after_2005_future_only,rich_diff_scalars,1,chembl_raw,chembl_raw,1.0,0.6791,0.3209,0.2947,1.0,2005.0
prospective_temporal,chembl_future_after_2005_future_only,rich_scalars_only,1,chembl_raw,chembl_raw,0.1002,0.6874,0.3126,0.49,1.6628,2005.0
prospective_temporal,chembl_future_after_2005_future_only,rich_scalars_only,1,chembl_raw,chembl_raw,0.2001,0.7137,0.2863,0.4351,1.4764,2005.0
prospective_temporal,chembl_future_after_2005_future_only,rich_scalars_only,1,chembl_raw,chembl_raw,0.4002,0.7192,0.2808,0.4023,1.3653,2005.0
prospective_temporal,chembl_future_after_2005_future_only,rich_scalars_only,1,chembl_raw,chembl_raw,0.6,0.728,0.272,0.3453,1.1717,2005.0
prospective_temporal,chembl_future_after_2005_future_only,rich_scalars_only,1,chembl_raw,chembl_raw,0.8001,0.703,0.297,0.3086,1.0473,2005.0
prospective_temporal,chembl_future_after_2005_future_only,rich_scalars_only,1,chembl_raw,chembl_raw,1.0,0.6667,0.3333,0.2947,1.0,2005.0
prospective_temporal,chembl_future_after_2005_future_only,extratrees_scalars,1,chembl_raw,chembl_raw,0.1002,0.7827,0.2173,0.5388,1.8284,2005.0
prospective_temporal,chembl_future_after_2005_future_only,extratrees_scalars,1,chembl_raw,chembl_raw,0.2001,0.758,0.242,0.455,1.5442,2005.0
prospective_temporal,chembl_future_after_2005_future_only,extratrees_scalars,1,chembl_raw,chembl_raw,0.4002,0.7397,0.2603,0.3796,1.288,2005.0
prospective_temporal,chembl_future_after_2005_future_only,extratrees_scalars,1,chembl_raw,chembl_raw,0.6,0.7228,0.2772,0.3423,1.1617,2005.0
prospective_temporal,chembl_future_after_2005_future_only,extratrees_scalars,1,chembl_raw,chembl_raw,0.8001,0.6947,0.3053,0.3117,1.0577,2005.0
prospective_temporal,chembl_future_after_2005_future_only,extratrees_scalars,1,chembl_raw,chembl_raw,1.0,0.6664,0.3336,0.2947,1.0,2005.0
prospective_temporal,chembl_future_after_2005_future_only,ecfp_absdiff_xgb,2,chembl_raw,chembl_raw,0.1002,0.7339,0.2661,0.255,0.8653,2005.0
prospective_temporal,chembl_future_after_2005_future_only,ecfp_absdiff_xgb,2,chembl_raw,chembl_raw,0.2001,0.626,0.374,0.2875,0.9755,2005.0
prospective_temporal,chembl_future_after_2005_future_only,ecfp_absdiff_xgb,2,chembl_raw,chembl_raw,0.4002,0.5305,0.4695,0.3058,1.0376,2005.0
prospective_temporal,chembl_future_after_2005_future_only,ecfp_absdiff_xgb,2,chembl_raw,chembl_raw,0.6,0.5315,0.4685,0.3013,1.0223,2005.0
prospective_temporal,chembl_future_after_2005_future_only,ecfp_absdiff_xgb,2,chembl_raw,chembl_raw,0.8001,0.4763,0.5237,0.3014,1.0228,2005.0
prospective_temporal,chembl_future_after_2005_future_only,ecfp_absdiff_xgb,2,chembl_raw,chembl_raw,1.0,0.4395,0.5605,0.2947,1.0,2005.0
prospective_temporal,chembl_future_after_2005_future_only,rich_diff_scalars,2,chembl_raw,chembl_raw,0.1002,0.7627,0.2373,0.5011,1.7004,2005.0
prospective_temporal,chembl_future_after_2005_future_only,rich_diff_scalars,2,chembl_raw,chembl_raw,0.2001,0.758,0.242,0.4395,1.4914,2005.0
prospective_temporal,chembl_future_after_2005_future_only,rich_diff_scalars,2,chembl_raw,chembl_raw,0.4002,0.7736,0.2264,0.4012,1.3615,2005.0
prospective_temporal,chembl_future_after_2005_future_only,rich_diff_scalars,2,chembl_raw,chembl_raw,0.6,0.7543,0.2457,0.3564,1.2094,2005.0
prospective_temporal,chembl_future_after_2005_future_only,rich_diff_scalars,2,chembl_raw,chembl_raw,0.8001,0.7269,0.2731,0.3092,1.0492,2005.0
prospective_temporal,chembl_future_after_2005_future_only,rich_diff_scalars,2,chembl_raw,chembl_raw,1.0,0.6838,0.3162,0.2947,1.0,2005.0
prospective_temporal,chembl_future_after_2005_future_only,rich_scalars_only,2,chembl_raw,chembl_raw,0.1002,0.7361,0.2639,0.49,1.6628,2005.0
prospective_temporal,chembl_future_after_2005_future_only,rich_scalars_only,2,chembl_raw,chembl_raw,0.2001,0.7547,0.2453,0.4495,1.5253,2005.0
prospective_temporal,chembl_future_after_2005_future_only,rich_scalars_only,2,chembl_raw,chembl_raw,0.4002,0.7608,0.2392,0.399,1.354,2005.0
prospective_temporal,chembl_future_after_2005_future_only,rich_scalars_only,2,chembl_raw,chembl_raw,0.6,0.7406,0.2594,0.3575,1.2132,2005.0
prospective_temporal,chembl_future_after_2005_future_only,rich_scalars_only,2,chembl_raw,chembl_raw,0.8001,0.7075,0.2925,0.3167,1.0746,2005.0
prospective_temporal,chembl_future_after_2005_future_only,rich_scalars_only,2,chembl_raw,chembl_raw,1.0,0.6782,0.3218,0.2947,1.0,2005.0
prospective_temporal,chembl_future_after_2005_future_only,extratrees_scalars,2,chembl_raw,chembl_raw,0.1002,0.8049,0.1951,0.4989,1.6929,2005.0
prospective_temporal,chembl_future_after_2005_future_only,extratrees_scalars,2,chembl_raw,chembl_raw,0.2001,0.7858,0.2142,0.4528,1.5366,2005.0
prospective_temporal,chembl_future_after_2005_future_only,extratrees_scalars,2,chembl_raw,chembl_raw,0.4002,0.7658,0.2342,0.3918,1.3295,2005.0
prospective_temporal,chembl_future_after_2005_future_only,extratrees_scalars,2,chembl_raw,chembl_raw,0.6,0.7302,0.2698,0.3523,1.1956,2005.0
prospective_temporal,chembl_future_after_2005_future_only,extratrees_scalars,2,chembl_raw,chembl_raw,0.8001,0.7086,0.2914,0.3228,1.0953,2005.0
prospective_temporal,chembl_future_after_2005_future_only,extratrees_scalars,2,chembl_raw,chembl_raw,1.0,0.6731,0.3269,0.2947,1.0,2005.0
prospective_temporal,chembl_future_after_2005_scaffold_source_purged,ecfp_absdiff_xgb,0,chembl_raw,chembl_raw,0.1002,0.7095,0.2905,0.2838,0.9631,2005.0
prospective_temporal,chembl_future_after_2005_scaffold_source_purged,ecfp_absdiff_xgb,0,chembl_raw,chembl_raw,0.2001,0.6315,0.3685,0.2841,0.9642,2005.0
prospective_temporal,chembl_future_after_2005_scaffold_source_purged,ecfp_absdiff_xgb,0,chembl_raw,chembl_raw,0.4002,0.5821,0.4179,0.2997,1.0169,2005.0
prospective_temporal,chembl_future_after_2005_scaffold_source_purged,ecfp_absdiff_xgb,0,chembl_raw,chembl_raw,0.6,0.5955,0.4045,0.3064,1.0399,2005.0
prospective_temporal,chembl_future_after_2005_scaffold_source_purged,ecfp_absdiff_xgb,0,chembl_raw,chembl_raw,0.8001,0.6175,0.3825,0.2967,1.0068,2005.0
prospective_temporal,chembl_future_after_2005_scaffold_source_purged,ecfp_absdiff_xgb,0,chembl_raw,chembl_raw,1.0,0.6267,0.3733,0.2947,1.0,2005.0
prospective_temporal,chembl_future_after_2005_scaffold_source_purged,rich_diff_scalars,0,chembl_raw,chembl_raw,0.1002,0.7982,0.2018,0.4279,1.4522,2005.0
prospective_temporal,chembl_future_after_2005_scaffold_source_purged,rich_diff_scalars,0,chembl_raw,chembl_raw,0.2001,0.8169,0.1831,0.434,1.4726,2005.0
prospective_temporal,chembl_future_after_2005_scaffold_source_purged,rich_diff_scalars,0,chembl_raw,chembl_raw,0.4002,0.798,0.202,0.4034,1.369,2005.0
prospective_temporal,chembl_future_after_2005_scaffold_source_purged,rich_diff_scalars,0,chembl_raw,chembl_raw,0.6,0.7543,0.2457,0.3834,1.3011,2005.0
prospective_temporal,chembl_future_after_2005_scaffold_source_purged,rich_diff_scalars,0,chembl_raw,chembl_raw,0.8001,0.7127,0.2873,0.3306,1.1217,2005.0
prospective_temporal,chembl_future_after_2005_scaffold_source_purged,rich_diff_scalars,0,chembl_raw,chembl_raw,1.0,0.6778,0.3222,0.2947,1.0,2005.0
prospective_temporal,chembl_future_after_2005_scaffold_source_purged,rich_scalars_only,0,chembl_raw,chembl_raw,0.1002,0.8049,0.1951,0.3747,1.2716,2005.0
prospective_temporal,chembl_future_after_2005_scaffold_source_purged,rich_scalars_only,0,chembl_raw,chembl_raw,0.2001,0.7858,0.2142,0.3718,1.2617,2005.0
prospective_temporal,chembl_future_after_2005_scaffold_source_purged,rich_scalars_only,0,chembl_raw,chembl_raw,0.4002,0.7564,0.2436,0.3957,1.3427,2005.0
prospective_temporal,chembl_future_after_2005_scaffold_source_purged,rich_scalars_only,0,chembl_raw,chembl_raw,0.6,0.7206,0.2794,0.3645,1.237,2005.0
prospective_temporal,chembl_future_after_2005_scaffold_source_purged,rich_scalars_only,0,chembl_raw,chembl_raw,0.8001,0.6842,0.3158,0.3297,1.1189,2005.0
prospective_temporal,chembl_future_after_2005_scaffold_source_purged,rich_scalars_only,0,chembl_raw,chembl_raw,1.0,0.6498,0.3502,0.2947,1.0,2005.0
prospective_temporal,chembl_future_after_2005_scaffold_source_purged,extratrees_scalars,0,chembl_raw,chembl_raw,0.1002,0.7428,0.2572,0.4213,1.4296,2005.0
prospective_temporal,chembl_future_after_2005_scaffold_source_purged,extratrees_scalars,0,chembl_raw,chembl_raw,0.2001,0.7347,0.2653,0.414,1.4048,2005.0
prospective_temporal,chembl_future_after_2005_scaffold_source_purged,extratrees_scalars,0,chembl_raw,chembl_raw,0.4002,0.7436,0.2564,0.3674,1.2466,2005.0
prospective_temporal,chembl_future_after_2005_scaffold_source_purged,extratrees_scalars,0,chembl_raw,chembl_raw,0.6,0.7161,0.2839,0.3449,1.1705,2005.0
prospective_temporal,chembl_future_after_2005_scaffold_source_purged,extratrees_scalars,0,chembl_raw,chembl_raw,0.8001,0.6958,0.3042,0.3106,1.0539,2005.0
prospective_temporal,chembl_future_after_2005_scaffold_source_purged,extratrees_scalars,0,chembl_raw,chembl_raw,1.0,0.67,0.33,0.2947,1.0,2005.0
prospective_temporal,chembl_future_after_2005_scaffold_source_purged,ecfp_absdiff_xgb,1,chembl_raw,chembl_raw,0.1002,0.6874,0.3126,0.2639,0.8954,2005.0
prospective_temporal,chembl_future_after_2005_scaffold_source_purged,ecfp_absdiff_xgb,1,chembl_raw,chembl_raw,0.2001,0.6204,0.3796,0.2642,0.8964,2005.0
prospective_temporal,chembl_future_after_2005_scaffold_source_purged,ecfp_absdiff_xgb,1,chembl_raw,chembl_raw,0.4002,0.6038,0.3962,0.2991,1.015,2005.0
prospective_temporal,chembl_future_after_2005_scaffold_source_purged,ecfp_absdiff_xgb,1,chembl_raw,chembl_raw,0.6,0.5785,0.4215,0.3042,1.0323,2005.0
prospective_temporal,chembl_future_after_2005_scaffold_source_purged,ecfp_absdiff_xgb,1,chembl_raw,chembl_raw,0.8001,0.6026,0.3974,0.2953,1.0021,2005.0
prospective_temporal,chembl_future_after_2005_scaffold_source_purged,ecfp_absdiff_xgb,1,chembl_raw,chembl_raw,1.0,0.6145,0.3855,0.2947,1.0,2005.0
prospective_temporal,chembl_future_after_2005_scaffold_source_purged,rich_diff_scalars,1,chembl_raw,chembl_raw,0.1002,0.7672,0.2328,0.4146,1.407,2005.0
prospective_temporal,chembl_future_after_2005_scaffold_source_purged,rich_diff_scalars,1,chembl_raw,chembl_raw,0.2001,0.7836,0.2164,0.4173,1.4161,2005.0
prospective_temporal,chembl_future_after_2005_scaffold_source_purged,rich_diff_scalars,1,chembl_raw,chembl_raw,0.4002,0.7764,0.2236,0.3979,1.3502,2005.0
prospective_temporal,chembl_future_after_2005_scaffold_source_purged,rich_diff_scalars,1,chembl_raw,chembl_raw,0.6,0.7428,0.2572,0.366,1.2421,2005.0
prospective_temporal,chembl_future_after_2005_scaffold_source_purged,rich_diff_scalars,1,chembl_raw,chembl_raw,0.8001,0.7055,0.2945,0.3258,1.1057,2005.0
prospective_temporal,chembl_future_after_2005_scaffold_source_purged,rich_diff_scalars,1,chembl_raw,chembl_raw,1.0,0.674,0.326,0.2947,1.0,2005.0
prospective_temporal,chembl_future_after_2005_scaffold_source_purged,rich_scalars_only,1,chembl_raw,chembl_raw,0.1002,0.7494,0.2506,0.4058,1.3769,2005.0
prospective_temporal,chembl_future_after_2005_scaffold_source_purged,rich_scalars_only,1,chembl_raw,chembl_raw,0.2001,0.7791,0.2209,0.3862,1.3106,2005.0
prospective_temporal,chembl_future_after_2005_scaffold_source_purged,rich_scalars_only,1,chembl_raw,chembl_raw,0.4002,0.7497,0.2503,0.3751,1.273,2005.0
prospective_temporal,chembl_future_after_2005_scaffold_source_purged,rich_scalars_only,1,chembl_raw,chembl_raw,0.6,0.7195,0.2805,0.3623,1.2295,2005.0
prospective_temporal,chembl_future_after_2005_scaffold_source_purged,rich_scalars_only,1,chembl_raw,chembl_raw,0.8001,0.6872,0.3128,0.3353,1.1377,2005.0
prospective_temporal,chembl_future_after_2005_scaffold_source_purged,rich_scalars_only,1,chembl_raw,chembl_raw,1.0,0.6565,0.3435,0.2947,1.0,2005.0
prospective_temporal,chembl_future_after_2005_scaffold_source_purged,extratrees_scalars,1,chembl_raw,chembl_raw,0.1002,0.7694,0.2306,0.4102,1.392,2005.0
prospective_temporal,chembl_future_after_2005_scaffold_source_purged,extratrees_scalars,1,chembl_raw,chembl_raw,0.2001,0.7703,0.2297,0.3973,1.3483,2005.0
prospective_temporal,chembl_future_after_2005_scaffold_source_purged,extratrees_scalars,1,chembl_raw,chembl_raw,0.4002,0.7425,0.2575,0.3602,1.2221,2005.0
prospective_temporal,chembl_future_after_2005_scaffold_source_purged,extratrees_scalars,1,chembl_raw,chembl_raw,0.6,0.7187,0.2813,0.3394,1.1516,2005.0
prospective_temporal,chembl_future_after_2005_scaffold_source_purged,extratrees_scalars,1,chembl_raw,chembl_raw,0.8001,0.6864,0.3136,0.317,1.0756,2005.0
prospective_temporal,chembl_future_after_2005_scaffold_source_purged,extratrees_scalars,1,chembl_raw,chembl_raw,1.0,0.6545,0.3455,0.2947,1.0,2005.0
prospective_temporal,chembl_future_after_2005_scaffold_source_purged,ecfp_absdiff_xgb,2,chembl_raw,chembl_raw,0.1002,0.7184,0.2816,0.2572,0.8728,2005.0
prospective_temporal,chembl_future_after_2005_scaffold_source_purged,ecfp_absdiff_xgb,2,chembl_raw,chembl_raw,0.2001,0.626,0.374,0.2974,1.0093,2005.0
prospective_temporal,chembl_future_after_2005_scaffold_source_purged,ecfp_absdiff_xgb,2,chembl_raw,chembl_raw,0.4002,0.5888,0.4112,0.2913,0.9886,2005.0
prospective_temporal,chembl_future_after_2005_scaffold_source_purged,ecfp_absdiff_xgb,2,chembl_raw,chembl_raw,0.6,0.607,0.393,0.2935,0.9959,2005.0
prospective_temporal,chembl_future_after_2005_scaffold_source_purged,ecfp_absdiff_xgb,2,chembl_raw,chembl_raw,0.8001,0.6309,0.3691,0.2953,1.0021,2005.0
prospective_temporal,chembl_future_after_2005_scaffold_source_purged,ecfp_absdiff_xgb,2,chembl_raw,chembl_raw,1.0,0.6445,0.3555,0.2947,1.0,2005.0
prospective_temporal,chembl_future_after_2005_scaffold_source_purged,rich_diff_scalars,2,chembl_raw,chembl_raw,0.1002,0.7694,0.2306,0.4058,1.3769,2005.0
prospective_temporal,chembl_future_after_2005_scaffold_source_purged,rich_diff_scalars,2,chembl_raw,chembl_raw,0.2001,0.7902,0.2098,0.4073,1.3822,2005.0
prospective_temporal,chembl_future_after_2005_scaffold_source_purged,rich_diff_scalars,2,chembl_raw,chembl_raw,0.4002,0.7741,0.2259,0.4012,1.3615,2005.0
prospective_temporal,chembl_future_after_2005_scaffold_source_purged,rich_diff_scalars,2,chembl_raw,chembl_raw,0.6,0.7472,0.2528,0.3653,1.2395,2005.0
prospective_temporal,chembl_future_after_2005_scaffold_source_purged,rich_diff_scalars,2,chembl_raw,chembl_raw,0.8001,0.7002,0.2998,0.33,1.1198,2005.0
prospective_temporal,chembl_future_after_2005_scaffold_source_purged,rich_diff_scalars,2,chembl_raw,chembl_raw,1.0,0.6678,0.3322,0.2947,1.0,2005.0
prospective_temporal,chembl_future_after_2005_scaffold_source_purged,rich_scalars_only,2,chembl_raw,chembl_raw,0.1002,0.7738,0.2262,0.4169,1.4145,2005.0
prospective_temporal,chembl_future_after_2005_scaffold_source_purged,rich_scalars_only,2,chembl_raw,chembl_raw,0.2001,0.7802,0.2198,0.4129,1.401,2005.0
prospective_temporal,chembl_future_after_2005_scaffold_source_purged,rich_scalars_only,2,chembl_raw,chembl_raw,0.4002,0.7458,0.2542,0.3851,1.3069,2005.0
prospective_temporal,chembl_future_after_2005_scaffold_source_purged,rich_scalars_only,2,chembl_raw,chembl_raw,0.6,0.7254,0.2746,0.3597,1.2207,2005.0
prospective_temporal,chembl_future_after_2005_scaffold_source_purged,rich_scalars_only,2,chembl_raw,chembl_raw,0.8001,0.6936,0.3064,0.3317,1.1255,2005.0
prospective_temporal,chembl_future_after_2005_scaffold_source_purged,rich_scalars_only,2,chembl_raw,chembl_raw,1.0,0.6678,0.3322,0.2947,1.0,2005.0
prospective_temporal,chembl_future_after_2005_scaffold_source_purged,extratrees_scalars,2,chembl_raw,chembl_raw,0.1002,0.7938,0.2062,0.4235,1.4371,2005.0
prospective_temporal,chembl_future_after_2005_scaffold_source_purged,extratrees_scalars,2,chembl_raw,chembl_raw,0.2001,0.7492,0.2508,0.4184,1.4199,2005.0
prospective_temporal,chembl_future_after_2005_scaffold_source_purged,extratrees_scalars,2,chembl_raw,chembl_raw,0.4002,0.7436,0.2564,0.3801,1.2899,2005.0
prospective_temporal,chembl_future_after_2005_scaffold_source_purged,extratrees_scalars,2,chembl_raw,chembl_raw,0.6,0.7239,0.2761,0.3468,1.1768,2005.0
prospective_temporal,chembl_future_after_2005_scaffold_source_purged,extratrees_scalars,2,chembl_raw,chembl_raw,0.8001,0.6964,0.3036,0.3117,1.0577,2005.0
prospective_temporal,chembl_future_after_2005_scaffold_source_purged,extratrees_scalars,2,chembl_raw,chembl_raw,1.0,0.67,0.33,0.2947,1.0,2005.0
prospective_temporal,chembl_future_after_2010_future_only,ecfp_absdiff_xgb,0,chembl_raw,chembl_raw,0.1003,0.7143,0.2857,0.2723,1.0242,2010.0
prospective_temporal,chembl_future_after_2010_future_only,ecfp_absdiff_xgb,0,chembl_raw,chembl_raw,0.2001,0.6577,0.3423,0.255,0.9592,2010.0
prospective_temporal,chembl_future_after_2010_future_only,ecfp_absdiff_xgb,0,chembl_raw,chembl_raw,0.4002,0.4676,0.5324,0.2562,0.9634,2010.0
prospective_temporal,chembl_future_after_2010_future_only,ecfp_absdiff_xgb,0,chembl_raw,chembl_raw,0.6003,0.4914,0.5086,0.2677,1.0068,2010.0
prospective_temporal,chembl_future_after_2010_future_only,ecfp_absdiff_xgb,0,chembl_raw,chembl_raw,0.8004,0.4357,0.5643,0.2623,0.9865,2010.0
prospective_temporal,chembl_future_after_2010_future_only,ecfp_absdiff_xgb,0,chembl_raw,chembl_raw,1.0,0.4141,0.5859,0.2659,1.0,2010.0
prospective_temporal,chembl_future_after_2010_future_only,rich_diff_scalars,0,chembl_raw,chembl_raw,0.1003,0.8705,0.1295,0.3616,1.36,2010.0
prospective_temporal,chembl_future_after_2010_future_only,rich_diff_scalars,0,chembl_raw,chembl_raw,0.2001,0.8412,0.1588,0.4072,1.5313,2010.0
prospective_temporal,chembl_future_after_2010_future_only,rich_diff_scalars,0,chembl_raw,chembl_raw,0.4002,0.7998,0.2002,0.3613,1.3588,2010.0
prospective_temporal,chembl_future_after_2010_future_only,rich_diff_scalars,0,chembl_raw,chembl_raw,0.6003,0.7837,0.2163,0.3236,1.2172,2010.0
prospective_temporal,chembl_future_after_2010_future_only,rich_diff_scalars,0,chembl_raw,chembl_raw,0.8004,0.7438,0.2562,0.297,1.1169,2010.0
prospective_temporal,chembl_future_after_2010_future_only,rich_diff_scalars,0,chembl_raw,chembl_raw,1.0,0.7023,0.2977,0.2659,1.0,2010.0
prospective_temporal,chembl_future_after_2010_future_only,rich_scalars_only,0,chembl_raw,chembl_raw,0.1003,0.7768,0.2232,0.4018,1.5111,2010.0
prospective_temporal,chembl_future_after_2010_future_only,rich_scalars_only,0,chembl_raw,chembl_raw,0.2001,0.7987,0.2013,0.3937,1.4808,2010.0
prospective_temporal,chembl_future_after_2010_future_only,rich_scalars_only,0,chembl_raw,chembl_raw,0.4002,0.7819,0.2181,0.368,1.3841,2010.0
prospective_temporal,chembl_future_after_2010_future_only,rich_scalars_only,0,chembl_raw,chembl_raw,0.6003,0.7681,0.2319,0.3169,1.1919,2010.0
prospective_temporal,chembl_future_after_2010_future_only,rich_scalars_only,0,chembl_raw,chembl_raw,0.8004,0.7455,0.2545,0.2925,1.1001,2010.0
prospective_temporal,chembl_future_after_2010_future_only,rich_scalars_only,0,chembl_raw,chembl_raw,1.0,0.6974,0.3026,0.2659,1.0,2010.0
prospective_temporal,chembl_future_after_2010_future_only,extratrees_scalars,0,chembl_raw,chembl_raw,0.1003,0.7455,0.2545,0.3571,1.3432,2010.0
prospective_temporal,chembl_future_after_2010_future_only,extratrees_scalars,0,chembl_raw,chembl_raw,0.2001,0.7159,0.2841,0.3423,1.2873,2010.0
prospective_temporal,chembl_future_after_2010_future_only,extratrees_scalars,0,chembl_raw,chembl_raw,0.4002,0.7394,0.2606,0.3177,1.1948,2010.0
prospective_temporal,chembl_future_after_2010_future_only,extratrees_scalars,0,chembl_raw,chembl_raw,0.6003,0.7226,0.2774,0.2931,1.1022,2010.0
prospective_temporal,chembl_future_after_2010_future_only,extratrees_scalars,0,chembl_raw,chembl_raw,0.8004,0.7008,0.2992,0.2718,1.0223,2010.0
prospective_temporal,chembl_future_after_2010_future_only,extratrees_scalars,0,chembl_raw,chembl_raw,1.0,0.6719,0.3281,0.2659,1.0,2010.0
prospective_temporal,chembl_future_after_2010_future_only,ecfp_absdiff_xgb,1,chembl_raw,chembl_raw,0.1003,0.7143,0.2857,0.2321,0.8731,2010.0
prospective_temporal,chembl_future_after_2010_future_only,ecfp_absdiff_xgb,1,chembl_raw,chembl_raw,0.2001,0.6353,0.3647,0.2394,0.9003,2010.0
prospective_temporal,chembl_future_after_2010_future_only,ecfp_absdiff_xgb,1,chembl_raw,chembl_raw,0.4002,0.4687,0.5313,0.2461,0.9255,2010.0
prospective_temporal,chembl_future_after_2010_future_only,ecfp_absdiff_xgb,1,chembl_raw,chembl_raw,0.6003,0.4817,0.5183,0.2595,0.976,2010.0
prospective_temporal,chembl_future_after_2010_future_only,ecfp_absdiff_xgb,1,chembl_raw,chembl_raw,0.8004,0.4357,0.5643,0.2729,1.0265,2010.0
prospective_temporal,chembl_future_after_2010_future_only,ecfp_absdiff_xgb,1,chembl_raw,chembl_raw,1.0,0.4096,0.5904,0.2659,1.0,2010.0
prospective_temporal,chembl_future_after_2010_future_only,rich_diff_scalars,1,chembl_raw,chembl_raw,0.1003,0.8304,0.1696,0.3884,1.4607,2010.0
prospective_temporal,chembl_future_after_2010_future_only,rich_diff_scalars,1,chembl_raw,chembl_raw,0.2001,0.8233,0.1767,0.3826,1.4387,2010.0
prospective_temporal,chembl_future_after_2010_future_only,rich_diff_scalars,1,chembl_raw,chembl_raw,0.4002,0.7897,0.2103,0.3546,1.3336,2010.0
prospective_temporal,chembl_future_after_2010_future_only,rich_diff_scalars,1,chembl_raw,chembl_raw,0.6003,0.774,0.226,0.3087,1.1611,2010.0
prospective_temporal,chembl_future_after_2010_future_only,rich_diff_scalars,1,chembl_raw,chembl_raw,0.8004,0.7433,0.2567,0.2903,1.0917,2010.0
prospective_temporal,chembl_future_after_2010_future_only,rich_diff_scalars,1,chembl_raw,chembl_raw,1.0,0.701,0.299,0.2659,1.0,2010.0
prospective_temporal,chembl_future_after_2010_future_only,rich_scalars_only,1,chembl_raw,chembl_raw,0.1003,0.7857,0.2143,0.3973,1.4943,2010.0
prospective_temporal,chembl_future_after_2010_future_only,rich_scalars_only,1,chembl_raw,chembl_raw,0.2001,0.7696,0.2304,0.3915,1.4724,2010.0
prospective_temporal,chembl_future_after_2010_future_only,rich_scalars_only,1,chembl_raw,chembl_raw,0.4002,0.7539,0.2461,0.3423,1.2873,2010.0
prospective_temporal,chembl_future_after_2010_future_only,rich_scalars_only,1,chembl_raw,chembl_raw,0.6003,0.7509,0.2491,0.305,1.1471,2010.0
prospective_temporal,chembl_future_after_2010_future_only,rich_scalars_only,1,chembl_raw,chembl_raw,0.8004,0.7461,0.2539,0.2869,1.0791,2010.0
prospective_temporal,chembl_future_after_2010_future_only,rich_scalars_only,1,chembl_raw,chembl_raw,1.0,0.7064,0.2936,0.2659,1.0,2010.0
prospective_temporal,chembl_future_after_2010_future_only,extratrees_scalars,1,chembl_raw,chembl_raw,0.1003,0.7991,0.2009,0.3973,1.4943,2010.0
prospective_temporal,chembl_future_after_2010_future_only,extratrees_scalars,1,chembl_raw,chembl_raw,0.2001,0.7718,0.2282,0.4116,1.5481,2010.0
prospective_temporal,chembl_future_after_2010_future_only,extratrees_scalars,1,chembl_raw,chembl_raw,0.4002,0.7796,0.2204,0.3512,1.321,2010.0
prospective_temporal,chembl_future_after_2010_future_only,extratrees_scalars,1,chembl_raw,chembl_raw,0.6003,0.7591,0.2409,0.3125,1.1751,2010.0
prospective_temporal,chembl_future_after_2010_future_only,extratrees_scalars,1,chembl_raw,chembl_raw,0.8004,0.7349,0.2651,0.2796,1.0517,2010.0
prospective_temporal,chembl_future_after_2010_future_only,extratrees_scalars,1,chembl_raw,chembl_raw,1.0,0.7028,0.2972,0.2659,1.0,2010.0
prospective_temporal,chembl_future_after_2010_future_only,ecfp_absdiff_xgb,2,chembl_raw,chembl_raw,0.1003,0.6696,0.3304,0.2679,1.0074,2010.0
prospective_temporal,chembl_future_after_2010_future_only,ecfp_absdiff_xgb,2,chembl_raw,chembl_raw,0.2001,0.6421,0.3579,0.2215,0.833,2010.0
prospective_temporal,chembl_future_after_2010_future_only,ecfp_absdiff_xgb,2,chembl_raw,chembl_raw,0.4002,0.4676,0.5324,0.264,0.9928,2010.0
prospective_temporal,chembl_future_after_2010_future_only,ecfp_absdiff_xgb,2,chembl_raw,chembl_raw,0.6003,0.5339,0.4661,0.2834,1.0657,2010.0
prospective_temporal,chembl_future_after_2010_future_only,ecfp_absdiff_xgb,2,chembl_raw,chembl_raw,0.8004,0.4815,0.5185,0.264,0.9928,2010.0
prospective_temporal,chembl_future_after_2010_future_only,ecfp_absdiff_xgb,2,chembl_raw,chembl_raw,1.0,0.4391,0.5609,0.2659,1.0,2010.0
prospective_temporal,chembl_future_after_2010_future_only,rich_diff_scalars,2,chembl_raw,chembl_raw,0.1003,0.8259,0.1741,0.375,1.4104,2010.0
prospective_temporal,chembl_future_after_2010_future_only,rich_diff_scalars,2,chembl_raw,chembl_raw,0.2001,0.7964,0.2036,0.3893,1.464,2010.0
prospective_temporal,chembl_future_after_2010_future_only,rich_diff_scalars,2,chembl_raw,chembl_raw,0.4002,0.7662,0.2338,0.3412,1.2831,2010.0
prospective_temporal,chembl_future_after_2010_future_only,rich_diff_scalars,2,chembl_raw,chembl_raw,0.6003,0.7673,0.2327,0.2938,1.105,2010.0
prospective_temporal,chembl_future_after_2010_future_only,rich_diff_scalars,2,chembl_raw,chembl_raw,0.8004,0.7517,0.2483,0.283,1.0643,2010.0
prospective_temporal,chembl_future_after_2010_future_only,rich_diff_scalars,2,chembl_raw,chembl_raw,1.0,0.7086,0.2914,0.2659,1.0,2010.0
prospective_temporal,chembl_future_after_2010_future_only,rich_scalars_only,2,chembl_raw,chembl_raw,0.1003,0.8214,0.1786,0.4018,1.5111,2010.0
prospective_temporal,chembl_future_after_2010_future_only,rich_scalars_only,2,chembl_raw,chembl_raw,0.2001,0.8143,0.1857,0.4116,1.5481,2010.0
prospective_temporal,chembl_future_after_2010_future_only,rich_scalars_only,2,chembl_raw,chembl_raw,0.4002,0.7964,0.2036,0.3758,1.4135,2010.0
prospective_temporal,chembl_future_after_2010_future_only,rich_scalars_only,2,chembl_raw,chembl_raw,0.6003,0.7711,0.2289,0.3259,1.2256,2010.0
prospective_temporal,chembl_future_after_2010_future_only,rich_scalars_only,2,chembl_raw,chembl_raw,0.8004,0.7466,0.2534,0.2936,1.1043,2010.0
prospective_temporal,chembl_future_after_2010_future_only,rich_scalars_only,2,chembl_raw,chembl_raw,1.0,0.7041,0.2959,0.2659,1.0,2010.0
prospective_temporal,chembl_future_after_2010_future_only,extratrees_scalars,2,chembl_raw,chembl_raw,0.1003,0.7768,0.2232,0.4152,1.5615,2010.0
prospective_temporal,chembl_future_after_2010_future_only,extratrees_scalars,2,chembl_raw,chembl_raw,0.2001,0.7494,0.2506,0.3557,1.3378,2010.0
prospective_temporal,chembl_future_after_2010_future_only,extratrees_scalars,2,chembl_raw,chembl_raw,0.4002,0.7506,0.2494,0.3266,1.2284,2010.0
prospective_temporal,chembl_future_after_2010_future_only,extratrees_scalars,2,chembl_raw,chembl_raw,0.6003,0.7427,0.2573,0.2975,1.119,2010.0
prospective_temporal,chembl_future_after_2010_future_only,extratrees_scalars,2,chembl_raw,chembl_raw,0.8004,0.7192,0.2808,0.2791,1.0496,2010.0
prospective_temporal,chembl_future_after_2010_future_only,extratrees_scalars,2,chembl_raw,chembl_raw,1.0,0.6817,0.3183,0.2659,1.0,2010.0
prospective_temporal,chembl_future_after_2010_scaffold_source_purged,ecfp_absdiff_xgb,0,chembl_raw,chembl_raw,0.1003,0.6473,0.3527,0.2277,0.8563,2010.0
prospective_temporal,chembl_future_after_2010_scaffold_source_purged,ecfp_absdiff_xgb,0,chembl_raw,chembl_raw,0.2001,0.5011,0.4989,0.2327,0.875,2010.0
prospective_temporal,chembl_future_after_2010_scaffold_source_purged,ecfp_absdiff_xgb,0,chembl_raw,chembl_raw,0.4002,0.4709,0.5291,0.2338,0.8792,2010.0
prospective_temporal,chembl_future_after_2010_scaffold_source_purged,ecfp_absdiff_xgb,0,chembl_raw,chembl_raw,0.6003,0.4459,0.5541,0.258,0.9704,2010.0
prospective_temporal,chembl_future_after_2010_scaffold_source_purged,ecfp_absdiff_xgb,0,chembl_raw,chembl_raw,0.8004,0.4077,0.5923,0.2584,0.9718,2010.0
prospective_temporal,chembl_future_after_2010_scaffold_source_purged,ecfp_absdiff_xgb,0,chembl_raw,chembl_raw,1.0,0.3827,0.6173,0.2659,1.0,2010.0
prospective_temporal,chembl_future_after_2010_scaffold_source_purged,rich_diff_scalars,0,chembl_raw,chembl_raw,0.1003,0.7946,0.2054,0.3795,1.4271,2010.0
prospective_temporal,chembl_future_after_2010_scaffold_source_purged,rich_diff_scalars,0,chembl_raw,chembl_raw,0.2001,0.8009,0.1991,0.3535,1.3294,2010.0
prospective_temporal,chembl_future_after_2010_scaffold_source_purged,rich_diff_scalars,0,chembl_raw,chembl_raw,0.4002,0.7763,0.2237,0.3266,1.2284,2010.0
prospective_temporal,chembl_future_after_2010_scaffold_source_purged,rich_diff_scalars,0,chembl_raw,chembl_raw,0.6003,0.7547,0.2453,0.3132,1.1779,2010.0
prospective_temporal,chembl_future_after_2010_scaffold_source_purged,rich_diff_scalars,0,chembl_raw,chembl_raw,0.8004,0.7131,0.2869,0.2852,1.0728,2010.0
prospective_temporal,chembl_future_after_2010_scaffold_source_purged,rich_diff_scalars,0,chembl_raw,chembl_raw,1.0,0.684,0.316,0.2659,1.0,2010.0
prospective_temporal,chembl_future_after_2010_scaffold_source_purged,rich_scalars_only,0,chembl_raw,chembl_raw,0.1003,0.7768,0.2232,0.3929,1.4775,2010.0
prospective_temporal,chembl_future_after_2010_scaffold_source_purged,rich_scalars_only,0,chembl_raw,chembl_raw,0.2001,0.7405,0.2595,0.3669,1.3799,2010.0
prospective_temporal,chembl_future_after_2010_scaffold_source_purged,rich_scalars_only,0,chembl_raw,chembl_raw,0.4002,0.7125,0.2875,0.3143,1.1821,2010.0
prospective_temporal,chembl_future_after_2010_scaffold_source_purged,rich_scalars_only,0,chembl_raw,chembl_raw,0.6003,0.7218,0.2782,0.2834,1.0657,2010.0
prospective_temporal,chembl_future_after_2010_scaffold_source_purged,rich_scalars_only,0,chembl_raw,chembl_raw,0.8004,0.7176,0.2824,0.274,1.0307,2010.0
prospective_temporal,chembl_future_after_2010_scaffold_source_purged,rich_scalars_only,0,chembl_raw,chembl_raw,1.0,0.6938,0.3062,0.2659,1.0,2010.0
prospective_temporal,chembl_future_after_2010_scaffold_source_purged,extratrees_scalars,0,chembl_raw,chembl_raw,0.1003,0.7232,0.2768,0.3705,1.3936,2010.0
prospective_temporal,chembl_future_after_2010_scaffold_source_purged,extratrees_scalars,0,chembl_raw,chembl_raw,0.2001,0.7472,0.2528,0.3602,1.3546,2010.0
prospective_temporal,chembl_future_after_2010_scaffold_source_purged,extratrees_scalars,0,chembl_raw,chembl_raw,0.4002,0.7517,0.2483,0.3244,1.22,2010.0
prospective_temporal,chembl_future_after_2010_scaffold_source_purged,extratrees_scalars,0,chembl_raw,chembl_raw,0.6003,0.7412,0.2588,0.3035,1.1415,2010.0
prospective_temporal,chembl_future_after_2010_scaffold_source_purged,extratrees_scalars,0,chembl_raw,chembl_raw,0.8004,0.7265,0.2735,0.2819,1.0601,2010.0
prospective_temporal,chembl_future_after_2010_scaffold_source_purged,extratrees_scalars,0,chembl_raw,chembl_raw,1.0,0.6862,0.3138,0.2659,1.0,2010.0
prospective_temporal,chembl_future_after_2010_scaffold_source_purged,ecfp_absdiff_xgb,1,chembl_raw,chembl_raw,0.1003,0.7188,0.2812,0.2634,0.9906,2010.0
prospective_temporal,chembl_future_after_2010_scaffold_source_purged,ecfp_absdiff_xgb,1,chembl_raw,chembl_raw,0.2001,0.6532,0.3468,0.2192,0.8245,2010.0
prospective_temporal,chembl_future_after_2010_scaffold_source_purged,ecfp_absdiff_xgb,1,chembl_raw,chembl_raw,0.4002,0.4743,0.5257,0.2383,0.8961,2010.0
prospective_temporal,chembl_future_after_2010_scaffold_source_purged,ecfp_absdiff_xgb,1,chembl_raw,chembl_raw,0.6003,0.4452,0.5548,0.2528,0.9508,2010.0
prospective_temporal,chembl_future_after_2010_scaffold_source_purged,ecfp_absdiff_xgb,1,chembl_raw,chembl_raw,0.8004,0.4189,0.5811,0.2578,0.9697,2010.0
prospective_temporal,chembl_future_after_2010_scaffold_source_purged,ecfp_absdiff_xgb,1,chembl_raw,chembl_raw,1.0,0.3957,0.6043,0.2659,1.0,2010.0
prospective_temporal,chembl_future_after_2010_scaffold_source_purged,rich_diff_scalars,1,chembl_raw,chembl_raw,0.1003,0.8125,0.1875,0.4107,1.5447,2010.0
prospective_temporal,chembl_future_after_2010_scaffold_source_purged,rich_diff_scalars,1,chembl_raw,chembl_raw,0.2001,0.8233,0.1767,0.4273,1.607,2010.0
prospective_temporal,chembl_future_after_2010_scaffold_source_purged,rich_diff_scalars,1,chembl_raw,chembl_raw,0.4002,0.7998,0.2002,0.3535,1.3294,2010.0
prospective_temporal,chembl_future_after_2010_scaffold_source_purged,rich_diff_scalars,1,chembl_raw,chembl_raw,0.6003,0.789,0.211,0.3169,1.1919,2010.0
prospective_temporal,chembl_future_after_2010_scaffold_source_purged,rich_diff_scalars,1,chembl_raw,chembl_raw,0.8004,0.7589,0.2411,0.288,1.0833,2010.0
prospective_temporal,chembl_future_after_2010_scaffold_source_purged,rich_diff_scalars,1,chembl_raw,chembl_raw,1.0,0.7184,0.2816,0.2659,1.0,2010.0
prospective_temporal,chembl_future_after_2010_scaffold_source_purged,rich_scalars_only,1,chembl_raw,chembl_raw,0.1003,0.7634,0.2366,0.4196,1.5783,2010.0
prospective_temporal,chembl_future_after_2010_scaffold_source_purged,rich_scalars_only,1,chembl_raw,chembl_raw,0.2001,0.7696,0.2304,0.4004,1.5061,2010.0
prospective_temporal,chembl_future_after_2010_scaffold_source_purged,rich_scalars_only,1,chembl_raw,chembl_raw,0.4002,0.7796,0.2204,0.3579,1.3462,2010.0
prospective_temporal,chembl_future_after_2010_scaffold_source_purged,rich_scalars_only,1,chembl_raw,chembl_raw,0.6003,0.7755,0.2245,0.3162,1.1891,2010.0
prospective_temporal,chembl_future_after_2010_scaffold_source_purged,rich_scalars_only,1,chembl_raw,chembl_raw,0.8004,0.7461,0.2539,0.2852,1.0728,2010.0
prospective_temporal,chembl_future_after_2010_scaffold_source_purged,rich_scalars_only,1,chembl_raw,chembl_raw,1.0,0.7023,0.2977,0.2659,1.0,2010.0
prospective_temporal,chembl_future_after_2010_scaffold_source_purged,extratrees_scalars,1,chembl_raw,chembl_raw,0.1003,0.7812,0.2188,0.433,1.6286,2010.0
prospective_temporal,chembl_future_after_2010_scaffold_source_purged,extratrees_scalars,1,chembl_raw,chembl_raw,0.2001,0.7785,0.2215,0.396,1.4892,2010.0
prospective_temporal,chembl_future_after_2010_scaffold_source_purged,extratrees_scalars,1,chembl_raw,chembl_raw,0.4002,0.7864,0.2136,0.3714,1.3967,2010.0
prospective_temporal,chembl_future_after_2010_scaffold_source_purged,extratrees_scalars,1,chembl_raw,chembl_raw,0.6003,0.7718,0.2282,0.3184,1.1976,2010.0
prospective_temporal,chembl_future_after_2010_scaffold_source_purged,extratrees_scalars,1,chembl_raw,chembl_raw,0.8004,0.7433,0.2567,0.2824,1.0622,2010.0
prospective_temporal,chembl_future_after_2010_scaffold_source_purged,extratrees_scalars,1,chembl_raw,chembl_raw,1.0,0.6983,0.3017,0.2659,1.0,2010.0
prospective_temporal,chembl_future_after_2010_scaffold_source_purged,ecfp_absdiff_xgb,2,chembl_raw,chembl_raw,0.1003,0.7143,0.2857,0.2902,1.0913,2010.0
prospective_temporal,chembl_future_after_2010_scaffold_source_purged,ecfp_absdiff_xgb,2,chembl_raw,chembl_raw,0.2001,0.613,0.387,0.2528,0.9508,2010.0
prospective_temporal,chembl_future_after_2010_scaffold_source_purged,ecfp_absdiff_xgb,2,chembl_raw,chembl_raw,0.4002,0.4989,0.5011,0.2651,0.997,2010.0
prospective_temporal,chembl_future_after_2010_scaffold_source_purged,ecfp_absdiff_xgb,2,chembl_raw,chembl_raw,0.6003,0.4892,0.5108,0.2864,1.077,2010.0
prospective_temporal,chembl_future_after_2010_scaffold_source_purged,ecfp_absdiff_xgb,2,chembl_raw,chembl_raw,0.8004,0.4491,0.5509,0.2606,0.9802,2010.0
prospective_temporal,chembl_future_after_2010_scaffold_source_purged,ecfp_absdiff_xgb,2,chembl_raw,chembl_raw,1.0,0.4212,0.5788,0.2659,1.0,2010.0
prospective_temporal,chembl_future_after_2010_scaffold_source_purged,rich_diff_scalars,2,chembl_raw,chembl_raw,0.1003,0.8214,0.1786,0.3125,1.1753,2010.0
prospective_temporal,chembl_future_after_2010_scaffold_source_purged,rich_diff_scalars,2,chembl_raw,chembl_raw,0.2001,0.8054,0.1946,0.3244,1.22,2010.0
prospective_temporal,chembl_future_after_2010_scaffold_source_purged,rich_diff_scalars,2,chembl_raw,chembl_raw,0.4002,0.7584,0.2416,0.3244,1.22,2010.0
prospective_temporal,chembl_future_after_2010_scaffold_source_purged,rich_diff_scalars,2,chembl_raw,chembl_raw,0.6003,0.7569,0.2431,0.2886,1.0854,2010.0
prospective_temporal,chembl_future_after_2010_scaffold_source_purged,rich_diff_scalars,2,chembl_raw,chembl_raw,0.8004,0.7209,0.2791,0.2841,1.0685,2010.0
prospective_temporal,chembl_future_after_2010_scaffold_source_purged,rich_diff_scalars,2,chembl_raw,chembl_raw,1.0,0.6755,0.3245,0.2659,1.0,2010.0
prospective_temporal,chembl_future_after_2010_scaffold_source_purged,rich_scalars_only,2,chembl_raw,chembl_raw,0.1003,0.7455,0.2545,0.3884,1.4607,2010.0
prospective_temporal,chembl_future_after_2010_scaffold_source_purged,rich_scalars_only,2,chembl_raw,chembl_raw,0.2001,0.7539,0.2461,0.3535,1.3294,2010.0
prospective_temporal,chembl_future_after_2010_scaffold_source_purged,rich_scalars_only,2,chembl_raw,chembl_raw,0.4002,0.7416,0.2584,0.3233,1.2158,2010.0
prospective_temporal,chembl_future_after_2010_scaffold_source_purged,rich_scalars_only,2,chembl_raw,chembl_raw,0.6003,0.7383,0.2617,0.3005,1.1302,2010.0
prospective_temporal,chembl_future_after_2010_scaffold_source_purged,rich_scalars_only,2,chembl_raw,chembl_raw,0.8004,0.7198,0.2802,0.2847,1.0706,2010.0
prospective_temporal,chembl_future_after_2010_scaffold_source_purged,rich_scalars_only,2,chembl_raw,chembl_raw,1.0,0.6898,0.3102,0.2659,1.0,2010.0
prospective_temporal,chembl_future_after_2010_scaffold_source_purged,extratrees_scalars,2,chembl_raw,chembl_raw,0.1003,0.75,0.25,0.3973,1.4943,2010.0
prospective_temporal,chembl_future_after_2010_scaffold_source_purged,extratrees_scalars,2,chembl_raw,chembl_raw,0.2001,0.7226,0.2774,0.3557,1.3378,2010.0
prospective_temporal,chembl_future_after_2010_scaffold_source_purged,extratrees_scalars,2,chembl_raw,chembl_raw,0.4002,0.7304,0.2696,0.3389,1.2747,2010.0
prospective_temporal,chembl_future_after_2010_scaffold_source_purged,extratrees_scalars,2,chembl_raw,chembl_raw,0.6003,0.7524,0.2476,0.2916,1.0966,2010.0
prospective_temporal,chembl_future_after_2010_scaffold_source_purged,extratrees_scalars,2,chembl_raw,chembl_raw,0.8004,0.7254,0.2746,0.2752,1.0349,2010.0
prospective_temporal,chembl_future_after_2010_scaffold_source_purged,extratrees_scalars,2,chembl_raw,chembl_raw,1.0,0.6885,0.3115,0.2659,1.0,2010.0
prospective_temporal,chembl_future_after_2015_future_only,ecfp_absdiff_xgb,0,chembl_raw,chembl_raw,0.1005,0.6306,0.3694,0.2793,1.8353,2015.0
prospective_temporal,chembl_future_after_2015_future_only,ecfp_absdiff_xgb,0,chembl_raw,chembl_raw,0.2002,0.5837,0.4163,0.2127,1.3975,2015.0
prospective_temporal,chembl_future_after_2015_future_only,ecfp_absdiff_xgb,0,chembl_raw,chembl_raw,0.4004,0.4457,0.5543,0.1765,1.1597,2015.0
prospective_temporal,chembl_future_after_2015_future_only,ecfp_absdiff_xgb,0,chembl_raw,chembl_raw,0.6005,0.3831,0.6169,0.1629,1.0705,2015.0
prospective_temporal,chembl_future_after_2015_future_only,ecfp_absdiff_xgb,0,chembl_raw,chembl_raw,0.8007,0.3337,0.6663,0.1516,0.9961,2015.0
prospective_temporal,chembl_future_after_2015_future_only,ecfp_absdiff_xgb,0,chembl_raw,chembl_raw,1.0,0.3197,0.6803,0.1522,1.0,2015.0
prospective_temporal,chembl_future_after_2015_future_only,rich_diff_scalars,0,chembl_raw,chembl_raw,0.1005,0.9099,0.0901,0.3964,2.6049,2015.0
prospective_temporal,chembl_future_after_2015_future_only,rich_diff_scalars,0,chembl_raw,chembl_raw,0.2002,0.8959,0.1041,0.2443,1.6057,2015.0
prospective_temporal,chembl_future_after_2015_future_only,rich_diff_scalars,0,chembl_raw,chembl_raw,0.4004,0.8778,0.1222,0.2081,1.3678,2015.0
prospective_temporal,chembl_future_after_2015_future_only,rich_diff_scalars,0,chembl_raw,chembl_raw,0.6005,0.8854,0.1146,0.1719,1.1299,2015.0
prospective_temporal,chembl_future_after_2015_future_only,rich_diff_scalars,0,chembl_raw,chembl_raw,0.8007,0.8688,0.1312,0.1652,1.0853,2015.0
prospective_temporal,chembl_future_after_2015_future_only,rich_diff_scalars,0,chembl_raw,chembl_raw,1.0,0.8487,0.1513,0.1522,1.0,2015.0
prospective_temporal,chembl_future_after_2015_future_only,rich_scalars_only,0,chembl_raw,chembl_raw,0.1005,0.8829,0.1171,0.4685,3.0785,2015.0
prospective_temporal,chembl_future_after_2015_future_only,rich_scalars_only,0,chembl_raw,chembl_raw,0.2002,0.8959,0.1041,0.362,2.3788,2015.0
prospective_temporal,chembl_future_after_2015_future_only,rich_scalars_only,0,chembl_raw,chembl_raw,0.4004,0.9027,0.0973,0.2421,1.5908,2015.0
prospective_temporal,chembl_future_after_2015_future_only,rich_scalars_only,0,chembl_raw,chembl_raw,0.6005,0.9065,0.0935,0.19,1.2489,2015.0
prospective_temporal,chembl_future_after_2015_future_only,rich_scalars_only,0,chembl_raw,chembl_raw,0.8007,0.8959,0.1041,0.164,1.0779,2015.0
prospective_temporal,chembl_future_after_2015_future_only,rich_scalars_only,0,chembl_raw,chembl_raw,1.0,0.846,0.154,0.1522,1.0,2015.0
prospective_temporal,chembl_future_after_2015_future_only,extratrees_scalars,0,chembl_raw,chembl_raw,0.1005,0.8288,0.1712,0.2342,1.5393,2015.0
prospective_temporal,chembl_future_after_2015_future_only,extratrees_scalars,0,chembl_raw,chembl_raw,0.2002,0.8597,0.1403,0.2353,1.5462,2015.0
prospective_temporal,chembl_future_after_2015_future_only,extratrees_scalars,0,chembl_raw,chembl_raw,0.4004,0.8665,0.1335,0.1833,1.2043,2015.0
prospective_temporal,chembl_future_after_2015_future_only,extratrees_scalars,0,chembl_raw,chembl_raw,0.6005,0.8658,0.1342,0.1659,1.0903,2015.0
prospective_temporal,chembl_future_after_2015_future_only,extratrees_scalars,0,chembl_raw,chembl_raw,0.8007,0.8631,0.1369,0.155,1.0184,2015.0
prospective_temporal,chembl_future_after_2015_future_only,extratrees_scalars,0,chembl_raw,chembl_raw,1.0,0.817,0.183,0.1522,1.0,2015.0
prospective_temporal,chembl_future_after_2015_future_only,ecfp_absdiff_xgb,1,chembl_raw,chembl_raw,0.1005,0.7928,0.2072,0.3153,2.0721,2015.0
prospective_temporal,chembl_future_after_2015_future_only,ecfp_absdiff_xgb,1,chembl_raw,chembl_raw,0.2002,0.5792,0.4208,0.2172,1.4273,2015.0
prospective_temporal,chembl_future_after_2015_future_only,ecfp_absdiff_xgb,1,chembl_raw,chembl_raw,0.4004,0.4299,0.5701,0.1516,0.9961,2015.0
prospective_temporal,chembl_future_after_2015_future_only,ecfp_absdiff_xgb,1,chembl_raw,chembl_raw,0.6005,0.371,0.629,0.1644,1.0804,2015.0
prospective_temporal,chembl_future_after_2015_future_only,ecfp_absdiff_xgb,1,chembl_raw,chembl_raw,0.8007,0.319,0.681,0.1561,1.0259,2015.0
prospective_temporal,chembl_future_after_2015_future_only,ecfp_absdiff_xgb,1,chembl_raw,chembl_raw,1.0,0.3188,0.6812,0.1522,1.0,2015.0
prospective_temporal,chembl_future_after_2015_future_only,rich_diff_scalars,1,chembl_raw,chembl_raw,0.1005,0.9099,0.0901,0.4505,2.9601,2015.0
prospective_temporal,chembl_future_after_2015_future_only,rich_diff_scalars,1,chembl_raw,chembl_raw,0.2002,0.9276,0.0724,0.3122,2.0517,2015.0
prospective_temporal,chembl_future_after_2015_future_only,rich_diff_scalars,1,chembl_raw,chembl_raw,0.4004,0.9095,0.0905,0.2172,1.4273,2015.0
prospective_temporal,chembl_future_after_2015_future_only,rich_diff_scalars,1,chembl_raw,chembl_raw,0.6005,0.8914,0.1086,0.1931,1.2687,2015.0
prospective_temporal,chembl_future_after_2015_future_only,rich_diff_scalars,1,chembl_raw,chembl_raw,0.8007,0.8869,0.1131,0.1731,1.1374,2015.0
prospective_temporal,chembl_future_after_2015_future_only,rich_diff_scalars,1,chembl_raw,chembl_raw,1.0,0.8524,0.1476,0.1522,1.0,2015.0
prospective_temporal,chembl_future_after_2015_future_only,rich_scalars_only,1,chembl_raw,chembl_raw,0.1005,0.9369,0.0631,0.4865,3.1969,2015.0
prospective_temporal,chembl_future_after_2015_future_only,rich_scalars_only,1,chembl_raw,chembl_raw,0.2002,0.9321,0.0679,0.371,2.4383,2015.0
prospective_temporal,chembl_future_after_2015_future_only,rich_scalars_only,1,chembl_raw,chembl_raw,0.4004,0.9412,0.0588,0.2738,1.799,2015.0
prospective_temporal,chembl_future_after_2015_future_only,rich_scalars_only,1,chembl_raw,chembl_raw,0.6005,0.9276,0.0724,0.2142,1.4075,2015.0
prospective_temporal,chembl_future_after_2015_future_only,rich_scalars_only,1,chembl_raw,chembl_raw,0.8007,0.9016,0.0984,0.1731,1.1374,2015.0
prospective_temporal,chembl_future_after_2015_future_only,rich_scalars_only,1,chembl_raw,chembl_raw,1.0,0.8524,0.1476,0.1522,1.0,2015.0
prospective_temporal,chembl_future_after_2015_future_only,extratrees_scalars,1,chembl_raw,chembl_raw,0.1005,0.8829,0.1171,0.2613,1.7169,2015.0
prospective_temporal,chembl_future_after_2015_future_only,extratrees_scalars,1,chembl_raw,chembl_raw,0.2002,0.8597,0.1403,0.2217,1.457,2015.0
prospective_temporal,chembl_future_after_2015_future_only,extratrees_scalars,1,chembl_raw,chembl_raw,0.4004,0.8801,0.1199,0.1923,1.2637,2015.0
prospective_temporal,chembl_future_after_2015_future_only,extratrees_scalars,1,chembl_raw,chembl_raw,0.6005,0.8643,0.1357,0.1765,1.1597,2015.0
prospective_temporal,chembl_future_after_2015_future_only,extratrees_scalars,1,chembl_raw,chembl_raw,0.8007,0.8507,0.1493,0.155,1.0184,2015.0
prospective_temporal,chembl_future_after_2015_future_only,extratrees_scalars,1,chembl_raw,chembl_raw,1.0,0.8125,0.1875,0.1522,1.0,2015.0
prospective_temporal,chembl_future_after_2015_future_only,ecfp_absdiff_xgb,2,chembl_raw,chembl_raw,0.1005,0.8198,0.1802,0.2883,1.8945,2015.0
prospective_temporal,chembl_future_after_2015_future_only,ecfp_absdiff_xgb,2,chembl_raw,chembl_raw,0.2002,0.6109,0.3891,0.2172,1.4273,2015.0
prospective_temporal,chembl_future_after_2015_future_only,ecfp_absdiff_xgb,2,chembl_raw,chembl_raw,0.4004,0.4321,0.5679,0.1538,1.011,2015.0
prospective_temporal,chembl_future_after_2015_future_only,ecfp_absdiff_xgb,2,chembl_raw,chembl_raw,0.6005,0.3635,0.6365,0.1538,1.011,2015.0
prospective_temporal,chembl_future_after_2015_future_only,ecfp_absdiff_xgb,2,chembl_raw,chembl_raw,0.8007,0.3201,0.6799,0.1516,0.9961,2015.0
prospective_temporal,chembl_future_after_2015_future_only,ecfp_absdiff_xgb,2,chembl_raw,chembl_raw,1.0,0.2917,0.7083,0.1522,1.0,2015.0
prospective_temporal,chembl_future_after_2015_future_only,rich_diff_scalars,2,chembl_raw,chembl_raw,0.1005,0.8919,0.1081,0.4234,2.7825,2015.0
prospective_temporal,chembl_future_after_2015_future_only,rich_diff_scalars,2,chembl_raw,chembl_raw,0.2002,0.914,0.086,0.2896,1.903,2015.0
prospective_temporal,chembl_future_after_2015_future_only,rich_diff_scalars,2,chembl_raw,chembl_raw,0.4004,0.9072,0.0928,0.2285,1.5016,2015.0
prospective_temporal,chembl_future_after_2015_future_only,rich_diff_scalars,2,chembl_raw,chembl_raw,0.6005,0.8989,0.1011,0.1916,1.2588,2015.0
prospective_temporal,chembl_future_after_2015_future_only,rich_diff_scalars,2,chembl_raw,chembl_raw,0.8007,0.8801,0.1199,0.1686,1.1076,2015.0
prospective_temporal,chembl_future_after_2015_future_only,rich_diff_scalars,2,chembl_raw,chembl_raw,1.0,0.8478,0.1522,0.1522,1.0,2015.0
prospective_temporal,chembl_future_after_2015_future_only,rich_scalars_only,2,chembl_raw,chembl_raw,0.1005,0.9369,0.0631,0.4505,2.9601,2015.0
prospective_temporal,chembl_future_after_2015_future_only,rich_scalars_only,2,chembl_raw,chembl_raw,0.2002,0.905,0.095,0.3122,2.0517,2015.0
prospective_temporal,chembl_future_after_2015_future_only,rich_scalars_only,2,chembl_raw,chembl_raw,0.4004,0.9095,0.0905,0.2353,1.5462,2015.0
prospective_temporal,chembl_future_after_2015_future_only,rich_scalars_only,2,chembl_raw,chembl_raw,0.6005,0.902,0.098,0.1931,1.2687,2015.0
prospective_temporal,chembl_future_after_2015_future_only,rich_scalars_only,2,chembl_raw,chembl_raw,0.8007,0.8857,0.1143,0.1663,1.0928,2015.0
prospective_temporal,chembl_future_after_2015_future_only,rich_scalars_only,2,chembl_raw,chembl_raw,1.0,0.8442,0.1558,0.1522,1.0,2015.0
prospective_temporal,chembl_future_after_2015_future_only,extratrees_scalars,2,chembl_raw,chembl_raw,0.1005,0.9009,0.0991,0.1171,0.7696,2015.0
prospective_temporal,chembl_future_after_2015_future_only,extratrees_scalars,2,chembl_raw,chembl_raw,0.2002,0.8597,0.1403,0.1629,1.0705,2015.0
prospective_temporal,chembl_future_after_2015_future_only,extratrees_scalars,2,chembl_raw,chembl_raw,0.4004,0.8665,0.1335,0.1538,1.011,2015.0
prospective_temporal,chembl_future_after_2015_future_only,extratrees_scalars,2,chembl_raw,chembl_raw,0.6005,0.8386,0.1614,0.1644,1.0804,2015.0
prospective_temporal,chembl_future_after_2015_future_only,extratrees_scalars,2,chembl_raw,chembl_raw,0.8007,0.8133,0.1867,0.155,1.0184,2015.0
prospective_temporal,chembl_future_after_2015_future_only,extratrees_scalars,2,chembl_raw,chembl_raw,1.0,0.7654,0.2346,0.1522,1.0,2015.0
prospective_temporal,chembl_future_after_2015_scaffold_source_purged,ecfp_absdiff_xgb,0,chembl_raw,chembl_raw,0.1005,0.6306,0.3694,0.2793,1.8353,2015.0
prospective_temporal,chembl_future_after_2015_scaffold_source_purged,ecfp_absdiff_xgb,0,chembl_raw,chembl_raw,0.2002,0.5837,0.4163,0.2127,1.3975,2015.0
prospective_temporal,chembl_future_after_2015_scaffold_source_purged,ecfp_absdiff_xgb,0,chembl_raw,chembl_raw,0.4004,0.4457,0.5543,0.1765,1.1597,2015.0
prospective_temporal,chembl_future_after_2015_scaffold_source_purged,ecfp_absdiff_xgb,0,chembl_raw,chembl_raw,0.6005,0.3831,0.6169,0.1629,1.0705,2015.0
prospective_temporal,chembl_future_after_2015_scaffold_source_purged,ecfp_absdiff_xgb,0,chembl_raw,chembl_raw,0.8007,0.3337,0.6663,0.1516,0.9961,2015.0
prospective_temporal,chembl_future_after_2015_scaffold_source_purged,ecfp_absdiff_xgb,0,chembl_raw,chembl_raw,1.0,0.3197,0.6803,0.1522,1.0,2015.0
prospective_temporal,chembl_future_after_2015_scaffold_source_purged,rich_diff_scalars,0,chembl_raw,chembl_raw,0.1005,0.9099,0.0901,0.3964,2.6049,2015.0
prospective_temporal,chembl_future_after_2015_scaffold_source_purged,rich_diff_scalars,0,chembl_raw,chembl_raw,0.2002,0.8959,0.1041,0.2443,1.6057,2015.0
prospective_temporal,chembl_future_after_2015_scaffold_source_purged,rich_diff_scalars,0,chembl_raw,chembl_raw,0.4004,0.8778,0.1222,0.2081,1.3678,2015.0
prospective_temporal,chembl_future_after_2015_scaffold_source_purged,rich_diff_scalars,0,chembl_raw,chembl_raw,0.6005,0.8854,0.1146,0.1719,1.1299,2015.0
prospective_temporal,chembl_future_after_2015_scaffold_source_purged,rich_diff_scalars,0,chembl_raw,chembl_raw,0.8007,0.8688,0.1312,0.1652,1.0853,2015.0
prospective_temporal,chembl_future_after_2015_scaffold_source_purged,rich_diff_scalars,0,chembl_raw,chembl_raw,1.0,0.8487,0.1513,0.1522,1.0,2015.0
prospective_temporal,chembl_future_after_2015_scaffold_source_purged,rich_scalars_only,0,chembl_raw,chembl_raw,0.1005,0.8829,0.1171,0.4685,3.0785,2015.0
prospective_temporal,chembl_future_after_2015_scaffold_source_purged,rich_scalars_only,0,chembl_raw,chembl_raw,0.2002,0.8959,0.1041,0.362,2.3788,2015.0
prospective_temporal,chembl_future_after_2015_scaffold_source_purged,rich_scalars_only,0,chembl_raw,chembl_raw,0.4004,0.9027,0.0973,0.2421,1.5908,2015.0
prospective_temporal,chembl_future_after_2015_scaffold_source_purged,rich_scalars_only,0,chembl_raw,chembl_raw,0.6005,0.9065,0.0935,0.19,1.2489,2015.0
prospective_temporal,chembl_future_after_2015_scaffold_source_purged,rich_scalars_only,0,chembl_raw,chembl_raw,0.8007,0.8959,0.1041,0.164,1.0779,2015.0
prospective_temporal,chembl_future_after_2015_scaffold_source_purged,rich_scalars_only,0,chembl_raw,chembl_raw,1.0,0.846,0.154,0.1522,1.0,2015.0
prospective_temporal,chembl_future_after_2015_scaffold_source_purged,extratrees_scalars,0,chembl_raw,chembl_raw,0.1005,0.8288,0.1712,0.2342,1.5393,2015.0
prospective_temporal,chembl_future_after_2015_scaffold_source_purged,extratrees_scalars,0,chembl_raw,chembl_raw,0.2002,0.8597,0.1403,0.2353,1.5462,2015.0
prospective_temporal,chembl_future_after_2015_scaffold_source_purged,extratrees_scalars,0,chembl_raw,chembl_raw,0.4004,0.8665,0.1335,0.1833,1.2043,2015.0
prospective_temporal,chembl_future_after_2015_scaffold_source_purged,extratrees_scalars,0,chembl_raw,chembl_raw,0.6005,0.8658,0.1342,0.1659,1.0903,2015.0
prospective_temporal,chembl_future_after_2015_scaffold_source_purged,extratrees_scalars,0,chembl_raw,chembl_raw,0.8007,0.8631,0.1369,0.155,1.0184,2015.0
prospective_temporal,chembl_future_after_2015_scaffold_source_purged,extratrees_scalars,0,chembl_raw,chembl_raw,1.0,0.817,0.183,0.1522,1.0,2015.0
prospective_temporal,chembl_future_after_2015_scaffold_source_purged,ecfp_absdiff_xgb,1,chembl_raw,chembl_raw,0.1005,0.7928,0.2072,0.3153,2.0721,2015.0
prospective_temporal,chembl_future_after_2015_scaffold_source_purged,ecfp_absdiff_xgb,1,chembl_raw,chembl_raw,0.2002,0.5792,0.4208,0.2172,1.4273,2015.0
prospective_temporal,chembl_future_after_2015_scaffold_source_purged,ecfp_absdiff_xgb,1,chembl_raw,chembl_raw,0.4004,0.4299,0.5701,0.1516,0.9961,2015.0
prospective_temporal,chembl_future_after_2015_scaffold_source_purged,ecfp_absdiff_xgb,1,chembl_raw,chembl_raw,0.6005,0.371,0.629,0.1644,1.0804,2015.0
prospective_temporal,chembl_future_after_2015_scaffold_source_purged,ecfp_absdiff_xgb,1,chembl_raw,chembl_raw,0.8007,0.319,0.681,0.1561,1.0259,2015.0
prospective_temporal,chembl_future_after_2015_scaffold_source_purged,ecfp_absdiff_xgb,1,chembl_raw,chembl_raw,1.0,0.3188,0.6812,0.1522,1.0,2015.0
prospective_temporal,chembl_future_after_2015_scaffold_source_purged,rich_diff_scalars,1,chembl_raw,chembl_raw,0.1005,0.9099,0.0901,0.4505,2.9601,2015.0
prospective_temporal,chembl_future_after_2015_scaffold_source_purged,rich_diff_scalars,1,chembl_raw,chembl_raw,0.2002,0.9276,0.0724,0.3122,2.0517,2015.0
prospective_temporal,chembl_future_after_2015_scaffold_source_purged,rich_diff_scalars,1,chembl_raw,chembl_raw,0.4004,0.9095,0.0905,0.2172,1.4273,2015.0
prospective_temporal,chembl_future_after_2015_scaffold_source_purged,rich_diff_scalars,1,chembl_raw,chembl_raw,0.6005,0.8914,0.1086,0.1931,1.2687,2015.0
prospective_temporal,chembl_future_after_2015_scaffold_source_purged,rich_diff_scalars,1,chembl_raw,chembl_raw,0.8007,0.8869,0.1131,0.1731,1.1374,2015.0
prospective_temporal,chembl_future_after_2015_scaffold_source_purged,rich_diff_scalars,1,chembl_raw,chembl_raw,1.0,0.8524,0.1476,0.1522,1.0,2015.0
prospective_temporal,chembl_future_after_2015_scaffold_source_purged,rich_scalars_only,1,chembl_raw,chembl_raw,0.1005,0.9369,0.0631,0.4865,3.1969,2015.0
prospective_temporal,chembl_future_after_2015_scaffold_source_purged,rich_scalars_only,1,chembl_raw,chembl_raw,0.2002,0.9321,0.0679,0.371,2.4383,2015.0
prospective_temporal,chembl_future_after_2015_scaffold_source_purged,rich_scalars_only,1,chembl_raw,chembl_raw,0.4004,0.9412,0.0588,0.2738,1.799,2015.0
prospective_temporal,chembl_future_after_2015_scaffold_source_purged,rich_scalars_only,1,chembl_raw,chembl_raw,0.6005,0.9276,0.0724,0.2142,1.4075,2015.0
prospective_temporal,chembl_future_after_2015_scaffold_source_purged,rich_scalars_only,1,chembl_raw,chembl_raw,0.8007,0.9016,0.0984,0.1731,1.1374,2015.0
prospective_temporal,chembl_future_after_2015_scaffold_source_purged,rich_scalars_only,1,chembl_raw,chembl_raw,1.0,0.8524,0.1476,0.1522,1.0,2015.0
prospective_temporal,chembl_future_after_2015_scaffold_source_purged,extratrees_scalars,1,chembl_raw,chembl_raw,0.1005,0.8829,0.1171,0.2613,1.7169,2015.0
prospective_temporal,chembl_future_after_2015_scaffold_source_purged,extratrees_scalars,1,chembl_raw,chembl_raw,0.2002,0.8597,0.1403,0.2217,1.457,2015.0
prospective_temporal,chembl_future_after_2015_scaffold_source_purged,extratrees_scalars,1,chembl_raw,chembl_raw,0.4004,0.8801,0.1199,0.1923,1.2637,2015.0
prospective_temporal,chembl_future_after_2015_scaffold_source_purged,extratrees_scalars,1,chembl_raw,chembl_raw,0.6005,0.8643,0.1357,0.1765,1.1597,2015.0
prospective_temporal,chembl_future_after_2015_scaffold_source_purged,extratrees_scalars,1,chembl_raw,chembl_raw,0.8007,0.8507,0.1493,0.155,1.0184,2015.0
prospective_temporal,chembl_future_after_2015_scaffold_source_purged,extratrees_scalars,1,chembl_raw,chembl_raw,1.0,0.8125,0.1875,0.1522,1.0,2015.0
prospective_temporal,chembl_future_after_2015_scaffold_source_purged,ecfp_absdiff_xgb,2,chembl_raw,chembl_raw,0.1005,0.8198,0.1802,0.2883,1.8945,2015.0
prospective_temporal,chembl_future_after_2015_scaffold_source_purged,ecfp_absdiff_xgb,2,chembl_raw,chembl_raw,0.2002,0.6109,0.3891,0.2172,1.4273,2015.0
prospective_temporal,chembl_future_after_2015_scaffold_source_purged,ecfp_absdiff_xgb,2,chembl_raw,chembl_raw,0.4004,0.4321,0.5679,0.1538,1.011,2015.0
prospective_temporal,chembl_future_after_2015_scaffold_source_purged,ecfp_absdiff_xgb,2,chembl_raw,chembl_raw,0.6005,0.3635,0.6365,0.1538,1.011,2015.0
prospective_temporal,chembl_future_after_2015_scaffold_source_purged,ecfp_absdiff_xgb,2,chembl_raw,chembl_raw,0.8007,0.3201,0.6799,0.1516,0.9961,2015.0
prospective_temporal,chembl_future_after_2015_scaffold_source_purged,ecfp_absdiff_xgb,2,chembl_raw,chembl_raw,1.0,0.2917,0.7083,0.1522,1.0,2015.0
prospective_temporal,chembl_future_after_2015_scaffold_source_purged,rich_diff_scalars,2,chembl_raw,chembl_raw,0.1005,0.8919,0.1081,0.4234,2.7825,2015.0
prospective_temporal,chembl_future_after_2015_scaffold_source_purged,rich_diff_scalars,2,chembl_raw,chembl_raw,0.2002,0.914,0.086,0.2896,1.903,2015.0
prospective_temporal,chembl_future_after_2015_scaffold_source_purged,rich_diff_scalars,2,chembl_raw,chembl_raw,0.4004,0.9072,0.0928,0.2285,1.5016,2015.0
prospective_temporal,chembl_future_after_2015_scaffold_source_purged,rich_diff_scalars,2,chembl_raw,chembl_raw,0.6005,0.8989,0.1011,0.1916,1.2588,2015.0
prospective_temporal,chembl_future_after_2015_scaffold_source_purged,rich_diff_scalars,2,chembl_raw,chembl_raw,0.8007,0.8801,0.1199,0.1686,1.1076,2015.0
prospective_temporal,chembl_future_after_2015_scaffold_source_purged,rich_diff_scalars,2,chembl_raw,chembl_raw,1.0,0.8478,0.1522,0.1522,1.0,2015.0
prospective_temporal,chembl_future_after_2015_scaffold_source_purged,rich_scalars_only,2,chembl_raw,chembl_raw,0.1005,0.9369,0.0631,0.4505,2.9601,2015.0
prospective_temporal,chembl_future_after_2015_scaffold_source_purged,rich_scalars_only,2,chembl_raw,chembl_raw,0.2002,0.905,0.095,0.3122,2.0517,2015.0
prospective_temporal,chembl_future_after_2015_scaffold_source_purged,rich_scalars_only,2,chembl_raw,chembl_raw,0.4004,0.9095,0.0905,0.2353,1.5462,2015.0
prospective_temporal,chembl_future_after_2015_scaffold_source_purged,rich_scalars_only,2,chembl_raw,chembl_raw,0.6005,0.902,0.098,0.1931,1.2687,2015.0
prospective_temporal,chembl_future_after_2015_scaffold_source_purged,rich_scalars_only,2,chembl_raw,chembl_raw,0.8007,0.8857,0.1143,0.1663,1.0928,2015.0
prospective_temporal,chembl_future_after_2015_scaffold_source_purged,rich_scalars_only,2,chembl_raw,chembl_raw,1.0,0.8442,0.1558,0.1522,1.0,2015.0
prospective_temporal,chembl_future_after_2015_scaffold_source_purged,extratrees_scalars,2,chembl_raw,chembl_raw,0.1005,0.9009,0.0991,0.1171,0.7696,2015.0
prospective_temporal,chembl_future_after_2015_scaffold_source_purged,extratrees_scalars,2,chembl_raw,chembl_raw,0.2002,0.8597,0.1403,0.1629,1.0705,2015.0
prospective_temporal,chembl_future_after_2015_scaffold_source_purged,extratrees_scalars,2,chembl_raw,chembl_raw,0.4004,0.8665,0.1335,0.1538,1.011,2015.0
prospective_temporal,chembl_future_after_2015_scaffold_source_purged,extratrees_scalars,2,chembl_raw,chembl_raw,0.6005,0.8386,0.1614,0.1644,1.0804,2015.0
prospective_temporal,chembl_future_after_2015_scaffold_source_purged,extratrees_scalars,2,chembl_raw,chembl_raw,0.8007,0.8133,0.1867,0.155,1.0184,2015.0
prospective_temporal,chembl_future_after_2015_scaffold_source_purged,extratrees_scalars,2,chembl_raw,chembl_raw,1.0,0.7654,0.2346,0.1522,1.0,2015.0
