experiment,split_mode,variant,seed,train_source,test_source,target_accession,target_display,n_test,positive_rate,activity_delta_mean,tanimoto_mean,n_pair_scaffolds,n_document_sources_mean,pr_auc,roc_auc,mcc,base_rate,bedroc20,precision_at_1pct,ef_1pct,ap_at_1pct,hits_at_1pct,precision_at_5pct,ef_5pct,ap_at_5pct,hits_at_5pct,precision_at_10pct,ef_10pct,ap_at_10pct,hits_at_10pct,precision_at_50,hits_at_50,precision_at_100,hits_at_100,cutoff_year
cross_database_transfer,chembl_to_bindingdb_matched_targets,ecfp_absdiff_xgb,0,chembl_raw,bindingdb_raw,P11309,Serine/threonine-protein kinase pim-1,1595,0.3361,0.5684,0.7625,456,1.3843,0.3625,0.5201,0.0246,0.3361,0.3884,0.5625,1.6739,0.4982,9,0.3375,1.0043,0.1879,27,0.3812,1.1345,0.1701,61,0.42,21,0.33,33,
cross_database_transfer,chembl_to_bindingdb_matched_targets,ecfp_absdiff_xgb,0,chembl_raw,bindingdb_raw,P35367,Histamine H1 receptor,1008,0.2808,0.5486,0.7844,373,1.2867,0.335,0.5598,0.0612,0.2808,0.4071,0.6364,2.2666,0.4834,7,0.3725,1.327,0.2184,19,0.4158,1.4812,0.1965,42,0.38,19,0.41,41,
cross_database_transfer,chembl_to_bindingdb_matched_targets,ecfp_absdiff_xgb,0,chembl_raw,bindingdb_raw,P00519,Tyrosine-protein kinase ABL1,1361,0.4533,0.7713,0.7612,420,1.5129,0.4806,0.5333,0.0634,0.4533,0.5089,0.5714,1.2605,0.2445,8,0.5217,1.1509,0.2872,36,0.4891,1.0788,0.2557,67,0.54,27,0.5,50,
cross_database_transfer,chembl_to_bindingdb_matched_targets,ecfp_absdiff_xgb,0,chembl_raw,bindingdb_raw,O43614,Orexin receptor type 2,835,0.382,0.6712,0.7624,403,1.7078,0.4342,0.5692,0.0921,0.382,0.3895,0.4444,1.1634,0.3179,4,0.3571,0.9348,0.1944,15,0.369,0.966,0.1646,31,0.32,16,0.36,36,
cross_database_transfer,chembl_to_bindingdb_matched_targets,ecfp_absdiff_xgb,0,chembl_raw,bindingdb_raw,P35372,Mu-type opioid receptor,881,0.3269,0.476,0.7833,338,1.2633,0.3967,0.5509,0.0263,0.3269,0.5363,0.6667,2.0394,0.5981,6,0.6667,2.0394,0.4774,30,0.4607,1.4092,0.3135,41,0.64,32,0.43,43,
cross_database_transfer,chembl_to_bindingdb_matched_targets,ecfp_absdiff_xgb,0,chembl_raw,bindingdb_raw,O60674,Tyrosine-protein kinase JAK2,2270,0.178,0.3334,0.773,902,1.4004,0.2019,0.5452,0.0391,0.178,0.217,0.2609,1.4658,0.1565,6,0.2193,1.2322,0.0711,25,0.1938,1.0891,0.0546,44,0.22,11,0.22,22,
cross_database_transfer,chembl_to_bindingdb_matched_targets,ecfp_absdiff_xgb,0,chembl_raw,bindingdb_raw,P49841,Glycogen synthase kinase-3 beta,1515,0.1842,0.384,0.7664,422,1.7452,0.2178,0.4987,-0.0355,0.1842,0.3053,0.625,3.3938,0.3753,10,0.3684,2.0006,0.2093,28,0.2039,1.1075,0.1105,31,0.48,24,0.3,30,
cross_database_transfer,chembl_to_bindingdb_matched_targets,ecfp_absdiff_xgb,0,chembl_raw,bindingdb_raw,P00742,Coagulation factor X,643,0.5008,0.9152,0.7789,364,1.367,0.5056,0.488,-0.037,0.5008,0.5154,1.0,1.9969,1.0,7,0.5152,1.0287,0.389,17,0.4769,0.9524,0.3023,31,0.48,24,0.47,47,
cross_database_transfer,chembl_to_bindingdb_matched_targets,ecfp_absdiff_xgb,0,chembl_raw,bindingdb_raw,P04150,Glucocorticoid receptor,1510,0.2536,0.4826,0.7646,608,1.2841,0.3002,0.5425,0.0529,0.2536,0.4084,0.5625,2.2177,0.359,9,0.5,1.9713,0.2781,38,0.3444,1.3577,0.1802,52,0.52,26,0.44,44,
cross_database_transfer,chembl_to_bindingdb_matched_targets,ecfp_absdiff_xgb,0,chembl_raw,bindingdb_raw,P23458,Tyrosine-protein kinase JAK1,934,0.1842,0.3266,0.7583,589,1.6478,0.2949,0.6976,0.1991,0.1842,0.3479,0.3,1.6291,0.1042,3,0.383,2.0797,0.1355,18,0.3511,1.9064,0.1244,33,0.36,18,0.36,36,
cross_database_transfer,chembl_to_bindingdb_matched_targets,ecfp_absdiff_xgb,0,chembl_raw,bindingdb_raw,P35462,D(3) dopamine receptor,400,0.3675,0.6675,0.7691,186,1.4675,0.3754,0.5107,-0.0657,0.3675,0.3887,0.25,0.6803,0.125,1,0.4,1.0884,0.1759,8,0.375,1.0204,0.1633,15,0.34,17,0.41,41,
cross_database_transfer,chembl_to_bindingdb_matched_targets,ecfp_absdiff_xgb,0,chembl_raw,bindingdb_raw,P10275,Androgen receptor,739,0.2923,0.5441,0.775,244,1.4709,0.312,0.54,0.0747,0.2923,0.3096,0.375,1.283,0.1594,3,0.3243,1.1096,0.1134,12,0.2838,0.9709,0.0929,21,0.28,14,0.31,31,
cross_database_transfer,chembl_to_bindingdb_matched_targets,ecfp_absdiff_xgb,0,chembl_raw,bindingdb_raw,Q9Y5N1,Histamine H3 receptor,1315,0.4106,0.7382,0.776,585,1.1757,0.373,0.4438,-0.0963,0.4106,0.317,0.2857,0.6958,0.0621,4,0.3333,0.8117,0.0937,22,0.3561,0.8671,0.1051,47,0.3,15,0.28,28,
cross_database_transfer,chembl_to_bindingdb_matched_targets,ecfp_absdiff_xgb,0,chembl_raw,bindingdb_raw,P42336,"Phosphatidylinositol 4,5-bisphosphate 3-kinase catalytic subunit alpha isoform",1146,0.322,0.561,0.7642,402,1.212,0.3659,0.5655,0.0989,0.322,0.394,0.25,0.7764,0.1477,3,0.4483,1.3922,0.1828,26,0.3652,1.1343,0.1467,42,0.46,23,0.39,39,
cross_database_transfer,chembl_to_bindingdb_matched_targets,ecfp_absdiff_xgb,0,chembl_raw,bindingdb_raw,Q01959,Sodium-dependent dopamine transporter,528,0.2235,0.4015,0.7769,188,1.2008,0.2488,0.5315,0.0024,0.2235,0.3215,0.3333,1.4915,0.1222,2,0.3333,1.4915,0.1148,9,0.3396,1.5197,0.1204,18,0.32,16,0.25,25,
cross_database_transfer,chembl_to_bindingdb_matched_targets,ecfp_absdiff_xgb,0,chembl_raw,bindingdb_raw,P41143,Delta-type opioid receptor,1057,0.3065,0.58,0.7858,457,1.4163,0.436,0.5971,0.0631,0.3065,0.6428,1.0,3.2623,1.0,11,0.717,2.339,0.646,38,0.566,1.8466,0.4588,60,0.72,36,0.59,59,
cross_database_transfer,chembl_to_bindingdb_matched_targets,ecfp_absdiff_xgb,0,chembl_raw,bindingdb_raw,P41145,Kappa-type opioid receptor,992,0.5514,1.0688,0.7753,354,1.7782,0.6266,0.5934,0.1757,0.5514,0.7108,0.8,1.4508,0.5142,8,0.66,1.1969,0.4799,33,0.75,1.3601,0.547,75,0.66,33,0.75,75,
cross_database_transfer,chembl_to_bindingdb_matched_targets,ecfp_absdiff_xgb,0,chembl_raw,bindingdb_raw,P00734,Prothrombin,491,0.336,0.655,0.7718,308,1.3625,0.348,0.4912,-0.042,0.336,0.4348,0.4,1.1903,0.13,2,0.48,1.4284,0.2343,12,0.42,1.2498,0.1979,21,0.42,21,0.41,41,
cross_database_transfer,chembl_to_bindingdb_matched_targets,ecfp_absdiff_xgb,0,chembl_raw,bindingdb_raw,P21917,D(4) dopamine receptor,456,0.3421,0.5766,0.7812,207,1.1996,0.4517,0.5878,0.0956,0.3421,0.6386,0.8,2.3385,0.6433,4,0.8261,2.4147,0.6607,19,0.587,1.7157,0.4285,27,0.6,30,0.52,52,
cross_database_transfer,chembl_to_bindingdb_matched_targets,ecfp_absdiff_xgb,0,chembl_raw,bindingdb_raw,P08908,5-hydroxytryptamine receptor 1A,664,0.4051,0.7068,0.7792,289,1.2139,0.4134,0.488,-0.0096,0.4051,0.4012,0.4286,1.0579,0.2517,3,0.4118,1.0164,0.2068,14,0.3731,0.921,0.1671,25,0.34,17,0.39,39,
cross_database_transfer,chembl_to_bindingdb_matched_targets,ecfp_absdiff_xgb,0,chembl_raw,bindingdb_raw,Q99720,Sigma non-opioid intracellular receptor 1,823,0.2503,0.487,0.7922,351,1.2078,0.2788,0.5466,0.0311,0.2503,0.2962,0.3333,1.3317,0.1343,3,0.2857,1.1415,0.1135,12,0.2771,1.1071,0.0933,23,0.26,13,0.27,27,
cross_database_transfer,chembl_to_bindingdb_matched_targets,ecfp_absdiff_xgb,0,chembl_raw,bindingdb_raw,Q9HAZ1,Dual specificity protein kinase CLK4,919,0.2884,0.5863,0.7733,283,1.1251,0.3464,0.5527,0.0908,0.2884,0.4366,0.3,1.0404,0.0967,3,0.587,2.0355,0.2857,27,0.4022,1.3947,0.198,37,0.58,29,0.4,40,
cross_database_transfer,chembl_to_bindingdb_matched_targets,ecfp_absdiff_xgb,0,chembl_raw,bindingdb_raw,P31645,Sodium-dependent serotonin transporter,402,0.2662,0.4929,0.7808,229,1.2363,0.2921,0.5334,0.0359,0.2662,0.3294,0.2,0.7514,0.1,1,0.4286,1.6101,0.1925,9,0.2927,1.0996,0.1235,12,0.26,13,0.24,24,
cross_database_transfer,chembl_to_bindingdb_matched_targets,rich_diff_scalars,0,chembl_raw,bindingdb_raw,P11309,Serine/threonine-protein kinase pim-1,1595,0.3361,0.5684,0.7625,456,1.3843,0.3908,0.5706,0.1237,0.3361,0.4008,0.3125,0.9299,0.1633,5,0.375,1.1159,0.1463,30,0.4438,1.3205,0.176,71,0.42,21,0.37,37,
cross_database_transfer,chembl_to_bindingdb_matched_targets,rich_diff_scalars,0,chembl_raw,bindingdb_raw,P35367,Histamine H1 receptor,1008,0.2808,0.5486,0.7844,373,1.2867,0.3996,0.5639,0.1848,0.2808,0.5626,0.6364,2.2666,0.4811,7,0.6471,2.3047,0.445,33,0.5446,1.9396,0.3532,55,0.64,32,0.55,55,
cross_database_transfer,chembl_to_bindingdb_matched_targets,rich_diff_scalars,0,chembl_raw,bindingdb_raw,P00519,Tyrosine-protein kinase ABL1,1361,0.4533,0.7713,0.7612,420,1.5129,0.5065,0.5838,0.1174,0.4533,0.4655,0.4286,0.9454,0.2442,6,0.4348,0.9591,0.1837,30,0.5036,1.111,0.2279,69,0.38,19,0.46,46,
cross_database_transfer,chembl_to_bindingdb_matched_targets,rich_diff_scalars,0,chembl_raw,bindingdb_raw,O43614,Orexin receptor type 2,835,0.382,0.6712,0.7624,403,1.7078,0.4755,0.5831,0.1223,0.382,0.5927,0.5556,1.4542,0.4015,5,0.6667,1.745,0.4595,28,0.5476,1.4334,0.3598,46,0.66,33,0.55,55,
cross_database_transfer,chembl_to_bindingdb_matched_targets,rich_diff_scalars,0,chembl_raw,bindingdb_raw,P35372,Mu-type opioid receptor,881,0.3269,0.476,0.7833,338,1.2633,0.4079,0.6184,0.1471,0.3269,0.4359,0.5556,1.6995,0.3136,5,0.4444,1.3596,0.2316,20,0.3933,1.203,0.1888,35,0.44,22,0.41,41,
cross_database_transfer,chembl_to_bindingdb_matched_targets,rich_diff_scalars,0,chembl_raw,bindingdb_raw,O60674,Tyrosine-protein kinase JAK2,2270,0.178,0.3334,0.773,902,1.4004,0.2908,0.6547,0.152,0.178,0.3776,0.3913,2.1987,0.2871,9,0.4123,2.3165,0.195,47,0.3436,1.9307,0.1517,78,0.46,23,0.42,42,
cross_database_transfer,chembl_to_bindingdb_matched_targets,rich_diff_scalars,0,chembl_raw,bindingdb_raw,P49841,Glycogen synthase kinase-3 beta,1515,0.1842,0.384,0.7664,422,1.7452,0.1881,0.4793,-0.0377,0.1842,0.2274,0.1875,1.0181,0.0395,3,0.2763,1.5004,0.0729,21,0.1974,1.0717,0.05,30,0.24,12,0.23,23,
cross_database_transfer,chembl_to_bindingdb_matched_targets,rich_diff_scalars,0,chembl_raw,bindingdb_raw,P00742,Coagulation factor X,643,0.5008,0.9152,0.7789,364,1.367,0.5683,0.5507,0.1077,0.5008,0.6643,0.5714,1.1411,0.4881,4,0.7273,1.4523,0.5303,24,0.6923,1.3825,0.4906,45,0.64,32,0.63,63,
cross_database_transfer,chembl_to_bindingdb_matched_targets,rich_diff_scalars,0,chembl_raw,bindingdb_raw,P04150,Glucocorticoid receptor,1510,0.2536,0.4826,0.7646,608,1.2841,0.3519,0.6511,0.2326,0.2536,0.3613,0.125,0.4928,0.0264,2,0.3816,1.5044,0.1164,29,0.3576,1.4099,0.1215,54,0.3,15,0.39,39,
cross_database_transfer,chembl_to_bindingdb_matched_targets,rich_diff_scalars,0,chembl_raw,bindingdb_raw,P23458,Tyrosine-protein kinase JAK1,934,0.1842,0.3266,0.7583,589,1.6478,0.3509,0.7339,0.2498,0.1842,0.4195,0.4,2.1721,0.2206,4,0.4043,2.1952,0.2125,19,0.3936,2.1374,0.1805,37,0.4,20,0.4,40,
cross_database_transfer,chembl_to_bindingdb_matched_targets,rich_diff_scalars,0,chembl_raw,bindingdb_raw,P35462,D(3) dopamine receptor,400,0.3675,0.6675,0.7691,186,1.4675,0.3723,0.5109,0.016,0.3675,0.339,0.25,0.6803,0.0625,1,0.3,0.8163,0.1072,6,0.35,0.9524,0.124,14,0.38,19,0.38,38,
cross_database_transfer,chembl_to_bindingdb_matched_targets,rich_diff_scalars,0,chembl_raw,bindingdb_raw,P10275,Androgen receptor,739,0.2923,0.5441,0.775,244,1.4709,0.3689,0.6346,0.2022,0.2923,0.3469,0.375,1.283,0.2344,3,0.3243,1.1096,0.1473,12,0.3243,1.1096,0.1273,24,0.3,15,0.34,34,
cross_database_transfer,chembl_to_bindingdb_matched_targets,rich_diff_scalars,0,chembl_raw,bindingdb_raw,Q9Y5N1,Histamine H3 receptor,1315,0.4106,0.7382,0.776,585,1.1757,0.5138,0.6178,0.1679,0.4106,0.5917,0.7143,1.7394,0.6002,10,0.6364,1.5497,0.468,42,0.553,1.3467,0.3747,73,0.66,33,0.59,59,
cross_database_transfer,chembl_to_bindingdb_matched_targets,rich_diff_scalars,0,chembl_raw,bindingdb_raw,P42336,"Phosphatidylinositol 4,5-bisphosphate 3-kinase catalytic subunit alpha isoform",1146,0.322,0.561,0.7642,402,1.212,0.3193,0.496,0.0232,0.322,0.2988,0.4167,1.294,0.2477,5,0.2414,0.7496,0.1021,14,0.3391,1.0532,0.1135,39,0.26,13,0.31,31,
cross_database_transfer,chembl_to_bindingdb_matched_targets,rich_diff_scalars,0,chembl_raw,bindingdb_raw,Q01959,Sodium-dependent dopamine transporter,528,0.2235,0.4015,0.7769,188,1.2008,0.2969,0.617,0.1101,0.2235,0.3207,0.0,0.0,0.0,0,0.2963,1.3258,0.08,8,0.3585,1.6041,0.1132,19,0.36,18,0.38,38,
cross_database_transfer,chembl_to_bindingdb_matched_targets,rich_diff_scalars,0,chembl_raw,bindingdb_raw,P41143,Delta-type opioid receptor,1057,0.3065,0.58,0.7858,457,1.4163,0.4153,0.5331,0.029,0.3065,0.5941,1.0,3.2623,1.0,11,0.6792,2.2159,0.5531,36,0.566,1.8466,0.4122,60,0.66,33,0.58,58,
cross_database_transfer,chembl_to_bindingdb_matched_targets,rich_diff_scalars,0,chembl_raw,bindingdb_raw,P41145,Kappa-type opioid receptor,992,0.5514,1.0688,0.7753,354,1.7782,0.748,0.7152,0.2708,0.5514,0.8601,0.8,1.4508,0.6082,8,0.86,1.5596,0.7369,43,0.89,1.614,0.7664,89,0.86,43,0.89,89,
cross_database_transfer,chembl_to_bindingdb_matched_targets,rich_diff_scalars,0,chembl_raw,bindingdb_raw,P00734,Prothrombin,491,0.336,0.655,0.7718,308,1.3625,0.4379,0.5322,0.0287,0.336,0.6168,1.0,2.9758,1.0,5,0.64,1.9045,0.5377,16,0.6,1.7855,0.4482,30,0.6,30,0.45,45,
cross_database_transfer,chembl_to_bindingdb_matched_targets,rich_diff_scalars,0,chembl_raw,bindingdb_raw,P21917,D(4) dopamine receptor,456,0.3421,0.5766,0.7812,207,1.1996,0.392,0.5517,0.0744,0.3421,0.4276,0.8,2.3385,0.5433,4,0.4348,1.2709,0.2562,10,0.413,1.2074,0.2087,19,0.38,19,0.4,40,
cross_database_transfer,chembl_to_bindingdb_matched_targets,rich_diff_scalars,0,chembl_raw,bindingdb_raw,P08908,5-hydroxytryptamine receptor 1A,664,0.4051,0.7068,0.7792,289,1.2139,0.4388,0.5526,0.0696,0.4051,0.4199,0.2857,0.7053,0.1048,2,0.3824,0.9438,0.142,13,0.4776,1.1789,0.1922,32,0.4,20,0.49,49,
cross_database_transfer,chembl_to_bindingdb_matched_targets,rich_diff_scalars,0,chembl_raw,bindingdb_raw,Q99720,Sigma non-opioid intracellular receptor 1,823,0.2503,0.487,0.7922,351,1.2078,0.3172,0.6203,0.1494,0.2503,0.2898,0.2222,0.8878,0.0926,2,0.2857,1.1415,0.0811,12,0.2651,1.059,0.0769,22,0.32,16,0.3,30,
cross_database_transfer,chembl_to_bindingdb_matched_targets,rich_diff_scalars,0,chembl_raw,bindingdb_raw,Q9HAZ1,Dual specificity protein kinase CLK4,919,0.2884,0.5863,0.7733,283,1.1251,0.3429,0.5346,0.0461,0.2884,0.4126,0.6,2.0808,0.4931,6,0.413,1.4324,0.2339,19,0.4022,1.3947,0.2011,37,0.42,21,0.39,39,
cross_database_transfer,chembl_to_bindingdb_matched_targets,rich_diff_scalars,0,chembl_raw,bindingdb_raw,P31645,Sodium-dependent serotonin transporter,402,0.2662,0.4929,0.7808,229,1.2363,0.4054,0.625,0.1592,0.2662,0.5221,0.6,2.2542,0.55,3,0.4762,1.7891,0.3388,10,0.4878,1.8327,0.3049,20,0.5,25,0.39,39,
cross_database_transfer,chembl_to_bindingdb_matched_targets,rich_scalars_only,0,chembl_raw,bindingdb_raw,P11309,Serine/threonine-protein kinase pim-1,1595,0.3361,0.5684,0.7625,456,1.3843,0.3985,0.5771,0.1252,0.3361,0.4183,0.5,1.4879,0.296,8,0.3875,1.1531,0.1878,31,0.4312,1.2833,0.1909,69,0.4,20,0.37,37,
cross_database_transfer,chembl_to_bindingdb_matched_targets,rich_scalars_only,0,chembl_raw,bindingdb_raw,P35367,Histamine H1 receptor,1008,0.2808,0.5486,0.7844,373,1.2867,0.3906,0.5679,0.1445,0.2808,0.5327,0.6364,2.2666,0.4584,7,0.5882,2.0952,0.3922,30,0.495,1.7633,0.3043,50,0.58,29,0.5,50,
cross_database_transfer,chembl_to_bindingdb_matched_targets,rich_scalars_only,0,chembl_raw,bindingdb_raw,P00519,Tyrosine-protein kinase ABL1,1361,0.4533,0.7713,0.7612,420,1.5129,0.5131,0.5826,0.1377,0.4533,0.4993,0.4286,0.9454,0.1989,6,0.4493,0.991,0.1927,31,0.5401,1.1915,0.2543,74,0.42,21,0.5,50,
cross_database_transfer,chembl_to_bindingdb_matched_targets,rich_scalars_only,0,chembl_raw,bindingdb_raw,O43614,Orexin receptor type 2,835,0.382,0.6712,0.7624,403,1.7078,0.4755,0.5825,0.1014,0.382,0.5805,0.8889,2.3267,0.7412,8,0.5952,1.5581,0.4408,25,0.5595,1.4646,0.372,47,0.56,28,0.52,52,
cross_database_transfer,chembl_to_bindingdb_matched_targets,rich_scalars_only,0,chembl_raw,bindingdb_raw,P35372,Mu-type opioid receptor,881,0.3269,0.476,0.7833,338,1.2633,0.414,0.6181,0.1599,0.3269,0.4342,0.5556,1.6995,0.4868,5,0.4667,1.4275,0.289,21,0.382,1.1686,0.2056,34,0.46,23,0.38,38,
cross_database_transfer,chembl_to_bindingdb_matched_targets,rich_scalars_only,0,chembl_raw,bindingdb_raw,O60674,Tyrosine-protein kinase JAK2,2270,0.178,0.3334,0.773,902,1.4004,0.2963,0.6546,0.1458,0.178,0.3951,0.5217,2.9316,0.3139,12,0.4123,2.3165,0.2258,47,0.348,1.9554,0.1682,79,0.58,29,0.44,44,
cross_database_transfer,chembl_to_bindingdb_matched_targets,rich_scalars_only,0,chembl_raw,bindingdb_raw,P49841,Glycogen synthase kinase-3 beta,1515,0.1842,0.384,0.7664,422,1.7452,0.211,0.4991,-0.0279,0.1842,0.2849,0.3125,1.6969,0.1135,5,0.2895,1.5719,0.1053,22,0.2763,1.5004,0.0909,42,0.32,16,0.28,28,
cross_database_transfer,chembl_to_bindingdb_matched_targets,rich_scalars_only,0,chembl_raw,bindingdb_raw,P00742,Coagulation factor X,643,0.5008,0.9152,0.7789,364,1.367,0.5504,0.5418,0.1048,0.5008,0.5931,0.7143,1.4264,0.6735,5,0.5455,1.0892,0.3764,18,0.5846,1.1674,0.3769,38,0.62,31,0.59,59,
cross_database_transfer,chembl_to_bindingdb_matched_targets,rich_scalars_only,0,chembl_raw,bindingdb_raw,P04150,Glucocorticoid receptor,1510,0.2536,0.4826,0.7646,608,1.2841,0.3625,0.6519,0.2104,0.2536,0.3594,0.5625,2.2177,0.4542,9,0.2763,1.0894,0.158,21,0.351,1.3838,0.1465,53,0.34,17,0.29,29,
cross_database_transfer,chembl_to_bindingdb_matched_targets,rich_scalars_only,0,chembl_raw,bindingdb_raw,P23458,Tyrosine-protein kinase JAK1,934,0.1842,0.3266,0.7583,589,1.6478,0.323,0.6964,0.1977,0.1842,0.3935,0.5,2.7151,0.3171,5,0.4255,2.3107,0.214,20,0.3723,2.0219,0.1667,35,0.42,21,0.36,36,
cross_database_transfer,chembl_to_bindingdb_matched_targets,rich_scalars_only,0,chembl_raw,bindingdb_raw,P35462,D(3) dopamine receptor,400,0.3675,0.6675,0.7691,186,1.4675,0.3856,0.5275,0.0066,0.3675,0.3457,0.25,0.6803,0.25,1,0.35,0.9524,0.151,7,0.4,1.0884,0.1559,16,0.36,18,0.39,39,
cross_database_transfer,chembl_to_bindingdb_matched_targets,rich_scalars_only,0,chembl_raw,bindingdb_raw,P10275,Androgen receptor,739,0.2923,0.5441,0.775,244,1.4709,0.3639,0.6435,0.2361,0.2923,0.2714,0.125,0.4277,0.125,1,0.2162,0.7397,0.0645,8,0.2838,0.9709,0.0792,21,0.24,12,0.33,33,
cross_database_transfer,chembl_to_bindingdb_matched_targets,rich_scalars_only,0,chembl_raw,bindingdb_raw,Q9Y5N1,Histamine H3 receptor,1315,0.4106,0.7382,0.776,585,1.1757,0.5094,0.6065,0.1633,0.4106,0.5836,0.6429,1.5655,0.5896,9,0.6515,1.5866,0.4753,43,0.5303,1.2914,0.3534,70,0.7,35,0.57,57,
cross_database_transfer,chembl_to_bindingdb_matched_targets,rich_scalars_only,0,chembl_raw,bindingdb_raw,P42336,"Phosphatidylinositol 4,5-bisphosphate 3-kinase catalytic subunit alpha isoform",1146,0.322,0.561,0.7642,402,1.212,0.3563,0.5142,0.0392,0.322,0.4374,0.5833,1.8117,0.4716,7,0.4828,1.4993,0.3122,28,0.3739,1.1613,0.2163,43,0.52,26,0.41,41,
cross_database_transfer,chembl_to_bindingdb_matched_targets,rich_scalars_only,0,chembl_raw,bindingdb_raw,Q01959,Sodium-dependent dopamine transporter,528,0.2235,0.4015,0.7769,188,1.2008,0.2821,0.6015,0.0981,0.2235,0.2829,0.1667,0.7458,0.0278,1,0.2222,0.9944,0.0601,6,0.3019,1.3508,0.0825,16,0.32,16,0.32,32,
cross_database_transfer,chembl_to_bindingdb_matched_targets,rich_scalars_only,0,chembl_raw,bindingdb_raw,P41143,Delta-type opioid receptor,1057,0.3065,0.58,0.7858,457,1.4163,0.389,0.5381,0.0475,0.3065,0.5564,0.7273,2.3726,0.5732,8,0.7358,2.4006,0.573,39,0.4623,1.5081,0.3469,49,0.72,36,0.48,48,
cross_database_transfer,chembl_to_bindingdb_matched_targets,rich_scalars_only,0,chembl_raw,bindingdb_raw,P41145,Kappa-type opioid receptor,992,0.5514,1.0688,0.7753,354,1.7782,0.7485,0.7193,0.2753,0.5514,0.8489,0.8,1.4508,0.6378,8,0.86,1.5596,0.7165,43,0.88,1.5959,0.748,88,0.86,43,0.88,88,
cross_database_transfer,chembl_to_bindingdb_matched_targets,rich_scalars_only,0,chembl_raw,bindingdb_raw,P00734,Prothrombin,491,0.336,0.655,0.7718,308,1.3625,0.4653,0.587,0.1076,0.336,0.624,1.0,2.9758,1.0,5,0.68,2.0235,0.555,17,0.6,1.7855,0.447,30,0.6,30,0.49,49,
cross_database_transfer,chembl_to_bindingdb_matched_targets,rich_scalars_only,0,chembl_raw,bindingdb_raw,P21917,D(4) dopamine receptor,456,0.3421,0.5766,0.7812,207,1.1996,0.404,0.5284,0.0835,0.3421,0.4736,0.8,2.3385,0.8,4,0.4783,1.398,0.3681,11,0.413,1.2074,0.2599,19,0.4,20,0.42,42,
cross_database_transfer,chembl_to_bindingdb_matched_targets,rich_scalars_only,0,chembl_raw,bindingdb_raw,P08908,5-hydroxytryptamine receptor 1A,664,0.4051,0.7068,0.7792,289,1.2139,0.4749,0.5843,0.1265,0.4051,0.4977,0.4286,1.0579,0.2755,3,0.5,1.2342,0.2521,17,0.5075,1.2526,0.2546,34,0.48,24,0.54,54,
cross_database_transfer,chembl_to_bindingdb_matched_targets,rich_scalars_only,0,chembl_raw,bindingdb_raw,Q99720,Sigma non-opioid intracellular receptor 1,823,0.2503,0.487,0.7922,351,1.2078,0.3396,0.6537,0.2223,0.2503,0.3067,0.3333,1.3317,0.1093,3,0.2857,1.1415,0.0824,12,0.2892,1.1552,0.0839,24,0.28,14,0.31,31,
cross_database_transfer,chembl_to_bindingdb_matched_targets,rich_scalars_only,0,chembl_raw,bindingdb_raw,Q9HAZ1,Dual specificity protein kinase CLK4,919,0.2884,0.5863,0.7733,283,1.1251,0.3149,0.5174,0.0511,0.2884,0.3598,0.4,1.3872,0.115,4,0.3696,1.2816,0.1447,17,0.3696,1.2816,0.1392,34,0.36,18,0.37,37,
cross_database_transfer,chembl_to_bindingdb_matched_targets,rich_scalars_only,0,chembl_raw,bindingdb_raw,P31645,Sodium-dependent serotonin transporter,402,0.2662,0.4929,0.7808,229,1.2363,0.3827,0.6041,0.1324,0.2662,0.4879,0.4,1.5028,0.3,2,0.4762,1.7891,0.2587,10,0.5122,1.9243,0.2724,21,0.52,26,0.4,40,
cross_database_transfer,chembl_to_bindingdb_matched_targets,extratrees_scalars,0,chembl_raw,bindingdb_raw,P11309,Serine/threonine-protein kinase pim-1,1595,0.3361,0.5684,0.7625,456,1.3843,0.417,0.5863,0.0943,0.3361,0.5049,0.625,1.8598,0.4189,10,0.5625,1.6739,0.3239,45,0.5062,1.5065,0.2801,81,0.5,25,0.52,52,
cross_database_transfer,chembl_to_bindingdb_matched_targets,extratrees_scalars,0,chembl_raw,bindingdb_raw,P35367,Histamine H1 receptor,1008,0.2808,0.5486,0.7844,373,1.2867,0.4597,0.6363,0.2363,0.2808,0.6355,0.5455,1.9428,0.4084,6,0.7255,2.5841,0.5369,37,0.6337,2.257,0.4513,64,0.72,36,0.64,64,
cross_database_transfer,chembl_to_bindingdb_matched_targets,extratrees_scalars,0,chembl_raw,bindingdb_raw,P00519,Tyrosine-protein kinase ABL1,1361,0.4533,0.7713,0.7612,420,1.5129,0.5553,0.6215,0.1716,0.4533,0.614,0.4286,0.9454,0.2044,6,0.6232,1.3747,0.3512,43,0.635,1.4008,0.3814,87,0.6,30,0.62,62,
cross_database_transfer,chembl_to_bindingdb_matched_targets,extratrees_scalars,0,chembl_raw,bindingdb_raw,O43614,Orexin receptor type 2,835,0.382,0.6712,0.7624,403,1.7078,0.5435,0.6326,0.1825,0.382,0.7004,1.0,2.6176,1.0,9,0.7857,2.0567,0.72,33,0.631,1.6516,0.5277,53,0.76,38,0.59,59,
cross_database_transfer,chembl_to_bindingdb_matched_targets,extratrees_scalars,0,chembl_raw,bindingdb_raw,P35372,Mu-type opioid receptor,881,0.3269,0.476,0.7833,338,1.2633,0.4268,0.5869,0.0667,0.3269,0.5391,0.8889,2.7191,0.8765,8,0.6444,1.9714,0.5083,29,0.4719,1.4436,0.3326,42,0.6,30,0.45,45,
cross_database_transfer,chembl_to_bindingdb_matched_targets,extratrees_scalars,0,chembl_raw,bindingdb_raw,O60674,Tyrosine-protein kinase JAK2,2270,0.178,0.3334,0.773,902,1.4004,0.2783,0.6427,0.099,0.178,0.3333,0.5217,2.9316,0.4948,12,0.3509,1.9715,0.1965,40,0.2863,1.6089,0.133,65,0.4,20,0.38,38,
cross_database_transfer,chembl_to_bindingdb_matched_targets,extratrees_scalars,0,chembl_raw,bindingdb_raw,P49841,Glycogen synthase kinase-3 beta,1515,0.1842,0.384,0.7664,422,1.7452,0.1859,0.3954,-0.0621,0.1842,0.2284,0.4375,2.3757,0.4375,7,0.2368,1.2861,0.1454,18,0.1711,0.9288,0.0836,26,0.3,15,0.22,22,
cross_database_transfer,chembl_to_bindingdb_matched_targets,extratrees_scalars,0,chembl_raw,bindingdb_raw,P00742,Coagulation factor X,643,0.5008,0.9152,0.7789,364,1.367,0.5686,0.5596,0.0852,0.5008,0.6568,0.5714,1.1411,0.4745,4,0.7273,1.4523,0.5552,24,0.6,1.1981,0.4323,39,0.68,34,0.63,63,
cross_database_transfer,chembl_to_bindingdb_matched_targets,extratrees_scalars,0,chembl_raw,bindingdb_raw,P04150,Glucocorticoid receptor,1510,0.2536,0.4826,0.7646,608,1.2841,0.5915,0.75,0.3768,0.2536,0.7866,0.9375,3.6961,0.9149,15,0.9211,3.6313,0.8791,70,0.7483,2.9504,0.6771,113,0.96,48,0.84,84,
cross_database_transfer,chembl_to_bindingdb_matched_targets,extratrees_scalars,0,chembl_raw,bindingdb_raw,P23458,Tyrosine-protein kinase JAK1,934,0.1842,0.3266,0.7583,589,1.6478,0.3522,0.7329,0.1507,0.1842,0.4092,0.6,3.2581,0.5156,6,0.383,2.0797,0.2459,18,0.3936,2.1374,0.1996,37,0.36,18,0.39,39,
cross_database_transfer,chembl_to_bindingdb_matched_targets,extratrees_scalars,0,chembl_raw,bindingdb_raw,P35462,D(3) dopamine receptor,400,0.3675,0.6675,0.7691,186,1.4675,0.3975,0.5504,-0.016,0.3675,0.3878,0.0,0.0,0.0,0,0.4,1.0884,0.1291,8,0.425,1.1565,0.1717,17,0.42,21,0.39,39,
cross_database_transfer,chembl_to_bindingdb_matched_targets,extratrees_scalars,0,chembl_raw,bindingdb_raw,P10275,Androgen receptor,739,0.2923,0.5441,0.775,244,1.4709,0.5864,0.7364,0.2585,0.2923,0.7873,1.0,3.4213,1.0,8,0.9189,3.1439,0.8829,34,0.7568,2.5891,0.6863,56,0.84,42,0.69,69,
cross_database_transfer,chembl_to_bindingdb_matched_targets,extratrees_scalars,0,chembl_raw,bindingdb_raw,Q9Y5N1,Histamine H3 receptor,1315,0.4106,0.7382,0.776,585,1.1757,0.5716,0.6518,0.2041,0.4106,0.716,0.9286,2.2612,0.8713,13,0.7727,1.8817,0.6531,51,0.6818,1.6604,0.5489,90,0.82,41,0.77,77,
cross_database_transfer,chembl_to_bindingdb_matched_targets,extratrees_scalars,0,chembl_raw,bindingdb_raw,P42336,"Phosphatidylinositol 4,5-bisphosphate 3-kinase catalytic subunit alpha isoform",1146,0.322,0.561,0.7642,402,1.212,0.4499,0.6279,0.1383,0.322,0.5471,0.9167,2.8469,0.8622,11,0.5862,1.8206,0.4706,34,0.4783,1.4853,0.3336,55,0.62,31,0.49,49,
cross_database_transfer,chembl_to_bindingdb_matched_targets,extratrees_scalars,0,chembl_raw,bindingdb_raw,Q01959,Sodium-dependent dopamine transporter,528,0.2235,0.4015,0.7769,188,1.2008,0.4163,0.6644,0.2329,0.2235,0.5496,0.8333,3.7288,0.675,5,0.5185,2.3202,0.3969,14,0.5472,2.4484,0.354,29,0.54,27,0.44,44,
cross_database_transfer,chembl_to_bindingdb_matched_targets,extratrees_scalars,0,chembl_raw,bindingdb_raw,P41143,Delta-type opioid receptor,1057,0.3065,0.58,0.7858,457,1.4163,0.4878,0.6165,0.1697,0.3065,0.688,0.9091,2.9658,0.8816,10,0.7925,2.5853,0.7119,42,0.6509,2.1236,0.5349,69,0.82,41,0.66,66,
cross_database_transfer,chembl_to_bindingdb_matched_targets,extratrees_scalars,0,chembl_raw,bindingdb_raw,P41145,Kappa-type opioid receptor,992,0.5514,1.0688,0.7753,354,1.7782,0.7461,0.7092,0.3186,0.5514,0.8455,1.0,1.8135,1.0,10,0.84,1.5234,0.7484,42,0.86,1.5596,0.7527,86,0.84,42,0.86,86,
cross_database_transfer,chembl_to_bindingdb_matched_targets,extratrees_scalars,0,chembl_raw,bindingdb_raw,P00734,Prothrombin,491,0.336,0.655,0.7718,308,1.3625,0.4953,0.6211,0.1323,0.336,0.6775,1.0,2.9758,1.0,5,0.8,2.3806,0.7273,20,0.64,1.9045,0.5308,32,0.64,32,0.45,45,
cross_database_transfer,chembl_to_bindingdb_matched_targets,extratrees_scalars,0,chembl_raw,bindingdb_raw,P21917,D(4) dopamine receptor,456,0.3421,0.5766,0.7812,207,1.1996,0.4248,0.5719,0.0472,0.3421,0.4976,1.0,2.9231,1.0,5,0.4783,1.398,0.3746,11,0.4565,1.3344,0.2898,21,0.46,23,0.4,40,
cross_database_transfer,chembl_to_bindingdb_matched_targets,extratrees_scalars,0,chembl_raw,bindingdb_raw,P08908,5-hydroxytryptamine receptor 1A,664,0.4051,0.7068,0.7792,289,1.2139,0.4693,0.5664,0.0875,0.4051,0.5277,0.4286,1.0579,0.4286,3,0.5882,1.452,0.3936,20,0.4925,1.2158,0.3004,33,0.5,25,0.5,50,
cross_database_transfer,chembl_to_bindingdb_matched_targets,extratrees_scalars,0,chembl_raw,bindingdb_raw,Q99720,Sigma non-opioid intracellular receptor 1,823,0.2503,0.487,0.7922,351,1.2078,0.4291,0.65,0.1738,0.2503,0.5769,1.0,3.9951,1.0,9,0.6429,2.5683,0.5379,27,0.5542,2.2142,0.4033,46,0.58,29,0.49,49,
cross_database_transfer,chembl_to_bindingdb_matched_targets,extratrees_scalars,0,chembl_raw,bindingdb_raw,Q9HAZ1,Dual specificity protein kinase CLK4,919,0.2884,0.5863,0.7733,283,1.1251,0.3056,0.5233,0.0583,0.2884,0.3115,0.1,0.3468,0.0143,1,0.3696,1.2816,0.0998,17,0.3152,1.0932,0.0989,29,0.4,20,0.3,30,
cross_database_transfer,chembl_to_bindingdb_matched_targets,extratrees_scalars,0,chembl_raw,bindingdb_raw,P31645,Sodium-dependent serotonin transporter,402,0.2662,0.4929,0.7808,229,1.2363,0.3717,0.5942,0.1336,0.2662,0.4656,0.4,1.5028,0.4,2,0.4762,1.7891,0.2622,10,0.5366,2.016,0.2938,22,0.44,22,0.36,36,
cross_database_transfer,chembl_to_bindingdb_matched_targets,ecfp_absdiff_xgb,1,chembl_raw,bindingdb_raw,P11309,Serine/threonine-protein kinase pim-1,1595,0.3361,0.5684,0.7625,456,1.3843,0.348,0.5067,0.055,0.3361,0.4128,0.3125,0.9299,0.2063,5,0.425,1.2647,0.2032,34,0.425,1.2647,0.19,68,0.44,22,0.43,43,
cross_database_transfer,chembl_to_bindingdb_matched_targets,ecfp_absdiff_xgb,1,chembl_raw,bindingdb_raw,P35367,Histamine H1 receptor,1008,0.2808,0.5486,0.7844,373,1.2867,0.3187,0.5449,0.0857,0.2808,0.3598,0.5455,1.9428,0.4479,6,0.3333,1.1873,0.1992,17,0.3267,1.1638,0.1553,33,0.34,17,0.33,33,
cross_database_transfer,chembl_to_bindingdb_matched_targets,ecfp_absdiff_xgb,1,chembl_raw,bindingdb_raw,P00519,Tyrosine-protein kinase ABL1,1361,0.4533,0.7713,0.7612,420,1.5129,0.4835,0.5341,0.0475,0.4533,0.5359,0.7143,1.5756,0.4758,10,0.5072,1.1189,0.3323,35,0.5182,1.1432,0.3069,71,0.6,30,0.53,53,
cross_database_transfer,chembl_to_bindingdb_matched_targets,ecfp_absdiff_xgb,1,chembl_raw,bindingdb_raw,O43614,Orexin receptor type 2,835,0.382,0.6712,0.7624,403,1.7078,0.4437,0.5755,0.1241,0.382,0.4452,0.6667,1.745,0.5823,6,0.4524,1.1841,0.3097,19,0.369,0.966,0.2143,31,0.42,21,0.36,36,
cross_database_transfer,chembl_to_bindingdb_matched_targets,ecfp_absdiff_xgb,1,chembl_raw,bindingdb_raw,P35372,Mu-type opioid receptor,881,0.3269,0.476,0.7833,338,1.2633,0.3912,0.5443,0.0373,0.3269,0.52,0.6667,2.0394,0.5981,6,0.6,1.8354,0.422,27,0.5056,1.5467,0.3213,45,0.56,28,0.48,48,
cross_database_transfer,chembl_to_bindingdb_matched_targets,ecfp_absdiff_xgb,1,chembl_raw,bindingdb_raw,O60674,Tyrosine-protein kinase JAK2,2270,0.178,0.3334,0.773,902,1.4004,0.2042,0.5463,0.0362,0.178,0.206,0.3478,1.9544,0.2202,8,0.2018,1.1336,0.0783,23,0.1762,0.9901,0.0534,40,0.24,12,0.19,19,
cross_database_transfer,chembl_to_bindingdb_matched_targets,ecfp_absdiff_xgb,1,chembl_raw,bindingdb_raw,P49841,Glycogen synthase kinase-3 beta,1515,0.1842,0.384,0.7664,422,1.7452,0.2264,0.5187,-0.0096,0.1842,0.3324,0.5,2.7151,0.305,8,0.3816,2.072,0.2158,29,0.2566,1.3933,0.1268,39,0.54,27,0.31,31,
cross_database_transfer,chembl_to_bindingdb_matched_targets,ecfp_absdiff_xgb,1,chembl_raw,bindingdb_raw,P00742,Coagulation factor X,643,0.5008,0.9152,0.7789,364,1.367,0.5194,0.5028,-0.021,0.5008,0.5734,1.0,1.9969,1.0,7,0.6364,1.2708,0.5199,21,0.4923,0.9831,0.3601,32,0.56,28,0.47,47,
cross_database_transfer,chembl_to_bindingdb_matched_targets,ecfp_absdiff_xgb,1,chembl_raw,bindingdb_raw,P04150,Glucocorticoid receptor,1510,0.2536,0.4826,0.7646,608,1.2841,0.3032,0.5358,0.0451,0.2536,0.4001,0.625,2.4641,0.4051,10,0.5132,2.0232,0.269,39,0.3576,1.4099,0.1805,54,0.44,22,0.47,47,
cross_database_transfer,chembl_to_bindingdb_matched_targets,ecfp_absdiff_xgb,1,chembl_raw,bindingdb_raw,P23458,Tyrosine-protein kinase JAK1,934,0.1842,0.3266,0.7583,589,1.6478,0.2803,0.6811,0.1709,0.1842,0.3411,0.4,2.1721,0.18,4,0.3617,1.9641,0.1425,17,0.3404,1.8486,0.1287,32,0.36,18,0.33,33,
cross_database_transfer,chembl_to_bindingdb_matched_targets,ecfp_absdiff_xgb,1,chembl_raw,bindingdb_raw,P35462,D(3) dopamine receptor,400,0.3675,0.6675,0.7691,186,1.4675,0.3691,0.4974,-0.0249,0.3675,0.3591,0.25,0.6803,0.0833,1,0.35,0.9524,0.1587,7,0.35,0.9524,0.1417,14,0.32,16,0.36,36,
cross_database_transfer,chembl_to_bindingdb_matched_targets,ecfp_absdiff_xgb,1,chembl_raw,bindingdb_raw,P10275,Androgen receptor,739,0.2923,0.5441,0.775,244,1.4709,0.3075,0.5381,0.0567,0.2923,0.3093,0.25,0.8553,0.0982,2,0.3243,1.1096,0.0958,12,0.3378,1.1558,0.1114,25,0.36,18,0.3,30,
cross_database_transfer,chembl_to_bindingdb_matched_targets,ecfp_absdiff_xgb,1,chembl_raw,bindingdb_raw,Q9Y5N1,Histamine H3 receptor,1315,0.4106,0.7382,0.776,585,1.1757,0.3728,0.4475,-0.0931,0.4106,0.3047,0.2143,0.5218,0.0519,3,0.2727,0.6641,0.073,18,0.3333,0.8117,0.0939,44,0.3,15,0.27,27,
cross_database_transfer,chembl_to_bindingdb_matched_targets,ecfp_absdiff_xgb,1,chembl_raw,bindingdb_raw,P42336,"Phosphatidylinositol 4,5-bisphosphate 3-kinase catalytic subunit alpha isoform",1146,0.322,0.561,0.7642,402,1.212,0.3736,0.5671,0.0983,0.322,0.4353,0.3333,1.0352,0.1747,4,0.4483,1.3922,0.189,26,0.4783,1.4853,0.2131,55,0.46,23,0.47,47,
cross_database_transfer,chembl_to_bindingdb_matched_targets,ecfp_absdiff_xgb,1,chembl_raw,bindingdb_raw,Q01959,Sodium-dependent dopamine transporter,528,0.2235,0.4015,0.7769,188,1.2008,0.245,0.5342,-0.0038,0.2235,0.2942,0.3333,1.4915,0.0972,2,0.3333,1.4915,0.0992,9,0.3208,1.4352,0.1032,17,0.34,17,0.27,27,
cross_database_transfer,chembl_to_bindingdb_matched_targets,ecfp_absdiff_xgb,1,chembl_raw,bindingdb_raw,P41143,Delta-type opioid receptor,1057,0.3065,0.58,0.7858,457,1.4163,0.4649,0.6246,0.0336,0.3065,0.6805,1.0,3.2623,1.0,11,0.7547,2.4621,0.6804,40,0.6226,2.0313,0.513,66,0.74,37,0.65,65,
cross_database_transfer,chembl_to_bindingdb_matched_targets,ecfp_absdiff_xgb,1,chembl_raw,bindingdb_raw,P41145,Kappa-type opioid receptor,992,0.5514,1.0688,0.7753,354,1.7782,0.6246,0.5894,0.1485,0.5514,0.7191,0.8,1.4508,0.5142,8,0.7,1.2695,0.5201,35,0.71,1.2876,0.5257,71,0.7,35,0.71,71,
cross_database_transfer,chembl_to_bindingdb_matched_targets,ecfp_absdiff_xgb,1,chembl_raw,bindingdb_raw,P00734,Prothrombin,491,0.336,0.655,0.7718,308,1.3625,0.3393,0.4636,-0.1164,0.336,0.4354,0.4,1.1903,0.13,2,0.52,1.5474,0.2628,13,0.4,1.1903,0.197,20,0.4,20,0.35,35,
cross_database_transfer,chembl_to_bindingdb_matched_targets,ecfp_absdiff_xgb,1,chembl_raw,bindingdb_raw,P21917,D(4) dopamine receptor,456,0.3421,0.5766,0.7812,207,1.1996,0.457,0.5848,0.092,0.3421,0.6481,0.6,1.7538,0.2867,3,0.8696,2.5418,0.642,20,0.6087,1.7793,0.4512,28,0.58,29,0.43,43,
cross_database_transfer,chembl_to_bindingdb_matched_targets,ecfp_absdiff_xgb,1,chembl_raw,bindingdb_raw,P08908,5-hydroxytryptamine receptor 1A,664,0.4051,0.7068,0.7792,289,1.2139,0.4177,0.4873,0.0406,0.4051,0.3996,0.7143,1.7631,0.6449,5,0.3824,0.9438,0.2759,13,0.2836,0.7,0.17,19,0.32,16,0.37,37,
cross_database_transfer,chembl_to_bindingdb_matched_targets,ecfp_absdiff_xgb,1,chembl_raw,bindingdb_raw,Q99720,Sigma non-opioid intracellular receptor 1,823,0.2503,0.487,0.7922,351,1.2078,0.2852,0.5515,0.0385,0.2503,0.2983,0.4444,1.7756,0.2857,4,0.2857,1.1415,0.1347,12,0.253,1.0108,0.0959,21,0.28,14,0.27,27,
cross_database_transfer,chembl_to_bindingdb_matched_targets,ecfp_absdiff_xgb,1,chembl_raw,bindingdb_raw,Q9HAZ1,Dual specificity protein kinase CLK4,919,0.2884,0.5863,0.7733,283,1.1251,0.3553,0.5572,0.0826,0.2884,0.4657,0.4,1.3872,0.1469,4,0.6304,2.1863,0.3502,29,0.413,1.4324,0.2234,38,0.6,30,0.41,41,
cross_database_transfer,chembl_to_bindingdb_matched_targets,ecfp_absdiff_xgb,1,chembl_raw,bindingdb_raw,P31645,Sodium-dependent serotonin transporter,402,0.2662,0.4929,0.7808,229,1.2363,0.2803,0.5096,-0.0017,0.2662,0.299,0.4,1.5028,0.18,2,0.2857,1.0734,0.1273,6,0.2683,1.008,0.0991,11,0.28,14,0.27,27,
cross_database_transfer,chembl_to_bindingdb_matched_targets,rich_diff_scalars,1,chembl_raw,bindingdb_raw,P11309,Serine/threonine-protein kinase pim-1,1595,0.3361,0.5684,0.7625,456,1.3843,0.4099,0.5996,0.1456,0.3361,0.4244,0.375,1.1159,0.2099,6,0.4,1.1903,0.1878,32,0.4,1.1903,0.1752,64,0.42,21,0.41,41,
cross_database_transfer,chembl_to_bindingdb_matched_targets,rich_diff_scalars,1,chembl_raw,bindingdb_raw,P35367,Histamine H1 receptor,1008,0.2808,0.5486,0.7844,373,1.2867,0.4023,0.5584,0.1749,0.2808,0.5753,0.5455,1.9428,0.4082,6,0.6863,2.4444,0.4919,35,0.5248,1.8691,0.3582,53,0.68,34,0.52,52,
cross_database_transfer,chembl_to_bindingdb_matched_targets,rich_diff_scalars,1,chembl_raw,bindingdb_raw,P00519,Tyrosine-protein kinase ABL1,1361,0.4533,0.7713,0.7612,420,1.5129,0.5203,0.6008,0.162,0.4533,0.4818,0.3571,0.7878,0.1265,5,0.4203,0.9271,0.1538,29,0.5328,1.1754,0.2334,73,0.38,19,0.48,48,
cross_database_transfer,chembl_to_bindingdb_matched_targets,rich_diff_scalars,1,chembl_raw,bindingdb_raw,O43614,Orexin receptor type 2,835,0.382,0.6712,0.7624,403,1.7078,0.4873,0.5987,0.1328,0.382,0.5985,0.7778,2.0359,0.6317,7,0.5952,1.5581,0.4455,25,0.5833,1.5269,0.3945,49,0.6,30,0.56,56,
cross_database_transfer,chembl_to_bindingdb_matched_targets,rich_diff_scalars,1,chembl_raw,bindingdb_raw,P35372,Mu-type opioid receptor,881,0.3269,0.476,0.7833,338,1.2633,0.3926,0.5973,0.0909,0.3269,0.4222,0.5556,1.6995,0.2945,5,0.3778,1.1556,0.1984,17,0.3933,1.203,0.1873,35,0.42,21,0.38,38,
cross_database_transfer,chembl_to_bindingdb_matched_targets,rich_diff_scalars,1,chembl_raw,bindingdb_raw,O60674,Tyrosine-protein kinase JAK2,2270,0.178,0.3334,0.773,902,1.4004,0.2939,0.6641,0.1551,0.178,0.375,0.3478,1.9544,0.2655,8,0.4035,2.2672,0.1877,46,0.3877,2.1782,0.166,88,0.4,20,0.4,40,
cross_database_transfer,chembl_to_bindingdb_matched_targets,rich_diff_scalars,1,chembl_raw,bindingdb_raw,P49841,Glycogen synthase kinase-3 beta,1515,0.1842,0.384,0.7664,422,1.7452,0.1967,0.4766,-0.0186,0.1842,0.2501,0.375,2.0363,0.1227,6,0.25,1.3575,0.0861,19,0.1908,1.036,0.0587,29,0.28,14,0.25,25,
cross_database_transfer,chembl_to_bindingdb_matched_targets,rich_diff_scalars,1,chembl_raw,bindingdb_raw,P00742,Coagulation factor X,643,0.5008,0.9152,0.7789,364,1.367,0.5668,0.5501,0.1113,0.5008,0.652,0.7143,1.4264,0.6735,5,0.697,1.3918,0.5253,23,0.6615,1.321,0.4726,43,0.68,34,0.6,60,
cross_database_transfer,chembl_to_bindingdb_matched_targets,rich_diff_scalars,1,chembl_raw,bindingdb_raw,P04150,Glucocorticoid receptor,1510,0.2536,0.4826,0.7646,608,1.2841,0.3445,0.6507,0.2328,0.2536,0.2974,0.25,0.9856,0.0752,4,0.2105,0.83,0.0488,16,0.3311,1.3055,0.0868,50,0.2,10,0.23,23,
cross_database_transfer,chembl_to_bindingdb_matched_targets,rich_diff_scalars,1,chembl_raw,bindingdb_raw,P23458,Tyrosine-protein kinase JAK1,934,0.1842,0.3266,0.7583,589,1.6478,0.3371,0.7253,0.2004,0.1842,0.3949,0.4,2.1721,0.2061,4,0.3617,1.9641,0.1661,17,0.3936,2.1374,0.167,37,0.4,20,0.38,38,
cross_database_transfer,chembl_to_bindingdb_matched_targets,rich_diff_scalars,1,chembl_raw,bindingdb_raw,P35462,D(3) dopamine receptor,400,0.3675,0.6675,0.7691,186,1.4675,0.3757,0.5087,-0.0201,0.3675,0.3504,0.25,0.6803,0.25,1,0.3,0.8163,0.1449,6,0.3,0.8163,0.1264,12,0.38,19,0.36,36,
cross_database_transfer,chembl_to_bindingdb_matched_targets,rich_diff_scalars,1,chembl_raw,bindingdb_raw,P10275,Androgen receptor,739,0.2923,0.5441,0.775,244,1.4709,0.3745,0.6352,0.1742,0.2923,0.3599,0.5,1.7106,0.3214,4,0.3243,1.1096,0.1505,12,0.3514,1.2021,0.1416,26,0.36,18,0.38,38,
cross_database_transfer,chembl_to_bindingdb_matched_targets,rich_diff_scalars,1,chembl_raw,bindingdb_raw,Q9Y5N1,Histamine H3 receptor,1315,0.4106,0.7382,0.776,585,1.1757,0.5026,0.6048,0.148,0.4106,0.5811,0.7857,1.9134,0.7129,11,0.6818,1.6604,0.4894,45,0.5682,1.3836,0.3808,75,0.64,32,0.59,59,
cross_database_transfer,chembl_to_bindingdb_matched_targets,rich_diff_scalars,1,chembl_raw,bindingdb_raw,P42336,"Phosphatidylinositol 4,5-bisphosphate 3-kinase catalytic subunit alpha isoform",1146,0.322,0.561,0.7642,402,1.212,0.3303,0.5048,0.0293,0.322,0.3497,0.5833,1.8117,0.3277,7,0.3966,1.2316,0.2108,23,0.2957,0.9182,0.1373,34,0.42,21,0.29,29,
cross_database_transfer,chembl_to_bindingdb_matched_targets,rich_diff_scalars,1,chembl_raw,bindingdb_raw,Q01959,Sodium-dependent dopamine transporter,528,0.2235,0.4015,0.7769,188,1.2008,0.2947,0.6133,0.1121,0.2235,0.3249,0.0,0.0,0.0,0,0.3333,1.4915,0.1043,9,0.3396,1.5197,0.1131,18,0.36,18,0.35,35,
cross_database_transfer,chembl_to_bindingdb_matched_targets,rich_diff_scalars,1,chembl_raw,bindingdb_raw,P41143,Delta-type opioid receptor,1057,0.3065,0.58,0.7858,457,1.4163,0.4094,0.5205,0.0272,0.3065,0.5984,1.0,3.2623,1.0,11,0.6792,2.2159,0.5755,36,0.5472,1.7851,0.4174,58,0.7,35,0.56,56,
cross_database_transfer,chembl_to_bindingdb_matched_targets,rich_diff_scalars,1,chembl_raw,bindingdb_raw,P41145,Kappa-type opioid receptor,992,0.5514,1.0688,0.7753,354,1.7782,0.7494,0.7215,0.327,0.5514,0.8471,0.8,1.4508,0.7165,8,0.86,1.5596,0.7382,43,0.88,1.5959,0.7546,88,0.86,43,0.88,88,
cross_database_transfer,chembl_to_bindingdb_matched_targets,rich_diff_scalars,1,chembl_raw,bindingdb_raw,P00734,Prothrombin,491,0.336,0.655,0.7718,308,1.3625,0.4464,0.5509,0.0658,0.336,0.618,1.0,2.9758,1.0,5,0.68,2.0235,0.5806,17,0.6,1.7855,0.4528,30,0.6,30,0.41,41,
cross_database_transfer,chembl_to_bindingdb_matched_targets,rich_diff_scalars,1,chembl_raw,bindingdb_raw,P21917,D(4) dopamine receptor,456,0.3421,0.5766,0.7812,207,1.1996,0.3973,0.533,0.0607,0.3421,0.4619,1.0,2.9231,1.0,5,0.4783,1.398,0.3994,11,0.413,1.2074,0.2723,19,0.4,20,0.35,35,
cross_database_transfer,chembl_to_bindingdb_matched_targets,rich_diff_scalars,1,chembl_raw,bindingdb_raw,P08908,5-hydroxytryptamine receptor 1A,664,0.4051,0.7068,0.7792,289,1.2139,0.4381,0.5536,0.0829,0.4051,0.4003,0.4286,1.0579,0.3452,3,0.4412,1.089,0.2079,15,0.3731,0.921,0.1623,25,0.38,19,0.44,44,
cross_database_transfer,chembl_to_bindingdb_matched_targets,rich_diff_scalars,1,chembl_raw,bindingdb_raw,Q99720,Sigma non-opioid intracellular receptor 1,823,0.2503,0.487,0.7922,351,1.2078,0.3216,0.6185,0.1398,0.2503,0.2805,0.2222,0.8878,0.2222,2,0.2381,0.9512,0.0908,10,0.2892,1.1552,0.0944,24,0.28,14,0.28,28,
cross_database_transfer,chembl_to_bindingdb_matched_targets,rich_diff_scalars,1,chembl_raw,bindingdb_raw,Q9HAZ1,Dual specificity protein kinase CLK4,919,0.2884,0.5863,0.7733,283,1.1251,0.3358,0.5353,0.0477,0.2884,0.401,0.4,1.3872,0.24,4,0.413,1.4324,0.1903,19,0.413,1.4324,0.1825,38,0.42,21,0.4,40,
cross_database_transfer,chembl_to_bindingdb_matched_targets,rich_diff_scalars,1,chembl_raw,bindingdb_raw,P31645,Sodium-dependent serotonin transporter,402,0.2662,0.4929,0.7808,229,1.2363,0.4032,0.6196,0.1489,0.2662,0.5195,0.8,3.0056,0.71,4,0.5714,2.1469,0.3941,12,0.4878,1.8327,0.2975,20,0.52,26,0.38,38,
cross_database_transfer,chembl_to_bindingdb_matched_targets,rich_scalars_only,1,chembl_raw,bindingdb_raw,P11309,Serine/threonine-protein kinase pim-1,1595,0.3361,0.5684,0.7625,456,1.3843,0.3939,0.5742,0.1201,0.3361,0.413,0.375,1.1159,0.2025,6,0.4,1.1903,0.1813,32,0.4188,1.2461,0.1785,67,0.44,22,0.39,39,
cross_database_transfer,chembl_to_bindingdb_matched_targets,rich_scalars_only,1,chembl_raw,bindingdb_raw,P35367,Histamine H1 receptor,1008,0.2808,0.5486,0.7844,373,1.2867,0.3888,0.5585,0.2052,0.2808,0.5439,0.4545,1.619,0.1833,5,0.6667,2.3746,0.4062,34,0.495,1.7633,0.2983,50,0.66,33,0.5,50,
cross_database_transfer,chembl_to_bindingdb_matched_targets,rich_scalars_only,1,chembl_raw,bindingdb_raw,P00519,Tyrosine-protein kinase ABL1,1361,0.4533,0.7713,0.7612,420,1.5129,0.5134,0.5843,0.1269,0.4533,0.4998,0.3571,0.7878,0.2242,5,0.4348,0.9591,0.2001,30,0.5401,1.1915,0.2594,74,0.44,22,0.46,46,
cross_database_transfer,chembl_to_bindingdb_matched_targets,rich_scalars_only,1,chembl_raw,bindingdb_raw,O43614,Orexin receptor type 2,835,0.382,0.6712,0.7624,403,1.7078,0.487,0.5994,0.1438,0.382,0.5911,0.6667,1.745,0.5823,6,0.6429,1.6827,0.4323,27,0.5952,1.5581,0.3843,50,0.62,31,0.6,60,
cross_database_transfer,chembl_to_bindingdb_matched_targets,rich_scalars_only,1,chembl_raw,bindingdb_raw,P35372,Mu-type opioid receptor,881,0.3269,0.476,0.7833,338,1.2633,0.406,0.6137,0.1811,0.3269,0.439,0.4444,1.3596,0.2762,4,0.5333,1.6315,0.2953,24,0.3708,1.1342,0.1915,33,0.48,24,0.38,38,
cross_database_transfer,chembl_to_bindingdb_matched_targets,rich_scalars_only,1,chembl_raw,bindingdb_raw,O60674,Tyrosine-protein kinase JAK2,2270,0.178,0.3334,0.773,902,1.4004,0.2767,0.6458,0.1394,0.178,0.3483,0.4348,2.443,0.2837,10,0.3596,2.0208,0.1643,41,0.3348,1.8812,0.1354,76,0.38,19,0.37,37,
cross_database_transfer,chembl_to_bindingdb_matched_targets,rich_scalars_only,1,chembl_raw,bindingdb_raw,P49841,Glycogen synthase kinase-3 beta,1515,0.1842,0.384,0.7664,422,1.7452,0.2211,0.5214,0.0393,0.1842,0.2921,0.3125,1.6969,0.1257,5,0.3158,1.7148,0.1028,24,0.2829,1.5361,0.0922,43,0.3,15,0.33,33,
cross_database_transfer,chembl_to_bindingdb_matched_targets,rich_scalars_only,1,chembl_raw,bindingdb_raw,P00742,Coagulation factor X,643,0.5008,0.9152,0.7789,364,1.367,0.5586,0.5452,0.0901,0.5008,0.6263,0.7143,1.4264,0.6735,5,0.6061,1.2102,0.4719,20,0.6,1.1981,0.4155,39,0.62,31,0.6,60,
cross_database_transfer,chembl_to_bindingdb_matched_targets,rich_scalars_only,1,chembl_raw,bindingdb_raw,P04150,Glucocorticoid receptor,1510,0.2536,0.4826,0.7646,608,1.2841,0.3626,0.6488,0.2125,0.2536,0.3698,0.5,1.9713,0.4127,8,0.3158,1.245,0.166,24,0.3907,1.5405,0.1654,59,0.32,16,0.34,34,
cross_database_transfer,chembl_to_bindingdb_matched_targets,rich_scalars_only,1,chembl_raw,bindingdb_raw,P23458,Tyrosine-protein kinase JAK1,934,0.1842,0.3266,0.7583,589,1.6478,0.3179,0.6961,0.2143,0.1842,0.3742,0.5,2.7151,0.3267,5,0.4043,2.1952,0.1901,19,0.3191,1.7331,0.1372,30,0.38,19,0.35,35,
cross_database_transfer,chembl_to_bindingdb_matched_targets,rich_scalars_only,1,chembl_raw,bindingdb_raw,P35462,D(3) dopamine receptor,400,0.3675,0.6675,0.7691,186,1.4675,0.3837,0.5389,0.0275,0.3675,0.3301,0.25,0.6803,0.0833,1,0.35,0.9524,0.0992,7,0.4,1.0884,0.1335,16,0.4,20,0.37,37,
cross_database_transfer,chembl_to_bindingdb_matched_targets,rich_scalars_only,1,chembl_raw,bindingdb_raw,P10275,Androgen receptor,739,0.2923,0.5441,0.775,244,1.4709,0.3676,0.641,0.2196,0.2923,0.3167,0.375,1.283,0.1542,3,0.2432,0.8322,0.0739,9,0.3378,1.1558,0.1074,25,0.3,15,0.35,35,
cross_database_transfer,chembl_to_bindingdb_matched_targets,rich_scalars_only,1,chembl_raw,bindingdb_raw,Q9Y5N1,Histamine H3 receptor,1315,0.4106,0.7382,0.776,585,1.1757,0.5125,0.6138,0.1638,0.4106,0.5872,0.7143,1.7394,0.6239,10,0.6212,1.5128,0.449,41,0.553,1.3467,0.3711,73,0.64,32,0.59,59,
cross_database_transfer,chembl_to_bindingdb_matched_targets,rich_scalars_only,1,chembl_raw,bindingdb_raw,P42336,"Phosphatidylinositol 4,5-bisphosphate 3-kinase catalytic subunit alpha isoform",1146,0.322,0.561,0.7642,402,1.212,0.3658,0.5233,0.039,0.322,0.4866,0.5833,1.8117,0.3289,7,0.569,1.767,0.3389,33,0.4783,1.4853,0.272,55,0.54,27,0.49,49,
cross_database_transfer,chembl_to_bindingdb_matched_targets,rich_scalars_only,1,chembl_raw,bindingdb_raw,Q01959,Sodium-dependent dopamine transporter,528,0.2235,0.4015,0.7769,188,1.2008,0.2899,0.5961,0.087,0.2235,0.3365,0.1667,0.7458,0.0417,1,0.4074,1.823,0.1635,11,0.283,1.2664,0.108,15,0.3,15,0.34,34,
cross_database_transfer,chembl_to_bindingdb_matched_targets,rich_scalars_only,1,chembl_raw,bindingdb_raw,P41143,Delta-type opioid receptor,1057,0.3065,0.58,0.7858,457,1.4163,0.4004,0.54,0.0498,0.3065,0.5767,0.7273,2.3726,0.7025,8,0.7547,2.4621,0.596,40,0.5,1.6312,0.379,53,0.78,39,0.52,52,
cross_database_transfer,chembl_to_bindingdb_matched_targets,rich_scalars_only,1,chembl_raw,bindingdb_raw,P41145,Kappa-type opioid receptor,992,0.5514,1.0688,0.7753,354,1.7782,0.756,0.7227,0.2708,0.5514,0.853,0.9,1.6322,0.7571,9,0.84,1.5234,0.7139,42,0.86,1.5596,0.7372,86,0.84,42,0.86,86,
cross_database_transfer,chembl_to_bindingdb_matched_targets,rich_scalars_only,1,chembl_raw,bindingdb_raw,P00734,Prothrombin,491,0.336,0.655,0.7718,308,1.3625,0.4712,0.6018,0.1414,0.336,0.6134,1.0,2.9758,1.0,5,0.64,1.9045,0.5522,16,0.56,1.6664,0.4255,28,0.56,28,0.45,45,
cross_database_transfer,chembl_to_bindingdb_matched_targets,rich_scalars_only,1,chembl_raw,bindingdb_raw,P21917,D(4) dopamine receptor,456,0.3421,0.5766,0.7812,207,1.1996,0.4248,0.5373,0.0869,0.3421,0.545,0.8,2.3385,0.8,4,0.6087,1.7793,0.4712,14,0.5,1.4615,0.3453,23,0.48,24,0.46,46,
cross_database_transfer,chembl_to_bindingdb_matched_targets,rich_scalars_only,1,chembl_raw,bindingdb_raw,P08908,5-hydroxytryptamine receptor 1A,664,0.4051,0.7068,0.7792,289,1.2139,0.4609,0.5775,0.1018,0.4051,0.4404,0.2857,0.7053,0.2381,2,0.3824,0.9438,0.1681,13,0.4925,1.2158,0.2169,33,0.4,20,0.53,53,
cross_database_transfer,chembl_to_bindingdb_matched_targets,rich_scalars_only,1,chembl_raw,bindingdb_raw,Q99720,Sigma non-opioid intracellular receptor 1,823,0.2503,0.487,0.7922,351,1.2078,0.3398,0.6347,0.1675,0.2503,0.3416,0.2222,0.8878,0.1296,2,0.3333,1.3317,0.1261,14,0.3253,1.2996,0.1172,27,0.34,17,0.32,32,
cross_database_transfer,chembl_to_bindingdb_matched_targets,rich_scalars_only,1,chembl_raw,bindingdb_raw,Q9HAZ1,Dual specificity protein kinase CLK4,919,0.2884,0.5863,0.7733,283,1.1251,0.3278,0.5222,0.017,0.2884,0.3953,0.5,1.734,0.2489,5,0.413,1.4324,0.208,19,0.337,1.1685,0.1558,31,0.44,22,0.37,37,
cross_database_transfer,chembl_to_bindingdb_matched_targets,rich_scalars_only,1,chembl_raw,bindingdb_raw,P31645,Sodium-dependent serotonin transporter,402,0.2662,0.4929,0.7808,229,1.2363,0.3824,0.6088,0.1633,0.2662,0.4832,0.4,1.5028,0.3,2,0.5238,1.968,0.2933,11,0.4634,1.7411,0.2506,19,0.48,24,0.37,37,
cross_database_transfer,chembl_to_bindingdb_matched_targets,extratrees_scalars,1,chembl_raw,bindingdb_raw,P11309,Serine/threonine-protein kinase pim-1,1595,0.3361,0.5684,0.7625,456,1.3843,0.4088,0.5955,0.0983,0.3361,0.4381,0.375,1.1159,0.1814,6,0.45,1.3391,0.2068,36,0.4375,1.3019,0.1945,70,0.4,20,0.41,41,
cross_database_transfer,chembl_to_bindingdb_matched_targets,extratrees_scalars,1,chembl_raw,bindingdb_raw,P35367,Histamine H1 receptor,1008,0.2808,0.5486,0.7844,373,1.2867,0.4045,0.589,0.1313,0.2808,0.5871,0.5455,1.9428,0.3239,6,0.7255,2.5841,0.5308,37,0.5545,1.9749,0.3841,56,0.72,36,0.56,56,
cross_database_transfer,chembl_to_bindingdb_matched_targets,extratrees_scalars,1,chembl_raw,bindingdb_raw,P00519,Tyrosine-protein kinase ABL1,1361,0.4533,0.7713,0.7612,420,1.5129,0.551,0.625,0.1192,0.4533,0.5816,0.7143,1.5756,0.556,10,0.5507,1.2148,0.3651,38,0.5693,1.2559,0.3529,78,0.6,30,0.59,59,
cross_database_transfer,chembl_to_bindingdb_matched_targets,extratrees_scalars,1,chembl_raw,bindingdb_raw,O43614,Orexin receptor type 2,835,0.382,0.6712,0.7624,403,1.7078,0.5298,0.6114,0.1657,0.382,0.6848,1.0,2.6176,1.0,9,0.6905,1.8074,0.6322,29,0.6548,1.7139,0.5221,55,0.66,33,0.64,64,
cross_database_transfer,chembl_to_bindingdb_matched_targets,extratrees_scalars,1,chembl_raw,bindingdb_raw,P35372,Mu-type opioid receptor,881,0.3269,0.476,0.7833,338,1.2633,0.3947,0.5692,0.0464,0.3269,0.4553,0.7778,2.3792,0.7778,7,0.4889,1.4955,0.3522,22,0.3933,1.203,0.2433,35,0.46,23,0.37,37,
cross_database_transfer,chembl_to_bindingdb_matched_targets,extratrees_scalars,1,chembl_raw,bindingdb_raw,O60674,Tyrosine-protein kinase JAK2,2270,0.178,0.3334,0.773,902,1.4004,0.2835,0.652,0.1006,0.178,0.3326,0.5652,3.1759,0.5225,13,0.3333,1.8729,0.1908,38,0.2907,1.6337,0.1341,66,0.4,20,0.34,34,
cross_database_transfer,chembl_to_bindingdb_matched_targets,extratrees_scalars,1,chembl_raw,bindingdb_raw,P49841,Glycogen synthase kinase-3 beta,1515,0.1842,0.384,0.7664,422,1.7452,0.2094,0.4493,-0.0063,0.1842,0.2993,0.5625,3.0544,0.3973,9,0.3289,1.7862,0.1763,25,0.2566,1.3933,0.1132,39,0.42,21,0.28,28,
cross_database_transfer,chembl_to_bindingdb_matched_targets,extratrees_scalars,1,chembl_raw,bindingdb_raw,P00742,Coagulation factor X,643,0.5008,0.9152,0.7789,364,1.367,0.5713,0.5744,0.1134,0.5008,0.6239,0.5714,1.1411,0.4405,4,0.6364,1.2708,0.4322,21,0.6,1.1981,0.39,39,0.6,30,0.63,63,
cross_database_transfer,chembl_to_bindingdb_matched_targets,extratrees_scalars,1,chembl_raw,bindingdb_raw,P04150,Glucocorticoid receptor,1510,0.2536,0.4826,0.7646,608,1.2841,0.5892,0.7477,0.4162,0.2536,0.7703,0.9375,3.6961,0.9375,15,0.8421,3.32,0.7692,64,0.7483,2.9504,0.6456,113,0.86,43,0.8,80,
cross_database_transfer,chembl_to_bindingdb_matched_targets,extratrees_scalars,1,chembl_raw,bindingdb_raw,P23458,Tyrosine-protein kinase JAK1,934,0.1842,0.3266,0.7583,589,1.6478,0.3281,0.7322,0.1163,0.1842,0.3555,0.5,2.7151,0.3892,5,0.3617,1.9641,0.1798,17,0.3298,1.7908,0.1418,31,0.34,17,0.32,32,
cross_database_transfer,chembl_to_bindingdb_matched_targets,extratrees_scalars,1,chembl_raw,bindingdb_raw,P35462,D(3) dopamine receptor,400,0.3675,0.6675,0.7691,186,1.4675,0.3812,0.5304,0.027,0.3675,0.322,0.0,0.0,0.0,0,0.35,0.9524,0.0835,7,0.375,1.0204,0.1182,15,0.38,19,0.42,42,
cross_database_transfer,chembl_to_bindingdb_matched_targets,extratrees_scalars,1,chembl_raw,bindingdb_raw,P10275,Androgen receptor,739,0.2923,0.5441,0.775,244,1.4709,0.5744,0.7428,0.2947,0.2923,0.752,1.0,3.4213,1.0,8,0.8378,2.8665,0.7705,31,0.7162,2.4504,0.6188,53,0.8,40,0.67,67,
cross_database_transfer,chembl_to_bindingdb_matched_targets,extratrees_scalars,1,chembl_raw,bindingdb_raw,Q9Y5N1,Histamine H3 receptor,1315,0.4106,0.7382,0.776,585,1.1757,0.535,0.6347,0.1694,0.4106,0.6215,0.7857,1.9134,0.6065,11,0.6515,1.5866,0.4598,43,0.5985,1.4574,0.4042,79,0.62,31,0.63,63,
cross_database_transfer,chembl_to_bindingdb_matched_targets,extratrees_scalars,1,chembl_raw,bindingdb_raw,P42336,"Phosphatidylinositol 4,5-bisphosphate 3-kinase catalytic subunit alpha isoform",1146,0.322,0.561,0.7642,402,1.212,0.4142,0.5782,0.0558,0.322,0.5241,0.9167,2.8469,0.9097,11,0.569,1.767,0.4464,33,0.4783,1.4853,0.3236,55,0.52,26,0.49,49,
cross_database_transfer,chembl_to_bindingdb_matched_targets,extratrees_scalars,1,chembl_raw,bindingdb_raw,Q01959,Sodium-dependent dopamine transporter,528,0.2235,0.4015,0.7769,188,1.2008,0.4089,0.677,0.2392,0.2235,0.5132,0.8333,3.7288,0.7306,5,0.5556,2.4859,0.4002,15,0.4717,2.1106,0.2942,25,0.46,23,0.43,43,
cross_database_transfer,chembl_to_bindingdb_matched_targets,extratrees_scalars,1,chembl_raw,bindingdb_raw,P41143,Delta-type opioid receptor,1057,0.3065,0.58,0.7858,457,1.4163,0.4792,0.5871,0.0971,0.3065,0.7071,0.9091,2.9658,0.8421,10,0.7736,2.5237,0.6672,41,0.7075,2.3083,0.5762,75,0.78,39,0.73,73,
cross_database_transfer,chembl_to_bindingdb_matched_targets,extratrees_scalars,1,chembl_raw,bindingdb_raw,P41145,Kappa-type opioid receptor,992,0.5514,1.0688,0.7753,354,1.7782,0.7355,0.7005,0.3058,0.5514,0.8399,0.9,1.6322,0.8789,9,0.88,1.5959,0.798,44,0.79,1.4327,0.6939,79,0.88,44,0.79,79,
cross_database_transfer,chembl_to_bindingdb_matched_targets,extratrees_scalars,1,chembl_raw,bindingdb_raw,P00734,Prothrombin,491,0.336,0.655,0.7718,308,1.3625,0.4515,0.5904,0.1245,0.336,0.579,1.0,2.9758,1.0,5,0.6,1.7855,0.5081,15,0.54,1.6069,0.3888,27,0.54,27,0.47,47,
cross_database_transfer,chembl_to_bindingdb_matched_targets,extratrees_scalars,1,chembl_raw,bindingdb_raw,P21917,D(4) dopamine receptor,456,0.3421,0.5766,0.7812,207,1.1996,0.439,0.5641,0.1267,0.3421,0.5441,0.8,2.3385,0.8,4,0.5217,1.5251,0.3889,12,0.5217,1.5251,0.3412,24,0.52,26,0.47,47,
cross_database_transfer,chembl_to_bindingdb_matched_targets,extratrees_scalars,1,chembl_raw,bindingdb_raw,P08908,5-hydroxytryptamine receptor 1A,664,0.4051,0.7068,0.7792,289,1.2139,0.4705,0.582,0.0763,0.4051,0.5045,0.5714,1.4105,0.5238,4,0.5294,1.3068,0.3428,18,0.4627,1.1421,0.2713,31,0.52,26,0.47,47,
cross_database_transfer,chembl_to_bindingdb_matched_targets,extratrees_scalars,1,chembl_raw,bindingdb_raw,Q99720,Sigma non-opioid intracellular receptor 1,823,0.2503,0.487,0.7922,351,1.2078,0.4453,0.6673,0.2312,0.2503,0.579,1.0,3.9951,1.0,9,0.5714,2.2829,0.5052,24,0.5301,2.1179,0.392,44,0.56,28,0.51,51,
cross_database_transfer,chembl_to_bindingdb_matched_targets,extratrees_scalars,1,chembl_raw,bindingdb_raw,Q9HAZ1,Dual specificity protein kinase CLK4,919,0.2884,0.5863,0.7733,283,1.1251,0.313,0.538,0.0759,0.2884,0.2925,0.1,0.3468,0.0111,1,0.2826,0.9801,0.0567,13,0.3696,1.2816,0.1037,34,0.28,14,0.36,36,
cross_database_transfer,chembl_to_bindingdb_matched_targets,extratrees_scalars,1,chembl_raw,bindingdb_raw,P31645,Sodium-dependent serotonin transporter,402,0.2662,0.4929,0.7808,229,1.2363,0.3828,0.6042,0.1789,0.2662,0.4894,0.6,2.2542,0.55,3,0.4762,1.7891,0.3153,10,0.4634,1.7411,0.2709,19,0.48,24,0.39,39,
cross_database_transfer,chembl_to_bindingdb_matched_targets,ecfp_absdiff_xgb,2,chembl_raw,bindingdb_raw,P11309,Serine/threonine-protein kinase pim-1,1595,0.3361,0.5684,0.7625,456,1.3843,0.3521,0.5118,0.0237,0.3361,0.4058,0.375,1.1159,0.2701,6,0.3875,1.1531,0.1861,31,0.4,1.1903,0.1784,64,0.44,22,0.41,41,
cross_database_transfer,chembl_to_bindingdb_matched_targets,ecfp_absdiff_xgb,2,chembl_raw,bindingdb_raw,P35367,Histamine H1 receptor,1008,0.2808,0.5486,0.7844,373,1.2867,0.3089,0.5303,0.0488,0.2808,0.3428,0.4545,1.619,0.2864,5,0.3333,1.1873,0.1652,17,0.3267,1.1638,0.1411,33,0.34,17,0.33,33,
cross_database_transfer,chembl_to_bindingdb_matched_targets,ecfp_absdiff_xgb,2,chembl_raw,bindingdb_raw,P00519,Tyrosine-protein kinase ABL1,1361,0.4533,0.7713,0.7612,420,1.5129,0.493,0.5474,0.0501,0.4533,0.5964,0.5714,1.2605,0.3417,8,0.6377,1.4066,0.4146,44,0.562,1.2398,0.3548,77,0.62,31,0.61,61,
cross_database_transfer,chembl_to_bindingdb_matched_targets,ecfp_absdiff_xgb,2,chembl_raw,bindingdb_raw,O43614,Orexin receptor type 2,835,0.382,0.6712,0.7624,403,1.7078,0.4444,0.5788,0.1152,0.382,0.4195,0.6667,1.745,0.6101,6,0.381,0.9972,0.2517,16,0.381,0.9972,0.2017,32,0.38,19,0.37,37,
cross_database_transfer,chembl_to_bindingdb_matched_targets,ecfp_absdiff_xgb,2,chembl_raw,bindingdb_raw,P35372,Mu-type opioid receptor,881,0.3269,0.476,0.7833,338,1.2633,0.4002,0.5658,0.0422,0.3269,0.5489,0.6667,2.0394,0.5704,6,0.6222,1.9034,0.4336,28,0.5281,1.6154,0.3337,47,0.58,29,0.52,52,
cross_database_transfer,chembl_to_bindingdb_matched_targets,ecfp_absdiff_xgb,2,chembl_raw,bindingdb_raw,O60674,Tyrosine-protein kinase JAK2,2270,0.178,0.3334,0.773,902,1.4004,0.2004,0.5391,0.0314,0.178,0.2256,0.3043,1.7101,0.2125,7,0.2456,1.3801,0.0821,28,0.2247,1.2624,0.066,51,0.16,8,0.25,25,
cross_database_transfer,chembl_to_bindingdb_matched_targets,ecfp_absdiff_xgb,2,chembl_raw,bindingdb_raw,P49841,Glycogen synthase kinase-3 beta,1515,0.1842,0.384,0.7664,422,1.7452,0.2418,0.5387,-0.0227,0.1842,0.3746,0.5625,3.0544,0.4027,9,0.4342,2.3578,0.2634,33,0.2961,1.6076,0.1593,45,0.52,26,0.37,37,
cross_database_transfer,chembl_to_bindingdb_matched_targets,ecfp_absdiff_xgb,2,chembl_raw,bindingdb_raw,P00742,Coagulation factor X,643,0.5008,0.9152,0.7789,364,1.367,0.5066,0.4887,-0.0242,0.5008,0.5366,0.8571,1.7116,0.8129,6,0.5758,1.1497,0.4558,19,0.4615,0.9216,0.312,30,0.44,22,0.46,46,
cross_database_transfer,chembl_to_bindingdb_matched_targets,ecfp_absdiff_xgb,2,chembl_raw,bindingdb_raw,P04150,Glucocorticoid receptor,1510,0.2536,0.4826,0.7646,608,1.2841,0.3228,0.5505,0.0473,0.2536,0.4424,0.75,2.9569,0.7172,12,0.5,1.9713,0.3529,38,0.3841,1.5144,0.2405,58,0.46,23,0.48,48,
cross_database_transfer,chembl_to_bindingdb_matched_targets,ecfp_absdiff_xgb,2,chembl_raw,bindingdb_raw,P23458,Tyrosine-protein kinase JAK1,934,0.1842,0.3266,0.7583,589,1.6478,0.297,0.6952,0.198,0.1842,0.3874,0.4,2.1721,0.154,4,0.4468,2.4263,0.1864,21,0.383,2.0797,0.1613,36,0.44,22,0.36,36,
cross_database_transfer,chembl_to_bindingdb_matched_targets,ecfp_absdiff_xgb,2,chembl_raw,bindingdb_raw,P35462,D(3) dopamine receptor,400,0.3675,0.6675,0.7691,186,1.4675,0.3666,0.4908,-0.0581,0.3675,0.3155,0.25,0.6803,0.125,1,0.35,0.9524,0.1574,7,0.25,0.6803,0.0992,10,0.26,13,0.34,34,
cross_database_transfer,chembl_to_bindingdb_matched_targets,ecfp_absdiff_xgb,2,chembl_raw,bindingdb_raw,P10275,Androgen receptor,739,0.2923,0.5441,0.775,244,1.4709,0.3193,0.5522,0.0611,0.2923,0.3422,0.375,1.283,0.1661,3,0.3243,1.1096,0.1128,12,0.3919,1.3408,0.1433,29,0.36,18,0.35,35,
cross_database_transfer,chembl_to_bindingdb_matched_targets,ecfp_absdiff_xgb,2,chembl_raw,bindingdb_raw,Q9Y5N1,Histamine H3 receptor,1315,0.4106,0.7382,0.776,585,1.1757,0.3699,0.4405,-0.0968,0.4106,0.3097,0.2143,0.5218,0.0591,3,0.2576,0.6272,0.0729,17,0.3409,0.8302,0.1003,45,0.28,14,0.27,27,
cross_database_transfer,chembl_to_bindingdb_matched_targets,ecfp_absdiff_xgb,2,chembl_raw,bindingdb_raw,P42336,"Phosphatidylinositol 4,5-bisphosphate 3-kinase catalytic subunit alpha isoform",1146,0.322,0.561,0.7642,402,1.212,0.3409,0.5261,0.0776,0.322,0.373,0.3333,1.0352,0.249,4,0.4828,1.4993,0.2131,28,0.3478,1.0802,0.1485,40,0.42,21,0.36,36,
cross_database_transfer,chembl_to_bindingdb_matched_targets,ecfp_absdiff_xgb,2,chembl_raw,bindingdb_raw,Q01959,Sodium-dependent dopamine transporter,528,0.2235,0.4015,0.7769,188,1.2008,0.2449,0.5385,-0.0017,0.2235,0.3097,0.1667,0.7458,0.0278,1,0.3333,1.4915,0.0875,9,0.3962,1.7729,0.1301,21,0.4,20,0.29,29,
cross_database_transfer,chembl_to_bindingdb_matched_targets,ecfp_absdiff_xgb,2,chembl_raw,bindingdb_raw,P41143,Delta-type opioid receptor,1057,0.3065,0.58,0.7858,457,1.4163,0.4669,0.6294,0.0614,0.3065,0.6726,1.0,3.2623,1.0,11,0.6792,2.2159,0.6188,36,0.6226,2.0313,0.4983,66,0.7,35,0.61,61,
cross_database_transfer,chembl_to_bindingdb_matched_targets,ecfp_absdiff_xgb,2,chembl_raw,bindingdb_raw,P41145,Kappa-type opioid receptor,992,0.5514,1.0688,0.7753,354,1.7782,0.6365,0.6104,0.1631,0.5514,0.7177,0.8,1.4508,0.5809,8,0.76,1.3783,0.572,38,0.72,1.3057,0.522,72,0.76,38,0.72,72,
cross_database_transfer,chembl_to_bindingdb_matched_targets,ecfp_absdiff_xgb,2,chembl_raw,bindingdb_raw,P00734,Prothrombin,491,0.336,0.655,0.7718,308,1.3625,0.3542,0.4765,-0.0906,0.336,0.4844,0.4,1.1903,0.13,2,0.56,1.6664,0.3169,14,0.42,1.2498,0.2356,21,0.42,21,0.4,40,
cross_database_transfer,chembl_to_bindingdb_matched_targets,ecfp_absdiff_xgb,2,chembl_raw,bindingdb_raw,P21917,D(4) dopamine receptor,456,0.3421,0.5766,0.7812,207,1.1996,0.4492,0.5762,0.0803,0.3421,0.6444,0.8,2.3385,0.71,4,0.7391,2.1605,0.6012,17,0.587,1.7157,0.4524,27,0.58,29,0.48,48,
cross_database_transfer,chembl_to_bindingdb_matched_targets,ecfp_absdiff_xgb,2,chembl_raw,bindingdb_raw,P08908,5-hydroxytryptamine receptor 1A,664,0.4051,0.7068,0.7792,289,1.2139,0.418,0.486,-0.0001,0.4051,0.4084,0.8571,2.1158,0.8129,6,0.3824,0.9438,0.293,13,0.3433,0.8474,0.2008,23,0.34,17,0.37,37,
cross_database_transfer,chembl_to_bindingdb_matched_targets,ecfp_absdiff_xgb,2,chembl_raw,bindingdb_raw,Q99720,Sigma non-opioid intracellular receptor 1,823,0.2503,0.487,0.7922,351,1.2078,0.2821,0.5526,0.0547,0.2503,0.303,0.4444,1.7756,0.2049,4,0.2857,1.1415,0.1206,12,0.241,0.9627,0.0872,20,0.3,15,0.28,28,
cross_database_transfer,chembl_to_bindingdb_matched_targets,ecfp_absdiff_xgb,2,chembl_raw,bindingdb_raw,Q9HAZ1,Dual specificity protein kinase CLK4,919,0.2884,0.5863,0.7733,283,1.1251,0.3491,0.559,0.0659,0.2884,0.4468,0.2,0.6936,0.0733,2,0.6087,2.1109,0.3003,28,0.413,1.4324,0.2101,38,0.6,30,0.4,40,
cross_database_transfer,chembl_to_bindingdb_matched_targets,ecfp_absdiff_xgb,2,chembl_raw,bindingdb_raw,P31645,Sodium-dependent serotonin transporter,402,0.2662,0.4929,0.7808,229,1.2363,0.2867,0.522,0.0179,0.2662,0.3245,0.4,1.5028,0.2,2,0.4286,1.6101,0.1859,9,0.2927,1.0996,0.1203,12,0.28,14,0.27,27,
cross_database_transfer,chembl_to_bindingdb_matched_targets,rich_diff_scalars,2,chembl_raw,bindingdb_raw,P11309,Serine/threonine-protein kinase pim-1,1595,0.3361,0.5684,0.7625,456,1.3843,0.3958,0.5732,0.1263,0.3361,0.4202,0.375,1.1159,0.181,6,0.425,1.2647,0.1893,34,0.4312,1.2833,0.1826,69,0.44,22,0.38,38,
cross_database_transfer,chembl_to_bindingdb_matched_targets,rich_diff_scalars,2,chembl_raw,bindingdb_raw,P35367,Histamine H1 receptor,1008,0.2808,0.5486,0.7844,373,1.2867,0.3925,0.5528,0.1952,0.2808,0.541,0.5455,1.9428,0.3854,6,0.549,1.9555,0.3646,28,0.5248,1.8691,0.3186,53,0.56,28,0.53,53,
cross_database_transfer,chembl_to_bindingdb_matched_targets,rich_diff_scalars,2,chembl_raw,bindingdb_raw,P00519,Tyrosine-protein kinase ABL1,1361,0.4533,0.7713,0.7612,420,1.5129,0.5243,0.5983,0.1255,0.4533,0.5091,0.4286,0.9454,0.3474,6,0.4638,1.023,0.232,32,0.5328,1.1754,0.2693,73,0.42,21,0.52,52,
cross_database_transfer,chembl_to_bindingdb_matched_targets,rich_diff_scalars,2,chembl_raw,bindingdb_raw,O43614,Orexin receptor type 2,835,0.382,0.6712,0.7624,403,1.7078,0.4705,0.5755,0.0922,0.382,0.5843,0.7778,2.0359,0.6965,7,0.6429,1.6827,0.4644,27,0.5714,1.4957,0.3869,48,0.64,32,0.53,53,
cross_database_transfer,chembl_to_bindingdb_matched_targets,rich_diff_scalars,2,chembl_raw,bindingdb_raw,P35372,Mu-type opioid receptor,881,0.3269,0.476,0.7833,338,1.2633,0.3973,0.5983,0.1488,0.3269,0.4347,0.5556,1.6995,0.2951,5,0.4444,1.3596,0.2293,20,0.4382,1.3405,0.2074,39,0.44,22,0.43,43,
cross_database_transfer,chembl_to_bindingdb_matched_targets,rich_diff_scalars,2,chembl_raw,bindingdb_raw,O60674,Tyrosine-protein kinase JAK2,2270,0.178,0.3334,0.773,902,1.4004,0.2943,0.6611,0.1543,0.178,0.3799,0.3913,2.1987,0.2827,9,0.3772,2.1194,0.181,43,0.3656,2.0545,0.1607,83,0.42,21,0.4,40,
cross_database_transfer,chembl_to_bindingdb_matched_targets,rich_diff_scalars,2,chembl_raw,bindingdb_raw,P49841,Glycogen synthase kinase-3 beta,1515,0.1842,0.384,0.7664,422,1.7452,0.2018,0.4882,-0.0249,0.1842,0.2679,0.375,2.0363,0.1191,6,0.3026,1.6433,0.0925,23,0.2566,1.3933,0.0754,39,0.28,14,0.27,27,
cross_database_transfer,chembl_to_bindingdb_matched_targets,rich_diff_scalars,2,chembl_raw,bindingdb_raw,P00742,Coagulation factor X,643,0.5008,0.9152,0.7789,364,1.367,0.5662,0.5495,0.0783,0.5008,0.6619,0.7143,1.4264,0.6619,5,0.7273,1.4523,0.5659,24,0.6462,1.2903,0.472,42,0.66,33,0.6,60,
cross_database_transfer,chembl_to_bindingdb_matched_targets,rich_diff_scalars,2,chembl_raw,bindingdb_raw,P04150,Glucocorticoid receptor,1510,0.2536,0.4826,0.7646,608,1.2841,0.3337,0.6409,0.2211,0.2536,0.2746,0.0625,0.2464,0.0062,1,0.2237,0.8819,0.0367,17,0.3179,1.2533,0.0746,48,0.18,9,0.22,22,
cross_database_transfer,chembl_to_bindingdb_matched_targets,rich_diff_scalars,2,chembl_raw,bindingdb_raw,P23458,Tyrosine-protein kinase JAK1,934,0.1842,0.3266,0.7583,589,1.6478,0.3468,0.7282,0.2079,0.1842,0.4226,0.5,2.7151,0.243,5,0.4255,2.3107,0.2034,20,0.4149,2.253,0.1872,39,0.46,23,0.4,40,
cross_database_transfer,chembl_to_bindingdb_matched_targets,rich_diff_scalars,2,chembl_raw,bindingdb_raw,P35462,D(3) dopamine receptor,400,0.3675,0.6675,0.7691,186,1.4675,0.3629,0.4942,-0.046,0.3675,0.3159,0.25,0.6803,0.25,1,0.4,1.0884,0.1548,8,0.3,0.8163,0.1162,12,0.32,16,0.32,32,
cross_database_transfer,chembl_to_bindingdb_matched_targets,rich_diff_scalars,2,chembl_raw,bindingdb_raw,P10275,Androgen receptor,739,0.2923,0.5441,0.775,244,1.4709,0.3713,0.6321,0.2206,0.2923,0.3827,0.5,1.7106,0.2202,4,0.4324,1.4795,0.1882,16,0.3649,1.2483,0.1543,27,0.38,19,0.34,34,
cross_database_transfer,chembl_to_bindingdb_matched_targets,rich_diff_scalars,2,chembl_raw,bindingdb_raw,Q9Y5N1,Histamine H3 receptor,1315,0.4106,0.7382,0.776,585,1.1757,0.4937,0.5959,0.1022,0.4106,0.569,0.7143,1.7394,0.629,10,0.6364,1.5497,0.4501,42,0.5303,1.2914,0.3487,70,0.64,32,0.59,59,
cross_database_transfer,chembl_to_bindingdb_matched_targets,rich_diff_scalars,2,chembl_raw,bindingdb_raw,P42336,"Phosphatidylinositol 4,5-bisphosphate 3-kinase catalytic subunit alpha isoform",1146,0.322,0.561,0.7642,402,1.212,0.3183,0.4992,0.0208,0.322,0.3056,0.3333,1.0352,0.1944,4,0.3103,0.9638,0.1346,18,0.287,0.8912,0.1064,33,0.32,16,0.28,28,
cross_database_transfer,chembl_to_bindingdb_matched_targets,rich_diff_scalars,2,chembl_raw,bindingdb_raw,Q01959,Sodium-dependent dopamine transporter,528,0.2235,0.4015,0.7769,188,1.2008,0.2966,0.614,0.101,0.2235,0.319,0.1667,0.7458,0.0333,1,0.2593,1.1601,0.0687,7,0.3585,1.6041,0.1137,19,0.34,17,0.34,34,
cross_database_transfer,chembl_to_bindingdb_matched_targets,rich_diff_scalars,2,chembl_raw,bindingdb_raw,P41143,Delta-type opioid receptor,1057,0.3065,0.58,0.7858,457,1.4163,0.4186,0.5219,0.0195,0.3065,0.6114,1.0,3.2623,1.0,11,0.6415,2.0928,0.5279,34,0.5943,1.9389,0.4405,63,0.64,32,0.59,59,
cross_database_transfer,chembl_to_bindingdb_matched_targets,rich_diff_scalars,2,chembl_raw,bindingdb_raw,P41145,Kappa-type opioid receptor,992,0.5514,1.0688,0.7753,354,1.7782,0.7393,0.7138,0.2795,0.5514,0.8304,0.8,1.4508,0.6915,8,0.82,1.4871,0.6676,41,0.87,1.5778,0.7297,87,0.82,41,0.87,87,
cross_database_transfer,chembl_to_bindingdb_matched_targets,rich_diff_scalars,2,chembl_raw,bindingdb_raw,P00734,Prothrombin,491,0.336,0.655,0.7718,308,1.3625,0.4436,0.5427,0.0389,0.336,0.6338,0.8,2.3806,0.76,4,0.72,2.1425,0.574,18,0.64,1.9045,0.4751,32,0.64,32,0.46,46,
cross_database_transfer,chembl_to_bindingdb_matched_targets,rich_diff_scalars,2,chembl_raw,bindingdb_raw,P21917,D(4) dopamine receptor,456,0.3421,0.5766,0.7812,207,1.1996,0.3931,0.5388,0.0539,0.3421,0.4467,0.8,2.3385,0.6433,4,0.5217,1.5251,0.3537,12,0.413,1.2074,0.2373,19,0.38,19,0.37,37,
cross_database_transfer,chembl_to_bindingdb_matched_targets,rich_diff_scalars,2,chembl_raw,bindingdb_raw,P08908,5-hydroxytryptamine receptor 1A,664,0.4051,0.7068,0.7792,289,1.2139,0.4446,0.5573,0.0712,0.4051,0.4174,0.4286,1.0579,0.3452,3,0.3824,0.9438,0.1752,13,0.4627,1.1421,0.2049,31,0.42,21,0.46,46,
cross_database_transfer,chembl_to_bindingdb_matched_targets,rich_diff_scalars,2,chembl_raw,bindingdb_raw,Q99720,Sigma non-opioid intracellular receptor 1,823,0.2503,0.487,0.7922,351,1.2078,0.3235,0.6284,0.2028,0.2503,0.2786,0.1111,0.4439,0.1111,1,0.2381,0.9512,0.0748,10,0.3012,1.2034,0.0892,25,0.24,12,0.27,27,
cross_database_transfer,chembl_to_bindingdb_matched_targets,rich_diff_scalars,2,chembl_raw,bindingdb_raw,Q9HAZ1,Dual specificity protein kinase CLK4,919,0.2884,0.5863,0.7733,283,1.1251,0.3372,0.5352,0.0582,0.2884,0.3871,0.4,1.3872,0.3667,4,0.4348,1.5078,0.2069,20,0.3804,1.3193,0.1708,35,0.42,21,0.38,38,
cross_database_transfer,chembl_to_bindingdb_matched_targets,rich_diff_scalars,2,chembl_raw,bindingdb_raw,P31645,Sodium-dependent serotonin transporter,402,0.2662,0.4929,0.7808,229,1.2363,0.4145,0.6347,0.1746,0.2662,0.5239,0.6,2.2542,0.55,3,0.4762,1.7891,0.3003,10,0.6098,2.2909,0.363,25,0.56,28,0.4,40,
cross_database_transfer,chembl_to_bindingdb_matched_targets,rich_scalars_only,2,chembl_raw,bindingdb_raw,P11309,Serine/threonine-protein kinase pim-1,1595,0.3361,0.5684,0.7625,456,1.3843,0.3922,0.5715,0.1285,0.3361,0.4121,0.5,1.4879,0.2424,8,0.3625,1.0787,0.1677,29,0.4125,1.2275,0.1772,66,0.44,22,0.42,42,
cross_database_transfer,chembl_to_bindingdb_matched_targets,rich_scalars_only,2,chembl_raw,bindingdb_raw,P35367,Histamine H1 receptor,1008,0.2808,0.5486,0.7844,373,1.2867,0.4023,0.5532,0.1397,0.2808,0.5804,0.6364,2.2666,0.4811,7,0.6471,2.3047,0.478,33,0.5149,1.8338,0.3592,52,0.66,33,0.52,52,
cross_database_transfer,chembl_to_bindingdb_matched_targets,rich_scalars_only,2,chembl_raw,bindingdb_raw,P00519,Tyrosine-protein kinase ABL1,1361,0.4533,0.7713,0.7612,420,1.5129,0.5067,0.5771,0.127,0.4533,0.4757,0.2143,0.4727,0.0982,3,0.4348,0.9591,0.1679,30,0.5182,1.1432,0.2282,71,0.38,19,0.47,47,
cross_database_transfer,chembl_to_bindingdb_matched_targets,rich_scalars_only,2,chembl_raw,bindingdb_raw,O43614,Orexin receptor type 2,835,0.382,0.6712,0.7624,403,1.7078,0.4924,0.5965,0.1208,0.382,0.6233,0.7778,2.0359,0.6317,7,0.6667,1.745,0.4868,28,0.6071,1.5892,0.4228,51,0.7,35,0.6,60,
cross_database_transfer,chembl_to_bindingdb_matched_targets,rich_scalars_only,2,chembl_raw,bindingdb_raw,P35372,Mu-type opioid receptor,881,0.3269,0.476,0.7833,338,1.2633,0.4143,0.621,0.1973,0.3269,0.4367,0.5556,1.6995,0.4324,5,0.4889,1.4955,0.2913,22,0.382,1.1686,0.2038,34,0.46,23,0.36,36,
cross_database_transfer,chembl_to_bindingdb_matched_targets,rich_scalars_only,2,chembl_raw,bindingdb_raw,O60674,Tyrosine-protein kinase JAK2,2270,0.178,0.3334,0.773,902,1.4004,0.2921,0.6562,0.1597,0.178,0.3847,0.5217,2.9316,0.2888,12,0.4123,2.3165,0.2084,47,0.3392,1.9059,0.1542,77,0.5,25,0.44,44,
cross_database_transfer,chembl_to_bindingdb_matched_targets,rich_scalars_only,2,chembl_raw,bindingdb_raw,P49841,Glycogen synthase kinase-3 beta,1515,0.1842,0.384,0.7664,422,1.7452,0.2098,0.5198,0.0205,0.1842,0.2467,0.25,1.3575,0.0691,4,0.2237,1.2146,0.0564,17,0.2368,1.2861,0.0575,36,0.28,14,0.23,23,
cross_database_transfer,chembl_to_bindingdb_matched_targets,rich_scalars_only,2,chembl_raw,bindingdb_raw,P00742,Coagulation factor X,643,0.5008,0.9152,0.7789,364,1.367,0.5499,0.5427,0.0696,0.5008,0.5847,0.8571,1.7116,0.8129,6,0.5758,1.1497,0.4081,19,0.5692,1.1367,0.3681,37,0.56,28,0.56,56,
cross_database_transfer,chembl_to_bindingdb_matched_targets,rich_scalars_only,2,chembl_raw,bindingdb_raw,P04150,Glucocorticoid receptor,1510,0.2536,0.4826,0.7646,608,1.2841,0.3464,0.6468,0.1973,0.2536,0.3192,0.5,1.9713,0.2735,8,0.2368,0.9338,0.0963,18,0.3377,1.3316,0.1098,51,0.28,14,0.23,23,
cross_database_transfer,chembl_to_bindingdb_matched_targets,rich_scalars_only,2,chembl_raw,bindingdb_raw,P23458,Tyrosine-protein kinase JAK1,934,0.1842,0.3266,0.7583,589,1.6478,0.3122,0.6972,0.1919,0.1842,0.3622,0.2,1.086,0.1667,2,0.383,2.0797,0.1637,18,0.3511,1.9064,0.1385,33,0.36,18,0.34,34,
cross_database_transfer,chembl_to_bindingdb_matched_targets,rich_scalars_only,2,chembl_raw,bindingdb_raw,P35462,D(3) dopamine receptor,400,0.3675,0.6675,0.7691,186,1.4675,0.3967,0.5437,0.039,0.3675,0.3786,0.25,0.6803,0.25,1,0.4,1.0884,0.1613,8,0.425,1.1565,0.1793,17,0.4,20,0.4,40,
cross_database_transfer,chembl_to_bindingdb_matched_targets,rich_scalars_only,2,chembl_raw,bindingdb_raw,P10275,Androgen receptor,739,0.2923,0.5441,0.775,244,1.4709,0.3632,0.6387,0.211,0.2923,0.3074,0.125,0.4277,0.0417,1,0.2432,0.8322,0.0719,9,0.3378,1.1558,0.1017,25,0.26,13,0.35,35,
cross_database_transfer,chembl_to_bindingdb_matched_targets,rich_scalars_only,2,chembl_raw,bindingdb_raw,Q9Y5N1,Histamine H3 receptor,1315,0.4106,0.7382,0.776,585,1.1757,0.5277,0.6238,0.1794,0.4106,0.6053,0.7143,1.7394,0.6459,10,0.6667,1.6235,0.4969,44,0.5606,1.3652,0.3853,74,0.68,34,0.58,58,
cross_database_transfer,chembl_to_bindingdb_matched_targets,rich_scalars_only,2,chembl_raw,bindingdb_raw,P42336,"Phosphatidylinositol 4,5-bisphosphate 3-kinase catalytic subunit alpha isoform",1146,0.322,0.561,0.7642,402,1.212,0.3654,0.5212,0.0296,0.322,0.4676,0.5833,1.8117,0.4398,7,0.5517,1.7135,0.3365,32,0.4522,1.4043,0.2555,52,0.5,25,0.46,46,
cross_database_transfer,chembl_to_bindingdb_matched_targets,rich_scalars_only,2,chembl_raw,bindingdb_raw,Q01959,Sodium-dependent dopamine transporter,528,0.2235,0.4015,0.7769,188,1.2008,0.3076,0.6146,0.079,0.2235,0.3581,0.1667,0.7458,0.0278,1,0.3704,1.6573,0.1342,10,0.3396,1.5197,0.1202,18,0.36,18,0.37,37,
cross_database_transfer,chembl_to_bindingdb_matched_targets,rich_scalars_only,2,chembl_raw,bindingdb_raw,P41143,Delta-type opioid receptor,1057,0.3065,0.58,0.7858,457,1.4163,0.3852,0.5381,0.0538,0.3065,0.5459,0.7273,2.3726,0.4719,8,0.6792,2.2159,0.5105,36,0.4717,1.5388,0.3267,50,0.68,34,0.49,49,
cross_database_transfer,chembl_to_bindingdb_matched_targets,rich_scalars_only,2,chembl_raw,bindingdb_raw,P41145,Kappa-type opioid receptor,992,0.5514,1.0688,0.7753,354,1.7782,0.7511,0.7183,0.2717,0.5514,0.8599,0.9,1.6322,0.7571,9,0.9,1.6322,0.7835,45,0.85,1.5415,0.7383,85,0.9,45,0.85,85,
cross_database_transfer,chembl_to_bindingdb_matched_targets,rich_scalars_only,2,chembl_raw,bindingdb_raw,P00734,Prothrombin,491,0.336,0.655,0.7718,308,1.3625,0.4423,0.5734,0.0512,0.336,0.5854,0.8,2.3806,0.76,4,0.64,1.9045,0.5049,16,0.56,1.6664,0.392,28,0.56,28,0.42,42,
cross_database_transfer,chembl_to_bindingdb_matched_targets,rich_scalars_only,2,chembl_raw,bindingdb_raw,P21917,D(4) dopamine receptor,456,0.3421,0.5766,0.7812,207,1.1996,0.4113,0.5204,0.118,0.3421,0.5131,1.0,2.9231,1.0,5,0.5652,1.6522,0.4846,13,0.413,1.2074,0.3007,19,0.42,21,0.4,40,
cross_database_transfer,chembl_to_bindingdb_matched_targets,rich_scalars_only,2,chembl_raw,bindingdb_raw,P08908,5-hydroxytryptamine receptor 1A,664,0.4051,0.7068,0.7792,289,1.2139,0.4437,0.5617,0.1117,0.4051,0.4126,0.2857,0.7053,0.2381,2,0.4118,1.0164,0.19,14,0.403,0.9947,0.1747,27,0.42,21,0.44,44,
cross_database_transfer,chembl_to_bindingdb_matched_targets,rich_scalars_only,2,chembl_raw,bindingdb_raw,Q99720,Sigma non-opioid intracellular receptor 1,823,0.2503,0.487,0.7922,351,1.2078,0.3393,0.6337,0.1924,0.2503,0.3447,0.2222,0.8878,0.0926,2,0.3571,1.4268,0.1333,15,0.3133,1.2515,0.1096,26,0.34,17,0.33,33,
cross_database_transfer,chembl_to_bindingdb_matched_targets,rich_scalars_only,2,chembl_raw,bindingdb_raw,Q9HAZ1,Dual specificity protein kinase CLK4,919,0.2884,0.5863,0.7733,283,1.1251,0.3235,0.5268,0.0648,0.2884,0.3749,0.3,1.0404,0.0911,3,0.3478,1.2062,0.1302,16,0.4022,1.3947,0.1536,37,0.4,20,0.39,39,
cross_database_transfer,chembl_to_bindingdb_matched_targets,rich_scalars_only,2,chembl_raw,bindingdb_raw,P31645,Sodium-dependent serotonin transporter,402,0.2662,0.4929,0.7808,229,1.2363,0.3883,0.5965,0.1706,0.2662,0.4971,0.8,3.0056,0.6433,4,0.5714,2.1469,0.3696,12,0.4634,1.7411,0.269,19,0.46,23,0.4,40,
cross_database_transfer,chembl_to_bindingdb_matched_targets,extratrees_scalars,2,chembl_raw,bindingdb_raw,P11309,Serine/threonine-protein kinase pim-1,1595,0.3361,0.5684,0.7625,456,1.3843,0.3871,0.5494,0.045,0.3361,0.4529,0.625,1.8598,0.4188,10,0.4875,1.4507,0.2853,39,0.425,1.2647,0.2225,68,0.54,27,0.46,46,
cross_database_transfer,chembl_to_bindingdb_matched_targets,extratrees_scalars,2,chembl_raw,bindingdb_raw,P35367,Histamine H1 receptor,1008,0.2808,0.5486,0.7844,373,1.2867,0.4305,0.6285,0.1703,0.2808,0.5887,0.5455,1.9428,0.352,6,0.7255,2.5841,0.521,37,0.5347,1.9043,0.3746,54,0.72,36,0.54,54,
cross_database_transfer,chembl_to_bindingdb_matched_targets,extratrees_scalars,2,chembl_raw,bindingdb_raw,P00519,Tyrosine-protein kinase ABL1,1361,0.4533,0.7713,0.7612,420,1.5129,0.5579,0.6266,0.1335,0.4533,0.6302,0.7143,1.5756,0.4552,10,0.6522,1.4386,0.4376,45,0.635,1.4008,0.4185,87,0.64,32,0.64,64,
cross_database_transfer,chembl_to_bindingdb_matched_targets,extratrees_scalars,2,chembl_raw,bindingdb_raw,O43614,Orexin receptor type 2,835,0.382,0.6712,0.7624,403,1.7078,0.5535,0.6296,0.1903,0.382,0.7317,1.0,2.6176,1.0,9,0.7857,2.0567,0.7471,33,0.6786,1.7762,0.5824,57,0.76,38,0.65,65,
cross_database_transfer,chembl_to_bindingdb_matched_targets,extratrees_scalars,2,chembl_raw,bindingdb_raw,P35372,Mu-type opioid receptor,881,0.3269,0.476,0.7833,338,1.2633,0.414,0.584,0.1159,0.3269,0.4663,0.8889,2.7191,0.8889,8,0.4444,1.3596,0.3609,20,0.3708,1.1342,0.2406,33,0.44,22,0.4,40,
cross_database_transfer,chembl_to_bindingdb_matched_targets,extratrees_scalars,2,chembl_raw,bindingdb_raw,O60674,Tyrosine-protein kinase JAK2,2270,0.178,0.3334,0.773,902,1.4004,0.3187,0.6577,0.1897,0.178,0.4271,0.6522,3.6644,0.5729,15,0.4386,2.4644,0.272,50,0.3965,2.2277,0.2133,90,0.52,26,0.47,47,
cross_database_transfer,chembl_to_bindingdb_matched_targets,extratrees_scalars,2,chembl_raw,bindingdb_raw,P49841,Glycogen synthase kinase-3 beta,1515,0.1842,0.384,0.7664,422,1.7452,0.1748,0.4252,-0.0357,0.1842,0.1931,0.25,1.3575,0.1573,4,0.2105,1.1432,0.0658,16,0.1842,1.0003,0.0477,28,0.22,11,0.18,18,
cross_database_transfer,chembl_to_bindingdb_matched_targets,extratrees_scalars,2,chembl_raw,bindingdb_raw,P00742,Coagulation factor X,643,0.5008,0.9152,0.7789,364,1.367,0.5675,0.5612,0.0993,0.5008,0.6359,0.8571,1.7116,0.7486,6,0.7576,1.5128,0.5616,25,0.5692,1.1367,0.3967,37,0.6,30,0.62,62,
cross_database_transfer,chembl_to_bindingdb_matched_targets,extratrees_scalars,2,chembl_raw,bindingdb_raw,P04150,Glucocorticoid receptor,1510,0.2536,0.4826,0.7646,608,1.2841,0.5756,0.743,0.3606,0.2536,0.7645,1.0,3.9426,1.0,16,0.8421,3.32,0.8037,64,0.7483,2.9504,0.6548,113,0.94,47,0.78,78,
cross_database_transfer,chembl_to_bindingdb_matched_targets,extratrees_scalars,2,chembl_raw,bindingdb_raw,P23458,Tyrosine-protein kinase JAK1,934,0.1842,0.3266,0.7583,589,1.6478,0.3246,0.7075,0.1424,0.1842,0.3733,0.7,3.8012,0.5658,7,0.3617,1.9641,0.2068,17,0.3511,1.9064,0.1654,33,0.38,19,0.34,34,
cross_database_transfer,chembl_to_bindingdb_matched_targets,extratrees_scalars,2,chembl_raw,bindingdb_raw,P35462,D(3) dopamine receptor,400,0.3675,0.6675,0.7691,186,1.4675,0.3957,0.5376,0.0555,0.3675,0.3748,0.0,0.0,0.0,0,0.3,0.8163,0.0739,6,0.45,1.2245,0.1701,18,0.46,23,0.41,41,
cross_database_transfer,chembl_to_bindingdb_matched_targets,extratrees_scalars,2,chembl_raw,bindingdb_raw,P10275,Androgen receptor,739,0.2923,0.5441,0.775,244,1.4709,0.5776,0.748,0.262,0.2923,0.752,1.0,3.4213,1.0,8,0.8649,2.959,0.803,32,0.7162,2.4504,0.6239,53,0.8,40,0.65,65,
cross_database_transfer,chembl_to_bindingdb_matched_targets,extratrees_scalars,2,chembl_raw,bindingdb_raw,Q9Y5N1,Histamine H3 receptor,1315,0.4106,0.7382,0.776,585,1.1757,0.5624,0.6451,0.2023,0.4106,0.6893,0.7143,1.7394,0.5839,10,0.7576,1.8448,0.5645,50,0.6894,1.6788,0.5009,91,0.74,37,0.69,69,
cross_database_transfer,chembl_to_bindingdb_matched_targets,extratrees_scalars,2,chembl_raw,bindingdb_raw,P42336,"Phosphatidylinositol 4,5-bisphosphate 3-kinase catalytic subunit alpha isoform",1146,0.322,0.561,0.7642,402,1.212,0.4301,0.6065,0.1164,0.322,0.5241,0.8333,2.5881,0.7858,10,0.569,1.767,0.4318,33,0.4696,1.4583,0.3073,54,0.58,29,0.47,47,
cross_database_transfer,chembl_to_bindingdb_matched_targets,extratrees_scalars,2,chembl_raw,bindingdb_raw,Q01959,Sodium-dependent dopamine transporter,528,0.2235,0.4015,0.7769,188,1.2008,0.4348,0.6594,0.2442,0.2235,0.6018,0.8333,3.7288,0.7306,5,0.7037,3.1488,0.5878,19,0.5472,2.4484,0.4077,29,0.54,27,0.43,43,
cross_database_transfer,chembl_to_bindingdb_matched_targets,extratrees_scalars,2,chembl_raw,bindingdb_raw,P41143,Delta-type opioid receptor,1057,0.3065,0.58,0.7858,457,1.4163,0.4998,0.619,0.1566,0.3065,0.7183,1.0,3.2623,1.0,11,0.8113,2.6468,0.7521,43,0.7075,2.3083,0.5999,75,0.86,43,0.72,72,
cross_database_transfer,chembl_to_bindingdb_matched_targets,extratrees_scalars,2,chembl_raw,bindingdb_raw,P41145,Kappa-type opioid receptor,992,0.5514,1.0688,0.7753,354,1.7782,0.7399,0.699,0.2687,0.5514,0.8422,1.0,1.8135,1.0,10,0.88,1.5959,0.8164,44,0.81,1.469,0.7168,81,0.88,44,0.81,81,
cross_database_transfer,chembl_to_bindingdb_matched_targets,extratrees_scalars,2,chembl_raw,bindingdb_raw,P00734,Prothrombin,491,0.336,0.655,0.7718,308,1.3625,0.4687,0.5976,0.1451,0.336,0.6201,1.0,2.9758,1.0,5,0.64,1.9045,0.5738,16,0.58,1.7259,0.4488,29,0.58,29,0.45,45,
cross_database_transfer,chembl_to_bindingdb_matched_targets,extratrees_scalars,2,chembl_raw,bindingdb_raw,P21917,D(4) dopamine receptor,456,0.3421,0.5766,0.7812,207,1.1996,0.4588,0.5835,0.1411,0.3421,0.5693,0.8,2.3385,0.8,4,0.6087,1.7793,0.4795,14,0.5217,1.5251,0.3586,24,0.52,26,0.48,48,
cross_database_transfer,chembl_to_bindingdb_matched_targets,extratrees_scalars,2,chembl_raw,bindingdb_raw,P08908,5-hydroxytryptamine receptor 1A,664,0.4051,0.7068,0.7792,289,1.2139,0.487,0.592,0.0888,0.4051,0.5394,0.4286,1.0579,0.3929,3,0.5294,1.3068,0.3163,18,0.5821,1.4368,0.3367,39,0.58,29,0.55,55,
cross_database_transfer,chembl_to_bindingdb_matched_targets,extratrees_scalars,2,chembl_raw,bindingdb_raw,Q99720,Sigma non-opioid intracellular receptor 1,823,0.2503,0.487,0.7922,351,1.2078,0.4547,0.6687,0.2706,0.2503,0.5802,1.0,3.9951,1.0,9,0.619,2.4732,0.5317,26,0.494,1.9735,0.3637,41,0.56,28,0.51,51,
cross_database_transfer,chembl_to_bindingdb_matched_targets,extratrees_scalars,2,chembl_raw,bindingdb_raw,Q9HAZ1,Dual specificity protein kinase CLK4,919,0.2884,0.5863,0.7733,283,1.1251,0.3376,0.5297,0.0424,0.2884,0.38,0.8,2.7743,0.7165,8,0.3696,1.2816,0.2747,17,0.3043,1.0555,0.1762,28,0.36,18,0.3,30,
cross_database_transfer,chembl_to_bindingdb_matched_targets,extratrees_scalars,2,chembl_raw,bindingdb_raw,P31645,Sodium-dependent serotonin transporter,402,0.2662,0.4929,0.7808,229,1.2363,0.3951,0.6049,0.2103,0.2662,0.5179,0.4,1.5028,0.4,2,0.5714,2.1469,0.3733,12,0.4878,1.8327,0.2986,20,0.46,23,0.37,37,
cross_database_transfer,chembl_to_bindingdb_exact_ligand_purged,ecfp_absdiff_xgb,0,chembl_raw,bindingdb_raw,P11309,Serine/threonine-protein kinase pim-1,1595,0.3361,0.5684,0.7625,456,1.3843,0.3336,0.4926,-0.0295,0.3361,0.3101,0.4375,1.3019,0.1413,7,0.275,0.8183,0.095,22,0.2938,0.8741,0.0939,47,0.36,18,0.28,28,
cross_database_transfer,chembl_to_bindingdb_exact_ligand_purged,ecfp_absdiff_xgb,0,chembl_raw,bindingdb_raw,P35367,Histamine H1 receptor,1008,0.2808,0.5486,0.7844,373,1.2867,0.3114,0.5193,0.0307,0.2808,0.3428,0.4545,1.619,0.3983,5,0.3333,1.1873,0.181,17,0.3069,1.0932,0.1412,31,0.32,16,0.31,31,
cross_database_transfer,chembl_to_bindingdb_exact_ligand_purged,ecfp_absdiff_xgb,0,chembl_raw,bindingdb_raw,P00519,Tyrosine-protein kinase ABL1,1361,0.4533,0.7713,0.7612,420,1.5129,0.471,0.5208,0.0446,0.4533,0.5214,0.6429,1.418,0.3765,9,0.5217,1.1509,0.3106,36,0.4818,1.0627,0.2668,66,0.64,32,0.51,51,
cross_database_transfer,chembl_to_bindingdb_exact_ligand_purged,ecfp_absdiff_xgb,0,chembl_raw,bindingdb_raw,O43614,Orexin receptor type 2,835,0.382,0.6712,0.7624,403,1.7078,0.4108,0.5365,0.0411,0.382,0.4488,0.3333,0.8725,0.1799,3,0.4524,1.1841,0.2185,19,0.4524,1.1841,0.2138,38,0.44,22,0.47,47,
cross_database_transfer,chembl_to_bindingdb_exact_ligand_purged,ecfp_absdiff_xgb,0,chembl_raw,bindingdb_raw,P35372,Mu-type opioid receptor,881,0.3269,0.476,0.7833,338,1.2633,0.3641,0.5353,0.0878,0.3269,0.4546,0.7778,2.3792,0.6065,7,0.4222,1.2916,0.2691,19,0.427,1.3061,0.2325,38,0.42,21,0.42,42,
cross_database_transfer,chembl_to_bindingdb_exact_ligand_purged,ecfp_absdiff_xgb,0,chembl_raw,bindingdb_raw,O60674,Tyrosine-protein kinase JAK2,2270,0.178,0.3334,0.773,902,1.4004,0.1962,0.5659,0.0438,0.178,0.1458,0.087,0.4886,0.0266,2,0.1228,0.69,0.0168,14,0.1718,0.9653,0.0252,39,0.06,3,0.12,12,
cross_database_transfer,chembl_to_bindingdb_exact_ligand_purged,ecfp_absdiff_xgb,0,chembl_raw,bindingdb_raw,P49841,Glycogen synthase kinase-3 beta,1515,0.1842,0.384,0.7664,422,1.7452,0.2105,0.5352,-0.0196,0.1842,0.3139,0.375,2.0363,0.1305,6,0.3289,1.7862,0.111,25,0.3026,1.6433,0.105,46,0.32,16,0.39,39,
cross_database_transfer,chembl_to_bindingdb_exact_ligand_purged,ecfp_absdiff_xgb,0,chembl_raw,bindingdb_raw,P00742,Coagulation factor X,643,0.5008,0.9152,0.7789,364,1.367,0.5344,0.5296,0.0172,0.5008,0.6227,0.8571,1.7116,0.8571,6,0.6364,1.2708,0.4946,21,0.5846,1.1674,0.4129,38,0.62,31,0.58,58,
cross_database_transfer,chembl_to_bindingdb_exact_ligand_purged,ecfp_absdiff_xgb,0,chembl_raw,bindingdb_raw,P04150,Glucocorticoid receptor,1510,0.2536,0.4826,0.7646,608,1.2841,0.2715,0.5297,0.0102,0.2536,0.319,0.375,1.4785,0.2153,6,0.2895,1.1413,0.1061,22,0.3576,1.4099,0.1277,54,0.32,16,0.34,34,
cross_database_transfer,chembl_to_bindingdb_exact_ligand_purged,ecfp_absdiff_xgb,0,chembl_raw,bindingdb_raw,P23458,Tyrosine-protein kinase JAK1,934,0.1842,0.3266,0.7583,589,1.6478,0.3038,0.6673,0.194,0.1842,0.3565,0.7,3.8012,0.67,7,0.3404,1.8486,0.2465,16,0.2872,1.5597,0.1558,27,0.34,17,0.28,28,
cross_database_transfer,chembl_to_bindingdb_exact_ligand_purged,ecfp_absdiff_xgb,0,chembl_raw,bindingdb_raw,P35462,D(3) dopamine receptor,400,0.3675,0.6675,0.7691,186,1.4675,0.393,0.5329,0.0822,0.3675,0.4388,0.5,1.3605,0.25,2,0.4,1.0884,0.1883,8,0.425,1.1565,0.2042,17,0.42,21,0.38,38,
cross_database_transfer,chembl_to_bindingdb_exact_ligand_purged,ecfp_absdiff_xgb,0,chembl_raw,bindingdb_raw,P10275,Androgen receptor,739,0.2923,0.5441,0.775,244,1.4709,0.3207,0.5272,0.0289,0.2923,0.3698,0.625,2.1383,0.401,5,0.4054,1.387,0.2123,15,0.3378,1.1558,0.1553,25,0.36,18,0.33,33,
cross_database_transfer,chembl_to_bindingdb_exact_ligand_purged,ecfp_absdiff_xgb,0,chembl_raw,bindingdb_raw,Q9Y5N1,Histamine H3 receptor,1315,0.4106,0.7382,0.776,585,1.1757,0.3877,0.4558,-0.0835,0.4106,0.3857,0.6429,1.5655,0.3162,9,0.3485,0.8486,0.1558,23,0.3485,0.8486,0.1404,46,0.38,19,0.33,33,
cross_database_transfer,chembl_to_bindingdb_exact_ligand_purged,ecfp_absdiff_xgb,0,chembl_raw,bindingdb_raw,P42336,"Phosphatidylinositol 4,5-bisphosphate 3-kinase catalytic subunit alpha isoform",1146,0.322,0.561,0.7642,402,1.212,0.329,0.4922,-0.0204,0.322,0.3648,0.5833,1.8117,0.3164,7,0.3621,1.1245,0.1776,21,0.3304,1.0262,0.1425,38,0.38,19,0.36,36,
cross_database_transfer,chembl_to_bindingdb_exact_ligand_purged,ecfp_absdiff_xgb,0,chembl_raw,bindingdb_raw,Q01959,Sodium-dependent dopamine transporter,528,0.2235,0.4015,0.7769,188,1.2008,0.2462,0.5418,0.0707,0.2235,0.3147,0.3333,1.4915,0.1222,2,0.2593,1.1601,0.0891,7,0.3774,1.6885,0.1281,20,0.38,19,0.3,30,
cross_database_transfer,chembl_to_bindingdb_exact_ligand_purged,ecfp_absdiff_xgb,0,chembl_raw,bindingdb_raw,P41143,Delta-type opioid receptor,1057,0.3065,0.58,0.7858,457,1.4163,0.4049,0.5745,0.0467,0.3065,0.6183,1.0,3.2623,1.0,11,0.6226,2.0313,0.561,33,0.5755,1.8774,0.4429,61,0.62,31,0.57,57,
cross_database_transfer,chembl_to_bindingdb_exact_ligand_purged,ecfp_absdiff_xgb,0,chembl_raw,bindingdb_raw,P41145,Kappa-type opioid receptor,992,0.5514,1.0688,0.7753,354,1.7782,0.5804,0.5243,0.0427,0.5514,0.667,0.8,1.4508,0.5142,8,0.72,1.3057,0.5672,36,0.6,1.0881,0.4388,60,0.72,36,0.6,60,
cross_database_transfer,chembl_to_bindingdb_exact_ligand_purged,ecfp_absdiff_xgb,0,chembl_raw,bindingdb_raw,P00734,Prothrombin,491,0.336,0.655,0.7718,308,1.3625,0.3146,0.435,-0.1342,0.336,0.3279,0.4,1.1903,0.13,2,0.32,0.9522,0.1288,8,0.34,1.0118,0.1259,17,0.34,17,0.32,32,
cross_database_transfer,chembl_to_bindingdb_exact_ligand_purged,ecfp_absdiff_xgb,0,chembl_raw,bindingdb_raw,P21917,D(4) dopamine receptor,456,0.3421,0.5766,0.7812,207,1.1996,0.432,0.5857,0.1499,0.3421,0.583,0.6,1.7538,0.55,3,0.5217,1.5251,0.3578,12,0.6522,1.9064,0.4174,30,0.64,32,0.52,52,
cross_database_transfer,chembl_to_bindingdb_exact_ligand_purged,ecfp_absdiff_xgb,0,chembl_raw,bindingdb_raw,P08908,5-hydroxytryptamine receptor 1A,664,0.4051,0.7068,0.7792,289,1.2139,0.4089,0.5046,0.01,0.4051,0.3537,0.1429,0.3526,0.0714,1,0.3235,0.7986,0.0945,11,0.3881,0.9579,0.1322,26,0.36,18,0.4,40,
cross_database_transfer,chembl_to_bindingdb_exact_ligand_purged,ecfp_absdiff_xgb,0,chembl_raw,bindingdb_raw,Q99720,Sigma non-opioid intracellular receptor 1,823,0.2503,0.487,0.7922,351,1.2078,0.2723,0.5142,-0.004,0.2503,0.3308,0.4444,1.7756,0.3074,4,0.3095,1.2366,0.1686,13,0.3253,1.2996,0.1376,27,0.3,15,0.3,30,
cross_database_transfer,chembl_to_bindingdb_exact_ligand_purged,ecfp_absdiff_xgb,0,chembl_raw,bindingdb_raw,Q9HAZ1,Dual specificity protein kinase CLK4,919,0.2884,0.5863,0.7733,283,1.1251,0.3878,0.5991,0.1332,0.2884,0.5473,0.5,1.734,0.2162,5,0.6739,2.3371,0.3782,31,0.5761,1.9978,0.3376,53,0.68,34,0.57,57,
cross_database_transfer,chembl_to_bindingdb_exact_ligand_purged,ecfp_absdiff_xgb,0,chembl_raw,bindingdb_raw,P31645,Sodium-dependent serotonin transporter,402,0.2662,0.4929,0.7808,229,1.2363,0.2884,0.5237,0.0371,0.2662,0.3092,0.4,1.5028,0.2333,2,0.381,1.4312,0.1687,8,0.2683,1.008,0.1133,11,0.24,12,0.24,24,
cross_database_transfer,chembl_to_bindingdb_exact_ligand_purged,rich_diff_scalars,0,chembl_raw,bindingdb_raw,P11309,Serine/threonine-protein kinase pim-1,1595,0.3361,0.5684,0.7625,456,1.3843,0.4,0.5798,0.111,0.3361,0.4383,0.3125,0.9299,0.1645,5,0.45,1.3391,0.2059,36,0.4312,1.2833,0.1961,69,0.44,22,0.47,47,
cross_database_transfer,chembl_to_bindingdb_exact_ligand_purged,rich_diff_scalars,0,chembl_raw,bindingdb_raw,P35367,Histamine H1 receptor,1008,0.2808,0.5486,0.7844,373,1.2867,0.3878,0.561,0.1427,0.2808,0.5565,0.5455,1.9428,0.4232,6,0.7059,2.5142,0.4905,36,0.5248,1.8691,0.3519,53,0.7,35,0.53,53,
cross_database_transfer,chembl_to_bindingdb_exact_ligand_purged,rich_diff_scalars,0,chembl_raw,bindingdb_raw,P00519,Tyrosine-protein kinase ABL1,1361,0.4533,0.7713,0.7612,420,1.5129,0.5186,0.601,0.1094,0.4533,0.4707,0.2857,0.6302,0.2857,4,0.3913,0.8632,0.1804,27,0.5109,1.1271,0.2382,70,0.38,19,0.49,49,
cross_database_transfer,chembl_to_bindingdb_exact_ligand_purged,rich_diff_scalars,0,chembl_raw,bindingdb_raw,O43614,Orexin receptor type 2,835,0.382,0.6712,0.7624,403,1.7078,0.4817,0.5835,0.1284,0.382,0.5873,0.7778,2.0359,0.7253,7,0.7143,1.8697,0.5766,30,0.4762,1.2465,0.3562,40,0.64,32,0.47,47,
cross_database_transfer,chembl_to_bindingdb_exact_ligand_purged,rich_diff_scalars,0,chembl_raw,bindingdb_raw,P35372,Mu-type opioid receptor,881,0.3269,0.476,0.7833,338,1.2633,0.3906,0.5852,0.1118,0.3269,0.4295,0.5556,1.6995,0.3382,5,0.4889,1.4955,0.2552,22,0.382,1.1686,0.1856,34,0.46,23,0.41,41,
cross_database_transfer,chembl_to_bindingdb_exact_ligand_purged,rich_diff_scalars,0,chembl_raw,bindingdb_raw,O60674,Tyrosine-protein kinase JAK2,2270,0.178,0.3334,0.773,902,1.4004,0.2932,0.6597,0.1257,0.178,0.3706,0.5652,3.1759,0.3958,13,0.3947,2.218,0.2285,45,0.3172,1.7822,0.1526,72,0.5,25,0.45,45,
cross_database_transfer,chembl_to_bindingdb_exact_ligand_purged,rich_diff_scalars,0,chembl_raw,bindingdb_raw,P49841,Glycogen synthase kinase-3 beta,1515,0.1842,0.384,0.7664,422,1.7452,0.1544,0.4071,-0.1343,0.1842,0.1411,0.0625,0.3394,0.0125,1,0.1316,0.7145,0.0159,10,0.1579,0.8574,0.0224,24,0.1,5,0.16,16,
cross_database_transfer,chembl_to_bindingdb_exact_ligand_purged,rich_diff_scalars,0,chembl_raw,bindingdb_raw,P00742,Coagulation factor X,643,0.5008,0.9152,0.7789,364,1.367,0.541,0.5241,0.0874,0.5008,0.5974,0.7143,1.4264,0.5071,5,0.5758,1.1497,0.3671,19,0.6154,1.2289,0.384,40,0.62,31,0.58,58,
cross_database_transfer,chembl_to_bindingdb_exact_ligand_purged,rich_diff_scalars,0,chembl_raw,bindingdb_raw,P04150,Glucocorticoid receptor,1510,0.2536,0.4826,0.7646,608,1.2841,0.3233,0.6342,0.1769,0.2536,0.2393,0.125,0.4928,0.0148,2,0.1711,0.6744,0.0225,13,0.2781,1.0966,0.0543,42,0.1,5,0.19,19,
cross_database_transfer,chembl_to_bindingdb_exact_ligand_purged,rich_diff_scalars,0,chembl_raw,bindingdb_raw,P23458,Tyrosine-protein kinase JAK1,934,0.1842,0.3266,0.7583,589,1.6478,0.3265,0.7183,0.1826,0.1842,0.3869,0.4,2.1721,0.1833,4,0.3617,1.9641,0.1513,17,0.3936,2.1374,0.1609,37,0.38,19,0.39,39,
cross_database_transfer,chembl_to_bindingdb_exact_ligand_purged,rich_diff_scalars,0,chembl_raw,bindingdb_raw,P35462,D(3) dopamine receptor,400,0.3675,0.6675,0.7691,186,1.4675,0.4003,0.5235,0.0169,0.3675,0.3987,0.75,2.0408,0.6875,3,0.35,0.9524,0.2742,7,0.325,0.8844,0.1921,13,0.32,16,0.35,35,
cross_database_transfer,chembl_to_bindingdb_exact_ligand_purged,rich_diff_scalars,0,chembl_raw,bindingdb_raw,P10275,Androgen receptor,739,0.2923,0.5441,0.775,244,1.4709,0.384,0.6382,0.1829,0.2923,0.3996,0.25,0.8553,0.0565,2,0.4054,1.387,0.1349,15,0.4595,1.5719,0.1791,34,0.44,22,0.45,45,
cross_database_transfer,chembl_to_bindingdb_exact_ligand_purged,rich_diff_scalars,0,chembl_raw,bindingdb_raw,Q9Y5N1,Histamine H3 receptor,1315,0.4106,0.7382,0.776,585,1.1757,0.4867,0.572,0.0921,0.4106,0.5848,0.6429,1.5655,0.5634,9,0.6061,1.4759,0.4438,40,0.5606,1.3652,0.3762,74,0.66,33,0.6,60,
cross_database_transfer,chembl_to_bindingdb_exact_ligand_purged,rich_diff_scalars,0,chembl_raw,bindingdb_raw,P42336,"Phosphatidylinositol 4,5-bisphosphate 3-kinase catalytic subunit alpha isoform",1146,0.322,0.561,0.7642,402,1.212,0.3517,0.523,0.0112,0.322,0.3922,0.4167,1.294,0.2901,5,0.4138,1.2851,0.1974,24,0.3913,1.2153,0.1762,45,0.46,23,0.4,40,
cross_database_transfer,chembl_to_bindingdb_exact_ligand_purged,rich_diff_scalars,0,chembl_raw,bindingdb_raw,Q01959,Sodium-dependent dopamine transporter,528,0.2235,0.4015,0.7769,188,1.2008,0.2569,0.5594,0.0738,0.2235,0.2678,0.1667,0.7458,0.0278,1,0.2593,1.1601,0.064,7,0.2642,1.182,0.0716,14,0.26,13,0.3,30,
cross_database_transfer,chembl_to_bindingdb_exact_ligand_purged,rich_diff_scalars,0,chembl_raw,bindingdb_raw,P41143,Delta-type opioid receptor,1057,0.3065,0.58,0.7858,457,1.4163,0.3948,0.5286,0.0325,0.3065,0.5317,1.0,3.2623,1.0,11,0.5094,1.6619,0.4094,27,0.5189,1.6927,0.3459,55,0.54,27,0.52,52,
cross_database_transfer,chembl_to_bindingdb_exact_ligand_purged,rich_diff_scalars,0,chembl_raw,bindingdb_raw,P41145,Kappa-type opioid receptor,992,0.5514,1.0688,0.7753,354,1.7782,0.7529,0.708,0.2606,0.5514,0.8777,0.8,1.4508,0.6378,8,0.94,1.7047,0.8278,47,0.87,1.5778,0.7702,87,0.94,47,0.87,87,
cross_database_transfer,chembl_to_bindingdb_exact_ligand_purged,rich_diff_scalars,0,chembl_raw,bindingdb_raw,P00734,Prothrombin,491,0.336,0.655,0.7718,308,1.3625,0.3988,0.5292,0.0585,0.336,0.5061,0.4,1.1903,0.4,2,0.52,1.5474,0.3194,13,0.54,1.6069,0.3078,27,0.54,27,0.42,42,
cross_database_transfer,chembl_to_bindingdb_exact_ligand_purged,rich_diff_scalars,0,chembl_raw,bindingdb_raw,P21917,D(4) dopamine receptor,456,0.3421,0.5766,0.7812,207,1.1996,0.3998,0.5507,0.0816,0.3421,0.4257,0.8,2.3385,0.76,4,0.4348,1.2709,0.3107,10,0.3913,1.1438,0.2203,18,0.38,19,0.4,40,
cross_database_transfer,chembl_to_bindingdb_exact_ligand_purged,rich_diff_scalars,0,chembl_raw,bindingdb_raw,P08908,5-hydroxytryptamine receptor 1A,664,0.4051,0.7068,0.7792,289,1.2139,0.461,0.5739,0.1032,0.4051,0.4795,0.5714,1.4105,0.3912,4,0.4706,1.1616,0.2637,16,0.4627,1.1421,0.2402,31,0.46,23,0.47,47,
cross_database_transfer,chembl_to_bindingdb_exact_ligand_purged,rich_diff_scalars,0,chembl_raw,bindingdb_raw,Q99720,Sigma non-opioid intracellular receptor 1,823,0.2503,0.487,0.7922,351,1.2078,0.3499,0.6848,0.2464,0.2503,0.299,0.2222,0.8878,0.0432,2,0.2143,0.8561,0.0658,9,0.3012,1.2034,0.0841,25,0.2,10,0.35,35,
cross_database_transfer,chembl_to_bindingdb_exact_ligand_purged,rich_diff_scalars,0,chembl_raw,bindingdb_raw,Q9HAZ1,Dual specificity protein kinase CLK4,919,0.2884,0.5863,0.7733,283,1.1251,0.35,0.5291,0.005,0.2884,0.4395,0.8,2.7743,0.6818,8,0.4783,1.6586,0.3288,22,0.3913,1.357,0.2269,36,0.46,23,0.38,38,
cross_database_transfer,chembl_to_bindingdb_exact_ligand_purged,rich_diff_scalars,0,chembl_raw,bindingdb_raw,P31645,Sodium-dependent serotonin transporter,402,0.2662,0.4929,0.7808,229,1.2363,0.3806,0.5951,0.1051,0.2662,0.5099,0.4,1.5028,0.3,2,0.5714,2.1469,0.3479,12,0.5366,2.016,0.307,22,0.52,26,0.35,35,
cross_database_transfer,chembl_to_bindingdb_exact_ligand_purged,rich_scalars_only,0,chembl_raw,bindingdb_raw,P11309,Serine/threonine-protein kinase pim-1,1595,0.3361,0.5684,0.7625,456,1.3843,0.3969,0.5737,0.1077,0.3361,0.4309,0.5,1.4879,0.2624,8,0.4,1.1903,0.196,32,0.4062,1.2089,0.184,65,0.44,22,0.42,42,
cross_database_transfer,chembl_to_bindingdb_exact_ligand_purged,rich_scalars_only,0,chembl_raw,bindingdb_raw,P35367,Histamine H1 receptor,1008,0.2808,0.5486,0.7844,373,1.2867,0.3668,0.6127,0.1294,0.2808,0.4372,0.5455,1.9428,0.2411,6,0.451,1.6063,0.2342,23,0.4059,1.4459,0.1959,41,0.46,23,0.4,40,
cross_database_transfer,chembl_to_bindingdb_exact_ligand_purged,rich_scalars_only,0,chembl_raw,bindingdb_raw,P00519,Tyrosine-protein kinase ABL1,1361,0.4533,0.7713,0.7612,420,1.5129,0.5097,0.5843,0.1486,0.4533,0.4629,0.3571,0.7878,0.2337,5,0.4203,0.9271,0.1739,29,0.5182,1.1432,0.2348,71,0.34,17,0.45,45,
cross_database_transfer,chembl_to_bindingdb_exact_ligand_purged,rich_scalars_only,0,chembl_raw,bindingdb_raw,O43614,Orexin receptor type 2,835,0.382,0.6712,0.7624,403,1.7078,0.4838,0.5803,0.1337,0.382,0.6039,0.7778,2.0359,0.7778,7,0.6905,1.8074,0.5718,29,0.5595,1.4646,0.4143,47,0.66,33,0.52,52,
cross_database_transfer,chembl_to_bindingdb_exact_ligand_purged,rich_scalars_only,0,chembl_raw,bindingdb_raw,P35372,Mu-type opioid receptor,881,0.3269,0.476,0.7833,338,1.2633,0.4004,0.5923,0.1376,0.3269,0.4385,0.5556,1.6995,0.45,5,0.4,1.2236,0.2606,18,0.382,1.1686,0.2057,34,0.42,21,0.43,43,
cross_database_transfer,chembl_to_bindingdb_exact_ligand_purged,rich_scalars_only,0,chembl_raw,bindingdb_raw,O60674,Tyrosine-protein kinase JAK2,2270,0.178,0.3334,0.773,902,1.4004,0.2886,0.6513,0.1148,0.178,0.3622,0.7391,4.153,0.5763,17,0.386,2.1687,0.218,44,0.3348,1.8812,0.1603,76,0.44,22,0.38,38,
cross_database_transfer,chembl_to_bindingdb_exact_ligand_purged,rich_scalars_only,0,chembl_raw,bindingdb_raw,P49841,Glycogen synthase kinase-3 beta,1515,0.1842,0.384,0.7664,422,1.7452,0.1492,0.3757,-0.207,0.1842,0.1491,0.1875,1.0181,0.0334,3,0.1184,0.643,0.0191,9,0.1776,0.9646,0.0283,27,0.14,7,0.14,14,
cross_database_transfer,chembl_to_bindingdb_exact_ligand_purged,rich_scalars_only,0,chembl_raw,bindingdb_raw,P00742,Coagulation factor X,643,0.5008,0.9152,0.7789,364,1.367,0.5324,0.5245,0.0825,0.5008,0.5721,0.4286,0.8558,0.2612,3,0.6061,1.2102,0.3483,20,0.6154,1.2289,0.3623,40,0.62,31,0.56,56,
cross_database_transfer,chembl_to_bindingdb_exact_ligand_purged,rich_scalars_only,0,chembl_raw,bindingdb_raw,P04150,Glucocorticoid receptor,1510,0.2536,0.4826,0.7646,608,1.2841,0.3285,0.6358,0.2009,0.2536,0.2768,0.25,0.9856,0.0997,4,0.1974,0.7781,0.0541,15,0.2848,1.1227,0.073,43,0.2,10,0.22,22,
cross_database_transfer,chembl_to_bindingdb_exact_ligand_purged,rich_scalars_only,0,chembl_raw,bindingdb_raw,P23458,Tyrosine-protein kinase JAK1,934,0.1842,0.3266,0.7583,589,1.6478,0.3348,0.7032,0.1606,0.1842,0.3985,0.6,3.2581,0.5583,6,0.4468,2.4263,0.2666,21,0.3617,1.9641,0.1878,34,0.42,21,0.35,35,
cross_database_transfer,chembl_to_bindingdb_exact_ligand_purged,rich_scalars_only,0,chembl_raw,bindingdb_raw,P35462,D(3) dopamine receptor,400,0.3675,0.6675,0.7691,186,1.4675,0.435,0.5614,0.0417,0.3675,0.4883,0.75,2.0408,0.6875,3,0.55,1.4966,0.3613,11,0.5,1.3605,0.2948,20,0.44,22,0.43,43,
cross_database_transfer,chembl_to_bindingdb_exact_ligand_purged,rich_scalars_only,0,chembl_raw,bindingdb_raw,P10275,Androgen receptor,739,0.2923,0.5441,0.775,244,1.4709,0.3747,0.6352,0.1709,0.2923,0.379,0.125,0.4277,0.025,1,0.3784,1.2945,0.1171,14,0.3784,1.2945,0.1395,28,0.44,22,0.41,41,
cross_database_transfer,chembl_to_bindingdb_exact_ligand_purged,rich_scalars_only,0,chembl_raw,bindingdb_raw,Q9Y5N1,Histamine H3 receptor,1315,0.4106,0.7382,0.776,585,1.1757,0.5123,0.6129,0.2037,0.4106,0.5879,0.7857,1.9134,0.709,11,0.6212,1.5128,0.4549,41,0.5682,1.3836,0.3839,75,0.6,30,0.6,60,
cross_database_transfer,chembl_to_bindingdb_exact_ligand_purged,rich_scalars_only,0,chembl_raw,bindingdb_raw,P42336,"Phosphatidylinositol 4,5-bisphosphate 3-kinase catalytic subunit alpha isoform",1146,0.322,0.561,0.7642,402,1.212,0.3499,0.5229,0.0178,0.322,0.3728,0.4167,1.294,0.2879,5,0.3793,1.178,0.1799,22,0.3652,1.1343,0.1509,42,0.4,20,0.34,34,
cross_database_transfer,chembl_to_bindingdb_exact_ligand_purged,rich_scalars_only,0,chembl_raw,bindingdb_raw,Q01959,Sodium-dependent dopamine transporter,528,0.2235,0.4015,0.7769,188,1.2008,0.2631,0.5641,0.0474,0.2235,0.2818,0.3333,1.4915,0.0889,2,0.2593,1.1601,0.0712,7,0.3019,1.3508,0.0883,16,0.3,15,0.31,31,
cross_database_transfer,chembl_to_bindingdb_exact_ligand_purged,rich_scalars_only,0,chembl_raw,bindingdb_raw,P41143,Delta-type opioid receptor,1057,0.3065,0.58,0.7858,457,1.4163,0.4351,0.5856,0.0895,0.3065,0.6073,0.9091,2.9658,0.9091,10,0.717,2.339,0.6092,38,0.5566,1.8158,0.4258,59,0.72,36,0.55,55,
cross_database_transfer,chembl_to_bindingdb_exact_ligand_purged,rich_scalars_only,0,chembl_raw,bindingdb_raw,P41145,Kappa-type opioid receptor,992,0.5514,1.0688,0.7753,354,1.7782,0.759,0.7106,0.2556,0.5514,0.8813,0.8,1.4508,0.7889,8,0.88,1.5959,0.8027,44,0.88,1.5959,0.7954,88,0.88,44,0.88,88,
cross_database_transfer,chembl_to_bindingdb_exact_ligand_purged,rich_scalars_only,0,chembl_raw,bindingdb_raw,P00734,Prothrombin,491,0.336,0.655,0.7718,308,1.3625,0.4223,0.5668,0.0767,0.336,0.5279,0.6,1.7855,0.55,3,0.56,1.6664,0.349,14,0.54,1.6069,0.3207,27,0.54,27,0.46,46,
cross_database_transfer,chembl_to_bindingdb_exact_ligand_purged,rich_scalars_only,0,chembl_raw,bindingdb_raw,P21917,D(4) dopamine receptor,456,0.3421,0.5766,0.7812,207,1.1996,0.4024,0.5296,0.022,0.3421,0.5018,0.6,1.7538,0.4833,3,0.5652,1.6522,0.3559,13,0.4783,1.398,0.2777,22,0.48,24,0.42,42,
cross_database_transfer,chembl_to_bindingdb_exact_ligand_purged,rich_scalars_only,0,chembl_raw,bindingdb_raw,P08908,5-hydroxytryptamine receptor 1A,664,0.4051,0.7068,0.7792,289,1.2139,0.4935,0.6032,0.107,0.4051,0.5571,0.4286,1.0579,0.2381,3,0.5882,1.452,0.3153,20,0.5522,1.3631,0.3131,37,0.62,31,0.56,56,
cross_database_transfer,chembl_to_bindingdb_exact_ligand_purged,rich_scalars_only,0,chembl_raw,bindingdb_raw,Q99720,Sigma non-opioid intracellular receptor 1,823,0.2503,0.487,0.7922,351,1.2078,0.3373,0.6665,0.2352,0.2503,0.2821,0.0,0.0,0.0,0,0.2857,1.1415,0.0638,12,0.3012,1.2034,0.0785,25,0.28,14,0.31,31,
cross_database_transfer,chembl_to_bindingdb_exact_ligand_purged,rich_scalars_only,0,chembl_raw,bindingdb_raw,Q9HAZ1,Dual specificity protein kinase CLK4,919,0.2884,0.5863,0.7733,283,1.1251,0.3684,0.5395,0.0793,0.2884,0.4791,0.8,2.7743,0.7889,8,0.5652,1.9601,0.4258,26,0.3804,1.3193,0.2581,35,0.52,26,0.41,41,
cross_database_transfer,chembl_to_bindingdb_exact_ligand_purged,rich_scalars_only,0,chembl_raw,bindingdb_raw,P31645,Sodium-dependent serotonin transporter,402,0.2662,0.4929,0.7808,229,1.2363,0.3736,0.5865,0.0881,0.2662,0.4997,0.4,1.5028,0.3,2,0.5238,1.968,0.3065,11,0.5122,1.9243,0.291,21,0.48,24,0.38,38,
cross_database_transfer,chembl_to_bindingdb_exact_ligand_purged,extratrees_scalars,0,chembl_raw,bindingdb_raw,P11309,Serine/threonine-protein kinase pim-1,1595,0.3361,0.5684,0.7625,456,1.3843,0.3784,0.5638,0.0751,0.3361,0.3802,0.375,1.1159,0.1839,6,0.35,1.0415,0.1347,28,0.3875,1.1531,0.1472,62,0.34,17,0.35,35,
cross_database_transfer,chembl_to_bindingdb_exact_ligand_purged,extratrees_scalars,0,chembl_raw,bindingdb_raw,P35367,Histamine H1 receptor,1008,0.2808,0.5486,0.7844,373,1.2867,0.3836,0.5957,0.143,0.2808,0.5012,0.5455,1.9428,0.3551,6,0.5882,2.0952,0.3639,30,0.4653,1.6575,0.2723,47,0.6,30,0.46,46,
cross_database_transfer,chembl_to_bindingdb_exact_ligand_purged,extratrees_scalars,0,chembl_raw,bindingdb_raw,P00519,Tyrosine-protein kinase ABL1,1361,0.4533,0.7713,0.7612,420,1.5129,0.5001,0.5675,0.0662,0.4533,0.4957,0.4286,0.9454,0.2484,6,0.4493,0.991,0.2233,31,0.5182,1.1432,0.2562,71,0.44,22,0.5,50,
cross_database_transfer,chembl_to_bindingdb_exact_ligand_purged,extratrees_scalars,0,chembl_raw,bindingdb_raw,O43614,Orexin receptor type 2,835,0.382,0.6712,0.7624,403,1.7078,0.4998,0.5669,0.1121,0.382,0.6673,1.0,2.6176,1.0,9,0.6667,1.745,0.6065,28,0.619,1.6204,0.4947,52,0.7,35,0.59,59,
cross_database_transfer,chembl_to_bindingdb_exact_ligand_purged,extratrees_scalars,0,chembl_raw,bindingdb_raw,P35372,Mu-type opioid receptor,881,0.3269,0.476,0.7833,338,1.2633,0.3794,0.5646,0.0807,0.3269,0.4129,0.6667,2.0394,0.3868,6,0.4222,1.2916,0.2326,19,0.3483,1.0655,0.1705,31,0.4,20,0.35,35,
cross_database_transfer,chembl_to_bindingdb_exact_ligand_purged,extratrees_scalars,0,chembl_raw,bindingdb_raw,O60674,Tyrosine-protein kinase JAK2,2270,0.178,0.3334,0.773,902,1.4004,0.2701,0.6447,0.1174,0.178,0.328,0.5217,2.9316,0.2916,12,0.3421,1.9222,0.1484,39,0.2907,1.6337,0.1138,66,0.38,19,0.35,35,
cross_database_transfer,chembl_to_bindingdb_exact_ligand_purged,extratrees_scalars,0,chembl_raw,bindingdb_raw,P49841,Glycogen synthase kinase-3 beta,1515,0.1842,0.384,0.7664,422,1.7452,0.1508,0.3951,-0.0626,0.1842,0.1188,0.125,0.6788,0.0312,2,0.0921,0.5001,0.0121,7,0.1382,0.7502,0.0177,21,0.06,3,0.12,12,
cross_database_transfer,chembl_to_bindingdb_exact_ligand_purged,extratrees_scalars,0,chembl_raw,bindingdb_raw,P00742,Coagulation factor X,643,0.5008,0.9152,0.7789,364,1.367,0.5534,0.5423,0.0898,0.5008,0.6181,0.8571,1.7116,0.8129,6,0.6061,1.2102,0.4653,20,0.6154,1.2289,0.4213,40,0.58,29,0.61,61,
cross_database_transfer,chembl_to_bindingdb_exact_ligand_purged,extratrees_scalars,0,chembl_raw,bindingdb_raw,P04150,Glucocorticoid receptor,1510,0.2536,0.4826,0.7646,608,1.2841,0.3986,0.6531,0.1754,0.2536,0.4903,0.5625,2.2177,0.3922,9,0.5132,2.0232,0.2998,39,0.4636,1.8277,0.2501,70,0.56,28,0.48,48,
cross_database_transfer,chembl_to_bindingdb_exact_ligand_purged,extratrees_scalars,0,chembl_raw,bindingdb_raw,P23458,Tyrosine-protein kinase JAK1,934,0.1842,0.3266,0.7583,589,1.6478,0.3067,0.7025,0.1036,0.1842,0.3297,0.4,2.1721,0.3071,4,0.3191,1.7331,0.1368,15,0.3191,1.7331,0.1228,30,0.36,18,0.31,31,
cross_database_transfer,chembl_to_bindingdb_exact_ligand_purged,extratrees_scalars,0,chembl_raw,bindingdb_raw,P35462,D(3) dopamine receptor,400,0.3675,0.6675,0.7691,186,1.4675,0.4182,0.5308,0.0406,0.3675,0.4834,0.5,1.3605,0.2917,2,0.45,1.2245,0.2927,9,0.425,1.1565,0.2409,17,0.44,22,0.4,40,
cross_database_transfer,chembl_to_bindingdb_exact_ligand_purged,extratrees_scalars,0,chembl_raw,bindingdb_raw,P10275,Androgen receptor,739,0.2923,0.5441,0.775,244,1.4709,0.3972,0.6401,0.1273,0.2923,0.453,0.25,0.8553,0.1125,2,0.5135,1.7569,0.2418,19,0.4595,1.5719,0.2197,34,0.48,24,0.43,43,
cross_database_transfer,chembl_to_bindingdb_exact_ligand_purged,extratrees_scalars,0,chembl_raw,bindingdb_raw,Q9Y5N1,Histamine H3 receptor,1315,0.4106,0.7382,0.776,585,1.1757,0.4906,0.582,0.0889,0.4106,0.5817,0.6429,1.5655,0.3453,9,0.6364,1.5497,0.3768,42,0.5833,1.4205,0.351,77,0.64,32,0.61,61,
cross_database_transfer,chembl_to_bindingdb_exact_ligand_purged,extratrees_scalars,0,chembl_raw,bindingdb_raw,P42336,"Phosphatidylinositol 4,5-bisphosphate 3-kinase catalytic subunit alpha isoform",1146,0.322,0.561,0.7642,402,1.212,0.336,0.5239,0.0095,0.322,0.3392,0.1667,0.5176,0.0258,2,0.3621,1.1245,0.1051,21,0.3652,1.1343,0.124,42,0.36,18,0.39,39,
cross_database_transfer,chembl_to_bindingdb_exact_ligand_purged,extratrees_scalars,0,chembl_raw,bindingdb_raw,Q01959,Sodium-dependent dopamine transporter,528,0.2235,0.4015,0.7769,188,1.2008,0.2775,0.5697,0.0553,0.2235,0.3273,0.3333,1.4915,0.0889,2,0.3333,1.4915,0.1274,9,0.3208,1.4352,0.1154,17,0.34,17,0.26,26,
cross_database_transfer,chembl_to_bindingdb_exact_ligand_purged,extratrees_scalars,0,chembl_raw,bindingdb_raw,P41143,Delta-type opioid receptor,1057,0.3065,0.58,0.7858,457,1.4163,0.4468,0.5674,0.0599,0.3065,0.6588,1.0,3.2623,1.0,11,0.7925,2.5853,0.7325,42,0.6038,1.9697,0.5106,64,0.8,40,0.61,61,
cross_database_transfer,chembl_to_bindingdb_exact_ligand_purged,extratrees_scalars,0,chembl_raw,bindingdb_raw,P41145,Kappa-type opioid receptor,992,0.5514,1.0688,0.7753,354,1.7782,0.7183,0.6832,0.2699,0.5514,0.8104,0.7,1.2695,0.6268,7,0.86,1.5596,0.6996,43,0.81,1.469,0.6672,81,0.86,43,0.81,81,
cross_database_transfer,chembl_to_bindingdb_exact_ligand_purged,extratrees_scalars,0,chembl_raw,bindingdb_raw,P00734,Prothrombin,491,0.336,0.655,0.7718,308,1.3625,0.4122,0.5744,0.1032,0.336,0.4972,0.6,1.7855,0.52,3,0.48,1.4284,0.3294,12,0.5,1.4879,0.2973,25,0.5,25,0.4,40,
cross_database_transfer,chembl_to_bindingdb_exact_ligand_purged,extratrees_scalars,0,chembl_raw,bindingdb_raw,P21917,D(4) dopamine receptor,456,0.3421,0.5766,0.7812,207,1.1996,0.3892,0.5523,0.0825,0.3421,0.3956,0.0,0.0,0.0,0,0.3913,1.1438,0.1258,9,0.4783,1.398,0.1847,22,0.48,24,0.43,43,
cross_database_transfer,chembl_to_bindingdb_exact_ligand_purged,extratrees_scalars,0,chembl_raw,bindingdb_raw,P08908,5-hydroxytryptamine receptor 1A,664,0.4051,0.7068,0.7792,289,1.2139,0.4657,0.5783,0.1116,0.4051,0.4438,0.5714,1.4105,0.5429,4,0.3824,0.9438,0.2047,13,0.4627,1.1421,0.2222,31,0.44,22,0.52,52,
cross_database_transfer,chembl_to_bindingdb_exact_ligand_purged,extratrees_scalars,0,chembl_raw,bindingdb_raw,Q99720,Sigma non-opioid intracellular receptor 1,823,0.2503,0.487,0.7922,351,1.2078,0.3789,0.6518,0.1629,0.2503,0.4327,0.6667,2.6634,0.6667,6,0.4048,1.6171,0.2732,17,0.4096,1.6366,0.2224,34,0.4,20,0.41,41,
cross_database_transfer,chembl_to_bindingdb_exact_ligand_purged,extratrees_scalars,0,chembl_raw,bindingdb_raw,Q9HAZ1,Dual specificity protein kinase CLK4,919,0.2884,0.5863,0.7733,283,1.1251,0.3762,0.5554,0.1255,0.2884,0.5135,0.8,2.7743,0.6309,8,0.587,2.0355,0.4121,27,0.4891,1.6963,0.3085,45,0.58,29,0.47,47,
cross_database_transfer,chembl_to_bindingdb_exact_ligand_purged,extratrees_scalars,0,chembl_raw,bindingdb_raw,P31645,Sodium-dependent serotonin transporter,402,0.2662,0.4929,0.7808,229,1.2363,0.3611,0.5748,0.1438,0.2662,0.4869,0.6,2.2542,0.2867,3,0.619,2.3258,0.3598,13,0.4146,1.5578,0.2371,17,0.4,20,0.36,36,
cross_database_transfer,chembl_to_bindingdb_exact_ligand_purged,ecfp_absdiff_xgb,1,chembl_raw,bindingdb_raw,P11309,Serine/threonine-protein kinase pim-1,1595,0.3361,0.5684,0.7625,456,1.3843,0.353,0.5344,0.0841,0.3361,0.33,0.125,0.372,0.0141,2,0.3625,1.0787,0.1008,29,0.35,1.0415,0.1116,56,0.3,15,0.37,37,
cross_database_transfer,chembl_to_bindingdb_exact_ligand_purged,ecfp_absdiff_xgb,1,chembl_raw,bindingdb_raw,P35367,Histamine H1 receptor,1008,0.2808,0.5486,0.7844,373,1.2867,0.3061,0.5263,0.0506,0.2808,0.3063,0.5455,1.9428,0.4251,6,0.2941,1.0476,0.1534,15,0.2871,1.0227,0.1139,29,0.3,15,0.29,29,
cross_database_transfer,chembl_to_bindingdb_exact_ligand_purged,ecfp_absdiff_xgb,1,chembl_raw,bindingdb_raw,P00519,Tyrosine-protein kinase ABL1,1361,0.4533,0.7713,0.7612,420,1.5129,0.4839,0.5376,0.0569,0.4533,0.5604,0.6429,1.418,0.3321,9,0.5652,1.2468,0.3567,39,0.5182,1.1432,0.3087,71,0.64,32,0.54,54,
cross_database_transfer,chembl_to_bindingdb_exact_ligand_purged,ecfp_absdiff_xgb,1,chembl_raw,bindingdb_raw,O43614,Orexin receptor type 2,835,0.382,0.6712,0.7624,403,1.7078,0.4126,0.5382,0.039,0.382,0.4673,0.4444,1.1634,0.1413,4,0.5476,1.4334,0.2832,23,0.4524,1.1841,0.2246,38,0.48,24,0.44,44,
cross_database_transfer,chembl_to_bindingdb_exact_ligand_purged,ecfp_absdiff_xgb,1,chembl_raw,bindingdb_raw,P35372,Mu-type opioid receptor,881,0.3269,0.476,0.7833,338,1.2633,0.3737,0.5389,0.0808,0.3269,0.4999,0.7778,2.3792,0.5642,7,0.5111,1.5635,0.3234,23,0.4494,1.3748,0.2651,40,0.54,27,0.45,45,
cross_database_transfer,chembl_to_bindingdb_exact_ligand_purged,ecfp_absdiff_xgb,1,chembl_raw,bindingdb_raw,O60674,Tyrosine-protein kinase JAK2,2270,0.178,0.3334,0.773,902,1.4004,0.2,0.5689,0.0657,0.178,0.1702,0.1304,0.7329,0.0694,3,0.1754,0.9858,0.0351,20,0.1718,0.9653,0.032,39,0.08,4,0.18,18,
cross_database_transfer,chembl_to_bindingdb_exact_ligand_purged,ecfp_absdiff_xgb,1,chembl_raw,bindingdb_raw,P49841,Glycogen synthase kinase-3 beta,1515,0.1842,0.384,0.7664,422,1.7452,0.2161,0.5274,-0.0364,0.1842,0.3366,0.4375,2.3757,0.2113,7,0.3816,2.072,0.1619,29,0.2961,1.6076,0.1209,45,0.36,18,0.39,39,
cross_database_transfer,chembl_to_bindingdb_exact_ligand_purged,ecfp_absdiff_xgb,1,chembl_raw,bindingdb_raw,P00742,Coagulation factor X,643,0.5008,0.9152,0.7789,364,1.367,0.5264,0.5214,0.0236,0.5008,0.5712,0.8571,1.7116,0.6296,6,0.5455,1.0892,0.407,18,0.4923,0.9831,0.3236,32,0.54,27,0.54,54,
cross_database_transfer,chembl_to_bindingdb_exact_ligand_purged,ecfp_absdiff_xgb,1,chembl_raw,bindingdb_raw,P04150,Glucocorticoid receptor,1510,0.2536,0.4826,0.7646,608,1.2841,0.2984,0.5367,0.0119,0.2536,0.3962,0.6875,2.7105,0.653,11,0.4342,1.7119,0.2642,33,0.3907,1.5405,0.2003,59,0.4,20,0.42,42,
cross_database_transfer,chembl_to_bindingdb_exact_ligand_purged,ecfp_absdiff_xgb,1,chembl_raw,bindingdb_raw,P23458,Tyrosine-protein kinase JAK1,934,0.1842,0.3266,0.7583,589,1.6478,0.283,0.6609,0.1909,0.1842,0.3445,0.4,2.1721,0.1733,4,0.4043,2.1952,0.2042,19,0.2872,1.5597,0.1256,27,0.38,19,0.27,27,
cross_database_transfer,chembl_to_bindingdb_exact_ligand_purged,ecfp_absdiff_xgb,1,chembl_raw,bindingdb_raw,P35462,D(3) dopamine receptor,400,0.3675,0.6675,0.7691,186,1.4675,0.3809,0.5172,0.0673,0.3675,0.4058,0.5,1.3605,0.25,2,0.4,1.0884,0.2153,8,0.35,0.9524,0.1661,14,0.36,18,0.36,36,
cross_database_transfer,chembl_to_bindingdb_exact_ligand_purged,ecfp_absdiff_xgb,1,chembl_raw,bindingdb_raw,P10275,Androgen receptor,739,0.2923,0.5441,0.775,244,1.4709,0.3062,0.5122,0.0044,0.2923,0.3356,0.375,1.283,0.2396,3,0.3784,1.2945,0.1632,14,0.3378,1.1558,0.134,25,0.32,16,0.32,32,
cross_database_transfer,chembl_to_bindingdb_exact_ligand_purged,ecfp_absdiff_xgb,1,chembl_raw,bindingdb_raw,Q9Y5N1,Histamine H3 receptor,1315,0.4106,0.7382,0.776,585,1.1757,0.3762,0.441,-0.1222,0.4106,0.3655,0.2857,0.6958,0.0559,4,0.3333,0.8117,0.0886,22,0.4242,1.0331,0.1495,56,0.24,12,0.43,43,
cross_database_transfer,chembl_to_bindingdb_exact_ligand_purged,ecfp_absdiff_xgb,1,chembl_raw,bindingdb_raw,P42336,"Phosphatidylinositol 4,5-bisphosphate 3-kinase catalytic subunit alpha isoform",1146,0.322,0.561,0.7642,402,1.212,0.3368,0.5165,0.04,0.322,0.3377,0.4167,1.294,0.1677,5,0.3448,1.0709,0.1541,20,0.3043,0.9452,0.1196,35,0.4,20,0.32,32,
cross_database_transfer,chembl_to_bindingdb_exact_ligand_purged,ecfp_absdiff_xgb,1,chembl_raw,bindingdb_raw,Q01959,Sodium-dependent dopamine transporter,528,0.2235,0.4015,0.7769,188,1.2008,0.2473,0.5416,0.0393,0.2235,0.3193,0.3333,1.4915,0.15,2,0.2593,1.1601,0.0863,7,0.3585,1.6041,0.1205,19,0.38,19,0.33,33,
cross_database_transfer,chembl_to_bindingdb_exact_ligand_purged,ecfp_absdiff_xgb,1,chembl_raw,bindingdb_raw,P41143,Delta-type opioid receptor,1057,0.3065,0.58,0.7858,457,1.4163,0.4144,0.5801,0.0561,0.3065,0.628,1.0,3.2623,1.0,11,0.7547,2.4621,0.6603,40,0.5849,1.9082,0.466,62,0.74,37,0.6,60,
cross_database_transfer,chembl_to_bindingdb_exact_ligand_purged,ecfp_absdiff_xgb,1,chembl_raw,bindingdb_raw,P41145,Kappa-type opioid receptor,992,0.5514,1.0688,0.7753,354,1.7782,0.5776,0.5285,0.0295,0.5514,0.6716,0.8,1.4508,0.5142,8,0.72,1.3057,0.5041,36,0.66,1.1969,0.4583,66,0.72,36,0.66,66,
cross_database_transfer,chembl_to_bindingdb_exact_ligand_purged,ecfp_absdiff_xgb,1,chembl_raw,bindingdb_raw,P00734,Prothrombin,491,0.336,0.655,0.7718,308,1.3625,0.3104,0.4273,-0.1262,0.336,0.3417,0.4,1.1903,0.13,2,0.44,1.3093,0.1803,11,0.3,0.8927,0.1202,15,0.3,15,0.32,32,
cross_database_transfer,chembl_to_bindingdb_exact_ligand_purged,ecfp_absdiff_xgb,1,chembl_raw,bindingdb_raw,P21917,D(4) dopamine receptor,456,0.3421,0.5766,0.7812,207,1.1996,0.3972,0.5597,0.1032,0.3421,0.4901,0.4,1.1692,0.3333,2,0.5652,1.6522,0.3553,13,0.4783,1.398,0.2741,22,0.46,23,0.41,41,
cross_database_transfer,chembl_to_bindingdb_exact_ligand_purged,ecfp_absdiff_xgb,1,chembl_raw,bindingdb_raw,P08908,5-hydroxytryptamine receptor 1A,664,0.4051,0.7068,0.7792,289,1.2139,0.4291,0.5334,0.0641,0.4051,0.3708,0.1429,0.3526,0.1429,1,0.4118,1.0164,0.153,14,0.3881,0.9579,0.1497,26,0.4,20,0.39,39,
cross_database_transfer,chembl_to_bindingdb_exact_ligand_purged,ecfp_absdiff_xgb,1,chembl_raw,bindingdb_raw,Q99720,Sigma non-opioid intracellular receptor 1,823,0.2503,0.487,0.7922,351,1.2078,0.2824,0.5197,-0.0175,0.2503,0.3647,0.6667,2.6634,0.5823,6,0.381,1.522,0.2412,16,0.3253,1.2996,0.1686,27,0.36,18,0.31,31,
cross_database_transfer,chembl_to_bindingdb_exact_ligand_purged,ecfp_absdiff_xgb,1,chembl_raw,bindingdb_raw,Q9HAZ1,Dual specificity protein kinase CLK4,919,0.2884,0.5863,0.7733,283,1.1251,0.3649,0.5721,0.1076,0.2884,0.4974,0.2,0.6936,0.09,2,0.6304,2.1863,0.3548,29,0.4565,1.5832,0.2587,42,0.6,30,0.44,44,
cross_database_transfer,chembl_to_bindingdb_exact_ligand_purged,ecfp_absdiff_xgb,1,chembl_raw,bindingdb_raw,P31645,Sodium-dependent serotonin transporter,402,0.2662,0.4929,0.7808,229,1.2363,0.3021,0.5333,0.0285,0.2662,0.3758,0.6,2.2542,0.3833,3,0.4286,1.6101,0.2336,9,0.3415,1.2829,0.1691,14,0.3,15,0.25,25,
cross_database_transfer,chembl_to_bindingdb_exact_ligand_purged,rich_diff_scalars,1,chembl_raw,bindingdb_raw,P11309,Serine/threonine-protein kinase pim-1,1595,0.3361,0.5684,0.7625,456,1.3843,0.397,0.5762,0.1109,0.3361,0.4055,0.4375,1.3019,0.3906,7,0.375,1.1159,0.1884,30,0.4125,1.2275,0.1808,66,0.4,20,0.36,36,
cross_database_transfer,chembl_to_bindingdb_exact_ligand_purged,rich_diff_scalars,1,chembl_raw,bindingdb_raw,P35367,Histamine H1 receptor,1008,0.2808,0.5486,0.7844,373,1.2867,0.3964,0.5686,0.1352,0.2808,0.5753,0.6364,2.2666,0.3064,7,0.7451,2.6539,0.5142,38,0.5347,1.9043,0.3579,54,0.74,37,0.54,54,
cross_database_transfer,chembl_to_bindingdb_exact_ligand_purged,rich_diff_scalars,1,chembl_raw,bindingdb_raw,P00519,Tyrosine-protein kinase ABL1,1361,0.4533,0.7713,0.7612,420,1.5129,0.5216,0.6008,0.1238,0.4533,0.5057,0.4286,0.9454,0.2983,6,0.5072,1.1189,0.261,35,0.4964,1.0949,0.2528,68,0.48,24,0.49,49,
cross_database_transfer,chembl_to_bindingdb_exact_ligand_purged,rich_diff_scalars,1,chembl_raw,bindingdb_raw,O43614,Orexin receptor type 2,835,0.382,0.6712,0.7624,403,1.7078,0.4783,0.5797,0.1332,0.382,0.5714,0.8889,2.3267,0.8889,8,0.6429,1.6827,0.553,27,0.5,1.3088,0.3671,42,0.56,28,0.48,48,
cross_database_transfer,chembl_to_bindingdb_exact_ligand_purged,rich_diff_scalars,1,chembl_raw,bindingdb_raw,P35372,Mu-type opioid receptor,881,0.3269,0.476,0.7833,338,1.2633,0.4008,0.5861,0.108,0.3269,0.4556,0.7778,2.3792,0.6198,7,0.5111,1.5635,0.3071,23,0.427,1.3061,0.2363,38,0.54,27,0.42,42,
cross_database_transfer,chembl_to_bindingdb_exact_ligand_purged,rich_diff_scalars,1,chembl_raw,bindingdb_raw,O60674,Tyrosine-protein kinase JAK2,2270,0.178,0.3334,0.773,902,1.4004,0.2838,0.6527,0.0934,0.178,0.3565,0.6087,3.4201,0.4151,14,0.3947,2.218,0.2154,45,0.2996,1.6832,0.1415,68,0.5,25,0.41,41,
cross_database_transfer,chembl_to_bindingdb_exact_ligand_purged,rich_diff_scalars,1,chembl_raw,bindingdb_raw,P49841,Glycogen synthase kinase-3 beta,1515,0.1842,0.384,0.7664,422,1.7452,0.1655,0.4271,-0.1193,0.1842,0.1826,0.125,0.6788,0.0387,2,0.1447,0.7859,0.031,11,0.1908,1.036,0.0381,29,0.16,8,0.2,20,
cross_database_transfer,chembl_to_bindingdb_exact_ligand_purged,rich_diff_scalars,1,chembl_raw,bindingdb_raw,P00742,Coagulation factor X,643,0.5008,0.9152,0.7789,364,1.367,0.5541,0.5319,0.0598,0.5008,0.6516,0.5714,1.1411,0.4667,4,0.697,1.3918,0.5272,23,0.6154,1.2289,0.4388,40,0.62,31,0.6,60,
cross_database_transfer,chembl_to_bindingdb_exact_ligand_purged,rich_diff_scalars,1,chembl_raw,bindingdb_raw,P04150,Glucocorticoid receptor,1510,0.2536,0.4826,0.7646,608,1.2841,0.3265,0.632,0.1756,0.2536,0.2609,0.25,0.9856,0.1144,4,0.1447,0.5706,0.0408,11,0.2781,1.0966,0.0673,42,0.14,7,0.19,19,
cross_database_transfer,chembl_to_bindingdb_exact_ligand_purged,rich_diff_scalars,1,chembl_raw,bindingdb_raw,P23458,Tyrosine-protein kinase JAK1,934,0.1842,0.3266,0.7583,589,1.6478,0.3163,0.7224,0.1641,0.1842,0.3429,0.4,2.1721,0.1462,4,0.2979,1.6175,0.1106,14,0.3404,1.8486,0.119,32,0.3,15,0.34,34,
cross_database_transfer,chembl_to_bindingdb_exact_ligand_purged,rich_diff_scalars,1,chembl_raw,bindingdb_raw,P35462,D(3) dopamine receptor,400,0.3675,0.6675,0.7691,186,1.4675,0.3921,0.5133,0.039,0.3675,0.3886,0.75,2.0408,0.6875,3,0.3,0.8163,0.228,6,0.375,1.0204,0.1945,15,0.38,19,0.33,33,
cross_database_transfer,chembl_to_bindingdb_exact_ligand_purged,rich_diff_scalars,1,chembl_raw,bindingdb_raw,P10275,Androgen receptor,739,0.2923,0.5441,0.775,244,1.4709,0.3857,0.6416,0.1906,0.2923,0.4005,0.25,0.8553,0.0729,2,0.4324,1.4795,0.1513,16,0.4189,1.4332,0.1622,31,0.44,22,0.44,44,
cross_database_transfer,chembl_to_bindingdb_exact_ligand_purged,rich_diff_scalars,1,chembl_raw,bindingdb_raw,Q9Y5N1,Histamine H3 receptor,1315,0.4106,0.7382,0.776,585,1.1757,0.4906,0.579,0.1118,0.4106,0.5743,0.7143,1.7394,0.594,10,0.6212,1.5128,0.427,41,0.5303,1.2914,0.345,70,0.62,31,0.59,59,
cross_database_transfer,chembl_to_bindingdb_exact_ligand_purged,rich_diff_scalars,1,chembl_raw,bindingdb_raw,P42336,"Phosphatidylinositol 4,5-bisphosphate 3-kinase catalytic subunit alpha isoform",1146,0.322,0.561,0.7642,402,1.212,0.3234,0.5072,0.003,0.322,0.2927,0.3333,1.0352,0.0986,4,0.2586,0.8032,0.0796,15,0.3043,0.9452,0.0886,35,0.26,13,0.28,28,
cross_database_transfer,chembl_to_bindingdb_exact_ligand_purged,rich_diff_scalars,1,chembl_raw,bindingdb_raw,Q01959,Sodium-dependent dopamine transporter,528,0.2235,0.4015,0.7769,188,1.2008,0.2451,0.5553,0.0798,0.2235,0.2209,0.1667,0.7458,0.0333,1,0.1852,0.8286,0.0407,5,0.2264,1.0131,0.0515,12,0.24,12,0.25,25,
cross_database_transfer,chembl_to_bindingdb_exact_ligand_purged,rich_diff_scalars,1,chembl_raw,bindingdb_raw,P41143,Delta-type opioid receptor,1057,0.3065,0.58,0.7858,457,1.4163,0.3867,0.5116,0.0101,0.3065,0.5263,1.0,3.2623,1.0,11,0.5283,1.7235,0.4206,28,0.5,1.6312,0.3284,53,0.54,27,0.52,52,
cross_database_transfer,chembl_to_bindingdb_exact_ligand_purged,rich_diff_scalars,1,chembl_raw,bindingdb_raw,P41145,Kappa-type opioid receptor,992,0.5514,1.0688,0.7753,354,1.7782,0.7402,0.6885,0.2519,0.5514,0.8754,0.8,1.4508,0.5809,8,0.94,1.7047,0.8145,47,0.88,1.5959,0.7723,88,0.94,47,0.88,88,
cross_database_transfer,chembl_to_bindingdb_exact_ligand_purged,rich_diff_scalars,1,chembl_raw,bindingdb_raw,P00734,Prothrombin,491,0.336,0.655,0.7718,308,1.3625,0.3897,0.529,0.0573,0.336,0.4664,0.4,1.1903,0.4,2,0.44,1.3093,0.2625,11,0.46,1.3688,0.2435,23,0.46,23,0.43,43,
cross_database_transfer,chembl_to_bindingdb_exact_ligand_purged,rich_diff_scalars,1,chembl_raw,bindingdb_raw,P21917,D(4) dopamine receptor,456,0.3421,0.5766,0.7812,207,1.1996,0.4077,0.552,0.084,0.3421,0.4683,0.8,2.3385,0.6433,4,0.4348,1.2709,0.3244,10,0.3913,1.1438,0.2397,18,0.38,19,0.44,44,
cross_database_transfer,chembl_to_bindingdb_exact_ligand_purged,rich_diff_scalars,1,chembl_raw,bindingdb_raw,P08908,5-hydroxytryptamine receptor 1A,664,0.4051,0.7068,0.7792,289,1.2139,0.4766,0.5857,0.1319,0.4051,0.5091,0.4286,1.0579,0.2,3,0.5294,1.3068,0.2687,18,0.5075,1.2526,0.2588,34,0.5,25,0.54,54,
cross_database_transfer,chembl_to_bindingdb_exact_ligand_purged,rich_diff_scalars,1,chembl_raw,bindingdb_raw,Q99720,Sigma non-opioid intracellular receptor 1,823,0.2503,0.487,0.7922,351,1.2078,0.3352,0.6633,0.2482,0.2503,0.2677,0.1111,0.4439,0.0159,1,0.1905,0.761,0.0339,8,0.3253,1.2996,0.0784,27,0.2,10,0.34,34,
cross_database_transfer,chembl_to_bindingdb_exact_ligand_purged,rich_diff_scalars,1,chembl_raw,bindingdb_raw,Q9HAZ1,Dual specificity protein kinase CLK4,919,0.2884,0.5863,0.7733,283,1.1251,0.3521,0.5429,0.0419,0.2884,0.4278,0.7,2.4275,0.594,7,0.4783,1.6586,0.3051,22,0.3804,1.3193,0.2086,35,0.46,23,0.37,37,
cross_database_transfer,chembl_to_bindingdb_exact_ligand_purged,rich_diff_scalars,1,chembl_raw,bindingdb_raw,P31645,Sodium-dependent serotonin transporter,402,0.2662,0.4929,0.7808,229,1.2363,0.3774,0.6028,0.1471,0.2662,0.4925,0.6,2.2542,0.42,3,0.5238,1.968,0.3116,11,0.5122,1.9243,0.297,21,0.42,21,0.38,38,
cross_database_transfer,chembl_to_bindingdb_exact_ligand_purged,rich_scalars_only,1,chembl_raw,bindingdb_raw,P11309,Serine/threonine-protein kinase pim-1,1595,0.3361,0.5684,0.7625,456,1.3843,0.3972,0.5852,0.1201,0.3361,0.4034,0.25,0.7439,0.0632,4,0.3625,1.0787,0.1169,29,0.4562,1.3577,0.1723,73,0.32,16,0.37,37,
cross_database_transfer,chembl_to_bindingdb_exact_ligand_purged,rich_scalars_only,1,chembl_raw,bindingdb_raw,P35367,Histamine H1 receptor,1008,0.2808,0.5486,0.7844,373,1.2867,0.3882,0.6057,0.1038,0.2808,0.5104,0.6364,2.2666,0.4281,7,0.6275,2.2349,0.4263,32,0.4653,1.6575,0.2878,47,0.62,31,0.46,46,
cross_database_transfer,chembl_to_bindingdb_exact_ligand_purged,rich_scalars_only,1,chembl_raw,bindingdb_raw,P00519,Tyrosine-protein kinase ABL1,1361,0.4533,0.7713,0.7612,420,1.5129,0.5196,0.5898,0.1552,0.4533,0.5093,0.2143,0.4727,0.1726,3,0.4783,1.055,0.2242,33,0.5401,1.1915,0.2722,74,0.48,24,0.55,55,
cross_database_transfer,chembl_to_bindingdb_exact_ligand_purged,rich_scalars_only,1,chembl_raw,bindingdb_raw,O43614,Orexin receptor type 2,835,0.382,0.6712,0.7624,403,1.7078,0.4892,0.582,0.1537,0.382,0.6061,0.8889,2.3267,0.8765,8,0.6667,1.745,0.5274,28,0.5595,1.4646,0.4,47,0.64,32,0.56,56,
cross_database_transfer,chembl_to_bindingdb_exact_ligand_purged,rich_scalars_only,1,chembl_raw,bindingdb_raw,P35372,Mu-type opioid receptor,881,0.3269,0.476,0.7833,338,1.2633,0.4063,0.6075,0.1625,0.3269,0.4262,0.4444,1.3596,0.3383,4,0.4,1.2236,0.2397,18,0.3596,1.0999,0.1839,32,0.38,19,0.39,39,
cross_database_transfer,chembl_to_bindingdb_exact_ligand_purged,rich_scalars_only,1,chembl_raw,bindingdb_raw,O60674,Tyrosine-protein kinase JAK2,2270,0.178,0.3334,0.773,902,1.4004,0.2775,0.6463,0.1274,0.178,0.3652,0.3478,1.9544,0.1714,8,0.4211,2.3658,0.1901,48,0.3172,1.7822,0.1335,72,0.46,23,0.43,43,
cross_database_transfer,chembl_to_bindingdb_exact_ligand_purged,rich_scalars_only,1,chembl_raw,bindingdb_raw,P49841,Glycogen synthase kinase-3 beta,1515,0.1842,0.384,0.7664,422,1.7452,0.1628,0.4114,-0.1179,0.1842,0.195,0.25,1.3575,0.0564,4,0.2237,1.2146,0.0541,17,0.1842,1.0003,0.043,28,0.2,10,0.21,21,
cross_database_transfer,chembl_to_bindingdb_exact_ligand_purged,rich_scalars_only,1,chembl_raw,bindingdb_raw,P00742,Coagulation factor X,643,0.5008,0.9152,0.7789,364,1.367,0.5259,0.5173,0.0714,0.5008,0.5527,0.2857,0.5705,0.119,2,0.5455,1.0892,0.2755,18,0.6,1.1981,0.324,39,0.56,28,0.58,58,
cross_database_transfer,chembl_to_bindingdb_exact_ligand_purged,rich_scalars_only,1,chembl_raw,bindingdb_raw,P04150,Glucocorticoid receptor,1510,0.2536,0.4826,0.7646,608,1.2841,0.3316,0.6399,0.1842,0.2536,0.2772,0.125,0.4928,0.0214,2,0.1711,0.6744,0.0359,13,0.3046,1.201,0.0713,46,0.24,12,0.19,19,
cross_database_transfer,chembl_to_bindingdb_exact_ligand_purged,rich_scalars_only,1,chembl_raw,bindingdb_raw,P23458,Tyrosine-protein kinase JAK1,934,0.1842,0.3266,0.7583,589,1.6478,0.3314,0.7069,0.2037,0.1842,0.3907,0.4,2.1721,0.3571,4,0.4468,2.4263,0.2198,21,0.3723,2.0219,0.1712,35,0.42,21,0.37,37,
cross_database_transfer,chembl_to_bindingdb_exact_ligand_purged,rich_scalars_only,1,chembl_raw,bindingdb_raw,P35462,D(3) dopamine receptor,400,0.3675,0.6675,0.7691,186,1.4675,0.4043,0.5387,0.0631,0.3675,0.3802,0.75,2.0408,0.6042,3,0.3,0.8163,0.2073,6,0.325,0.8844,0.1576,13,0.42,21,0.41,41,
cross_database_transfer,chembl_to_bindingdb_exact_ligand_purged,rich_scalars_only,1,chembl_raw,bindingdb_raw,P10275,Androgen receptor,739,0.2923,0.5441,0.775,244,1.4709,0.3793,0.6328,0.1762,0.2923,0.4106,0.25,0.8553,0.0562,2,0.4324,1.4795,0.1677,16,0.4189,1.4332,0.173,31,0.44,22,0.43,43,
cross_database_transfer,chembl_to_bindingdb_exact_ligand_purged,rich_scalars_only,1,chembl_raw,bindingdb_raw,Q9Y5N1,Histamine H3 receptor,1315,0.4106,0.7382,0.776,585,1.1757,0.483,0.579,0.1154,0.4106,0.5614,0.6429,1.5655,0.5244,9,0.6212,1.5128,0.4173,41,0.5227,1.2729,0.3367,69,0.64,32,0.59,59,
cross_database_transfer,chembl_to_bindingdb_exact_ligand_purged,rich_scalars_only,1,chembl_raw,bindingdb_raw,P42336,"Phosphatidylinositol 4,5-bisphosphate 3-kinase catalytic subunit alpha isoform",1146,0.322,0.561,0.7642,402,1.212,0.3233,0.4993,0.0061,0.322,0.3136,0.1667,0.5176,0.1667,2,0.3103,0.9638,0.1251,18,0.3565,1.1072,0.1273,41,0.36,18,0.32,32,
cross_database_transfer,chembl_to_bindingdb_exact_ligand_purged,rich_scalars_only,1,chembl_raw,bindingdb_raw,Q01959,Sodium-dependent dopamine transporter,528,0.2235,0.4015,0.7769,188,1.2008,0.2734,0.5728,0.0536,0.2235,0.3057,0.3333,1.4915,0.0889,2,0.2593,1.1601,0.0777,7,0.3208,1.4352,0.0967,17,0.3,15,0.34,34,
cross_database_transfer,chembl_to_bindingdb_exact_ligand_purged,rich_scalars_only,1,chembl_raw,bindingdb_raw,P41143,Delta-type opioid receptor,1057,0.3065,0.58,0.7858,457,1.4163,0.4192,0.5794,0.0945,0.3065,0.5768,0.8182,2.6692,0.7339,9,0.6792,2.2159,0.5525,36,0.5377,1.7543,0.3879,57,0.7,35,0.55,55,
cross_database_transfer,chembl_to_bindingdb_exact_ligand_purged,rich_scalars_only,1,chembl_raw,bindingdb_raw,P41145,Kappa-type opioid receptor,992,0.5514,1.0688,0.7753,354,1.7782,0.7373,0.6959,0.2534,0.5514,0.8398,0.9,1.6322,0.8154,9,0.84,1.5234,0.7202,42,0.83,1.5052,0.7048,83,0.84,42,0.83,83,
cross_database_transfer,chembl_to_bindingdb_exact_ligand_purged,rich_scalars_only,1,chembl_raw,bindingdb_raw,P00734,Prothrombin,491,0.336,0.655,0.7718,308,1.3625,0.4291,0.5701,0.091,0.336,0.5449,0.8,2.3806,0.71,4,0.56,1.6664,0.3646,14,0.58,1.7259,0.3584,29,0.58,29,0.45,45,
cross_database_transfer,chembl_to_bindingdb_exact_ligand_purged,rich_scalars_only,1,chembl_raw,bindingdb_raw,P21917,D(4) dopamine receptor,456,0.3421,0.5766,0.7812,207,1.1996,0.3959,0.5329,0.074,0.3421,0.4599,0.8,2.3385,0.5433,4,0.4783,1.398,0.3123,11,0.3913,1.1438,0.2196,18,0.4,20,0.42,42,
cross_database_transfer,chembl_to_bindingdb_exact_ligand_purged,rich_scalars_only,1,chembl_raw,bindingdb_raw,P08908,5-hydroxytryptamine receptor 1A,664,0.4051,0.7068,0.7792,289,1.2139,0.4904,0.6029,0.1124,0.4051,0.5273,0.4286,1.0579,0.2755,3,0.5,1.2342,0.2591,17,0.5672,1.4,0.2991,38,0.54,27,0.58,58,
cross_database_transfer,chembl_to_bindingdb_exact_ligand_purged,rich_scalars_only,1,chembl_raw,bindingdb_raw,Q99720,Sigma non-opioid intracellular receptor 1,823,0.2503,0.487,0.7922,351,1.2078,0.3486,0.6726,0.2364,0.2503,0.3112,0.2222,0.8878,0.0437,2,0.3095,1.2366,0.0778,13,0.3133,1.2515,0.0875,26,0.3,15,0.36,36,
cross_database_transfer,chembl_to_bindingdb_exact_ligand_purged,rich_scalars_only,1,chembl_raw,bindingdb_raw,Q9HAZ1,Dual specificity protein kinase CLK4,919,0.2884,0.5863,0.7733,283,1.1251,0.3428,0.5181,0.0221,0.2884,0.4364,0.7,2.4275,0.5748,7,0.4783,1.6586,0.3163,22,0.3696,1.2816,0.2136,34,0.46,23,0.38,38,
cross_database_transfer,chembl_to_bindingdb_exact_ligand_purged,rich_scalars_only,1,chembl_raw,bindingdb_raw,P31645,Sodium-dependent serotonin transporter,402,0.2662,0.4929,0.7808,229,1.2363,0.3829,0.5901,0.0862,0.2662,0.512,0.4,1.5028,0.3333,2,0.5238,1.968,0.312,11,0.5122,1.9243,0.2942,21,0.5,25,0.4,40,
cross_database_transfer,chembl_to_bindingdb_exact_ligand_purged,extratrees_scalars,1,chembl_raw,bindingdb_raw,P11309,Serine/threonine-protein kinase pim-1,1595,0.3361,0.5684,0.7625,456,1.3843,0.3648,0.5322,0.0599,0.3361,0.3809,0.4375,1.3019,0.3094,7,0.3625,1.0787,0.1577,29,0.4,1.1903,0.1649,64,0.32,16,0.37,37,
cross_database_transfer,chembl_to_bindingdb_exact_ligand_purged,extratrees_scalars,1,chembl_raw,bindingdb_raw,P35367,Histamine H1 receptor,1008,0.2808,0.5486,0.7844,373,1.2867,0.3742,0.5852,0.1138,0.2808,0.4915,0.5455,1.9428,0.3097,6,0.549,1.9555,0.344,28,0.4455,1.587,0.2589,45,0.56,28,0.45,45,
cross_database_transfer,chembl_to_bindingdb_exact_ligand_purged,extratrees_scalars,1,chembl_raw,bindingdb_raw,P00519,Tyrosine-protein kinase ABL1,1361,0.4533,0.7713,0.7612,420,1.5129,0.5107,0.5729,0.0611,0.4533,0.5452,0.5714,1.2605,0.2998,8,0.5797,1.2787,0.3353,40,0.5547,1.2237,0.3111,76,0.6,30,0.53,53,
cross_database_transfer,chembl_to_bindingdb_exact_ligand_purged,extratrees_scalars,1,chembl_raw,bindingdb_raw,O43614,Orexin receptor type 2,835,0.382,0.6712,0.7624,403,1.7078,0.5088,0.5689,0.1393,0.382,0.6837,1.0,2.6176,1.0,9,0.7381,1.932,0.6974,31,0.619,1.6204,0.506,52,0.66,33,0.62,62,
cross_database_transfer,chembl_to_bindingdb_exact_ligand_purged,extratrees_scalars,1,chembl_raw,bindingdb_raw,P35372,Mu-type opioid receptor,881,0.3269,0.476,0.7833,338,1.2633,0.3758,0.5598,0.0822,0.3269,0.3882,0.6667,2.0394,0.5231,6,0.3778,1.1556,0.2083,17,0.3596,1.0999,0.1661,32,0.36,18,0.4,40,
cross_database_transfer,chembl_to_bindingdb_exact_ligand_purged,extratrees_scalars,1,chembl_raw,bindingdb_raw,O60674,Tyrosine-protein kinase JAK2,2270,0.178,0.3334,0.773,902,1.4004,0.2763,0.6419,0.1224,0.178,0.3549,0.4348,2.443,0.2539,10,0.3947,2.218,0.1982,45,0.2996,1.6832,0.1347,68,0.54,27,0.39,39,
cross_database_transfer,chembl_to_bindingdb_exact_ligand_purged,extratrees_scalars,1,chembl_raw,bindingdb_raw,P49841,Glycogen synthase kinase-3 beta,1515,0.1842,0.384,0.7664,422,1.7452,0.1709,0.3541,-0.1218,0.1842,0.2427,0.375,2.0363,0.2424,6,0.2895,1.5719,0.1359,22,0.1776,0.9646,0.076,27,0.36,18,0.24,24,
cross_database_transfer,chembl_to_bindingdb_exact_ligand_purged,extratrees_scalars,1,chembl_raw,bindingdb_raw,P00742,Coagulation factor X,643,0.5008,0.9152,0.7789,364,1.367,0.579,0.5711,0.1159,0.5008,0.6413,0.8571,1.7116,0.8367,6,0.6061,1.2102,0.4684,20,0.6308,1.2596,0.4402,41,0.64,32,0.65,65,
cross_database_transfer,chembl_to_bindingdb_exact_ligand_purged,extratrees_scalars,1,chembl_raw,bindingdb_raw,P04150,Glucocorticoid receptor,1510,0.2536,0.4826,0.7646,608,1.2841,0.3673,0.6571,0.1497,0.2536,0.4112,0.25,0.9856,0.1521,4,0.4079,1.6081,0.1743,31,0.4371,1.7232,0.1841,66,0.44,22,0.41,41,
cross_database_transfer,chembl_to_bindingdb_exact_ligand_purged,extratrees_scalars,1,chembl_raw,bindingdb_raw,P23458,Tyrosine-protein kinase JAK1,934,0.1842,0.3266,0.7583,589,1.6478,0.2829,0.6816,0.1034,0.1842,0.2815,0.2,1.086,0.2,2,0.234,1.2709,0.085,11,0.2872,1.5597,0.0937,27,0.26,13,0.29,29,
cross_database_transfer,chembl_to_bindingdb_exact_ligand_purged,extratrees_scalars,1,chembl_raw,bindingdb_raw,P35462,D(3) dopamine receptor,400,0.3675,0.6675,0.7691,186,1.4675,0.4205,0.5345,0.1467,0.3675,0.4688,0.5,1.3605,0.2917,2,0.45,1.2245,0.2501,9,0.45,1.2245,0.2202,18,0.48,24,0.49,49,
cross_database_transfer,chembl_to_bindingdb_exact_ligand_purged,extratrees_scalars,1,chembl_raw,bindingdb_raw,P10275,Androgen receptor,739,0.2923,0.5441,0.775,244,1.4709,0.383,0.6252,0.1195,0.2923,0.4301,0.5,1.7106,0.2923,4,0.5135,1.7569,0.2448,19,0.4189,1.4332,0.1983,31,0.46,23,0.39,39,
cross_database_transfer,chembl_to_bindingdb_exact_ligand_purged,extratrees_scalars,1,chembl_raw,bindingdb_raw,Q9Y5N1,Histamine H3 receptor,1315,0.4106,0.7382,0.776,585,1.1757,0.5213,0.6045,0.1744,0.4106,0.6258,0.6429,1.5655,0.4977,9,0.6667,1.6235,0.469,44,0.6136,1.4943,0.4133,81,0.7,35,0.62,62,
cross_database_transfer,chembl_to_bindingdb_exact_ligand_purged,extratrees_scalars,1,chembl_raw,bindingdb_raw,P42336,"Phosphatidylinositol 4,5-bisphosphate 3-kinase catalytic subunit alpha isoform",1146,0.322,0.561,0.7642,402,1.212,0.3235,0.5085,-0.014,0.322,0.3055,0.1667,0.5176,0.0375,2,0.3103,0.9638,0.0881,18,0.313,0.9722,0.0935,36,0.34,17,0.32,32,
cross_database_transfer,chembl_to_bindingdb_exact_ligand_purged,extratrees_scalars,1,chembl_raw,bindingdb_raw,Q01959,Sodium-dependent dopamine transporter,528,0.2235,0.4015,0.7769,188,1.2008,0.2588,0.5559,0.0654,0.2235,0.2765,0.1667,0.7458,0.0417,1,0.2963,1.3258,0.0733,8,0.3396,1.5197,0.0973,18,0.3,15,0.27,27,
cross_database_transfer,chembl_to_bindingdb_exact_ligand_purged,extratrees_scalars,1,chembl_raw,bindingdb_raw,P41143,Delta-type opioid receptor,1057,0.3065,0.58,0.7858,457,1.4163,0.4359,0.5778,0.0661,0.3065,0.6088,1.0,3.2623,1.0,11,0.6792,2.2159,0.612,36,0.5377,1.7543,0.4282,57,0.72,36,0.55,55,
cross_database_transfer,chembl_to_bindingdb_exact_ligand_purged,extratrees_scalars,1,chembl_raw,bindingdb_raw,P41145,Kappa-type opioid receptor,992,0.5514,1.0688,0.7753,354,1.7782,0.7131,0.6821,0.2693,0.5514,0.8019,0.7,1.2695,0.5714,7,0.84,1.5234,0.6645,42,0.8,1.4508,0.6465,80,0.84,42,0.8,80,
cross_database_transfer,chembl_to_bindingdb_exact_ligand_purged,extratrees_scalars,1,chembl_raw,bindingdb_raw,P00734,Prothrombin,491,0.336,0.655,0.7718,308,1.3625,0.4412,0.5875,0.1233,0.336,0.5474,1.0,2.9758,1.0,5,0.6,1.7855,0.4952,15,0.5,1.4879,0.3493,25,0.5,25,0.43,43,
cross_database_transfer,chembl_to_bindingdb_exact_ligand_purged,extratrees_scalars,1,chembl_raw,bindingdb_raw,P21917,D(4) dopamine receptor,456,0.3421,0.5766,0.7812,207,1.1996,0.3936,0.5501,0.0738,0.3421,0.4306,0.4,1.1692,0.3,2,0.4783,1.398,0.2411,11,0.4565,1.3344,0.2175,21,0.46,23,0.41,41,
cross_database_transfer,chembl_to_bindingdb_exact_ligand_purged,extratrees_scalars,1,chembl_raw,bindingdb_raw,P08908,5-hydroxytryptamine receptor 1A,664,0.4051,0.7068,0.7792,289,1.2139,0.4895,0.6059,0.0793,0.4051,0.4976,0.7143,1.7631,0.6619,5,0.4706,1.1616,0.3048,16,0.5224,1.2895,0.2944,35,0.48,24,0.48,48,
cross_database_transfer,chembl_to_bindingdb_exact_ligand_purged,extratrees_scalars,1,chembl_raw,bindingdb_raw,Q99720,Sigma non-opioid intracellular receptor 1,823,0.2503,0.487,0.7922,351,1.2078,0.3863,0.6273,0.1807,0.2503,0.4769,0.7778,3.1073,0.7639,7,0.4762,1.9025,0.3707,20,0.4217,1.6847,0.2653,35,0.42,21,0.4,40,
cross_database_transfer,chembl_to_bindingdb_exact_ligand_purged,extratrees_scalars,1,chembl_raw,bindingdb_raw,Q9HAZ1,Dual specificity protein kinase CLK4,919,0.2884,0.5863,0.7733,283,1.1251,0.324,0.5151,0.0408,0.2884,0.3939,0.6,2.0808,0.3396,6,0.3913,1.357,0.2099,18,0.3261,1.1308,0.158,30,0.42,21,0.33,33,
cross_database_transfer,chembl_to_bindingdb_exact_ligand_purged,extratrees_scalars,1,chembl_raw,bindingdb_raw,P31645,Sodium-dependent serotonin transporter,402,0.2662,0.4929,0.7808,229,1.2363,0.365,0.5618,0.1369,0.2662,0.5018,0.6,2.2542,0.4533,3,0.5714,2.1469,0.4021,12,0.4634,1.7411,0.2875,19,0.42,21,0.36,36,
cross_database_transfer,chembl_to_bindingdb_exact_ligand_purged,ecfp_absdiff_xgb,2,chembl_raw,bindingdb_raw,P11309,Serine/threonine-protein kinase pim-1,1595,0.3361,0.5684,0.7625,456,1.3843,0.3521,0.5335,0.0534,0.3361,0.3239,0.125,0.372,0.0451,2,0.275,0.8183,0.0731,22,0.3562,1.0601,0.1092,57,0.28,14,0.32,32,
cross_database_transfer,chembl_to_bindingdb_exact_ligand_purged,ecfp_absdiff_xgb,2,chembl_raw,bindingdb_raw,P35367,Histamine H1 receptor,1008,0.2808,0.5486,0.7844,373,1.2867,0.3215,0.5296,0.0628,0.2808,0.3757,0.4545,1.619,0.4023,5,0.4706,1.6762,0.2497,24,0.3267,1.1638,0.1624,33,0.46,23,0.33,33,
cross_database_transfer,chembl_to_bindingdb_exact_ligand_purged,ecfp_absdiff_xgb,2,chembl_raw,bindingdb_raw,P00519,Tyrosine-protein kinase ABL1,1361,0.4533,0.7713,0.7612,420,1.5129,0.4936,0.5528,0.0782,0.4533,0.5878,0.6429,1.418,0.4,9,0.6377,1.4066,0.4144,44,0.5693,1.2559,0.3599,78,0.66,33,0.59,59,
cross_database_transfer,chembl_to_bindingdb_exact_ligand_purged,ecfp_absdiff_xgb,2,chembl_raw,bindingdb_raw,O43614,Orexin receptor type 2,835,0.382,0.6712,0.7624,403,1.7078,0.4076,0.5373,0.0572,0.382,0.4206,0.3333,0.8725,0.0963,3,0.3571,0.9348,0.1379,15,0.4405,1.153,0.184,37,0.42,21,0.42,42,
cross_database_transfer,chembl_to_bindingdb_exact_ligand_purged,ecfp_absdiff_xgb,2,chembl_raw,bindingdb_raw,P35372,Mu-type opioid receptor,881,0.3269,0.476,0.7833,338,1.2633,0.3775,0.5494,0.0987,0.3269,0.4947,0.7778,2.3792,0.501,7,0.5111,1.5635,0.3266,23,0.4607,1.4092,0.266,41,0.5,25,0.47,47,
cross_database_transfer,chembl_to_bindingdb_exact_ligand_purged,ecfp_absdiff_xgb,2,chembl_raw,bindingdb_raw,O60674,Tyrosine-protein kinase JAK2,2270,0.178,0.3334,0.773,902,1.4004,0.1989,0.5748,0.0646,0.178,0.1809,0.1304,0.7329,0.0366,3,0.1667,0.9365,0.0254,19,0.2026,1.1386,0.036,46,0.08,4,0.14,14,
cross_database_transfer,chembl_to_bindingdb_exact_ligand_purged,ecfp_absdiff_xgb,2,chembl_raw,bindingdb_raw,P49841,Glycogen synthase kinase-3 beta,1515,0.1842,0.384,0.7664,422,1.7452,0.229,0.5702,0.0006,0.1842,0.323,0.25,1.3575,0.1455,4,0.3816,2.072,0.1315,29,0.3289,1.7862,0.1173,50,0.3,15,0.4,40,
cross_database_transfer,chembl_to_bindingdb_exact_ligand_purged,ecfp_absdiff_xgb,2,chembl_raw,bindingdb_raw,P00742,Coagulation factor X,643,0.5008,0.9152,0.7789,364,1.367,0.5255,0.512,0.0108,0.5008,0.5597,1.0,1.9969,1.0,7,0.6061,1.2102,0.4775,20,0.4923,0.9831,0.3355,32,0.5,25,0.52,52,
cross_database_transfer,chembl_to_bindingdb_exact_ligand_purged,ecfp_absdiff_xgb,2,chembl_raw,bindingdb_raw,P04150,Glucocorticoid receptor,1510,0.2536,0.4826,0.7646,608,1.2841,0.2984,0.5293,-0.0066,0.2536,0.3813,0.75,2.9569,0.7148,12,0.3289,1.2969,0.2225,25,0.3841,1.5144,0.1959,58,0.36,18,0.38,38,
cross_database_transfer,chembl_to_bindingdb_exact_ligand_purged,ecfp_absdiff_xgb,2,chembl_raw,bindingdb_raw,P23458,Tyrosine-protein kinase JAK1,934,0.1842,0.3266,0.7583,589,1.6478,0.2795,0.6745,0.1888,0.1842,0.3522,0.3,1.6291,0.0772,3,0.3404,1.8486,0.1224,16,0.3617,1.9641,0.1323,34,0.34,17,0.34,34,
cross_database_transfer,chembl_to_bindingdb_exact_ligand_purged,ecfp_absdiff_xgb,2,chembl_raw,bindingdb_raw,P35462,D(3) dopamine receptor,400,0.3675,0.6675,0.7691,186,1.4675,0.4032,0.5488,0.1311,0.3675,0.4571,0.5,1.3605,0.25,2,0.5,1.3605,0.2656,10,0.4,1.0884,0.2034,16,0.46,23,0.4,40,
cross_database_transfer,chembl_to_bindingdb_exact_ligand_purged,ecfp_absdiff_xgb,2,chembl_raw,bindingdb_raw,P10275,Androgen receptor,739,0.2923,0.5441,0.775,244,1.4709,0.3045,0.5216,0.0382,0.2923,0.3475,0.375,1.283,0.1198,3,0.3243,1.1096,0.115,12,0.3784,1.2945,0.1335,28,0.32,16,0.35,35,
cross_database_transfer,chembl_to_bindingdb_exact_ligand_purged,ecfp_absdiff_xgb,2,chembl_raw,bindingdb_raw,Q9Y5N1,Histamine H3 receptor,1315,0.4106,0.7382,0.776,585,1.1757,0.3934,0.4752,-0.0836,0.4106,0.3792,0.3571,0.8697,0.0932,5,0.303,0.7379,0.1044,20,0.4242,1.0331,0.1526,56,0.38,19,0.34,34,
cross_database_transfer,chembl_to_bindingdb_exact_ligand_purged,ecfp_absdiff_xgb,2,chembl_raw,bindingdb_raw,P42336,"Phosphatidylinositol 4,5-bisphosphate 3-kinase catalytic subunit alpha isoform",1146,0.322,0.561,0.7642,402,1.212,0.3633,0.5518,0.075,0.322,0.4015,0.6667,2.0705,0.4109,8,0.3621,1.1245,0.211,21,0.3913,1.2153,0.1792,45,0.38,19,0.33,33,
cross_database_transfer,chembl_to_bindingdb_exact_ligand_purged,ecfp_absdiff_xgb,2,chembl_raw,bindingdb_raw,Q01959,Sodium-dependent dopamine transporter,528,0.2235,0.4015,0.7769,188,1.2008,0.2732,0.5706,0.0558,0.2235,0.3649,0.3333,1.4915,0.1222,2,0.2963,1.3258,0.1292,8,0.3774,1.6885,0.1458,20,0.36,18,0.33,33,
cross_database_transfer,chembl_to_bindingdb_exact_ligand_purged,ecfp_absdiff_xgb,2,chembl_raw,bindingdb_raw,P41143,Delta-type opioid receptor,1057,0.3065,0.58,0.7858,457,1.4163,0.4343,0.6101,0.0627,0.3065,0.6296,1.0,3.2623,1.0,11,0.6604,2.1544,0.5905,35,0.5849,1.9082,0.4625,62,0.66,33,0.59,59,
cross_database_transfer,chembl_to_bindingdb_exact_ligand_purged,ecfp_absdiff_xgb,2,chembl_raw,bindingdb_raw,P41145,Kappa-type opioid receptor,992,0.5514,1.0688,0.7753,354,1.7782,0.5796,0.5338,0.0315,0.5514,0.6723,0.8,1.4508,0.5142,8,0.7,1.2695,0.4826,35,0.69,1.2513,0.4826,69,0.7,35,0.69,69,
cross_database_transfer,chembl_to_bindingdb_exact_ligand_purged,ecfp_absdiff_xgb,2,chembl_raw,bindingdb_raw,P00734,Prothrombin,491,0.336,0.655,0.7718,308,1.3625,0.3011,0.4267,-0.1315,0.336,0.2689,0.2,0.5952,0.05,1,0.2,0.5952,0.0519,5,0.32,0.9522,0.0914,16,0.32,16,0.26,26,
cross_database_transfer,chembl_to_bindingdb_exact_ligand_purged,ecfp_absdiff_xgb,2,chembl_raw,bindingdb_raw,P21917,D(4) dopamine receptor,456,0.3421,0.5766,0.7812,207,1.1996,0.4039,0.5608,0.0843,0.3421,0.482,0.6,1.7538,0.55,3,0.5217,1.5251,0.3662,12,0.413,1.2074,0.2614,19,0.4,20,0.42,42,
cross_database_transfer,chembl_to_bindingdb_exact_ligand_purged,ecfp_absdiff_xgb,2,chembl_raw,bindingdb_raw,P08908,5-hydroxytryptamine receptor 1A,664,0.4051,0.7068,0.7792,289,1.2139,0.4227,0.5136,0.0429,0.4051,0.4084,0.5714,1.4105,0.2816,4,0.4118,1.0164,0.2035,14,0.3582,0.8842,0.1606,24,0.38,19,0.41,41,
cross_database_transfer,chembl_to_bindingdb_exact_ligand_purged,ecfp_absdiff_xgb,2,chembl_raw,bindingdb_raw,Q99720,Sigma non-opioid intracellular receptor 1,823,0.2503,0.487,0.7922,351,1.2078,0.2819,0.528,0.0065,0.2503,0.3553,0.5556,2.2195,0.459,5,0.4286,1.7122,0.2368,18,0.3133,1.2515,0.1559,26,0.38,19,0.31,31,
cross_database_transfer,chembl_to_bindingdb_exact_ligand_purged,ecfp_absdiff_xgb,2,chembl_raw,bindingdb_raw,Q9HAZ1,Dual specificity protein kinase CLK4,919,0.2884,0.5863,0.7733,283,1.1251,0.3697,0.5822,0.1151,0.2884,0.5109,0.2,0.6936,0.065,2,0.6304,2.1863,0.339,29,0.5217,1.8094,0.2918,48,0.64,32,0.49,49,
cross_database_transfer,chembl_to_bindingdb_exact_ligand_purged,ecfp_absdiff_xgb,2,chembl_raw,bindingdb_raw,P31645,Sodium-dependent serotonin transporter,402,0.2662,0.4929,0.7808,229,1.2363,0.3153,0.5462,0.0492,0.2662,0.4088,0.4,1.5028,0.3333,2,0.4286,1.6101,0.2594,9,0.3902,1.4661,0.202,16,0.38,19,0.3,30,
cross_database_transfer,chembl_to_bindingdb_exact_ligand_purged,rich_diff_scalars,2,chembl_raw,bindingdb_raw,P11309,Serine/threonine-protein kinase pim-1,1595,0.3361,0.5684,0.7625,456,1.3843,0.4007,0.5834,0.1361,0.3361,0.4238,0.3125,0.9299,0.1768,5,0.4125,1.2275,0.1814,33,0.4188,1.2461,0.1781,67,0.48,24,0.42,42,
cross_database_transfer,chembl_to_bindingdb_exact_ligand_purged,rich_diff_scalars,2,chembl_raw,bindingdb_raw,P35367,Histamine H1 receptor,1008,0.2808,0.5486,0.7844,373,1.2867,0.3872,0.5714,0.1157,0.2808,0.5504,0.5455,1.9428,0.4183,6,0.6471,2.3047,0.4542,33,0.505,1.7986,0.3384,51,0.66,33,0.51,51,
cross_database_transfer,chembl_to_bindingdb_exact_ligand_purged,rich_diff_scalars,2,chembl_raw,bindingdb_raw,P00519,Tyrosine-protein kinase ABL1,1361,0.4533,0.7713,0.7612,420,1.5129,0.5217,0.6052,0.1204,0.4533,0.5009,0.3571,0.7878,0.1642,5,0.4783,1.055,0.2026,33,0.5547,1.2237,0.2684,76,0.42,21,0.55,55,
cross_database_transfer,chembl_to_bindingdb_exact_ligand_purged,rich_diff_scalars,2,chembl_raw,bindingdb_raw,O43614,Orexin receptor type 2,835,0.382,0.6712,0.7624,403,1.7078,0.4814,0.5829,0.1227,0.382,0.587,0.8889,2.3267,0.8765,8,0.619,1.6204,0.5289,26,0.5238,1.3711,0.3854,44,0.58,29,0.49,49,
cross_database_transfer,chembl_to_bindingdb_exact_ligand_purged,rich_diff_scalars,2,chembl_raw,bindingdb_raw,P35372,Mu-type opioid receptor,881,0.3269,0.476,0.7833,338,1.2633,0.381,0.5769,0.0724,0.3269,0.4099,0.5556,1.6995,0.2951,5,0.4,1.2236,0.1948,18,0.382,1.1686,0.1704,34,0.38,19,0.4,40,
cross_database_transfer,chembl_to_bindingdb_exact_ligand_purged,rich_diff_scalars,2,chembl_raw,bindingdb_raw,O60674,Tyrosine-protein kinase JAK2,2270,0.178,0.3334,0.773,902,1.4004,0.3024,0.6614,0.1559,0.178,0.3912,0.6522,3.6644,0.4562,15,0.3947,2.218,0.2352,45,0.3568,2.005,0.1753,81,0.54,27,0.41,41,
cross_database_transfer,chembl_to_bindingdb_exact_ligand_purged,rich_diff_scalars,2,chembl_raw,bindingdb_raw,P49841,Glycogen synthase kinase-3 beta,1515,0.1842,0.384,0.7664,422,1.7452,0.1436,0.3717,-0.1905,0.1842,0.1136,0.0,0.0,0.0,0,0.0921,0.5001,0.008,7,0.1382,0.7502,0.0148,21,0.1,5,0.09,9,
cross_database_transfer,chembl_to_bindingdb_exact_ligand_purged,rich_diff_scalars,2,chembl_raw,bindingdb_raw,P00742,Coagulation factor X,643,0.5008,0.9152,0.7789,364,1.367,0.5399,0.5276,0.0688,0.5008,0.596,0.5714,1.1411,0.3816,4,0.6667,1.3313,0.4297,22,0.5692,1.1367,0.3542,37,0.56,28,0.57,57,
cross_database_transfer,chembl_to_bindingdb_exact_ligand_purged,rich_diff_scalars,2,chembl_raw,bindingdb_raw,P04150,Glucocorticoid receptor,1510,0.2536,0.4826,0.7646,608,1.2841,0.3298,0.6374,0.1786,0.2536,0.2858,0.25,0.9856,0.0802,4,0.2237,0.8819,0.0491,17,0.3377,1.3316,0.0894,51,0.14,7,0.25,25,
cross_database_transfer,chembl_to_bindingdb_exact_ligand_purged,rich_diff_scalars,2,chembl_raw,bindingdb_raw,P23458,Tyrosine-protein kinase JAK1,934,0.1842,0.3266,0.7583,589,1.6478,0.3176,0.7217,0.1415,0.1842,0.3386,0.4,2.1721,0.2595,4,0.3617,1.9641,0.1456,17,0.3298,1.7908,0.1241,31,0.38,19,0.35,35,
cross_database_transfer,chembl_to_bindingdb_exact_ligand_purged,rich_diff_scalars,2,chembl_raw,bindingdb_raw,P35462,D(3) dopamine receptor,400,0.3675,0.6675,0.7691,186,1.4675,0.3945,0.5229,0.0538,0.3675,0.3998,0.5,1.3605,0.375,2,0.4,1.0884,0.2282,8,0.425,1.1565,0.2062,17,0.36,18,0.37,37,
cross_database_transfer,chembl_to_bindingdb_exact_ligand_purged,rich_diff_scalars,2,chembl_raw,bindingdb_raw,P10275,Androgen receptor,739,0.2923,0.5441,0.775,244,1.4709,0.387,0.6351,0.1549,0.2923,0.4127,0.25,0.8553,0.0625,2,0.4324,1.4795,0.1466,16,0.473,1.6182,0.1916,35,0.44,22,0.44,44,
cross_database_transfer,chembl_to_bindingdb_exact_ligand_purged,rich_diff_scalars,2,chembl_raw,bindingdb_raw,Q9Y5N1,Histamine H3 receptor,1315,0.4106,0.7382,0.776,585,1.1757,0.4794,0.5716,0.0967,0.4106,0.5628,0.7143,1.7394,0.5924,10,0.6212,1.5128,0.4351,41,0.5379,1.3098,0.3494,71,0.64,32,0.57,57,
cross_database_transfer,chembl_to_bindingdb_exact_ligand_purged,rich_diff_scalars,2,chembl_raw,bindingdb_raw,P42336,"Phosphatidylinositol 4,5-bisphosphate 3-kinase catalytic subunit alpha isoform",1146,0.322,0.561,0.7642,402,1.212,0.3252,0.5081,-0.0111,0.322,0.2886,0.25,0.7764,0.1329,3,0.2586,0.8032,0.0784,15,0.287,0.8912,0.0843,33,0.26,13,0.3,30,
cross_database_transfer,chembl_to_bindingdb_exact_ligand_purged,rich_diff_scalars,2,chembl_raw,bindingdb_raw,Q01959,Sodium-dependent dopamine transporter,528,0.2235,0.4015,0.7769,188,1.2008,0.2729,0.5722,0.1152,0.2235,0.3164,0.1667,0.7458,0.0333,1,0.3704,1.6573,0.1216,10,0.3019,1.3508,0.1001,16,0.3,15,0.3,30,
cross_database_transfer,chembl_to_bindingdb_exact_ligand_purged,rich_diff_scalars,2,chembl_raw,bindingdb_raw,P41143,Delta-type opioid receptor,1057,0.3065,0.58,0.7858,457,1.4163,0.3974,0.5294,0.0482,0.3065,0.5321,1.0,3.2623,1.0,11,0.5472,1.7851,0.4279,29,0.5189,1.6927,0.3446,55,0.52,26,0.49,49,
cross_database_transfer,chembl_to_bindingdb_exact_ligand_purged,rich_diff_scalars,2,chembl_raw,bindingdb_raw,P41145,Kappa-type opioid receptor,992,0.5514,1.0688,0.7753,354,1.7782,0.7372,0.6892,0.2478,0.5514,0.8558,0.8,1.4508,0.7435,8,0.88,1.5959,0.7719,44,0.87,1.5778,0.7584,87,0.88,44,0.87,87,
cross_database_transfer,chembl_to_bindingdb_exact_ligand_purged,rich_diff_scalars,2,chembl_raw,bindingdb_raw,P00734,Prothrombin,491,0.336,0.655,0.7718,308,1.3625,0.4087,0.5387,0.0743,0.336,0.5226,0.8,2.3806,0.71,4,0.6,1.7855,0.4151,15,0.5,1.4879,0.3133,25,0.5,25,0.41,41,
cross_database_transfer,chembl_to_bindingdb_exact_ligand_purged,rich_diff_scalars,2,chembl_raw,bindingdb_raw,P21917,D(4) dopamine receptor,456,0.3421,0.5766,0.7812,207,1.1996,0.4005,0.5466,0.0768,0.3421,0.446,0.6,1.7538,0.4833,3,0.3913,1.1438,0.2767,9,0.3696,1.0803,0.2061,17,0.4,20,0.42,42,
cross_database_transfer,chembl_to_bindingdb_exact_ligand_purged,rich_diff_scalars,2,chembl_raw,bindingdb_raw,P08908,5-hydroxytryptamine receptor 1A,664,0.4051,0.7068,0.7792,289,1.2139,0.4657,0.5805,0.1051,0.4051,0.4596,0.2857,0.7053,0.1667,2,0.3824,0.9438,0.1736,13,0.4925,1.2158,0.2197,33,0.44,22,0.53,53,
cross_database_transfer,chembl_to_bindingdb_exact_ligand_purged,rich_diff_scalars,2,chembl_raw,bindingdb_raw,Q99720,Sigma non-opioid intracellular receptor 1,823,0.2503,0.487,0.7922,351,1.2078,0.3498,0.6823,0.2669,0.2503,0.3054,0.1111,0.4439,0.0222,1,0.2857,1.1415,0.076,12,0.2892,1.1552,0.0813,24,0.32,16,0.3,30,
cross_database_transfer,chembl_to_bindingdb_exact_ligand_purged,rich_diff_scalars,2,chembl_raw,bindingdb_raw,Q9HAZ1,Dual specificity protein kinase CLK4,919,0.2884,0.5863,0.7733,283,1.1251,0.3573,0.5498,0.0476,0.2884,0.4352,0.7,2.4275,0.6635,7,0.4565,1.5832,0.3007,21,0.3804,1.3193,0.2176,35,0.46,23,0.39,39,
cross_database_transfer,chembl_to_bindingdb_exact_ligand_purged,rich_diff_scalars,2,chembl_raw,bindingdb_raw,P31645,Sodium-dependent serotonin transporter,402,0.2662,0.4929,0.7808,229,1.2363,0.3745,0.5988,0.0763,0.2662,0.4889,0.6,2.2542,0.42,3,0.4286,1.6101,0.2581,9,0.5122,1.9243,0.2875,21,0.48,24,0.34,34,
cross_database_transfer,chembl_to_bindingdb_exact_ligand_purged,rich_scalars_only,2,chembl_raw,bindingdb_raw,P11309,Serine/threonine-protein kinase pim-1,1595,0.3361,0.5684,0.7625,456,1.3843,0.3924,0.5813,0.1155,0.3361,0.3972,0.4375,1.3019,0.1708,7,0.3625,1.0787,0.1277,29,0.4125,1.2275,0.1567,66,0.32,16,0.39,39,
cross_database_transfer,chembl_to_bindingdb_exact_ligand_purged,rich_scalars_only,2,chembl_raw,bindingdb_raw,P35367,Histamine H1 receptor,1008,0.2808,0.5486,0.7844,373,1.2867,0.389,0.6043,0.1417,0.2808,0.5311,0.5455,1.9428,0.2971,6,0.6275,2.2349,0.4358,32,0.4653,1.6575,0.3038,47,0.64,32,0.47,47,
cross_database_transfer,chembl_to_bindingdb_exact_ligand_purged,rich_scalars_only,2,chembl_raw,bindingdb_raw,P00519,Tyrosine-protein kinase ABL1,1361,0.4533,0.7713,0.7612,420,1.5129,0.5053,0.5646,0.0894,0.4533,0.5038,0.7857,1.7332,0.7661,11,0.4493,0.991,0.2999,31,0.4818,1.0627,0.2754,66,0.42,21,0.52,52,
cross_database_transfer,chembl_to_bindingdb_exact_ligand_purged,rich_scalars_only,2,chembl_raw,bindingdb_raw,O43614,Orexin receptor type 2,835,0.382,0.6712,0.7624,403,1.7078,0.5018,0.5979,0.1362,0.382,0.6316,0.7778,2.0359,0.7639,7,0.7143,1.8697,0.5625,30,0.6071,1.5892,0.442,51,0.66,33,0.58,58,
cross_database_transfer,chembl_to_bindingdb_exact_ligand_purged,rich_scalars_only,2,chembl_raw,bindingdb_raw,P35372,Mu-type opioid receptor,881,0.3269,0.476,0.7833,338,1.2633,0.411,0.6051,0.1618,0.3269,0.4337,0.7778,2.3792,0.6425,7,0.4,1.2236,0.2866,18,0.3596,1.0999,0.2072,32,0.38,19,0.37,37,
cross_database_transfer,chembl_to_bindingdb_exact_ligand_purged,rich_scalars_only,2,chembl_raw,bindingdb_raw,O60674,Tyrosine-protein kinase JAK2,2270,0.178,0.3334,0.773,902,1.4004,0.2857,0.6534,0.1348,0.178,0.3593,0.5217,2.9316,0.3909,12,0.3947,2.218,0.2073,45,0.304,1.7079,0.142,69,0.42,21,0.4,40,
cross_database_transfer,chembl_to_bindingdb_exact_ligand_purged,rich_scalars_only,2,chembl_raw,bindingdb_raw,P49841,Glycogen synthase kinase-3 beta,1515,0.1842,0.384,0.7664,422,1.7452,0.1702,0.4359,-0.1135,0.1842,0.2025,0.125,0.6788,0.0167,2,0.2105,1.1432,0.0399,16,0.2039,1.1075,0.0416,31,0.22,11,0.22,22,
cross_database_transfer,chembl_to_bindingdb_exact_ligand_purged,rich_scalars_only,2,chembl_raw,bindingdb_raw,P00742,Coagulation factor X,643,0.5008,0.9152,0.7789,364,1.367,0.5439,0.5417,0.0773,0.5008,0.5856,0.4286,0.8558,0.1762,3,0.5455,1.0892,0.2966,18,0.6308,1.2596,0.3618,41,0.6,30,0.6,60,
cross_database_transfer,chembl_to_bindingdb_exact_ligand_purged,rich_scalars_only,2,chembl_raw,bindingdb_raw,P04150,Glucocorticoid receptor,1510,0.2536,0.4826,0.7646,608,1.2841,0.3307,0.6387,0.1788,0.2536,0.2813,0.0625,0.2464,0.0312,1,0.1842,0.7263,0.0373,14,0.3113,1.2272,0.0764,47,0.18,9,0.26,26,
cross_database_transfer,chembl_to_bindingdb_exact_ligand_purged,rich_scalars_only,2,chembl_raw,bindingdb_raw,P23458,Tyrosine-protein kinase JAK1,934,0.1842,0.3266,0.7583,589,1.6478,0.3219,0.6988,0.1198,0.1842,0.3683,0.5,2.7151,0.5,5,0.4255,2.3107,0.2349,20,0.3298,1.7908,0.1627,31,0.42,21,0.34,34,
cross_database_transfer,chembl_to_bindingdb_exact_ligand_purged,rich_scalars_only,2,chembl_raw,bindingdb_raw,P35462,D(3) dopamine receptor,400,0.3675,0.6675,0.7691,186,1.4675,0.4098,0.5432,0.0448,0.3675,0.4058,0.75,2.0408,0.6875,3,0.35,0.9524,0.2751,7,0.35,0.9524,0.198,14,0.36,18,0.39,39,
cross_database_transfer,chembl_to_bindingdb_exact_ligand_purged,rich_scalars_only,2,chembl_raw,bindingdb_raw,P10275,Androgen receptor,739,0.2923,0.5441,0.775,244,1.4709,0.3714,0.6356,0.1924,0.2923,0.3616,0.25,0.8553,0.0729,2,0.3514,1.2021,0.1295,13,0.3649,1.2483,0.1337,27,0.38,19,0.36,36,
cross_database_transfer,chembl_to_bindingdb_exact_ligand_purged,rich_scalars_only,2,chembl_raw,bindingdb_raw,Q9Y5N1,Histamine H3 receptor,1315,0.4106,0.7382,0.776,585,1.1757,0.4839,0.5766,0.0992,0.4106,0.5708,0.6429,1.5655,0.5543,9,0.6364,1.5497,0.4551,42,0.5379,1.3098,0.3584,71,0.68,34,0.58,58,
cross_database_transfer,chembl_to_bindingdb_exact_ligand_purged,rich_scalars_only,2,chembl_raw,bindingdb_raw,P42336,"Phosphatidylinositol 4,5-bisphosphate 3-kinase catalytic subunit alpha isoform",1146,0.322,0.561,0.7642,402,1.212,0.3548,0.5114,0.0124,0.322,0.4468,0.5833,1.8117,0.3382,7,0.5,1.5528,0.2655,29,0.4348,1.3503,0.2183,50,0.5,25,0.44,44,
cross_database_transfer,chembl_to_bindingdb_exact_ligand_purged,rich_scalars_only,2,chembl_raw,bindingdb_raw,Q01959,Sodium-dependent dopamine transporter,528,0.2235,0.4015,0.7769,188,1.2008,0.2915,0.586,0.0869,0.2235,0.3598,0.3333,1.4915,0.1083,2,0.3704,1.6573,0.1399,10,0.3774,1.6885,0.1421,20,0.38,19,0.33,33,
cross_database_transfer,chembl_to_bindingdb_exact_ligand_purged,rich_scalars_only,2,chembl_raw,bindingdb_raw,P41143,Delta-type opioid receptor,1057,0.3065,0.58,0.7858,457,1.4163,0.4342,0.5954,0.0967,0.3065,0.5934,0.8182,2.6692,0.7413,9,0.717,2.339,0.5892,38,0.5283,1.7235,0.3924,56,0.74,37,0.53,53,
cross_database_transfer,chembl_to_bindingdb_exact_ligand_purged,rich_scalars_only,2,chembl_raw,bindingdb_raw,P41145,Kappa-type opioid receptor,992,0.5514,1.0688,0.7753,354,1.7782,0.7501,0.7142,0.2686,0.5514,0.8398,0.8,1.4508,0.7454,8,0.82,1.4871,0.7045,41,0.85,1.5415,0.721,85,0.82,41,0.85,85,
cross_database_transfer,chembl_to_bindingdb_exact_ligand_purged,rich_scalars_only,2,chembl_raw,bindingdb_raw,P00734,Prothrombin,491,0.336,0.655,0.7718,308,1.3625,0.4054,0.557,0.1138,0.336,0.4554,0.4,1.1903,0.4,2,0.44,1.3093,0.2258,11,0.48,1.4284,0.2381,24,0.48,24,0.47,47,
cross_database_transfer,chembl_to_bindingdb_exact_ligand_purged,rich_scalars_only,2,chembl_raw,bindingdb_raw,P21917,D(4) dopamine receptor,456,0.3421,0.5766,0.7812,207,1.1996,0.3988,0.5433,0.0607,0.3421,0.4736,0.4,1.1692,0.2333,2,0.4783,1.398,0.2664,11,0.4348,1.2709,0.2246,20,0.46,23,0.42,42,
cross_database_transfer,chembl_to_bindingdb_exact_ligand_purged,rich_scalars_only,2,chembl_raw,bindingdb_raw,P08908,5-hydroxytryptamine receptor 1A,664,0.4051,0.7068,0.7792,289,1.2139,0.4733,0.5845,0.1158,0.4051,0.5077,0.4286,1.0579,0.2993,3,0.6176,1.5246,0.3364,21,0.5075,1.2526,0.276,34,0.52,26,0.51,51,
cross_database_transfer,chembl_to_bindingdb_exact_ligand_purged,rich_scalars_only,2,chembl_raw,bindingdb_raw,Q99720,Sigma non-opioid intracellular receptor 1,823,0.2503,0.487,0.7922,351,1.2078,0.3553,0.6767,0.263,0.2503,0.3366,0.1111,0.4439,0.0139,1,0.381,1.522,0.1308,16,0.3012,1.2034,0.0991,25,0.32,16,0.32,32,
cross_database_transfer,chembl_to_bindingdb_exact_ligand_purged,rich_scalars_only,2,chembl_raw,bindingdb_raw,Q9HAZ1,Dual specificity protein kinase CLK4,919,0.2884,0.5863,0.7733,283,1.1251,0.364,0.5353,0.0372,0.2884,0.474,0.8,2.7743,0.7764,8,0.5435,1.8847,0.3925,25,0.4022,1.3947,0.2563,37,0.54,27,0.42,42,
cross_database_transfer,chembl_to_bindingdb_exact_ligand_purged,rich_scalars_only,2,chembl_raw,bindingdb_raw,P31645,Sodium-dependent serotonin transporter,402,0.2662,0.4929,0.7808,229,1.2363,0.3656,0.5738,0.0816,0.2662,0.4886,0.8,3.0056,0.6433,4,0.5238,1.968,0.3321,11,0.4634,1.7411,0.2741,19,0.42,21,0.36,36,
cross_database_transfer,chembl_to_bindingdb_exact_ligand_purged,extratrees_scalars,2,chembl_raw,bindingdb_raw,P11309,Serine/threonine-protein kinase pim-1,1595,0.3361,0.5684,0.7625,456,1.3843,0.4046,0.5821,0.1088,0.3361,0.4609,0.4375,1.3019,0.1812,7,0.475,1.4135,0.2206,38,0.475,1.4135,0.2222,76,0.46,23,0.49,49,
cross_database_transfer,chembl_to_bindingdb_exact_ligand_purged,extratrees_scalars,2,chembl_raw,bindingdb_raw,P35367,Histamine H1 receptor,1008,0.2808,0.5486,0.7844,373,1.2867,0.378,0.5961,0.102,0.2808,0.4925,0.5455,1.9428,0.3097,6,0.5098,1.8158,0.3067,26,0.4653,1.6575,0.2622,47,0.52,26,0.47,47,
cross_database_transfer,chembl_to_bindingdb_exact_ligand_purged,extratrees_scalars,2,chembl_raw,bindingdb_raw,P00519,Tyrosine-protein kinase ABL1,1361,0.4533,0.7713,0.7612,420,1.5129,0.5158,0.5665,0.0839,0.4533,0.5788,0.5714,1.2605,0.4521,8,0.5942,1.3107,0.3795,41,0.6058,1.3364,0.3708,83,0.58,29,0.58,58,
cross_database_transfer,chembl_to_bindingdb_exact_ligand_purged,extratrees_scalars,2,chembl_raw,bindingdb_raw,O43614,Orexin receptor type 2,835,0.382,0.6712,0.7624,403,1.7078,0.4959,0.5567,0.1191,0.382,0.6766,1.0,2.6176,1.0,9,0.7381,1.932,0.6909,31,0.6071,1.5892,0.5047,51,0.72,36,0.6,60,
cross_database_transfer,chembl_to_bindingdb_exact_ligand_purged,extratrees_scalars,2,chembl_raw,bindingdb_raw,P35372,Mu-type opioid receptor,881,0.3269,0.476,0.7833,338,1.2633,0.3903,0.5515,0.048,0.3269,0.4744,0.5556,1.6995,0.5062,5,0.5111,1.5635,0.3439,23,0.4382,1.3405,0.2583,39,0.52,26,0.43,43,
cross_database_transfer,chembl_to_bindingdb_exact_ligand_purged,extratrees_scalars,2,chembl_raw,bindingdb_raw,O60674,Tyrosine-protein kinase JAK2,2270,0.178,0.3334,0.773,902,1.4004,0.29,0.651,0.1347,0.178,0.3718,0.4348,2.443,0.3714,10,0.3947,2.218,0.2147,45,0.326,1.8317,0.1545,74,0.48,24,0.4,40,
cross_database_transfer,chembl_to_bindingdb_exact_ligand_purged,extratrees_scalars,2,chembl_raw,bindingdb_raw,P49841,Glycogen synthase kinase-3 beta,1515,0.1842,0.384,0.7664,422,1.7452,0.1753,0.4168,-0.0506,0.1842,0.2286,0.375,2.0363,0.1503,6,0.25,1.3575,0.0783,19,0.2237,1.2146,0.0624,34,0.26,13,0.23,23,
cross_database_transfer,chembl_to_bindingdb_exact_ligand_purged,extratrees_scalars,2,chembl_raw,bindingdb_raw,P00742,Coagulation factor X,643,0.5008,0.9152,0.7789,364,1.367,0.5685,0.5854,0.0906,0.5008,0.5719,0.7143,1.4264,0.5616,5,0.5455,1.0892,0.3172,18,0.5538,1.106,0.3246,36,0.58,29,0.6,60,
cross_database_transfer,chembl_to_bindingdb_exact_ligand_purged,extratrees_scalars,2,chembl_raw,bindingdb_raw,P04150,Glucocorticoid receptor,1510,0.2536,0.4826,0.7646,608,1.2841,0.3883,0.6527,0.1809,0.2536,0.4957,0.4375,1.7249,0.2149,7,0.5395,2.1269,0.2722,41,0.5232,2.0627,0.2732,79,0.5,25,0.55,55,
cross_database_transfer,chembl_to_bindingdb_exact_ligand_purged,extratrees_scalars,2,chembl_raw,bindingdb_raw,P23458,Tyrosine-protein kinase JAK1,934,0.1842,0.3266,0.7583,589,1.6478,0.2839,0.6723,0.0881,0.1842,0.3327,0.4,2.1721,0.1729,4,0.383,2.0797,0.1609,18,0.2872,1.5597,0.1107,27,0.38,19,0.28,28,
cross_database_transfer,chembl_to_bindingdb_exact_ligand_purged,extratrees_scalars,2,chembl_raw,bindingdb_raw,P35462,D(3) dopamine receptor,400,0.3675,0.6675,0.7691,186,1.4675,0.4079,0.5418,0.073,0.3675,0.4427,0.5,1.3605,0.2083,2,0.45,1.2245,0.2204,9,0.4,1.0884,0.1908,16,0.44,22,0.42,42,
cross_database_transfer,chembl_to_bindingdb_exact_ligand_purged,extratrees_scalars,2,chembl_raw,bindingdb_raw,P10275,Androgen receptor,739,0.2923,0.5441,0.775,244,1.4709,0.4084,0.6429,0.153,0.2923,0.487,0.375,1.283,0.1792,3,0.5135,1.7569,0.2684,19,0.5,1.7106,0.2587,37,0.54,27,0.47,47,
cross_database_transfer,chembl_to_bindingdb_exact_ligand_purged,extratrees_scalars,2,chembl_raw,bindingdb_raw,Q9Y5N1,Histamine H3 receptor,1315,0.4106,0.7382,0.776,585,1.1757,0.4851,0.5983,0.1346,0.4106,0.5093,0.5,1.2176,0.3552,7,0.5455,1.3283,0.3168,36,0.4697,1.1438,0.2564,62,0.56,28,0.48,48,
cross_database_transfer,chembl_to_bindingdb_exact_ligand_purged,extratrees_scalars,2,chembl_raw,bindingdb_raw,P42336,"Phosphatidylinositol 4,5-bisphosphate 3-kinase catalytic subunit alpha isoform",1146,0.322,0.561,0.7642,402,1.212,0.364,0.5443,0.0833,0.322,0.4124,0.5,1.5528,0.214,6,0.4828,1.4993,0.219,28,0.3913,1.2153,0.1704,45,0.44,22,0.38,38,
cross_database_transfer,chembl_to_bindingdb_exact_ligand_purged,extratrees_scalars,2,chembl_raw,bindingdb_raw,Q01959,Sodium-dependent dopamine transporter,528,0.2235,0.4015,0.7769,188,1.2008,0.284,0.5687,0.0674,0.2235,0.3555,0.3333,1.4915,0.0972,2,0.4444,1.9887,0.1737,12,0.3396,1.5197,0.1329,18,0.34,17,0.28,28,
cross_database_transfer,chembl_to_bindingdb_exact_ligand_purged,extratrees_scalars,2,chembl_raw,bindingdb_raw,P41143,Delta-type opioid receptor,1057,0.3065,0.58,0.7858,457,1.4163,0.4744,0.6083,0.1434,0.3065,0.6743,1.0,3.2623,1.0,11,0.8113,2.6468,0.7345,43,0.6132,2.0005,0.5117,65,0.82,41,0.62,62,
cross_database_transfer,chembl_to_bindingdb_exact_ligand_purged,extratrees_scalars,2,chembl_raw,bindingdb_raw,P41145,Kappa-type opioid receptor,992,0.5514,1.0688,0.7753,354,1.7782,0.7155,0.6819,0.2632,0.5514,0.7926,0.7,1.2695,0.5248,7,0.8,1.4508,0.6355,40,0.79,1.4327,0.629,79,0.8,40,0.79,79,
cross_database_transfer,chembl_to_bindingdb_exact_ligand_purged,extratrees_scalars,2,chembl_raw,bindingdb_raw,P00734,Prothrombin,491,0.336,0.655,0.7718,308,1.3625,0.3937,0.5584,0.0588,0.336,0.4294,0.8,2.3806,0.76,4,0.44,1.3093,0.2948,11,0.42,1.2498,0.2293,21,0.42,21,0.38,38,
cross_database_transfer,chembl_to_bindingdb_exact_ligand_purged,extratrees_scalars,2,chembl_raw,bindingdb_raw,P21917,D(4) dopamine receptor,456,0.3421,0.5766,0.7812,207,1.1996,0.4412,0.5794,0.1256,0.3421,0.5618,0.4,1.1692,0.1667,2,0.6522,1.9064,0.395,15,0.5652,1.6522,0.3395,26,0.56,28,0.46,46,
cross_database_transfer,chembl_to_bindingdb_exact_ligand_purged,extratrees_scalars,2,chembl_raw,bindingdb_raw,P08908,5-hydroxytryptamine receptor 1A,664,0.4051,0.7068,0.7792,289,1.2139,0.4883,0.5997,0.1305,0.4051,0.5034,0.5714,1.4105,0.5102,4,0.5,1.2342,0.2895,17,0.5373,1.3263,0.2905,36,0.5,25,0.53,53,
cross_database_transfer,chembl_to_bindingdb_exact_ligand_purged,extratrees_scalars,2,chembl_raw,bindingdb_raw,Q99720,Sigma non-opioid intracellular receptor 1,823,0.2503,0.487,0.7922,351,1.2078,0.3804,0.6368,0.1787,0.2503,0.465,0.5556,2.2195,0.5556,5,0.5,1.9976,0.2947,21,0.4819,1.9254,0.2643,40,0.54,27,0.45,45,
cross_database_transfer,chembl_to_bindingdb_exact_ligand_purged,extratrees_scalars,2,chembl_raw,bindingdb_raw,Q9HAZ1,Dual specificity protein kinase CLK4,919,0.2884,0.5863,0.7733,283,1.1251,0.3392,0.557,0.0932,0.2884,0.379,0.2,0.6936,0.05,2,0.3696,1.2816,0.115,17,0.413,1.4324,0.1539,38,0.36,18,0.44,44,
cross_database_transfer,chembl_to_bindingdb_exact_ligand_purged,extratrees_scalars,2,chembl_raw,bindingdb_raw,P31645,Sodium-dependent serotonin transporter,402,0.2662,0.4929,0.7808,229,1.2363,0.3565,0.5628,0.1225,0.2662,0.4552,0.6,2.2542,0.42,3,0.4762,1.7891,0.3032,10,0.4146,1.5578,0.2298,17,0.38,19,0.41,41,
cross_database_transfer,chembl_to_bindingdb_pair_scaffold_purged,ecfp_absdiff_xgb,0,chembl_raw,bindingdb_raw,P11309,Serine/threonine-protein kinase pim-1,1595,0.3361,0.5684,0.7625,456,1.3843,0.3495,0.5079,0.0182,0.3361,0.3963,0.3125,0.9299,0.242,5,0.4375,1.3019,0.1976,35,0.4062,1.2089,0.1762,65,0.36,18,0.42,42,
cross_database_transfer,chembl_to_bindingdb_pair_scaffold_purged,ecfp_absdiff_xgb,0,chembl_raw,bindingdb_raw,P35367,Histamine H1 receptor,1008,0.2808,0.5486,0.7844,373,1.2867,0.3521,0.5742,0.0904,0.2808,0.4358,0.5455,1.9428,0.4291,6,0.3922,1.3968,0.1924,20,0.4851,1.728,0.2288,49,0.38,19,0.48,48,
cross_database_transfer,chembl_to_bindingdb_pair_scaffold_purged,ecfp_absdiff_xgb,0,chembl_raw,bindingdb_raw,P00519,Tyrosine-protein kinase ABL1,1361,0.4533,0.7713,0.7612,420,1.5129,0.4574,0.5091,0.019,0.4533,0.3871,0.1429,0.3151,0.0873,2,0.4058,0.8951,0.1348,28,0.438,0.9661,0.1629,60,0.32,16,0.4,40,
cross_database_transfer,chembl_to_bindingdb_pair_scaffold_purged,ecfp_absdiff_xgb,0,chembl_raw,bindingdb_raw,O43614,Orexin receptor type 2,835,0.382,0.6712,0.7624,403,1.7078,0.412,0.5352,0.0357,0.382,0.4078,0.6667,1.745,0.5611,6,0.381,0.9972,0.2196,16,0.369,0.966,0.1759,31,0.36,18,0.42,42,
cross_database_transfer,chembl_to_bindingdb_pair_scaffold_purged,ecfp_absdiff_xgb,0,chembl_raw,bindingdb_raw,P35372,Mu-type opioid receptor,881,0.3269,0.476,0.7833,338,1.2633,0.3604,0.5445,0.1269,0.3269,0.3371,0.6667,2.0394,0.4778,6,0.2667,0.8157,0.1587,12,0.3034,0.928,0.1329,27,0.26,13,0.33,33,
cross_database_transfer,chembl_to_bindingdb_pair_scaffold_purged,ecfp_absdiff_xgb,0,chembl_raw,bindingdb_raw,O60674,Tyrosine-protein kinase JAK2,2270,0.178,0.3334,0.773,902,1.4004,0.1856,0.5329,0.0186,0.178,0.1762,0.2174,1.2215,0.0657,5,0.1754,0.9858,0.0354,20,0.1674,0.9406,0.0323,38,0.16,8,0.17,17,
cross_database_transfer,chembl_to_bindingdb_pair_scaffold_purged,ecfp_absdiff_xgb,0,chembl_raw,bindingdb_raw,P49841,Glycogen synthase kinase-3 beta,1515,0.1842,0.384,0.7664,422,1.7452,0.1946,0.4766,-0.0967,0.1842,0.2001,0.4375,2.3757,0.3553,7,0.1711,0.9288,0.0923,13,0.1579,0.8574,0.0569,24,0.22,11,0.15,15,
cross_database_transfer,chembl_to_bindingdb_pair_scaffold_purged,ecfp_absdiff_xgb,0,chembl_raw,bindingdb_raw,P00742,Coagulation factor X,643,0.5008,0.9152,0.7789,364,1.367,0.4972,0.4845,-0.0155,0.5008,0.4673,0.7143,1.4264,0.6092,5,0.3939,0.7867,0.269,13,0.4154,0.8295,0.2279,27,0.44,22,0.45,45,
cross_database_transfer,chembl_to_bindingdb_pair_scaffold_purged,ecfp_absdiff_xgb,0,chembl_raw,bindingdb_raw,P04150,Glucocorticoid receptor,1510,0.2536,0.4826,0.7646,608,1.2841,0.2622,0.5222,0.0472,0.2536,0.2716,0.375,1.4785,0.1229,6,0.25,0.9856,0.0795,19,0.2252,0.8877,0.0655,34,0.32,16,0.27,27,
cross_database_transfer,chembl_to_bindingdb_pair_scaffold_purged,ecfp_absdiff_xgb,0,chembl_raw,bindingdb_raw,P23458,Tyrosine-protein kinase JAK1,934,0.1842,0.3266,0.7583,589,1.6478,0.2748,0.6459,0.1693,0.1842,0.3323,0.7,3.8012,0.4563,7,0.3617,1.9641,0.2104,17,0.2553,1.3864,0.1268,24,0.36,18,0.27,27,
cross_database_transfer,chembl_to_bindingdb_pair_scaffold_purged,ecfp_absdiff_xgb,0,chembl_raw,bindingdb_raw,P35462,D(3) dopamine receptor,400,0.3675,0.6675,0.7691,186,1.4675,0.398,0.5271,0.0384,0.3675,0.4873,0.75,2.0408,0.4792,3,0.5,1.3605,0.3232,10,0.475,1.2925,0.2716,19,0.42,21,0.38,38,
cross_database_transfer,chembl_to_bindingdb_pair_scaffold_purged,ecfp_absdiff_xgb,0,chembl_raw,bindingdb_raw,P10275,Androgen receptor,739,0.2923,0.5441,0.775,244,1.4709,0.2889,0.4957,0.0241,0.2923,0.2688,0.5,1.7106,0.1827,4,0.2703,0.9247,0.0952,10,0.2432,0.8322,0.0728,18,0.22,11,0.27,27,
cross_database_transfer,chembl_to_bindingdb_pair_scaffold_purged,ecfp_absdiff_xgb,0,chembl_raw,bindingdb_raw,Q9Y5N1,Histamine H3 receptor,1315,0.4106,0.7382,0.776,585,1.1757,0.3934,0.4708,-0.0512,0.4106,0.4134,0.3571,0.8697,0.1201,5,0.3939,0.9593,0.1567,26,0.4242,1.0331,0.1785,56,0.42,21,0.46,46,
cross_database_transfer,chembl_to_bindingdb_pair_scaffold_purged,ecfp_absdiff_xgb,0,chembl_raw,bindingdb_raw,P42336,"Phosphatidylinositol 4,5-bisphosphate 3-kinase catalytic subunit alpha isoform",1146,0.322,0.561,0.7642,402,1.212,0.3766,0.5529,0.0859,0.322,0.4234,0.8333,2.5881,0.7977,10,0.3966,1.2316,0.3024,23,0.3826,1.1883,0.221,44,0.46,23,0.38,38,
cross_database_transfer,chembl_to_bindingdb_pair_scaffold_purged,ecfp_absdiff_xgb,0,chembl_raw,bindingdb_raw,Q01959,Sodium-dependent dopamine transporter,528,0.2235,0.4015,0.7769,188,1.2008,0.2206,0.4844,-0.0173,0.2235,0.2421,0.0,0.0,0.0,0,0.2963,1.3258,0.0765,8,0.2642,1.182,0.069,14,0.28,14,0.21,21,
cross_database_transfer,chembl_to_bindingdb_pair_scaffold_purged,ecfp_absdiff_xgb,0,chembl_raw,bindingdb_raw,P41143,Delta-type opioid receptor,1057,0.3065,0.58,0.7858,457,1.4163,0.3849,0.5449,0.0042,0.3065,0.5432,1.0,3.2623,1.0,11,0.5849,1.9082,0.5414,31,0.4434,1.4465,0.3508,47,0.62,31,0.46,46,
cross_database_transfer,chembl_to_bindingdb_pair_scaffold_purged,ecfp_absdiff_xgb,0,chembl_raw,bindingdb_raw,P41145,Kappa-type opioid receptor,992,0.5514,1.0688,0.7753,354,1.7782,0.5972,0.5591,0.1249,0.5514,0.626,0.7,1.2695,0.7,7,0.66,1.1969,0.514,33,0.58,1.0518,0.4082,58,0.66,33,0.58,58,
cross_database_transfer,chembl_to_bindingdb_pair_scaffold_purged,ecfp_absdiff_xgb,0,chembl_raw,bindingdb_raw,P00734,Prothrombin,491,0.336,0.655,0.7718,308,1.3625,0.3682,0.5062,0.0008,0.336,0.5013,0.4,1.1903,0.13,2,0.56,1.6664,0.3186,14,0.44,1.3093,0.2408,22,0.44,22,0.41,41,
cross_database_transfer,chembl_to_bindingdb_pair_scaffold_purged,ecfp_absdiff_xgb,0,chembl_raw,bindingdb_raw,P21917,D(4) dopamine receptor,456,0.3421,0.5766,0.7812,207,1.1996,0.3839,0.5669,0.1001,0.3421,0.3771,0.6,1.7538,0.2867,3,0.3478,1.0167,0.1363,8,0.4348,1.2709,0.1677,20,0.42,21,0.41,41,
cross_database_transfer,chembl_to_bindingdb_pair_scaffold_purged,ecfp_absdiff_xgb,0,chembl_raw,bindingdb_raw,P08908,5-hydroxytryptamine receptor 1A,664,0.4051,0.7068,0.7792,289,1.2139,0.4282,0.5148,0.0342,0.4051,0.3756,0.2857,0.7053,0.2857,2,0.3824,0.9438,0.1692,13,0.3731,0.921,0.1554,25,0.36,18,0.4,40,
cross_database_transfer,chembl_to_bindingdb_pair_scaffold_purged,ecfp_absdiff_xgb,0,chembl_raw,bindingdb_raw,Q99720,Sigma non-opioid intracellular receptor 1,823,0.2503,0.487,0.7922,351,1.2078,0.271,0.5347,0.0818,0.2503,0.2545,0.3333,1.3317,0.1481,3,0.3095,1.2366,0.1054,13,0.241,0.9627,0.075,20,0.26,13,0.21,21,
cross_database_transfer,chembl_to_bindingdb_pair_scaffold_purged,ecfp_absdiff_xgb,0,chembl_raw,bindingdb_raw,Q9HAZ1,Dual specificity protein kinase CLK4,919,0.2884,0.5863,0.7733,283,1.1251,0.3226,0.5208,0.0202,0.2884,0.4019,0.2,0.6936,0.0533,2,0.5217,1.8094,0.2395,24,0.3696,1.2816,0.1701,34,0.5,25,0.37,37,
cross_database_transfer,chembl_to_bindingdb_pair_scaffold_purged,ecfp_absdiff_xgb,0,chembl_raw,bindingdb_raw,P31645,Sodium-dependent serotonin transporter,402,0.2662,0.4929,0.7808,229,1.2363,0.2935,0.5401,0.0437,0.2662,0.2671,0.4,1.5028,0.13,2,0.1905,0.7156,0.082,4,0.2683,1.008,0.0852,11,0.24,12,0.28,28,
cross_database_transfer,chembl_to_bindingdb_pair_scaffold_purged,rich_diff_scalars,0,chembl_raw,bindingdb_raw,P11309,Serine/threonine-protein kinase pim-1,1595,0.3361,0.5684,0.7625,456,1.3843,0.3879,0.5601,0.0581,0.3361,0.4287,0.625,1.8598,0.425,10,0.4625,1.3763,0.2615,37,0.3625,1.0787,0.1859,58,0.5,25,0.43,43,
cross_database_transfer,chembl_to_bindingdb_pair_scaffold_purged,rich_diff_scalars,0,chembl_raw,bindingdb_raw,P35367,Histamine H1 receptor,1008,0.2808,0.5486,0.7844,373,1.2867,0.3684,0.5393,0.0792,0.2808,0.5142,0.6364,2.2666,0.4,7,0.6078,2.165,0.3957,31,0.495,1.7633,0.2938,50,0.6,30,0.5,50,
cross_database_transfer,chembl_to_bindingdb_pair_scaffold_purged,rich_diff_scalars,0,chembl_raw,bindingdb_raw,P00519,Tyrosine-protein kinase ABL1,1361,0.4533,0.7713,0.7612,420,1.5129,0.5798,0.6569,0.2544,0.4533,0.6055,0.5,1.1029,0.3005,7,0.6232,1.3747,0.3437,43,0.6496,1.433,0.3891,89,0.54,27,0.65,65,
cross_database_transfer,chembl_to_bindingdb_pair_scaffold_purged,rich_diff_scalars,0,chembl_raw,bindingdb_raw,O43614,Orexin receptor type 2,835,0.382,0.6712,0.7624,403,1.7078,0.4375,0.5447,0.0945,0.382,0.5,0.6667,1.745,0.588,6,0.5476,1.4334,0.3746,23,0.4643,1.2153,0.2759,39,0.46,23,0.47,47,
cross_database_transfer,chembl_to_bindingdb_pair_scaffold_purged,rich_diff_scalars,0,chembl_raw,bindingdb_raw,P35372,Mu-type opioid receptor,881,0.3269,0.476,0.7833,338,1.2633,0.407,0.6029,0.1618,0.3269,0.455,0.3333,1.0197,0.2698,3,0.4667,1.4275,0.2268,21,0.4944,1.5123,0.2409,44,0.5,25,0.47,47,
cross_database_transfer,chembl_to_bindingdb_pair_scaffold_purged,rich_diff_scalars,0,chembl_raw,bindingdb_raw,O60674,Tyrosine-protein kinase JAK2,2270,0.178,0.3334,0.773,902,1.4004,0.2777,0.6577,0.1245,0.178,0.3448,0.4783,2.6873,0.1985,11,0.3684,2.0701,0.1609,42,0.2996,1.6832,0.1195,68,0.46,23,0.34,34,
cross_database_transfer,chembl_to_bindingdb_pair_scaffold_purged,rich_diff_scalars,0,chembl_raw,bindingdb_raw,P49841,Glycogen synthase kinase-3 beta,1515,0.1842,0.384,0.7664,422,1.7452,0.1588,0.3878,-0.2044,0.1842,0.1556,0.0,0.0,0.0,0,0.1184,0.643,0.0106,9,0.2039,1.1075,0.031,31,0.1,5,0.17,17,
cross_database_transfer,chembl_to_bindingdb_pair_scaffold_purged,rich_diff_scalars,0,chembl_raw,bindingdb_raw,P00742,Coagulation factor X,643,0.5008,0.9152,0.7789,364,1.367,0.5571,0.5223,0.0511,0.5008,0.6787,0.7143,1.4264,0.6259,5,0.7273,1.4523,0.562,24,0.6769,1.3517,0.495,44,0.68,34,0.65,65,
cross_database_transfer,chembl_to_bindingdb_pair_scaffold_purged,rich_diff_scalars,0,chembl_raw,bindingdb_raw,P04150,Glucocorticoid receptor,1510,0.2536,0.4826,0.7646,608,1.2841,0.4146,0.6643,0.2159,0.2536,0.5222,0.6875,2.7105,0.557,11,0.5789,2.2825,0.3788,44,0.4834,1.906,0.2894,73,0.62,31,0.52,52,
cross_database_transfer,chembl_to_bindingdb_pair_scaffold_purged,rich_diff_scalars,0,chembl_raw,bindingdb_raw,P23458,Tyrosine-protein kinase JAK1,934,0.1842,0.3266,0.7583,589,1.6478,0.3057,0.7004,0.1254,0.1842,0.3624,0.5,2.7151,0.2706,5,0.4043,2.1952,0.1773,19,0.3404,1.8486,0.1409,32,0.42,21,0.32,32,
cross_database_transfer,chembl_to_bindingdb_pair_scaffold_purged,rich_diff_scalars,0,chembl_raw,bindingdb_raw,P35462,D(3) dopamine receptor,400,0.3675,0.6675,0.7691,186,1.4675,0.3982,0.4949,-0.085,0.3675,0.4971,0.75,2.0408,0.6042,3,0.65,1.7687,0.4496,13,0.45,1.2245,0.2913,18,0.38,19,0.36,36,
cross_database_transfer,chembl_to_bindingdb_pair_scaffold_purged,rich_diff_scalars,0,chembl_raw,bindingdb_raw,P10275,Androgen receptor,739,0.2923,0.5441,0.775,244,1.4709,0.3522,0.5718,0.0409,0.2923,0.3738,0.5,1.7106,0.3244,4,0.3243,1.1096,0.1473,12,0.4054,1.387,0.1638,30,0.34,17,0.39,39,
cross_database_transfer,chembl_to_bindingdb_pair_scaffold_purged,rich_diff_scalars,0,chembl_raw,bindingdb_raw,Q9Y5N1,Histamine H3 receptor,1315,0.4106,0.7382,0.776,585,1.1757,0.4966,0.5857,0.0916,0.4106,0.5681,0.7857,1.9134,0.6535,11,0.5909,1.439,0.4054,39,0.5379,1.3098,0.3406,71,0.58,29,0.58,58,
cross_database_transfer,chembl_to_bindingdb_pair_scaffold_purged,rich_diff_scalars,0,chembl_raw,bindingdb_raw,P42336,"Phosphatidylinositol 4,5-bisphosphate 3-kinase catalytic subunit alpha isoform",1146,0.322,0.561,0.7642,402,1.212,0.2962,0.479,0.0132,0.322,0.1932,0.25,0.7764,0.0653,3,0.1897,0.589,0.0474,11,0.1565,0.4861,0.0344,18,0.22,11,0.15,15,
cross_database_transfer,chembl_to_bindingdb_pair_scaffold_purged,rich_diff_scalars,0,chembl_raw,bindingdb_raw,Q01959,Sodium-dependent dopamine transporter,528,0.2235,0.4015,0.7769,188,1.2008,0.2765,0.5584,0.035,0.2235,0.3363,0.3333,1.4915,0.1944,2,0.3704,1.6573,0.177,10,0.283,1.2664,0.122,15,0.28,14,0.28,28,
cross_database_transfer,chembl_to_bindingdb_pair_scaffold_purged,rich_diff_scalars,0,chembl_raw,bindingdb_raw,P41143,Delta-type opioid receptor,1057,0.3065,0.58,0.7858,457,1.4163,0.4071,0.5542,0.0752,0.3065,0.511,1.0,3.2623,1.0,11,0.5283,1.7235,0.4436,28,0.4623,1.5081,0.3147,49,0.56,28,0.46,46,
cross_database_transfer,chembl_to_bindingdb_pair_scaffold_purged,rich_diff_scalars,0,chembl_raw,bindingdb_raw,P41145,Kappa-type opioid receptor,992,0.5514,1.0688,0.7753,354,1.7782,0.7394,0.7296,0.3465,0.5514,0.8137,0.8,1.4508,0.5309,8,0.8,1.4508,0.6099,40,0.88,1.5959,0.7091,88,0.8,40,0.88,88,
cross_database_transfer,chembl_to_bindingdb_pair_scaffold_purged,rich_diff_scalars,0,chembl_raw,bindingdb_raw,P00734,Prothrombin,491,0.336,0.655,0.7718,308,1.3625,0.4424,0.5539,0.0936,0.336,0.6054,0.8,2.3806,0.8,4,0.68,2.0235,0.5915,17,0.52,1.5474,0.4017,26,0.52,26,0.45,45,
cross_database_transfer,chembl_to_bindingdb_pair_scaffold_purged,rich_diff_scalars,0,chembl_raw,bindingdb_raw,P21917,D(4) dopamine receptor,456,0.3421,0.5766,0.7812,207,1.1996,0.4092,0.5408,0.0342,0.3421,0.5043,0.6,1.7538,0.52,3,0.6087,1.7793,0.3902,14,0.4565,1.3344,0.2782,21,0.46,23,0.39,39,
cross_database_transfer,chembl_to_bindingdb_pair_scaffold_purged,rich_diff_scalars,0,chembl_raw,bindingdb_raw,P08908,5-hydroxytryptamine receptor 1A,664,0.4051,0.7068,0.7792,289,1.2139,0.4254,0.5391,0.0986,0.4051,0.3484,0.0,0.0,0.0,0,0.2647,0.6534,0.0682,9,0.3881,0.9579,0.122,26,0.34,17,0.42,42,
cross_database_transfer,chembl_to_bindingdb_pair_scaffold_purged,rich_diff_scalars,0,chembl_raw,bindingdb_raw,Q99720,Sigma non-opioid intracellular receptor 1,823,0.2503,0.487,0.7922,351,1.2078,0.3874,0.6598,0.1914,0.2503,0.4634,0.3333,1.3317,0.2593,3,0.5,1.9976,0.2367,21,0.506,2.0216,0.2535,42,0.54,27,0.46,46,
cross_database_transfer,chembl_to_bindingdb_pair_scaffold_purged,rich_diff_scalars,0,chembl_raw,bindingdb_raw,Q9HAZ1,Dual specificity protein kinase CLK4,919,0.2884,0.5863,0.7733,283,1.1251,0.3339,0.5556,0.0963,0.2884,0.3366,0.4,1.3872,0.35,4,0.3043,1.0555,0.1311,14,0.3696,1.2816,0.1442,34,0.3,15,0.38,38,
cross_database_transfer,chembl_to_bindingdb_pair_scaffold_purged,rich_diff_scalars,0,chembl_raw,bindingdb_raw,P31645,Sodium-dependent serotonin transporter,402,0.2662,0.4929,0.7808,229,1.2363,0.3897,0.593,0.1079,0.2662,0.5082,1.0,3.757,1.0,5,0.5238,1.968,0.4744,11,0.3902,1.4661,0.305,16,0.34,17,0.35,35,
cross_database_transfer,chembl_to_bindingdb_pair_scaffold_purged,rich_scalars_only,0,chembl_raw,bindingdb_raw,P11309,Serine/threonine-protein kinase pim-1,1595,0.3361,0.5684,0.7625,456,1.3843,0.4202,0.5918,0.1429,0.3361,0.5068,0.6875,2.0458,0.4142,11,0.5875,1.7483,0.3481,47,0.4688,1.3949,0.2652,75,0.58,29,0.54,54,
cross_database_transfer,chembl_to_bindingdb_pair_scaffold_purged,rich_scalars_only,0,chembl_raw,bindingdb_raw,P35367,Histamine H1 receptor,1008,0.2808,0.5486,0.7844,373,1.2867,0.3635,0.5495,0.0759,0.2808,0.4861,0.6364,2.2666,0.5752,7,0.5882,2.0952,0.4367,30,0.4059,1.4459,0.2754,41,0.6,30,0.4,40,
cross_database_transfer,chembl_to_bindingdb_pair_scaffold_purged,rich_scalars_only,0,chembl_raw,bindingdb_raw,P00519,Tyrosine-protein kinase ABL1,1361,0.4533,0.7713,0.7612,420,1.5129,0.5447,0.6205,0.1816,0.4533,0.5545,0.2857,0.6302,0.1625,4,0.5942,1.3107,0.3168,41,0.5839,1.2881,0.3199,80,0.58,29,0.56,56,
cross_database_transfer,chembl_to_bindingdb_pair_scaffold_purged,rich_scalars_only,0,chembl_raw,bindingdb_raw,O43614,Orexin receptor type 2,835,0.382,0.6712,0.7624,403,1.7078,0.4516,0.5381,0.0879,0.382,0.5504,0.6667,1.745,0.6389,6,0.5952,1.5581,0.4384,25,0.5,1.3088,0.3245,42,0.54,27,0.5,50,
cross_database_transfer,chembl_to_bindingdb_pair_scaffold_purged,rich_scalars_only,0,chembl_raw,bindingdb_raw,P35372,Mu-type opioid receptor,881,0.3269,0.476,0.7833,338,1.2633,0.4083,0.5916,0.1324,0.3269,0.4691,0.5556,1.6995,0.5238,5,0.4889,1.4955,0.2915,22,0.4719,1.4436,0.2557,42,0.46,23,0.48,48,
cross_database_transfer,chembl_to_bindingdb_pair_scaffold_purged,rich_scalars_only,0,chembl_raw,bindingdb_raw,O60674,Tyrosine-protein kinase JAK2,2270,0.178,0.3334,0.773,902,1.4004,0.2695,0.6552,0.164,0.178,0.3087,0.4348,2.443,0.1883,10,0.2807,1.5772,0.0969,32,0.2907,1.6337,0.0941,66,0.3,15,0.27,27,
cross_database_transfer,chembl_to_bindingdb_pair_scaffold_purged,rich_scalars_only,0,chembl_raw,bindingdb_raw,P49841,Glycogen synthase kinase-3 beta,1515,0.1842,0.384,0.7664,422,1.7452,0.1931,0.4484,0.0096,0.1842,0.2595,0.1875,1.0181,0.0519,3,0.2368,1.2861,0.0756,18,0.2697,1.4647,0.0773,41,0.3,15,0.26,26,
cross_database_transfer,chembl_to_bindingdb_pair_scaffold_purged,rich_scalars_only,0,chembl_raw,bindingdb_raw,P00742,Coagulation factor X,643,0.5008,0.9152,0.7789,364,1.367,0.5801,0.547,0.1045,0.5008,0.7127,1.0,1.9969,1.0,7,0.7576,1.5128,0.6708,25,0.6462,1.2903,0.5312,42,0.72,36,0.61,61,
cross_database_transfer,chembl_to_bindingdb_pair_scaffold_purged,rich_scalars_only,0,chembl_raw,bindingdb_raw,P04150,Glucocorticoid receptor,1510,0.2536,0.4826,0.7646,608,1.2841,0.4182,0.6761,0.2356,0.2536,0.5094,0.75,2.9569,0.6898,12,0.5395,2.1269,0.3647,41,0.4901,1.9321,0.2924,74,0.58,29,0.5,50,
cross_database_transfer,chembl_to_bindingdb_pair_scaffold_purged,rich_scalars_only,0,chembl_raw,bindingdb_raw,P23458,Tyrosine-protein kinase JAK1,934,0.1842,0.3266,0.7583,589,1.6478,0.3051,0.6836,0.1398,0.1842,0.3773,0.6,3.2581,0.3251,6,0.4255,2.3107,0.2192,20,0.2979,1.6175,0.1425,28,0.4,20,0.28,28,
cross_database_transfer,chembl_to_bindingdb_pair_scaffold_purged,rich_scalars_only,0,chembl_raw,bindingdb_raw,P35462,D(3) dopamine receptor,400,0.3675,0.6675,0.7691,186,1.4675,0.4029,0.5355,-0.0165,0.3675,0.4429,0.75,2.0408,0.6875,3,0.5,1.3605,0.3584,10,0.375,1.0204,0.2344,15,0.36,18,0.34,34,
cross_database_transfer,chembl_to_bindingdb_pair_scaffold_purged,rich_scalars_only,0,chembl_raw,bindingdb_raw,P10275,Androgen receptor,739,0.2923,0.5441,0.775,244,1.4709,0.3442,0.5863,0.0994,0.2923,0.3094,0.0,0.0,0.0,0,0.2432,0.8322,0.0461,9,0.3784,1.2945,0.108,28,0.34,17,0.39,39,
cross_database_transfer,chembl_to_bindingdb_pair_scaffold_purged,rich_scalars_only,0,chembl_raw,bindingdb_raw,Q9Y5N1,Histamine H3 receptor,1315,0.4106,0.7382,0.776,585,1.1757,0.5546,0.6483,0.206,0.4106,0.6282,0.8571,2.0873,0.784,12,0.6212,1.5128,0.4597,41,0.6212,1.5128,0.4183,82,0.58,29,0.59,59,
cross_database_transfer,chembl_to_bindingdb_pair_scaffold_purged,rich_scalars_only,0,chembl_raw,bindingdb_raw,P42336,"Phosphatidylinositol 4,5-bisphosphate 3-kinase catalytic subunit alpha isoform",1146,0.322,0.561,0.7642,402,1.212,0.3134,0.501,0.0284,0.322,0.2411,0.4167,1.294,0.309,5,0.2069,0.6426,0.1006,12,0.2174,0.6752,0.0756,25,0.22,11,0.21,21,
cross_database_transfer,chembl_to_bindingdb_pair_scaffold_purged,rich_scalars_only,0,chembl_raw,bindingdb_raw,Q01959,Sodium-dependent dopamine transporter,528,0.2235,0.4015,0.7769,188,1.2008,0.2858,0.5671,0.0819,0.2235,0.3449,0.3333,1.4915,0.2778,2,0.3704,1.6573,0.193,10,0.3208,1.4352,0.1451,17,0.34,17,0.29,29,
cross_database_transfer,chembl_to_bindingdb_pair_scaffold_purged,rich_scalars_only,0,chembl_raw,bindingdb_raw,P41143,Delta-type opioid receptor,1057,0.3065,0.58,0.7858,457,1.4163,0.4129,0.5964,0.1321,0.3065,0.4887,0.9091,2.9658,0.824,10,0.5472,1.7851,0.4098,29,0.4057,1.3234,0.2599,43,0.54,27,0.4,40,
cross_database_transfer,chembl_to_bindingdb_pair_scaffold_purged,rich_scalars_only,0,chembl_raw,bindingdb_raw,P41145,Kappa-type opioid receptor,992,0.5514,1.0688,0.7753,354,1.7782,0.7259,0.7039,0.2954,0.5514,0.8212,0.7,1.2695,0.5185,7,0.84,1.5234,0.6672,42,0.86,1.5596,0.7075,86,0.84,42,0.86,86,
cross_database_transfer,chembl_to_bindingdb_pair_scaffold_purged,rich_scalars_only,0,chembl_raw,bindingdb_raw,P00734,Prothrombin,491,0.336,0.655,0.7718,308,1.3625,0.4621,0.608,0.1677,0.336,0.5707,1.0,2.9758,1.0,5,0.6,1.7855,0.4811,15,0.52,1.5474,0.361,26,0.52,26,0.46,46,
cross_database_transfer,chembl_to_bindingdb_pair_scaffold_purged,rich_scalars_only,0,chembl_raw,bindingdb_raw,P21917,D(4) dopamine receptor,456,0.3421,0.5766,0.7812,207,1.1996,0.4256,0.5547,0.0214,0.3421,0.5416,0.6,1.7538,0.4533,3,0.5217,1.5251,0.3542,12,0.5435,1.5886,0.3314,25,0.56,28,0.43,43,
cross_database_transfer,chembl_to_bindingdb_pair_scaffold_purged,rich_scalars_only,0,chembl_raw,bindingdb_raw,P08908,5-hydroxytryptamine receptor 1A,664,0.4051,0.7068,0.7792,289,1.2139,0.4552,0.5672,0.0967,0.4051,0.4491,0.4286,1.0579,0.1374,3,0.3824,0.9438,0.1593,13,0.4776,1.1789,0.2062,32,0.44,22,0.5,50,
cross_database_transfer,chembl_to_bindingdb_pair_scaffold_purged,rich_scalars_only,0,chembl_raw,bindingdb_raw,Q99720,Sigma non-opioid intracellular receptor 1,823,0.2503,0.487,0.7922,351,1.2078,0.3873,0.6704,0.1706,0.2503,0.4417,0.3333,1.3317,0.2778,3,0.4048,1.6171,0.1854,17,0.506,2.0216,0.243,42,0.46,23,0.48,48,
cross_database_transfer,chembl_to_bindingdb_pair_scaffold_purged,rich_scalars_only,0,chembl_raw,bindingdb_raw,Q9HAZ1,Dual specificity protein kinase CLK4,919,0.2884,0.5863,0.7733,283,1.1251,0.3395,0.5442,0.0661,0.2884,0.3842,0.5,1.734,0.4714,5,0.3261,1.1308,0.209,15,0.3913,1.357,0.1853,36,0.32,16,0.4,40,
cross_database_transfer,chembl_to_bindingdb_pair_scaffold_purged,rich_scalars_only,0,chembl_raw,bindingdb_raw,P31645,Sodium-dependent serotonin transporter,402,0.2662,0.4929,0.7808,229,1.2363,0.3425,0.5802,0.0575,0.2662,0.4212,0.4,1.5028,0.2,2,0.5238,1.968,0.2568,11,0.4146,1.5578,0.1907,17,0.44,22,0.37,37,
cross_database_transfer,chembl_to_bindingdb_pair_scaffold_purged,extratrees_scalars,0,chembl_raw,bindingdb_raw,P11309,Serine/threonine-protein kinase pim-1,1595,0.3361,0.5684,0.7625,456,1.3843,0.3608,0.5221,0.0252,0.3361,0.3857,0.5625,1.6739,0.3738,9,0.375,1.1159,0.1846,30,0.3812,1.1345,0.1678,61,0.36,18,0.4,40,
cross_database_transfer,chembl_to_bindingdb_pair_scaffold_purged,extratrees_scalars,0,chembl_raw,bindingdb_raw,P35367,Histamine H1 receptor,1008,0.2808,0.5486,0.7844,373,1.2867,0.4235,0.6293,0.1769,0.2808,0.5599,0.7273,2.5904,0.5188,8,0.6471,2.3047,0.4155,33,0.5446,1.9396,0.343,55,0.66,33,0.54,54,
cross_database_transfer,chembl_to_bindingdb_pair_scaffold_purged,extratrees_scalars,0,chembl_raw,bindingdb_raw,P00519,Tyrosine-protein kinase ABL1,1361,0.4533,0.7713,0.7612,420,1.5129,0.555,0.6097,0.1675,0.4533,0.6193,0.8571,1.8907,0.6069,12,0.5942,1.3107,0.4007,41,0.6131,1.3525,0.3953,84,0.58,29,0.63,63,
cross_database_transfer,chembl_to_bindingdb_pair_scaffold_purged,extratrees_scalars,0,chembl_raw,bindingdb_raw,O43614,Orexin receptor type 2,835,0.382,0.6712,0.7624,403,1.7078,0.4332,0.53,0.1166,0.382,0.4851,0.6667,1.745,0.5823,6,0.4762,1.2465,0.3118,20,0.4286,1.1218,0.2395,36,0.44,22,0.46,46,
cross_database_transfer,chembl_to_bindingdb_pair_scaffold_purged,extratrees_scalars,0,chembl_raw,bindingdb_raw,P35372,Mu-type opioid receptor,881,0.3269,0.476,0.7833,338,1.2633,0.3719,0.5429,0.059,0.3269,0.42,0.4444,1.3596,0.4444,4,0.4444,1.3596,0.2631,20,0.4045,1.2374,0.2101,36,0.44,22,0.39,39,
cross_database_transfer,chembl_to_bindingdb_pair_scaffold_purged,extratrees_scalars,0,chembl_raw,bindingdb_raw,O60674,Tyrosine-protein kinase JAK2,2270,0.178,0.3334,0.773,902,1.4004,0.2762,0.6414,0.1358,0.178,0.3639,0.3913,2.1987,0.2316,9,0.4123,2.3165,0.1935,47,0.3172,1.7822,0.1385,72,0.44,22,0.41,41,
cross_database_transfer,chembl_to_bindingdb_pair_scaffold_purged,extratrees_scalars,0,chembl_raw,bindingdb_raw,P49841,Glycogen synthase kinase-3 beta,1515,0.1842,0.384,0.7664,422,1.7452,0.1754,0.3871,-0.0805,0.1842,0.2205,0.5,2.7151,0.3362,8,0.2237,1.2146,0.1116,17,0.1842,1.0003,0.0701,28,0.28,14,0.2,20,
cross_database_transfer,chembl_to_bindingdb_pair_scaffold_purged,extratrees_scalars,0,chembl_raw,bindingdb_raw,P00742,Coagulation factor X,643,0.5008,0.9152,0.7789,364,1.367,0.5531,0.5628,0.061,0.5008,0.5633,0.5714,1.1411,0.4667,4,0.5758,1.1497,0.3475,19,0.6,1.1981,0.3496,39,0.54,27,0.59,59,
cross_database_transfer,chembl_to_bindingdb_pair_scaffold_purged,extratrees_scalars,0,chembl_raw,bindingdb_raw,P04150,Glucocorticoid receptor,1510,0.2536,0.4826,0.7646,608,1.2841,0.3671,0.6062,0.1503,0.2536,0.4736,0.625,2.4641,0.5585,10,0.5263,2.075,0.3329,40,0.4437,1.7493,0.2545,67,0.54,27,0.5,50,
cross_database_transfer,chembl_to_bindingdb_pair_scaffold_purged,extratrees_scalars,0,chembl_raw,bindingdb_raw,P23458,Tyrosine-protein kinase JAK1,934,0.1842,0.3266,0.7583,589,1.6478,0.3439,0.7185,0.1674,0.1842,0.4119,0.5,2.7151,0.45,5,0.4255,2.3107,0.2492,20,0.3617,1.9641,0.188,34,0.44,22,0.35,35,
cross_database_transfer,chembl_to_bindingdb_pair_scaffold_purged,extratrees_scalars,0,chembl_raw,bindingdb_raw,P35462,D(3) dopamine receptor,400,0.3675,0.6675,0.7691,186,1.4675,0.4373,0.5656,0.1204,0.3675,0.5101,0.25,0.6803,0.25,1,0.55,1.4966,0.2889,11,0.55,1.4966,0.3051,22,0.54,27,0.46,46,
cross_database_transfer,chembl_to_bindingdb_pair_scaffold_purged,extratrees_scalars,0,chembl_raw,bindingdb_raw,P10275,Androgen receptor,739,0.2923,0.5441,0.775,244,1.4709,0.3354,0.5903,0.0609,0.2923,0.256,0.0,0.0,0.0,0,0.1351,0.4623,0.0148,5,0.3514,1.2021,0.0866,26,0.28,14,0.38,38,
cross_database_transfer,chembl_to_bindingdb_pair_scaffold_purged,extratrees_scalars,0,chembl_raw,bindingdb_raw,Q9Y5N1,Histamine H3 receptor,1315,0.4106,0.7382,0.776,585,1.1757,0.5122,0.6205,0.1423,0.4106,0.5626,0.6429,1.5655,0.5113,9,0.5606,1.3652,0.3598,37,0.553,1.3467,0.3339,73,0.56,28,0.57,57,
cross_database_transfer,chembl_to_bindingdb_pair_scaffold_purged,extratrees_scalars,0,chembl_raw,bindingdb_raw,P42336,"Phosphatidylinositol 4,5-bisphosphate 3-kinase catalytic subunit alpha isoform",1146,0.322,0.561,0.7642,402,1.212,0.3699,0.5526,0.0482,0.322,0.4153,0.3333,1.0352,0.2347,4,0.4483,1.3922,0.2147,26,0.4,1.2423,0.1841,46,0.42,21,0.43,43,
cross_database_transfer,chembl_to_bindingdb_pair_scaffold_purged,extratrees_scalars,0,chembl_raw,bindingdb_raw,Q01959,Sodium-dependent dopamine transporter,528,0.2235,0.4015,0.7769,188,1.2008,0.2845,0.5896,0.103,0.2235,0.3198,0.1667,0.7458,0.0278,1,0.3333,1.4915,0.0921,9,0.3396,1.5197,0.1098,18,0.34,17,0.32,32,
cross_database_transfer,chembl_to_bindingdb_pair_scaffold_purged,extratrees_scalars,0,chembl_raw,bindingdb_raw,P41143,Delta-type opioid receptor,1057,0.3065,0.58,0.7858,457,1.4163,0.4149,0.5632,0.076,0.3065,0.556,1.0,3.2623,1.0,11,0.6226,2.0313,0.5695,33,0.4528,1.4773,0.353,48,0.62,31,0.45,45,
cross_database_transfer,chembl_to_bindingdb_pair_scaffold_purged,extratrees_scalars,0,chembl_raw,bindingdb_raw,P41145,Kappa-type opioid receptor,992,0.5514,1.0688,0.7753,354,1.7782,0.683,0.6505,0.1921,0.5514,0.7626,0.8,1.4508,0.7621,8,0.76,1.3783,0.6149,38,0.78,1.4146,0.6194,78,0.76,38,0.78,78,
cross_database_transfer,chembl_to_bindingdb_pair_scaffold_purged,extratrees_scalars,0,chembl_raw,bindingdb_raw,P00734,Prothrombin,491,0.336,0.655,0.7718,308,1.3625,0.4377,0.5934,0.119,0.336,0.5384,0.8,2.3806,0.76,4,0.56,1.6664,0.4218,14,0.54,1.6069,0.3563,27,0.54,27,0.4,40,
cross_database_transfer,chembl_to_bindingdb_pair_scaffold_purged,extratrees_scalars,0,chembl_raw,bindingdb_raw,P21917,D(4) dopamine receptor,456,0.3421,0.5766,0.7812,207,1.1996,0.4464,0.5962,0.1626,0.3421,0.5615,0.6,1.7538,0.2867,3,0.6087,1.7793,0.3991,14,0.5435,1.5886,0.3385,25,0.54,27,0.46,46,
cross_database_transfer,chembl_to_bindingdb_pair_scaffold_purged,extratrees_scalars,0,chembl_raw,bindingdb_raw,P08908,5-hydroxytryptamine receptor 1A,664,0.4051,0.7068,0.7792,289,1.2139,0.4325,0.5557,0.0098,0.4051,0.4139,0.2857,0.7053,0.0765,2,0.4706,1.1616,0.1976,16,0.403,0.9947,0.1758,27,0.46,23,0.35,35,
cross_database_transfer,chembl_to_bindingdb_pair_scaffold_purged,extratrees_scalars,0,chembl_raw,bindingdb_raw,Q99720,Sigma non-opioid intracellular receptor 1,823,0.2503,0.487,0.7922,351,1.2078,0.3385,0.605,0.1081,0.2503,0.3869,0.5556,2.2195,0.4506,5,0.381,1.522,0.2173,16,0.3735,1.4922,0.1749,31,0.34,17,0.38,38,
cross_database_transfer,chembl_to_bindingdb_pair_scaffold_purged,extratrees_scalars,0,chembl_raw,bindingdb_raw,Q9HAZ1,Dual specificity protein kinase CLK4,919,0.2884,0.5863,0.7733,283,1.1251,0.38,0.5671,0.1088,0.2884,0.4717,0.8,2.7743,0.7889,8,0.4783,1.6586,0.3731,22,0.4022,1.3947,0.2542,37,0.46,23,0.42,42,
cross_database_transfer,chembl_to_bindingdb_pair_scaffold_purged,extratrees_scalars,0,chembl_raw,bindingdb_raw,P31645,Sodium-dependent serotonin transporter,402,0.2662,0.4929,0.7808,229,1.2363,0.3262,0.5555,0.114,0.2662,0.3777,0.4,1.5028,0.3333,2,0.3333,1.2523,0.1746,7,0.4146,1.5578,0.1825,17,0.42,21,0.32,32,
cross_database_transfer,chembl_to_bindingdb_pair_scaffold_purged,ecfp_absdiff_xgb,1,chembl_raw,bindingdb_raw,P11309,Serine/threonine-protein kinase pim-1,1595,0.3361,0.5684,0.7625,456,1.3843,0.3415,0.5016,-0.021,0.3361,0.3648,0.625,1.8598,0.3605,10,0.4125,1.2275,0.1888,33,0.325,0.9671,0.1373,52,0.36,18,0.38,38,
cross_database_transfer,chembl_to_bindingdb_pair_scaffold_purged,ecfp_absdiff_xgb,1,chembl_raw,bindingdb_raw,P35367,Histamine H1 receptor,1008,0.2808,0.5486,0.7844,373,1.2867,0.3414,0.5531,0.0364,0.2808,0.4599,0.5455,1.9428,0.4649,6,0.451,1.6063,0.2719,23,0.4851,1.728,0.2552,49,0.46,23,0.48,48,
cross_database_transfer,chembl_to_bindingdb_pair_scaffold_purged,ecfp_absdiff_xgb,1,chembl_raw,bindingdb_raw,P00519,Tyrosine-protein kinase ABL1,1361,0.4533,0.7713,0.7612,420,1.5129,0.4612,0.5157,0.0252,0.4533,0.3684,0.2857,0.6302,0.101,4,0.3188,0.7033,0.0886,22,0.4161,0.9178,0.1438,57,0.18,9,0.39,39,
cross_database_transfer,chembl_to_bindingdb_pair_scaffold_purged,ecfp_absdiff_xgb,1,chembl_raw,bindingdb_raw,O43614,Orexin receptor type 2,835,0.382,0.6712,0.7624,403,1.7078,0.4042,0.526,0.0615,0.382,0.368,0.5556,1.4542,0.5062,5,0.3333,0.8725,0.193,14,0.3333,0.8725,0.1518,28,0.32,16,0.36,36,
cross_database_transfer,chembl_to_bindingdb_pair_scaffold_purged,ecfp_absdiff_xgb,1,chembl_raw,bindingdb_raw,P35372,Mu-type opioid receptor,881,0.3269,0.476,0.7833,338,1.2633,0.3621,0.5459,0.1441,0.3269,0.36,0.6667,2.0394,0.5201,6,0.4,1.2236,0.2159,18,0.3371,1.0311,0.1538,30,0.36,18,0.35,35,
cross_database_transfer,chembl_to_bindingdb_pair_scaffold_purged,ecfp_absdiff_xgb,1,chembl_raw,bindingdb_raw,O60674,Tyrosine-protein kinase JAK2,2270,0.178,0.3334,0.773,902,1.4004,0.1932,0.5416,0.008,0.178,0.2147,0.2609,1.4658,0.1153,6,0.2193,1.2322,0.0627,25,0.2115,1.1881,0.0528,48,0.22,11,0.22,22,
cross_database_transfer,chembl_to_bindingdb_pair_scaffold_purged,ecfp_absdiff_xgb,1,chembl_raw,bindingdb_raw,P49841,Glycogen synthase kinase-3 beta,1515,0.1842,0.384,0.7664,422,1.7452,0.182,0.4455,-0.0919,0.1842,0.1827,0.4375,2.3757,0.3241,7,0.1579,0.8574,0.0842,12,0.1513,0.8217,0.0534,23,0.2,10,0.15,15,
cross_database_transfer,chembl_to_bindingdb_pair_scaffold_purged,ecfp_absdiff_xgb,1,chembl_raw,bindingdb_raw,P00742,Coagulation factor X,643,0.5008,0.9152,0.7789,364,1.367,0.4947,0.4748,-0.0191,0.5008,0.4385,0.8571,1.7116,0.8571,6,0.3939,0.7867,0.2916,13,0.4,0.7988,0.2278,26,0.38,19,0.39,39,
cross_database_transfer,chembl_to_bindingdb_pair_scaffold_purged,ecfp_absdiff_xgb,1,chembl_raw,bindingdb_raw,P04150,Glucocorticoid receptor,1510,0.2536,0.4826,0.7646,608,1.2841,0.276,0.5324,0.0534,0.2536,0.3231,0.3125,1.232,0.2053,5,0.3947,1.5563,0.16,30,0.298,1.1749,0.1181,45,0.36,18,0.39,39,
cross_database_transfer,chembl_to_bindingdb_pair_scaffold_purged,ecfp_absdiff_xgb,1,chembl_raw,bindingdb_raw,P23458,Tyrosine-protein kinase JAK1,934,0.1842,0.3266,0.7583,589,1.6478,0.2908,0.6738,0.1652,0.1842,0.3936,0.6,3.2581,0.4363,6,0.383,2.0797,0.207,18,0.3936,2.1374,0.1873,37,0.4,20,0.37,37,
cross_database_transfer,chembl_to_bindingdb_pair_scaffold_purged,ecfp_absdiff_xgb,1,chembl_raw,bindingdb_raw,P35462,D(3) dopamine receptor,400,0.3675,0.6675,0.7691,186,1.4675,0.4079,0.5412,0.0724,0.3675,0.5016,0.75,2.0408,0.6875,3,0.5,1.3605,0.3744,10,0.5,1.3605,0.3168,20,0.44,22,0.35,35,
cross_database_transfer,chembl_to_bindingdb_pair_scaffold_purged,ecfp_absdiff_xgb,1,chembl_raw,bindingdb_raw,P10275,Androgen receptor,739,0.2923,0.5441,0.775,244,1.4709,0.3064,0.5362,0.0717,0.2923,0.2832,0.125,0.4277,0.025,1,0.2432,0.8322,0.0584,9,0.3378,1.1558,0.095,25,0.26,13,0.3,30,
cross_database_transfer,chembl_to_bindingdb_pair_scaffold_purged,ecfp_absdiff_xgb,1,chembl_raw,bindingdb_raw,Q9Y5N1,Histamine H3 receptor,1315,0.4106,0.7382,0.776,585,1.1757,0.4013,0.4872,-0.0258,0.4106,0.4231,0.4286,1.0437,0.1672,6,0.4242,1.0331,0.1748,28,0.447,1.0885,0.1855,59,0.46,23,0.4,40,
cross_database_transfer,chembl_to_bindingdb_pair_scaffold_purged,ecfp_absdiff_xgb,1,chembl_raw,bindingdb_raw,P42336,"Phosphatidylinositol 4,5-bisphosphate 3-kinase catalytic subunit alpha isoform",1146,0.322,0.561,0.7642,402,1.212,0.3845,0.5478,0.0823,0.322,0.4848,0.8333,2.5881,0.8333,10,0.569,1.767,0.4236,33,0.4174,1.2963,0.2794,48,0.54,27,0.45,45,
cross_database_transfer,chembl_to_bindingdb_pair_scaffold_purged,ecfp_absdiff_xgb,1,chembl_raw,bindingdb_raw,Q01959,Sodium-dependent dopamine transporter,528,0.2235,0.4015,0.7769,188,1.2008,0.2175,0.4867,-0.0056,0.2235,0.1938,0.1667,0.7458,0.0417,1,0.1852,0.8286,0.0415,5,0.2075,0.9287,0.0472,11,0.2,10,0.16,16,
cross_database_transfer,chembl_to_bindingdb_pair_scaffold_purged,ecfp_absdiff_xgb,1,chembl_raw,bindingdb_raw,P41143,Delta-type opioid receptor,1057,0.3065,0.58,0.7858,457,1.4163,0.3757,0.528,-0.0103,0.3065,0.5557,1.0,3.2623,1.0,11,0.6792,2.2159,0.6089,36,0.4528,1.4773,0.3624,48,0.66,33,0.47,47,
cross_database_transfer,chembl_to_bindingdb_pair_scaffold_purged,ecfp_absdiff_xgb,1,chembl_raw,bindingdb_raw,P41145,Kappa-type opioid receptor,992,0.5514,1.0688,0.7753,354,1.7782,0.5984,0.5673,0.1136,0.5514,0.6354,0.7,1.2695,0.5185,7,0.68,1.2332,0.4855,34,0.61,1.1063,0.4108,61,0.68,34,0.61,61,
cross_database_transfer,chembl_to_bindingdb_pair_scaffold_purged,ecfp_absdiff_xgb,1,chembl_raw,bindingdb_raw,P00734,Prothrombin,491,0.336,0.655,0.7718,308,1.3625,0.351,0.4866,-0.0407,0.336,0.4845,0.4,1.1903,0.13,2,0.56,1.6664,0.2888,14,0.48,1.4284,0.249,24,0.48,24,0.37,37,
cross_database_transfer,chembl_to_bindingdb_pair_scaffold_purged,ecfp_absdiff_xgb,1,chembl_raw,bindingdb_raw,P21917,D(4) dopamine receptor,456,0.3421,0.5766,0.7812,207,1.1996,0.3978,0.5743,0.1094,0.3421,0.4375,0.4,1.1692,0.3333,2,0.3913,1.1438,0.2132,9,0.4565,1.3344,0.2139,21,0.46,23,0.49,49,
cross_database_transfer,chembl_to_bindingdb_pair_scaffold_purged,ecfp_absdiff_xgb,1,chembl_raw,bindingdb_raw,P08908,5-hydroxytryptamine receptor 1A,664,0.4051,0.7068,0.7792,289,1.2139,0.4276,0.5165,0.0244,0.4051,0.4079,0.4286,1.0579,0.2857,3,0.4706,1.1616,0.2271,16,0.3731,0.921,0.1694,25,0.4,20,0.39,39,
cross_database_transfer,chembl_to_bindingdb_pair_scaffold_purged,ecfp_absdiff_xgb,1,chembl_raw,bindingdb_raw,Q99720,Sigma non-opioid intracellular receptor 1,823,0.2503,0.487,0.7922,351,1.2078,0.2582,0.5109,0.0619,0.2503,0.2291,0.1111,0.4439,0.0556,1,0.2857,1.1415,0.0851,12,0.2048,0.8183,0.0582,17,0.28,14,0.19,19,
cross_database_transfer,chembl_to_bindingdb_pair_scaffold_purged,ecfp_absdiff_xgb,1,chembl_raw,bindingdb_raw,Q9HAZ1,Dual specificity protein kinase CLK4,919,0.2884,0.5863,0.7733,283,1.1251,0.3218,0.5441,0.0181,0.2884,0.3361,0.2,0.6936,0.1333,2,0.3261,1.1308,0.1111,15,0.3804,1.3193,0.1364,35,0.32,16,0.37,37,
cross_database_transfer,chembl_to_bindingdb_pair_scaffold_purged,ecfp_absdiff_xgb,1,chembl_raw,bindingdb_raw,P31645,Sodium-dependent serotonin transporter,402,0.2662,0.4929,0.7808,229,1.2363,0.2758,0.5197,0.0492,0.2662,0.2589,0.0,0.0,0.0,0,0.381,1.4312,0.1223,8,0.2439,0.9163,0.0741,10,0.26,13,0.21,21,
cross_database_transfer,chembl_to_bindingdb_pair_scaffold_purged,rich_diff_scalars,1,chembl_raw,bindingdb_raw,P11309,Serine/threonine-protein kinase pim-1,1595,0.3361,0.5684,0.7625,456,1.3843,0.3807,0.5541,0.0841,0.3361,0.395,0.6875,2.0458,0.4638,11,0.4375,1.3019,0.2269,35,0.3438,1.0229,0.1608,55,0.38,19,0.4,40,
cross_database_transfer,chembl_to_bindingdb_pair_scaffold_purged,rich_diff_scalars,1,chembl_raw,bindingdb_raw,P35367,Histamine H1 receptor,1008,0.2808,0.5486,0.7844,373,1.2867,0.3638,0.5296,0.0586,0.2808,0.5058,0.7273,2.5904,0.5735,8,0.6275,2.2349,0.4322,32,0.4455,1.587,0.2838,45,0.62,31,0.45,45,
cross_database_transfer,chembl_to_bindingdb_pair_scaffold_purged,rich_diff_scalars,1,chembl_raw,bindingdb_raw,P00519,Tyrosine-protein kinase ABL1,1361,0.4533,0.7713,0.7612,420,1.5129,0.5666,0.6453,0.219,0.4533,0.5866,0.4286,0.9454,0.2698,6,0.5652,1.2468,0.3021,39,0.6423,1.4169,0.3697,88,0.52,26,0.6,60,
cross_database_transfer,chembl_to_bindingdb_pair_scaffold_purged,rich_diff_scalars,1,chembl_raw,bindingdb_raw,O43614,Orexin receptor type 2,835,0.382,0.6712,0.7624,403,1.7078,0.4292,0.5258,0.0749,0.382,0.4932,0.7778,2.0359,0.5917,7,0.5,1.3088,0.3325,21,0.4524,1.1841,0.26,38,0.48,24,0.46,46,
cross_database_transfer,chembl_to_bindingdb_pair_scaffold_purged,rich_diff_scalars,1,chembl_raw,bindingdb_raw,P35372,Mu-type opioid receptor,881,0.3269,0.476,0.7833,338,1.2633,0.4204,0.6129,0.167,0.3269,0.4779,0.5556,1.6995,0.358,5,0.4889,1.4955,0.2581,22,0.4831,1.478,0.2424,43,0.48,24,0.48,48,
cross_database_transfer,chembl_to_bindingdb_pair_scaffold_purged,rich_diff_scalars,1,chembl_raw,bindingdb_raw,O60674,Tyrosine-protein kinase JAK2,2270,0.178,0.3334,0.773,902,1.4004,0.2783,0.6547,0.1484,0.178,0.3485,0.5217,2.9316,0.2571,12,0.3421,1.9222,0.1551,39,0.3216,1.8069,0.1259,73,0.48,24,0.34,34,
cross_database_transfer,chembl_to_bindingdb_pair_scaffold_purged,rich_diff_scalars,1,chembl_raw,bindingdb_raw,P49841,Glycogen synthase kinase-3 beta,1515,0.1842,0.384,0.7664,422,1.7452,0.1632,0.3792,-0.2395,0.1842,0.2101,0.0625,0.3394,0.0069,1,0.2632,1.429,0.0602,20,0.2171,1.1789,0.0477,33,0.26,13,0.2,20,
cross_database_transfer,chembl_to_bindingdb_pair_scaffold_purged,rich_diff_scalars,1,chembl_raw,bindingdb_raw,P00742,Coagulation factor X,643,0.5008,0.9152,0.7789,364,1.367,0.5486,0.5081,0.0395,0.5008,0.6714,0.8571,1.7116,0.7844,6,0.697,1.3918,0.5545,23,0.6615,1.321,0.4966,43,0.68,34,0.59,59,
cross_database_transfer,chembl_to_bindingdb_pair_scaffold_purged,rich_diff_scalars,1,chembl_raw,bindingdb_raw,P04150,Glucocorticoid receptor,1510,0.2536,0.4826,0.7646,608,1.2841,0.4228,0.66,0.2342,0.2536,0.5323,0.9375,3.6961,0.8564,15,0.5658,2.2307,0.4406,43,0.4834,1.906,0.3214,73,0.66,33,0.51,51,
cross_database_transfer,chembl_to_bindingdb_pair_scaffold_purged,rich_diff_scalars,1,chembl_raw,bindingdb_raw,P23458,Tyrosine-protein kinase JAK1,934,0.1842,0.3266,0.7583,589,1.6478,0.292,0.6934,0.0799,0.1842,0.3339,0.5,2.7151,0.2556,5,0.3617,1.9641,0.1706,17,0.2872,1.5597,0.1201,27,0.36,18,0.27,27,
cross_database_transfer,chembl_to_bindingdb_pair_scaffold_purged,rich_diff_scalars,1,chembl_raw,bindingdb_raw,P35462,D(3) dopamine receptor,400,0.3675,0.6675,0.7691,186,1.4675,0.4218,0.5147,-0.0144,0.3675,0.5663,0.75,2.0408,0.4792,3,0.7,1.9048,0.5458,14,0.425,1.1565,0.3244,17,0.46,23,0.36,36,
cross_database_transfer,chembl_to_bindingdb_pair_scaffold_purged,rich_diff_scalars,1,chembl_raw,bindingdb_raw,P10275,Androgen receptor,739,0.2923,0.5441,0.775,244,1.4709,0.3457,0.5656,0.0529,0.2923,0.3665,0.375,1.283,0.2625,3,0.3514,1.2021,0.1519,13,0.4054,1.387,0.1647,30,0.34,17,0.39,39,
cross_database_transfer,chembl_to_bindingdb_pair_scaffold_purged,rich_diff_scalars,1,chembl_raw,bindingdb_raw,Q9Y5N1,Histamine H3 receptor,1315,0.4106,0.7382,0.776,585,1.1757,0.5142,0.5956,0.101,0.4106,0.5969,0.9286,2.2612,0.912,13,0.6061,1.4759,0.4619,40,0.5758,1.4021,0.3915,76,0.62,31,0.59,59,
cross_database_transfer,chembl_to_bindingdb_pair_scaffold_purged,rich_diff_scalars,1,chembl_raw,bindingdb_raw,P42336,"Phosphatidylinositol 4,5-bisphosphate 3-kinase catalytic subunit alpha isoform",1146,0.322,0.561,0.7642,402,1.212,0.3166,0.4977,-0.0135,0.322,0.2722,0.4167,1.294,0.2744,5,0.2414,0.7496,0.0973,14,0.2609,0.8102,0.083,30,0.2,10,0.25,25,
cross_database_transfer,chembl_to_bindingdb_pair_scaffold_purged,rich_diff_scalars,1,chembl_raw,bindingdb_raw,Q01959,Sodium-dependent dopamine transporter,528,0.2235,0.4015,0.7769,188,1.2008,0.2523,0.5159,0.0205,0.2235,0.2741,0.3333,1.4915,0.3333,2,0.2593,1.1601,0.1213,7,0.3019,1.3508,0.1115,16,0.3,15,0.24,24,
cross_database_transfer,chembl_to_bindingdb_pair_scaffold_purged,rich_diff_scalars,1,chembl_raw,bindingdb_raw,P41143,Delta-type opioid receptor,1057,0.3065,0.58,0.7858,457,1.4163,0.3901,0.5472,0.0322,0.3065,0.4574,1.0,3.2623,1.0,11,0.3774,1.2311,0.3119,20,0.4245,1.385,0.2542,45,0.4,20,0.41,41,
cross_database_transfer,chembl_to_bindingdb_pair_scaffold_purged,rich_diff_scalars,1,chembl_raw,bindingdb_raw,P41145,Kappa-type opioid receptor,992,0.5514,1.0688,0.7753,354,1.7782,0.7214,0.7025,0.2607,0.5514,0.7988,0.8,1.4508,0.5142,8,0.82,1.4871,0.6216,41,0.8,1.4508,0.6284,80,0.82,41,0.8,80,
cross_database_transfer,chembl_to_bindingdb_pair_scaffold_purged,rich_diff_scalars,1,chembl_raw,bindingdb_raw,P00734,Prothrombin,491,0.336,0.655,0.7718,308,1.3625,0.4171,0.5375,0.041,0.336,0.5392,1.0,2.9758,1.0,5,0.52,1.5474,0.4195,13,0.5,1.4879,0.3338,25,0.5,25,0.44,44,
cross_database_transfer,chembl_to_bindingdb_pair_scaffold_purged,rich_diff_scalars,1,chembl_raw,bindingdb_raw,P21917,D(4) dopamine receptor,456,0.3421,0.5766,0.7812,207,1.1996,0.3911,0.5332,0.0343,0.3421,0.4453,0.8,2.3385,0.6433,4,0.4348,1.2709,0.295,10,0.3913,1.1438,0.2234,18,0.4,20,0.41,41,
cross_database_transfer,chembl_to_bindingdb_pair_scaffold_purged,rich_diff_scalars,1,chembl_raw,bindingdb_raw,P08908,5-hydroxytryptamine receptor 1A,664,0.4051,0.7068,0.7792,289,1.2139,0.4431,0.5621,0.0841,0.4051,0.4055,0.4286,1.0579,0.1905,3,0.3235,0.7986,0.1427,11,0.4328,1.0684,0.1773,29,0.36,18,0.4,40,
cross_database_transfer,chembl_to_bindingdb_pair_scaffold_purged,rich_diff_scalars,1,chembl_raw,bindingdb_raw,Q99720,Sigma non-opioid intracellular receptor 1,823,0.2503,0.487,0.7922,351,1.2078,0.3823,0.6509,0.1652,0.2503,0.4593,0.3333,1.3317,0.3333,3,0.5,1.9976,0.2773,21,0.4458,1.781,0.2327,37,0.48,24,0.43,43,
cross_database_transfer,chembl_to_bindingdb_pair_scaffold_purged,rich_diff_scalars,1,chembl_raw,bindingdb_raw,Q9HAZ1,Dual specificity protein kinase CLK4,919,0.2884,0.5863,0.7733,283,1.1251,0.3367,0.551,0.1117,0.2884,0.3741,0.4,1.3872,0.3667,4,0.3478,1.2062,0.192,16,0.3696,1.2816,0.168,34,0.34,17,0.36,36,
cross_database_transfer,chembl_to_bindingdb_pair_scaffold_purged,rich_diff_scalars,1,chembl_raw,bindingdb_raw,P31645,Sodium-dependent serotonin transporter,402,0.2662,0.4929,0.7808,229,1.2363,0.3574,0.5982,0.1044,0.2662,0.4372,0.6,2.2542,0.42,3,0.4286,1.6101,0.2781,9,0.4146,1.5578,0.2264,17,0.4,20,0.31,31,
cross_database_transfer,chembl_to_bindingdb_pair_scaffold_purged,rich_scalars_only,1,chembl_raw,bindingdb_raw,P11309,Serine/threonine-protein kinase pim-1,1595,0.3361,0.5684,0.7625,456,1.3843,0.4243,0.6078,0.1501,0.3361,0.4722,0.6875,2.0458,0.5297,11,0.4625,1.3763,0.2859,37,0.4562,1.3577,0.2484,73,0.5,25,0.45,45,
cross_database_transfer,chembl_to_bindingdb_pair_scaffold_purged,rich_scalars_only,1,chembl_raw,bindingdb_raw,P35367,Histamine H1 receptor,1008,0.2808,0.5486,0.7844,373,1.2867,0.3609,0.5384,0.0528,0.2808,0.5014,0.5455,1.9428,0.3629,6,0.5686,2.0254,0.4021,29,0.4356,1.5517,0.2764,44,0.58,29,0.43,43,
cross_database_transfer,chembl_to_bindingdb_pair_scaffold_purged,rich_scalars_only,1,chembl_raw,bindingdb_raw,P00519,Tyrosine-protein kinase ABL1,1361,0.4533,0.7713,0.7612,420,1.5129,0.5636,0.6289,0.1873,0.4533,0.6239,0.3571,0.7878,0.1605,5,0.6667,1.4706,0.3725,46,0.6496,1.433,0.3958,89,0.62,31,0.68,68,
cross_database_transfer,chembl_to_bindingdb_pair_scaffold_purged,rich_scalars_only,1,chembl_raw,bindingdb_raw,O43614,Orexin receptor type 2,835,0.382,0.6712,0.7624,403,1.7078,0.4577,0.5548,0.1552,0.382,0.5371,0.6667,1.745,0.588,6,0.5714,1.4957,0.3725,24,0.5119,1.3399,0.3028,43,0.54,27,0.5,50,
cross_database_transfer,chembl_to_bindingdb_pair_scaffold_purged,rich_scalars_only,1,chembl_raw,bindingdb_raw,P35372,Mu-type opioid receptor,881,0.3269,0.476,0.7833,338,1.2633,0.3925,0.5872,0.0902,0.3269,0.4336,0.3333,1.0197,0.1481,3,0.4222,1.2916,0.1711,19,0.4831,1.478,0.2154,43,0.46,23,0.44,44,
cross_database_transfer,chembl_to_bindingdb_pair_scaffold_purged,rich_scalars_only,1,chembl_raw,bindingdb_raw,O60674,Tyrosine-protein kinase JAK2,2270,0.178,0.3334,0.773,902,1.4004,0.2723,0.6452,0.1233,0.178,0.3352,0.5217,2.9316,0.3063,12,0.3333,1.8729,0.1451,38,0.3216,1.8069,0.1246,73,0.36,18,0.34,34,
cross_database_transfer,chembl_to_bindingdb_pair_scaffold_purged,rich_scalars_only,1,chembl_raw,bindingdb_raw,P49841,Glycogen synthase kinase-3 beta,1515,0.1842,0.384,0.7664,422,1.7452,0.1717,0.4012,-0.0806,0.1842,0.2199,0.25,1.3575,0.0734,4,0.2368,1.2861,0.0624,18,0.2039,1.1075,0.0504,31,0.24,12,0.21,21,
cross_database_transfer,chembl_to_bindingdb_pair_scaffold_purged,rich_scalars_only,1,chembl_raw,bindingdb_raw,P00742,Coagulation factor X,643,0.5008,0.9152,0.7789,364,1.367,0.5827,0.5536,0.0789,0.5008,0.7071,1.0,1.9969,1.0,7,0.7273,1.4523,0.6328,24,0.6923,1.3825,0.552,45,0.74,37,0.63,63,
cross_database_transfer,chembl_to_bindingdb_pair_scaffold_purged,rich_scalars_only,1,chembl_raw,bindingdb_raw,P04150,Glucocorticoid receptor,1510,0.2536,0.4826,0.7646,608,1.2841,0.4188,0.6702,0.2255,0.2536,0.5122,0.75,2.9569,0.6821,12,0.5263,2.075,0.3436,40,0.4967,1.9582,0.2916,75,0.5,25,0.5,50,
cross_database_transfer,chembl_to_bindingdb_pair_scaffold_purged,rich_scalars_only,1,chembl_raw,bindingdb_raw,P23458,Tyrosine-protein kinase JAK1,934,0.1842,0.3266,0.7583,589,1.6478,0.309,0.6758,0.1309,0.1842,0.394,0.5,2.7151,0.2956,5,0.4043,2.1952,0.2273,19,0.3404,1.8486,0.1672,32,0.38,19,0.32,32,
cross_database_transfer,chembl_to_bindingdb_pair_scaffold_purged,rich_scalars_only,1,chembl_raw,bindingdb_raw,P35462,D(3) dopamine receptor,400,0.3675,0.6675,0.7691,186,1.4675,0.4107,0.535,0.0149,0.3675,0.4803,0.5,1.3605,0.375,2,0.7,1.9048,0.4972,14,0.35,0.9524,0.2486,14,0.32,16,0.38,38,
cross_database_transfer,chembl_to_bindingdb_pair_scaffold_purged,rich_scalars_only,1,chembl_raw,bindingdb_raw,P10275,Androgen receptor,739,0.2923,0.5441,0.775,244,1.4709,0.3404,0.572,0.0701,0.2923,0.3191,0.0,0.0,0.0,0,0.2703,0.9247,0.0531,10,0.4054,1.387,0.1248,30,0.34,17,0.4,40,
cross_database_transfer,chembl_to_bindingdb_pair_scaffold_purged,rich_scalars_only,1,chembl_raw,bindingdb_raw,Q9Y5N1,Histamine H3 receptor,1315,0.4106,0.7382,0.776,585,1.1757,0.5786,0.6608,0.198,0.4106,0.6738,1.0,2.4352,1.0,14,0.5909,1.439,0.4725,39,0.7121,1.7341,0.5153,94,0.6,30,0.68,68,
cross_database_transfer,chembl_to_bindingdb_pair_scaffold_purged,rich_scalars_only,1,chembl_raw,bindingdb_raw,P42336,"Phosphatidylinositol 4,5-bisphosphate 3-kinase catalytic subunit alpha isoform",1146,0.322,0.561,0.7642,402,1.212,0.2998,0.4812,-0.0464,0.322,0.2271,0.0833,0.2588,0.0417,1,0.2241,0.6961,0.0572,13,0.2,0.6211,0.0474,23,0.24,12,0.19,19,
cross_database_transfer,chembl_to_bindingdb_pair_scaffold_purged,rich_scalars_only,1,chembl_raw,bindingdb_raw,Q01959,Sodium-dependent dopamine transporter,528,0.2235,0.4015,0.7769,188,1.2008,0.2841,0.5663,0.0838,0.2235,0.3497,0.5,2.2373,0.2333,3,0.3704,1.6573,0.1862,10,0.283,1.2664,0.1227,15,0.26,13,0.31,31,
cross_database_transfer,chembl_to_bindingdb_pair_scaffold_purged,rich_scalars_only,1,chembl_raw,bindingdb_raw,P41143,Delta-type opioid receptor,1057,0.3065,0.58,0.7858,457,1.4163,0.4084,0.556,0.0475,0.3065,0.5355,0.8182,2.6692,0.7633,9,0.5849,1.9082,0.4367,31,0.4811,1.5696,0.3208,51,0.6,30,0.48,48,
cross_database_transfer,chembl_to_bindingdb_pair_scaffold_purged,rich_scalars_only,1,chembl_raw,bindingdb_raw,P41145,Kappa-type opioid receptor,992,0.5514,1.0688,0.7753,354,1.7782,0.7341,0.7211,0.3406,0.5514,0.8189,0.7,1.2695,0.4181,7,0.86,1.5596,0.6634,43,0.84,1.5234,0.6785,84,0.86,43,0.84,84,
cross_database_transfer,chembl_to_bindingdb_pair_scaffold_purged,rich_scalars_only,1,chembl_raw,bindingdb_raw,P00734,Prothrombin,491,0.336,0.655,0.7718,308,1.3625,0.4618,0.6202,0.1622,0.336,0.5548,0.6,1.7855,0.6,3,0.64,1.9045,0.4645,16,0.48,1.4284,0.3207,24,0.48,24,0.48,48,
cross_database_transfer,chembl_to_bindingdb_pair_scaffold_purged,rich_scalars_only,1,chembl_raw,bindingdb_raw,P21917,D(4) dopamine receptor,456,0.3421,0.5766,0.7812,207,1.1996,0.408,0.5491,0.0464,0.3421,0.4784,0.6,1.7538,0.52,3,0.4783,1.398,0.3012,11,0.413,1.2074,0.2354,19,0.44,22,0.41,41,
cross_database_transfer,chembl_to_bindingdb_pair_scaffold_purged,rich_scalars_only,1,chembl_raw,bindingdb_raw,P08908,5-hydroxytryptamine receptor 1A,664,0.4051,0.7068,0.7792,289,1.2139,0.4435,0.558,0.0709,0.4051,0.4401,0.4286,1.0579,0.1541,3,0.4118,1.0164,0.1755,14,0.4776,1.1789,0.2113,32,0.46,23,0.46,46,
cross_database_transfer,chembl_to_bindingdb_pair_scaffold_purged,rich_scalars_only,1,chembl_raw,bindingdb_raw,Q99720,Sigma non-opioid intracellular receptor 1,823,0.2503,0.487,0.7922,351,1.2078,0.3751,0.6592,0.1571,0.2503,0.425,0.3333,1.3317,0.3333,3,0.4524,1.8073,0.2257,19,0.4578,1.8291,0.2208,38,0.42,21,0.43,43,
cross_database_transfer,chembl_to_bindingdb_pair_scaffold_purged,rich_scalars_only,1,chembl_raw,bindingdb_raw,Q9HAZ1,Dual specificity protein kinase CLK4,919,0.2884,0.5863,0.7733,283,1.1251,0.3728,0.5551,0.0987,0.2884,0.4714,0.8,2.7743,0.7454,8,0.4565,1.5832,0.3304,21,0.4457,1.5455,0.2651,41,0.5,25,0.44,44,
cross_database_transfer,chembl_to_bindingdb_pair_scaffold_purged,rich_scalars_only,1,chembl_raw,bindingdb_raw,P31645,Sodium-dependent serotonin transporter,402,0.2662,0.4929,0.7808,229,1.2363,0.3749,0.5974,0.1073,0.2662,0.4967,0.6,2.2542,0.4833,3,0.5238,1.968,0.3442,11,0.4878,1.8327,0.2909,20,0.46,23,0.34,34,
cross_database_transfer,chembl_to_bindingdb_pair_scaffold_purged,extratrees_scalars,1,chembl_raw,bindingdb_raw,P11309,Serine/threonine-protein kinase pim-1,1595,0.3361,0.5684,0.7625,456,1.3843,0.3436,0.5091,0.0196,0.3361,0.3457,0.25,0.7439,0.1429,4,0.35,1.0415,0.1302,28,0.35,1.0415,0.1283,56,0.36,18,0.37,37,
cross_database_transfer,chembl_to_bindingdb_pair_scaffold_purged,extratrees_scalars,1,chembl_raw,bindingdb_raw,P35367,Histamine H1 receptor,1008,0.2808,0.5486,0.7844,373,1.2867,0.3754,0.5803,0.1588,0.2808,0.4717,0.6364,2.2666,0.5266,7,0.4706,1.6762,0.2762,24,0.4752,1.6928,0.2561,48,0.46,23,0.48,48,
cross_database_transfer,chembl_to_bindingdb_pair_scaffold_purged,extratrees_scalars,1,chembl_raw,bindingdb_raw,P00519,Tyrosine-protein kinase ABL1,1361,0.4533,0.7713,0.7612,420,1.5129,0.5633,0.6272,0.1198,0.4533,0.6383,0.8571,1.8907,0.722,12,0.6957,1.5345,0.5328,48,0.6131,1.3525,0.4311,84,0.7,35,0.59,59,
cross_database_transfer,chembl_to_bindingdb_pair_scaffold_purged,extratrees_scalars,1,chembl_raw,bindingdb_raw,O43614,Orexin receptor type 2,835,0.382,0.6712,0.7624,403,1.7078,0.4369,0.5397,0.1093,0.382,0.468,0.5556,1.4542,0.5238,5,0.4524,1.1841,0.2711,19,0.4762,1.2465,0.2484,40,0.46,23,0.47,47,
cross_database_transfer,chembl_to_bindingdb_pair_scaffold_purged,extratrees_scalars,1,chembl_raw,bindingdb_raw,P35372,Mu-type opioid receptor,881,0.3269,0.476,0.7833,338,1.2633,0.3662,0.5328,-0.0051,0.3269,0.4193,0.7778,2.3792,0.7068,7,0.4222,1.2916,0.2926,19,0.3933,1.203,0.2205,35,0.4,20,0.37,37,
cross_database_transfer,chembl_to_bindingdb_pair_scaffold_purged,extratrees_scalars,1,chembl_raw,bindingdb_raw,O60674,Tyrosine-protein kinase JAK2,2270,0.178,0.3334,0.773,902,1.4004,0.2709,0.6461,0.1022,0.178,0.3405,0.4348,2.443,0.1999,10,0.3684,2.0701,0.1653,42,0.2952,1.6584,0.1186,67,0.48,24,0.38,38,
cross_database_transfer,chembl_to_bindingdb_pair_scaffold_purged,extratrees_scalars,1,chembl_raw,bindingdb_raw,P49841,Glycogen synthase kinase-3 beta,1515,0.1842,0.384,0.7664,422,1.7452,0.1583,0.346,-0.1128,0.1842,0.1711,0.3125,1.6969,0.2723,5,0.1579,0.8574,0.079,12,0.1382,0.7502,0.0492,21,0.2,10,0.16,16,
cross_database_transfer,chembl_to_bindingdb_pair_scaffold_purged,extratrees_scalars,1,chembl_raw,bindingdb_raw,P00742,Coagulation factor X,643,0.5008,0.9152,0.7789,364,1.367,0.5595,0.5792,0.0421,0.5008,0.5651,0.5714,1.1411,0.419,4,0.5455,1.0892,0.3142,18,0.5846,1.1674,0.3408,38,0.6,30,0.57,57,
cross_database_transfer,chembl_to_bindingdb_pair_scaffold_purged,extratrees_scalars,1,chembl_raw,bindingdb_raw,P04150,Glucocorticoid receptor,1510,0.2536,0.4826,0.7646,608,1.2841,0.3666,0.6073,0.1371,0.2536,0.4714,0.6875,2.7105,0.6297,11,0.5,1.9713,0.3235,38,0.4371,1.7232,0.2554,66,0.54,27,0.51,51,
cross_database_transfer,chembl_to_bindingdb_pair_scaffold_purged,extratrees_scalars,1,chembl_raw,bindingdb_raw,P23458,Tyrosine-protein kinase JAK1,934,0.1842,0.3266,0.7583,589,1.6478,0.3565,0.7343,0.1569,0.1842,0.4381,0.6,3.2581,0.316,6,0.4255,2.3107,0.2334,20,0.4362,2.3685,0.2099,41,0.42,21,0.41,41,
cross_database_transfer,chembl_to_bindingdb_pair_scaffold_purged,extratrees_scalars,1,chembl_raw,bindingdb_raw,P35462,D(3) dopamine receptor,400,0.3675,0.6675,0.7691,186,1.4675,0.3893,0.5078,0.0097,0.3675,0.4266,0.5,1.3605,0.2917,2,0.45,1.2245,0.2548,9,0.4,1.0884,0.1995,16,0.4,20,0.37,37,
cross_database_transfer,chembl_to_bindingdb_pair_scaffold_purged,extratrees_scalars,1,chembl_raw,bindingdb_raw,P10275,Androgen receptor,739,0.2923,0.5441,0.775,244,1.4709,0.352,0.623,0.1017,0.2923,0.2771,0.0,0.0,0.0,0,0.2162,0.7397,0.0333,8,0.3649,1.2483,0.0975,27,0.28,14,0.35,35,
cross_database_transfer,chembl_to_bindingdb_pair_scaffold_purged,extratrees_scalars,1,chembl_raw,bindingdb_raw,Q9Y5N1,Histamine H3 receptor,1315,0.4106,0.7382,0.776,585,1.1757,0.5214,0.6063,0.1305,0.4106,0.6266,0.9286,2.2612,0.918,13,0.6818,1.6604,0.5499,45,0.5833,1.4205,0.4307,77,0.68,34,0.65,65,
cross_database_transfer,chembl_to_bindingdb_pair_scaffold_purged,extratrees_scalars,1,chembl_raw,bindingdb_raw,P42336,"Phosphatidylinositol 4,5-bisphosphate 3-kinase catalytic subunit alpha isoform",1146,0.322,0.561,0.7642,402,1.212,0.323,0.5133,-0.0107,0.322,0.2791,0.25,0.7764,0.1458,3,0.2586,0.8032,0.088,15,0.287,0.8912,0.0866,33,0.26,13,0.28,28,
cross_database_transfer,chembl_to_bindingdb_pair_scaffold_purged,extratrees_scalars,1,chembl_raw,bindingdb_raw,Q01959,Sodium-dependent dopamine transporter,528,0.2235,0.4015,0.7769,188,1.2008,0.2717,0.5462,0.0505,0.2235,0.3509,0.3333,1.4915,0.1111,2,0.4074,1.823,0.1835,11,0.3019,1.3508,0.1264,16,0.3,15,0.29,29,
cross_database_transfer,chembl_to_bindingdb_pair_scaffold_purged,extratrees_scalars,1,chembl_raw,bindingdb_raw,P41143,Delta-type opioid receptor,1057,0.3065,0.58,0.7858,457,1.4163,0.4453,0.588,0.1011,0.3065,0.6213,1.0,3.2623,1.0,11,0.7358,2.4006,0.6818,39,0.5189,1.6927,0.437,55,0.76,38,0.53,53,
cross_database_transfer,chembl_to_bindingdb_pair_scaffold_purged,extratrees_scalars,1,chembl_raw,bindingdb_raw,P41145,Kappa-type opioid receptor,992,0.5514,1.0688,0.7753,354,1.7782,0.7029,0.6822,0.2714,0.5514,0.7609,0.8,1.4508,0.7675,8,0.74,1.342,0.619,37,0.74,1.342,0.5855,74,0.74,37,0.74,74,
cross_database_transfer,chembl_to_bindingdb_pair_scaffold_purged,extratrees_scalars,1,chembl_raw,bindingdb_raw,P00734,Prothrombin,491,0.336,0.655,0.7718,308,1.3625,0.4381,0.5964,0.1195,0.336,0.5093,0.8,2.3806,0.76,4,0.52,1.5474,0.3405,13,0.48,1.4284,0.2829,24,0.48,24,0.46,46,
cross_database_transfer,chembl_to_bindingdb_pair_scaffold_purged,extratrees_scalars,1,chembl_raw,bindingdb_raw,P21917,D(4) dopamine receptor,456,0.3421,0.5766,0.7812,207,1.1996,0.4461,0.5881,0.1134,0.3421,0.5911,0.6,1.7538,0.32,3,0.6087,1.7793,0.4173,14,0.587,1.7157,0.389,27,0.58,29,0.45,45,
cross_database_transfer,chembl_to_bindingdb_pair_scaffold_purged,extratrees_scalars,1,chembl_raw,bindingdb_raw,P08908,5-hydroxytryptamine receptor 1A,664,0.4051,0.7068,0.7792,289,1.2139,0.4552,0.5651,0.0868,0.4051,0.4836,0.2857,0.7053,0.0694,2,0.4706,1.1616,0.2314,16,0.4776,1.1789,0.2312,32,0.48,24,0.49,49,
cross_database_transfer,chembl_to_bindingdb_pair_scaffold_purged,extratrees_scalars,1,chembl_raw,bindingdb_raw,Q99720,Sigma non-opioid intracellular receptor 1,823,0.2503,0.487,0.7922,351,1.2078,0.3152,0.6001,0.0925,0.2503,0.336,0.3333,1.3317,0.2698,3,0.3333,1.3317,0.143,14,0.3253,1.2996,0.1306,27,0.38,19,0.32,32,
cross_database_transfer,chembl_to_bindingdb_pair_scaffold_purged,extratrees_scalars,1,chembl_raw,bindingdb_raw,Q9HAZ1,Dual specificity protein kinase CLK4,919,0.2884,0.5863,0.7733,283,1.1251,0.3749,0.5651,0.1304,0.2884,0.4906,0.5,1.734,0.3472,5,0.5435,1.8847,0.3137,25,0.4891,1.6963,0.2711,45,0.56,28,0.47,47,
cross_database_transfer,chembl_to_bindingdb_pair_scaffold_purged,extratrees_scalars,1,chembl_raw,bindingdb_raw,P31645,Sodium-dependent serotonin transporter,402,0.2662,0.4929,0.7808,229,1.2363,0.3472,0.5961,0.0718,0.2662,0.3835,0.6,2.2542,0.3833,3,0.4286,1.6101,0.2258,9,0.3415,1.2829,0.1584,14,0.36,18,0.36,36,
cross_database_transfer,chembl_to_bindingdb_pair_scaffold_purged,ecfp_absdiff_xgb,2,chembl_raw,bindingdb_raw,P11309,Serine/threonine-protein kinase pim-1,1595,0.3361,0.5684,0.7625,456,1.3843,0.343,0.4948,0.0054,0.3361,0.4407,0.5625,1.6739,0.36,9,0.5125,1.5251,0.282,41,0.425,1.2647,0.2199,68,0.46,23,0.48,48,
cross_database_transfer,chembl_to_bindingdb_pair_scaffold_purged,ecfp_absdiff_xgb,2,chembl_raw,bindingdb_raw,P35367,Histamine H1 receptor,1008,0.2808,0.5486,0.7844,373,1.2867,0.3384,0.5616,0.045,0.2808,0.4345,0.4545,1.619,0.3868,5,0.4314,1.5365,0.2291,22,0.4554,1.6222,0.2237,46,0.42,21,0.46,46,
cross_database_transfer,chembl_to_bindingdb_pair_scaffold_purged,ecfp_absdiff_xgb,2,chembl_raw,bindingdb_raw,P00519,Tyrosine-protein kinase ABL1,1361,0.4533,0.7713,0.7612,420,1.5129,0.4601,0.5107,0.021,0.4533,0.4288,0.1429,0.3151,0.0298,2,0.4493,0.991,0.1588,31,0.4745,1.0466,0.1946,65,0.44,22,0.48,48,
cross_database_transfer,chembl_to_bindingdb_pair_scaffold_purged,ecfp_absdiff_xgb,2,chembl_raw,bindingdb_raw,O43614,Orexin receptor type 2,835,0.382,0.6712,0.7624,403,1.7078,0.4121,0.5307,0.0324,0.382,0.3665,0.6667,1.745,0.5657,6,0.3333,0.8725,0.2068,14,0.3214,0.8414,0.1515,27,0.3,15,0.34,34,
cross_database_transfer,chembl_to_bindingdb_pair_scaffold_purged,ecfp_absdiff_xgb,2,chembl_raw,bindingdb_raw,P35372,Mu-type opioid receptor,881,0.3269,0.476,0.7833,338,1.2633,0.3686,0.5505,0.109,0.3269,0.3853,0.5556,1.6995,0.4053,5,0.4222,1.2916,0.2554,19,0.2921,0.8936,0.1541,26,0.38,19,0.31,31,
cross_database_transfer,chembl_to_bindingdb_pair_scaffold_purged,ecfp_absdiff_xgb,2,chembl_raw,bindingdb_raw,O60674,Tyrosine-protein kinase JAK2,2270,0.178,0.3334,0.773,902,1.4004,0.1943,0.5436,0.0259,0.178,0.2203,0.3043,1.7101,0.1136,7,0.2105,1.1829,0.0608,24,0.2203,1.2376,0.0549,50,0.3,15,0.2,20,
cross_database_transfer,chembl_to_bindingdb_pair_scaffold_purged,ecfp_absdiff_xgb,2,chembl_raw,bindingdb_raw,P49841,Glycogen synthase kinase-3 beta,1515,0.1842,0.384,0.7664,422,1.7452,0.2068,0.4737,-0.0932,0.1842,0.2361,0.625,3.3938,0.4536,10,0.2105,1.1432,0.1219,16,0.1908,1.036,0.0798,29,0.24,12,0.2,20,
cross_database_transfer,chembl_to_bindingdb_pair_scaffold_purged,ecfp_absdiff_xgb,2,chembl_raw,bindingdb_raw,P00742,Coagulation factor X,643,0.5008,0.9152,0.7789,364,1.367,0.4977,0.483,-0.0405,0.5008,0.4362,0.7143,1.4264,0.6735,5,0.4242,0.8472,0.2687,14,0.3846,0.768,0.2033,25,0.4,20,0.47,47,
cross_database_transfer,chembl_to_bindingdb_pair_scaffold_purged,ecfp_absdiff_xgb,2,chembl_raw,bindingdb_raw,P04150,Glucocorticoid receptor,1510,0.2536,0.4826,0.7646,608,1.2841,0.2901,0.5349,0.037,0.2536,0.3789,0.25,0.9856,0.1729,4,0.5,1.9713,0.2228,38,0.3642,1.436,0.1631,55,0.42,21,0.48,48,
cross_database_transfer,chembl_to_bindingdb_pair_scaffold_purged,ecfp_absdiff_xgb,2,chembl_raw,bindingdb_raw,P23458,Tyrosine-protein kinase JAK1,934,0.1842,0.3266,0.7583,589,1.6478,0.2615,0.6587,0.1451,0.1842,0.3018,0.3,1.6291,0.1522,3,0.3191,1.7331,0.1078,15,0.2979,1.6175,0.1015,28,0.34,17,0.3,30,
cross_database_transfer,chembl_to_bindingdb_pair_scaffold_purged,ecfp_absdiff_xgb,2,chembl_raw,bindingdb_raw,P35462,D(3) dopamine receptor,400,0.3675,0.6675,0.7691,186,1.4675,0.4309,0.5595,0.0767,0.3675,0.5639,0.75,2.0408,0.4792,3,0.65,1.7687,0.4275,13,0.575,1.5646,0.3688,23,0.5,25,0.4,40,
cross_database_transfer,chembl_to_bindingdb_pair_scaffold_purged,ecfp_absdiff_xgb,2,chembl_raw,bindingdb_raw,P10275,Androgen receptor,739,0.2923,0.5441,0.775,244,1.4709,0.2956,0.5069,0.0601,0.2923,0.285,0.375,1.283,0.1202,3,0.2703,0.9247,0.0896,10,0.2568,0.8784,0.0768,19,0.24,12,0.3,30,
cross_database_transfer,chembl_to_bindingdb_pair_scaffold_purged,ecfp_absdiff_xgb,2,chembl_raw,bindingdb_raw,Q9Y5N1,Histamine H3 receptor,1315,0.4106,0.7382,0.776,585,1.1757,0.417,0.506,-0.0501,0.4106,0.4496,0.2857,0.6958,0.0694,4,0.4394,1.07,0.1743,29,0.4924,1.1991,0.2191,65,0.46,23,0.48,48,
cross_database_transfer,chembl_to_bindingdb_pair_scaffold_purged,ecfp_absdiff_xgb,2,chembl_raw,bindingdb_raw,P42336,"Phosphatidylinositol 4,5-bisphosphate 3-kinase catalytic subunit alpha isoform",1146,0.322,0.561,0.7642,402,1.212,0.3872,0.5603,0.0737,0.322,0.4753,0.6667,2.0705,0.6389,8,0.569,1.767,0.389,33,0.4174,1.2963,0.2601,48,0.58,29,0.44,44,
cross_database_transfer,chembl_to_bindingdb_pair_scaffold_purged,ecfp_absdiff_xgb,2,chembl_raw,bindingdb_raw,Q01959,Sodium-dependent dopamine transporter,528,0.2235,0.4015,0.7769,188,1.2008,0.2213,0.4883,-0.042,0.2235,0.2492,0.1667,0.7458,0.0417,1,0.2593,1.1601,0.0792,7,0.2264,1.0131,0.0631,12,0.24,12,0.25,25,
cross_database_transfer,chembl_to_bindingdb_pair_scaffold_purged,ecfp_absdiff_xgb,2,chembl_raw,bindingdb_raw,P41143,Delta-type opioid receptor,1057,0.3065,0.58,0.7858,457,1.4163,0.3917,0.5597,0.0542,0.3065,0.5598,1.0,3.2623,1.0,11,0.6792,2.2159,0.6094,36,0.4717,1.5388,0.3702,50,0.7,35,0.49,49,
cross_database_transfer,chembl_to_bindingdb_pair_scaffold_purged,ecfp_absdiff_xgb,2,chembl_raw,bindingdb_raw,P41145,Kappa-type opioid receptor,992,0.5514,1.0688,0.7753,354,1.7782,0.5934,0.5562,0.1243,0.5514,0.6388,0.8,1.4508,0.78,8,0.68,1.2332,0.5379,34,0.6,1.0881,0.4287,60,0.68,34,0.6,60,
cross_database_transfer,chembl_to_bindingdb_pair_scaffold_purged,ecfp_absdiff_xgb,2,chembl_raw,bindingdb_raw,P00734,Prothrombin,491,0.336,0.655,0.7718,308,1.3625,0.3534,0.5057,-0.0669,0.336,0.4461,0.4,1.1903,0.13,2,0.4,1.1903,0.171,10,0.5,1.4879,0.223,25,0.5,25,0.46,46,
cross_database_transfer,chembl_to_bindingdb_pair_scaffold_purged,ecfp_absdiff_xgb,2,chembl_raw,bindingdb_raw,P21917,D(4) dopamine receptor,456,0.3421,0.5766,0.7812,207,1.1996,0.3921,0.561,0.1,0.3421,0.4307,0.8,2.3385,0.5433,4,0.4348,1.2709,0.2609,10,0.413,1.2074,0.2082,19,0.4,20,0.42,42,
cross_database_transfer,chembl_to_bindingdb_pair_scaffold_purged,ecfp_absdiff_xgb,2,chembl_raw,bindingdb_raw,P08908,5-hydroxytryptamine receptor 1A,664,0.4051,0.7068,0.7792,289,1.2139,0.4134,0.5002,-0.0017,0.4051,0.4214,0.5714,1.4105,0.3816,4,0.4118,1.0164,0.2443,14,0.4328,1.0684,0.2138,29,0.38,19,0.37,37,
cross_database_transfer,chembl_to_bindingdb_pair_scaffold_purged,ecfp_absdiff_xgb,2,chembl_raw,bindingdb_raw,Q99720,Sigma non-opioid intracellular receptor 1,823,0.2503,0.487,0.7922,351,1.2078,0.2772,0.5511,0.0803,0.2503,0.2924,0.4444,1.7756,0.2143,4,0.3095,1.2366,0.1252,13,0.253,1.0108,0.0895,21,0.28,14,0.26,26,
cross_database_transfer,chembl_to_bindingdb_pair_scaffold_purged,ecfp_absdiff_xgb,2,chembl_raw,bindingdb_raw,Q9HAZ1,Dual specificity protein kinase CLK4,919,0.2884,0.5863,0.7733,283,1.1251,0.3087,0.5217,0.0159,0.2884,0.3455,0.3,1.0404,0.0967,3,0.3696,1.2816,0.1165,17,0.3804,1.3193,0.1383,35,0.38,19,0.37,37,
cross_database_transfer,chembl_to_bindingdb_pair_scaffold_purged,ecfp_absdiff_xgb,2,chembl_raw,bindingdb_raw,P31645,Sodium-dependent serotonin transporter,402,0.2662,0.4929,0.7808,229,1.2363,0.3007,0.5251,0.0508,0.2662,0.3231,0.6,2.2542,0.2867,3,0.381,1.4312,0.1967,8,0.2927,1.0996,0.1286,12,0.26,13,0.21,21,
cross_database_transfer,chembl_to_bindingdb_pair_scaffold_purged,rich_diff_scalars,2,chembl_raw,bindingdb_raw,P11309,Serine/threonine-protein kinase pim-1,1595,0.3361,0.5684,0.7625,456,1.3843,0.3851,0.5418,0.0563,0.3361,0.4448,0.625,1.8598,0.4845,10,0.4875,1.4507,0.2822,39,0.4125,1.2275,0.216,66,0.48,24,0.48,48,
cross_database_transfer,chembl_to_bindingdb_pair_scaffold_purged,rich_diff_scalars,2,chembl_raw,bindingdb_raw,P35367,Histamine H1 receptor,1008,0.2808,0.5486,0.7844,373,1.2867,0.3652,0.5455,0.1028,0.2808,0.4744,0.5455,1.9428,0.3906,6,0.5686,2.0254,0.3543,29,0.3861,1.3754,0.2227,39,0.58,29,0.39,39,
cross_database_transfer,chembl_to_bindingdb_pair_scaffold_purged,rich_diff_scalars,2,chembl_raw,bindingdb_raw,P00519,Tyrosine-protein kinase ABL1,1361,0.4533,0.7713,0.7612,420,1.5129,0.5839,0.6545,0.2448,0.4533,0.6143,0.4286,0.9454,0.3901,6,0.5942,1.3107,0.3673,41,0.6496,1.433,0.4007,89,0.58,29,0.59,59,
cross_database_transfer,chembl_to_bindingdb_pair_scaffold_purged,rich_diff_scalars,2,chembl_raw,bindingdb_raw,O43614,Orexin receptor type 2,835,0.382,0.6712,0.7624,403,1.7078,0.4413,0.5483,0.1153,0.382,0.4967,0.6667,1.745,0.5423,6,0.5,1.3088,0.33,21,0.4524,1.1841,0.2596,38,0.52,26,0.47,47,
cross_database_transfer,chembl_to_bindingdb_pair_scaffold_purged,rich_diff_scalars,2,chembl_raw,bindingdb_raw,P35372,Mu-type opioid receptor,881,0.3269,0.476,0.7833,338,1.2633,0.4145,0.6049,0.1282,0.3269,0.4713,0.5556,1.6995,0.4368,5,0.5111,1.5635,0.3023,23,0.4045,1.2374,0.2199,36,0.48,24,0.43,43,
cross_database_transfer,chembl_to_bindingdb_pair_scaffold_purged,rich_diff_scalars,2,chembl_raw,bindingdb_raw,O60674,Tyrosine-protein kinase JAK2,2270,0.178,0.3334,0.773,902,1.4004,0.2858,0.6596,0.1241,0.178,0.3543,0.5652,3.1759,0.3312,13,0.3684,2.0701,0.1738,42,0.3128,1.7574,0.1303,71,0.44,22,0.38,38,
cross_database_transfer,chembl_to_bindingdb_pair_scaffold_purged,rich_diff_scalars,2,chembl_raw,bindingdb_raw,P49841,Glycogen synthase kinase-3 beta,1515,0.1842,0.384,0.7664,422,1.7452,0.1791,0.3806,-0.2341,0.1842,0.2684,0.3125,1.6969,0.14,5,0.3158,1.7148,0.1178,24,0.2434,1.3218,0.084,37,0.34,17,0.29,29,
cross_database_transfer,chembl_to_bindingdb_pair_scaffold_purged,rich_diff_scalars,2,chembl_raw,bindingdb_raw,P00742,Coagulation factor X,643,0.5008,0.9152,0.7789,364,1.367,0.5497,0.5161,0.0264,0.5008,0.6651,0.8571,1.7116,0.8571,6,0.697,1.3918,0.5871,23,0.6308,1.2596,0.4859,41,0.68,34,0.59,59,
cross_database_transfer,chembl_to_bindingdb_pair_scaffold_purged,rich_diff_scalars,2,chembl_raw,bindingdb_raw,P04150,Glucocorticoid receptor,1510,0.2536,0.4826,0.7646,608,1.2841,0.4059,0.6692,0.2434,0.2536,0.483,0.625,2.4641,0.5027,10,0.5,1.9713,0.313,38,0.4636,1.8277,0.2567,70,0.52,26,0.46,46,
cross_database_transfer,chembl_to_bindingdb_pair_scaffold_purged,rich_diff_scalars,2,chembl_raw,bindingdb_raw,P23458,Tyrosine-protein kinase JAK1,934,0.1842,0.3266,0.7583,589,1.6478,0.307,0.7019,0.1078,0.1842,0.3718,0.6,3.2581,0.2817,6,0.4043,2.1952,0.1968,19,0.3511,1.9064,0.1534,33,0.38,19,0.33,33,
cross_database_transfer,chembl_to_bindingdb_pair_scaffold_purged,rich_diff_scalars,2,chembl_raw,bindingdb_raw,P35462,D(3) dopamine receptor,400,0.3675,0.6675,0.7691,186,1.4675,0.3804,0.4855,-0.0522,0.3675,0.4682,0.5,1.3605,0.2083,2,0.6,1.6327,0.3562,12,0.425,1.1565,0.2428,17,0.38,19,0.32,32,
cross_database_transfer,chembl_to_bindingdb_pair_scaffold_purged,rich_diff_scalars,2,chembl_raw,bindingdb_raw,P10275,Androgen receptor,739,0.2923,0.5441,0.775,244,1.4709,0.3595,0.574,0.0821,0.2923,0.4102,0.5,1.7106,0.3875,4,0.4324,1.4795,0.21,16,0.4324,1.4795,0.2052,32,0.46,23,0.36,36,
cross_database_transfer,chembl_to_bindingdb_pair_scaffold_purged,rich_diff_scalars,2,chembl_raw,bindingdb_raw,Q9Y5N1,Histamine H3 receptor,1315,0.4106,0.7382,0.776,585,1.1757,0.4714,0.5583,0.0817,0.4106,0.5215,0.7143,1.7394,0.6241,10,0.5455,1.3283,0.3518,36,0.5227,1.2729,0.306,69,0.52,26,0.5,50,
cross_database_transfer,chembl_to_bindingdb_pair_scaffold_purged,rich_diff_scalars,2,chembl_raw,bindingdb_raw,P42336,"Phosphatidylinositol 4,5-bisphosphate 3-kinase catalytic subunit alpha isoform",1146,0.322,0.561,0.7642,402,1.212,0.3091,0.4869,0.0047,0.322,0.2521,0.3333,1.0352,0.2004,4,0.2414,0.7496,0.0882,14,0.2174,0.6752,0.067,25,0.26,13,0.22,22,
cross_database_transfer,chembl_to_bindingdb_pair_scaffold_purged,rich_diff_scalars,2,chembl_raw,bindingdb_raw,Q01959,Sodium-dependent dopamine transporter,528,0.2235,0.4015,0.7769,188,1.2008,0.2738,0.562,0.088,0.2235,0.3216,0.5,2.2373,0.2667,3,0.3333,1.4915,0.1468,9,0.3019,1.3508,0.1142,16,0.28,14,0.3,30,
cross_database_transfer,chembl_to_bindingdb_pair_scaffold_purged,rich_diff_scalars,2,chembl_raw,bindingdb_raw,P41143,Delta-type opioid receptor,1057,0.3065,0.58,0.7858,457,1.4163,0.4105,0.55,0.0752,0.3065,0.5363,1.0,3.2623,1.0,11,0.5283,1.7235,0.4599,28,0.4811,1.5696,0.3363,51,0.56,28,0.5,50,
cross_database_transfer,chembl_to_bindingdb_pair_scaffold_purged,rich_diff_scalars,2,chembl_raw,bindingdb_raw,P41145,Kappa-type opioid receptor,992,0.5514,1.0688,0.7753,354,1.7782,0.7293,0.7238,0.322,0.5514,0.7851,0.8,1.4508,0.5142,8,0.76,1.3783,0.5681,38,0.81,1.469,0.6272,81,0.76,38,0.81,81,
cross_database_transfer,chembl_to_bindingdb_pair_scaffold_purged,rich_diff_scalars,2,chembl_raw,bindingdb_raw,P00734,Prothrombin,491,0.336,0.655,0.7718,308,1.3625,0.4415,0.5691,0.1039,0.336,0.5597,1.0,2.9758,1.0,5,0.52,1.5474,0.4495,13,0.54,1.6069,0.3721,27,0.54,27,0.48,48,
cross_database_transfer,chembl_to_bindingdb_pair_scaffold_purged,rich_diff_scalars,2,chembl_raw,bindingdb_raw,P21917,D(4) dopamine receptor,456,0.3421,0.5766,0.7812,207,1.1996,0.4175,0.5565,0.0656,0.3421,0.4899,0.8,2.3385,0.76,4,0.4783,1.398,0.3608,11,0.4783,1.398,0.294,22,0.46,23,0.42,42,
cross_database_transfer,chembl_to_bindingdb_pair_scaffold_purged,rich_diff_scalars,2,chembl_raw,bindingdb_raw,P08908,5-hydroxytryptamine receptor 1A,664,0.4051,0.7068,0.7792,289,1.2139,0.4323,0.55,0.092,0.4051,0.3923,0.4286,1.0579,0.1374,3,0.3824,0.9438,0.1425,13,0.4179,1.0316,0.1602,28,0.36,18,0.43,43,
cross_database_transfer,chembl_to_bindingdb_pair_scaffold_purged,rich_diff_scalars,2,chembl_raw,bindingdb_raw,Q99720,Sigma non-opioid intracellular receptor 1,823,0.2503,0.487,0.7922,351,1.2078,0.3958,0.6626,0.1512,0.2503,0.4982,0.4444,1.7756,0.2266,4,0.5238,2.0927,0.2721,22,0.4819,1.9254,0.2586,40,0.58,29,0.47,47,
cross_database_transfer,chembl_to_bindingdb_pair_scaffold_purged,rich_diff_scalars,2,chembl_raw,bindingdb_raw,Q9HAZ1,Dual specificity protein kinase CLK4,919,0.2884,0.5863,0.7733,283,1.1251,0.3417,0.5495,0.077,0.2884,0.4161,0.5,1.734,0.3171,5,0.4783,1.6586,0.2525,22,0.413,1.4324,0.1986,38,0.44,22,0.41,41,
cross_database_transfer,chembl_to_bindingdb_pair_scaffold_purged,rich_diff_scalars,2,chembl_raw,bindingdb_raw,P31645,Sodium-dependent serotonin transporter,402,0.2662,0.4929,0.7808,229,1.2363,0.3879,0.5898,0.0681,0.2662,0.5171,0.8,3.0056,0.76,4,0.5714,2.1469,0.4779,12,0.4146,1.5578,0.309,17,0.38,19,0.36,36,
cross_database_transfer,chembl_to_bindingdb_pair_scaffold_purged,rich_scalars_only,2,chembl_raw,bindingdb_raw,P11309,Serine/threonine-protein kinase pim-1,1595,0.3361,0.5684,0.7625,456,1.3843,0.4173,0.6018,0.1154,0.3361,0.4607,0.625,1.8598,0.4589,10,0.4625,1.3763,0.2649,37,0.4438,1.3205,0.2289,71,0.48,24,0.45,45,
cross_database_transfer,chembl_to_bindingdb_pair_scaffold_purged,rich_scalars_only,2,chembl_raw,bindingdb_raw,P35367,Histamine H1 receptor,1008,0.2808,0.5486,0.7844,373,1.2867,0.3768,0.5385,0.0765,0.2808,0.5316,0.9091,3.238,0.8573,10,0.6667,2.3746,0.5551,34,0.4455,1.587,0.3353,45,0.66,33,0.45,45,
cross_database_transfer,chembl_to_bindingdb_pair_scaffold_purged,rich_scalars_only,2,chembl_raw,bindingdb_raw,P00519,Tyrosine-protein kinase ABL1,1361,0.4533,0.7713,0.7612,420,1.5129,0.5633,0.6321,0.2028,0.4533,0.6142,0.2857,0.6302,0.1331,4,0.6522,1.4386,0.368,45,0.6423,1.4169,0.3896,88,0.62,31,0.65,65,
cross_database_transfer,chembl_to_bindingdb_pair_scaffold_purged,rich_scalars_only,2,chembl_raw,bindingdb_raw,O43614,Orexin receptor type 2,835,0.382,0.6712,0.7624,403,1.7078,0.449,0.5402,0.1035,0.382,0.5313,0.5556,1.4542,0.537,5,0.5476,1.4334,0.379,23,0.5119,1.3399,0.308,43,0.52,26,0.5,50,
cross_database_transfer,chembl_to_bindingdb_pair_scaffold_purged,rich_scalars_only,2,chembl_raw,bindingdb_raw,P35372,Mu-type opioid receptor,881,0.3269,0.476,0.7833,338,1.2633,0.4027,0.5921,0.0885,0.3269,0.4628,0.4444,1.3596,0.1651,4,0.4667,1.4275,0.2176,21,0.4719,1.4436,0.2204,42,0.46,23,0.48,48,
cross_database_transfer,chembl_to_bindingdb_pair_scaffold_purged,rich_scalars_only,2,chembl_raw,bindingdb_raw,O60674,Tyrosine-protein kinase JAK2,2270,0.178,0.3334,0.773,902,1.4004,0.2856,0.6642,0.1655,0.178,0.3597,0.4783,2.6873,0.2305,11,0.386,2.1687,0.1532,44,0.3656,2.0545,0.1399,83,0.36,18,0.36,36,
cross_database_transfer,chembl_to_bindingdb_pair_scaffold_purged,rich_scalars_only,2,chembl_raw,bindingdb_raw,P49841,Glycogen synthase kinase-3 beta,1515,0.1842,0.384,0.7664,422,1.7452,0.1717,0.3976,-0.1358,0.1842,0.2271,0.25,1.3575,0.0564,4,0.2368,1.2861,0.0575,18,0.2171,1.1789,0.0525,33,0.26,13,0.25,25,
cross_database_transfer,chembl_to_bindingdb_pair_scaffold_purged,rich_scalars_only,2,chembl_raw,bindingdb_raw,P00742,Coagulation factor X,643,0.5008,0.9152,0.7789,364,1.367,0.5807,0.5366,0.0643,0.5008,0.7461,1.0,1.9969,1.0,7,0.8485,1.6943,0.7914,28,0.7077,1.4132,0.6141,46,0.76,38,0.59,59,
cross_database_transfer,chembl_to_bindingdb_pair_scaffold_purged,rich_scalars_only,2,chembl_raw,bindingdb_raw,P04150,Glucocorticoid receptor,1510,0.2536,0.4826,0.7646,608,1.2841,0.4101,0.6746,0.1928,0.2536,0.502,0.6875,2.7105,0.5873,11,0.5132,2.0232,0.3379,39,0.4768,1.8799,0.2791,72,0.56,28,0.51,51,
cross_database_transfer,chembl_to_bindingdb_pair_scaffold_purged,rich_scalars_only,2,chembl_raw,bindingdb_raw,P23458,Tyrosine-protein kinase JAK1,934,0.1842,0.3266,0.7583,589,1.6478,0.3344,0.6917,0.1454,0.1842,0.4169,0.8,4.3442,0.6711,8,0.4255,2.3107,0.2943,20,0.3723,2.0219,0.2096,35,0.42,21,0.36,36,
cross_database_transfer,chembl_to_bindingdb_pair_scaffold_purged,rich_scalars_only,2,chembl_raw,bindingdb_raw,P35462,D(3) dopamine receptor,400,0.3675,0.6675,0.7691,186,1.4675,0.4125,0.5559,0.0636,0.3675,0.4513,0.5,1.3605,0.25,2,0.5,1.3605,0.2984,10,0.375,1.0204,0.2111,15,0.34,17,0.39,39,
cross_database_transfer,chembl_to_bindingdb_pair_scaffold_purged,rich_scalars_only,2,chembl_raw,bindingdb_raw,P10275,Androgen receptor,739,0.2923,0.5441,0.775,244,1.4709,0.3463,0.5842,0.1327,0.2923,0.3164,0.0,0.0,0.0,0,0.2703,0.9247,0.0496,10,0.3784,1.2945,0.1119,28,0.36,18,0.43,43,
cross_database_transfer,chembl_to_bindingdb_pair_scaffold_purged,rich_scalars_only,2,chembl_raw,bindingdb_raw,Q9Y5N1,Histamine H3 receptor,1315,0.4106,0.7382,0.776,585,1.1757,0.574,0.6663,0.2189,0.4106,0.6485,0.8571,2.0873,0.8241,12,0.6212,1.5128,0.4881,41,0.6136,1.4943,0.4297,81,0.66,33,0.62,62,
cross_database_transfer,chembl_to_bindingdb_pair_scaffold_purged,rich_scalars_only,2,chembl_raw,bindingdb_raw,P42336,"Phosphatidylinositol 4,5-bisphosphate 3-kinase catalytic subunit alpha isoform",1146,0.322,0.561,0.7642,402,1.212,0.3129,0.5032,0.018,0.322,0.2285,0.25,0.7764,0.1806,3,0.1897,0.589,0.0701,11,0.2261,0.7022,0.063,26,0.22,11,0.19,19,
cross_database_transfer,chembl_to_bindingdb_pair_scaffold_purged,rich_scalars_only,2,chembl_raw,bindingdb_raw,Q01959,Sodium-dependent dopamine transporter,528,0.2235,0.4015,0.7769,188,1.2008,0.2846,0.5637,0.0838,0.2235,0.3719,0.3333,1.4915,0.1944,2,0.4444,1.9887,0.1972,12,0.3774,1.6885,0.164,20,0.38,19,0.29,29,
cross_database_transfer,chembl_to_bindingdb_pair_scaffold_purged,rich_scalars_only,2,chembl_raw,bindingdb_raw,P41143,Delta-type opioid receptor,1057,0.3065,0.58,0.7858,457,1.4163,0.4077,0.5784,0.1052,0.3065,0.5094,0.7273,2.3726,0.6368,8,0.566,1.8466,0.4044,30,0.4434,1.4465,0.2788,47,0.6,30,0.45,45,
cross_database_transfer,chembl_to_bindingdb_pair_scaffold_purged,rich_scalars_only,2,chembl_raw,bindingdb_raw,P41145,Kappa-type opioid receptor,992,0.5514,1.0688,0.7753,354,1.7782,0.7243,0.7117,0.2961,0.5514,0.7972,0.5,0.9068,0.1855,5,0.8,1.4508,0.5681,40,0.84,1.5234,0.6499,84,0.8,40,0.84,84,
cross_database_transfer,chembl_to_bindingdb_pair_scaffold_purged,rich_scalars_only,2,chembl_raw,bindingdb_raw,P00734,Prothrombin,491,0.336,0.655,0.7718,308,1.3625,0.4678,0.6119,0.1527,0.336,0.5832,0.8,2.3806,0.8,4,0.64,1.9045,0.509,16,0.52,1.5474,0.3723,26,0.52,26,0.48,48,
cross_database_transfer,chembl_to_bindingdb_pair_scaffold_purged,rich_scalars_only,2,chembl_raw,bindingdb_raw,P21917,D(4) dopamine receptor,456,0.3421,0.5766,0.7812,207,1.1996,0.4143,0.5616,0.1343,0.3421,0.4981,0.6,1.7538,0.4533,3,0.5217,1.5251,0.3588,12,0.4565,1.3344,0.2788,21,0.42,21,0.4,40,
cross_database_transfer,chembl_to_bindingdb_pair_scaffold_purged,rich_scalars_only,2,chembl_raw,bindingdb_raw,P08908,5-hydroxytryptamine receptor 1A,664,0.4051,0.7068,0.7792,289,1.2139,0.4349,0.5519,0.113,0.4051,0.4124,0.2857,0.7053,0.1048,2,0.3529,0.8712,0.1381,12,0.4328,1.0684,0.1781,29,0.44,22,0.43,43,
cross_database_transfer,chembl_to_bindingdb_pair_scaffold_purged,rich_scalars_only,2,chembl_raw,bindingdb_raw,Q99720,Sigma non-opioid intracellular receptor 1,823,0.2503,0.487,0.7922,351,1.2078,0.3769,0.6492,0.1411,0.2503,0.4251,0.6667,2.6634,0.6071,6,0.4048,1.6171,0.2261,17,0.4699,1.8772,0.2339,39,0.42,21,0.44,44,
cross_database_transfer,chembl_to_bindingdb_pair_scaffold_purged,rich_scalars_only,2,chembl_raw,bindingdb_raw,Q9HAZ1,Dual specificity protein kinase CLK4,919,0.2884,0.5863,0.7733,283,1.1251,0.3548,0.5459,0.046,0.2884,0.424,0.8,2.7743,0.7328,8,0.413,1.4324,0.2721,19,0.3913,1.357,0.2109,36,0.38,19,0.41,41,
cross_database_transfer,chembl_to_bindingdb_pair_scaffold_purged,rich_scalars_only,2,chembl_raw,bindingdb_raw,P31645,Sodium-dependent serotonin transporter,402,0.2662,0.4929,0.7808,229,1.2363,0.3677,0.5931,0.1026,0.2662,0.4616,0.8,3.0056,0.71,4,0.5238,1.968,0.3571,11,0.439,1.6494,0.2626,18,0.38,19,0.35,35,
cross_database_transfer,chembl_to_bindingdb_pair_scaffold_purged,extratrees_scalars,2,chembl_raw,bindingdb_raw,P11309,Serine/threonine-protein kinase pim-1,1595,0.3361,0.5684,0.7625,456,1.3843,0.3566,0.5232,-0.0062,0.3361,0.3603,0.5625,1.6739,0.3694,9,0.3625,1.0787,0.1729,29,0.3375,1.0043,0.1408,54,0.36,18,0.35,35,
cross_database_transfer,chembl_to_bindingdb_pair_scaffold_purged,extratrees_scalars,2,chembl_raw,bindingdb_raw,P35367,Histamine H1 receptor,1008,0.2808,0.5486,0.7844,373,1.2867,0.3614,0.5928,0.1194,0.2808,0.3946,0.3636,1.2952,0.2803,4,0.3529,1.2571,0.1585,18,0.4158,1.4812,0.1765,42,0.34,17,0.42,42,
cross_database_transfer,chembl_to_bindingdb_pair_scaffold_purged,extratrees_scalars,2,chembl_raw,bindingdb_raw,P00519,Tyrosine-protein kinase ABL1,1361,0.4533,0.7713,0.7612,420,1.5129,0.5225,0.5993,0.0778,0.4533,0.5355,0.4286,0.9454,0.2486,6,0.5217,1.1509,0.2931,36,0.5328,1.1754,0.2883,73,0.56,28,0.52,52,
cross_database_transfer,chembl_to_bindingdb_pair_scaffold_purged,extratrees_scalars,2,chembl_raw,bindingdb_raw,O43614,Orexin receptor type 2,835,0.382,0.6712,0.7624,403,1.7078,0.4384,0.5419,0.1259,0.382,0.5111,0.4444,1.1634,0.1913,4,0.5238,1.3711,0.2761,22,0.5238,1.3711,0.2705,44,0.5,25,0.52,52,
cross_database_transfer,chembl_to_bindingdb_pair_scaffold_purged,extratrees_scalars,2,chembl_raw,bindingdb_raw,P35372,Mu-type opioid receptor,881,0.3269,0.476,0.7833,338,1.2633,0.3797,0.5537,0.0543,0.3269,0.4153,0.6667,2.0394,0.5403,6,0.4222,1.2916,0.2409,19,0.3933,1.203,0.1946,35,0.42,21,0.41,41,
cross_database_transfer,chembl_to_bindingdb_pair_scaffold_purged,extratrees_scalars,2,chembl_raw,bindingdb_raw,O60674,Tyrosine-protein kinase JAK2,2270,0.178,0.3334,0.773,902,1.4004,0.2509,0.6343,0.0681,0.178,0.2968,0.3913,2.1987,0.1482,9,0.3246,1.8236,0.1274,37,0.2423,1.3614,0.0862,55,0.42,21,0.34,34,
cross_database_transfer,chembl_to_bindingdb_pair_scaffold_purged,extratrees_scalars,2,chembl_raw,bindingdb_raw,P49841,Glycogen synthase kinase-3 beta,1515,0.1842,0.384,0.7664,422,1.7452,0.1847,0.4148,-0.0016,0.1842,0.2407,0.4375,2.3757,0.2502,7,0.2237,1.2146,0.0969,17,0.2237,1.2146,0.0736,34,0.28,14,0.22,22,
cross_database_transfer,chembl_to_bindingdb_pair_scaffold_purged,extratrees_scalars,2,chembl_raw,bindingdb_raw,P00742,Coagulation factor X,643,0.5008,0.9152,0.7789,364,1.367,0.5782,0.5785,0.0819,0.5008,0.6439,0.8571,1.7116,0.7486,6,0.6667,1.3313,0.5321,22,0.6,1.1981,0.4354,39,0.64,32,0.58,58,
cross_database_transfer,chembl_to_bindingdb_pair_scaffold_purged,extratrees_scalars,2,chembl_raw,bindingdb_raw,P04150,Glucocorticoid receptor,1510,0.2536,0.4826,0.7646,608,1.2841,0.4029,0.6197,0.1879,0.2536,0.5431,0.6875,2.7105,0.6465,11,0.5921,2.3344,0.4309,45,0.4967,1.9582,0.3298,75,0.64,32,0.58,58,
cross_database_transfer,chembl_to_bindingdb_pair_scaffold_purged,extratrees_scalars,2,chembl_raw,bindingdb_raw,P23458,Tyrosine-protein kinase JAK1,934,0.1842,0.3266,0.7583,589,1.6478,0.2952,0.6927,0.0795,0.1842,0.3184,0.3,1.6291,0.2267,3,0.2979,1.6175,0.1316,14,0.2872,1.5597,0.1081,27,0.3,15,0.29,29,
cross_database_transfer,chembl_to_bindingdb_pair_scaffold_purged,extratrees_scalars,2,chembl_raw,bindingdb_raw,P35462,D(3) dopamine receptor,400,0.3675,0.6675,0.7691,186,1.4675,0.4379,0.5637,0.0984,0.3675,0.5163,0.5,1.3605,0.4167,2,0.6,1.6327,0.385,12,0.475,1.2925,0.2849,19,0.48,24,0.45,45,
cross_database_transfer,chembl_to_bindingdb_pair_scaffold_purged,extratrees_scalars,2,chembl_raw,bindingdb_raw,P10275,Androgen receptor,739,0.2923,0.5441,0.775,244,1.4709,0.335,0.5875,0.0676,0.2923,0.2915,0.0,0.0,0.0,0,0.2432,0.8322,0.0424,9,0.3514,1.2021,0.1018,26,0.36,18,0.36,36,
cross_database_transfer,chembl_to_bindingdb_pair_scaffold_purged,extratrees_scalars,2,chembl_raw,bindingdb_raw,Q9Y5N1,Histamine H3 receptor,1315,0.4106,0.7382,0.776,585,1.1757,0.4919,0.5959,0.1256,0.4106,0.5278,0.6429,1.5655,0.5764,9,0.5,1.2176,0.3261,33,0.5227,1.2729,0.3036,69,0.52,26,0.5,50,
cross_database_transfer,chembl_to_bindingdb_pair_scaffold_purged,extratrees_scalars,2,chembl_raw,bindingdb_raw,P42336,"Phosphatidylinositol 4,5-bisphosphate 3-kinase catalytic subunit alpha isoform",1146,0.322,0.561,0.7642,402,1.212,0.3903,0.5903,0.0829,0.322,0.4247,0.4167,1.294,0.2106,5,0.3966,1.2316,0.1751,23,0.4348,1.3503,0.1879,50,0.42,21,0.41,41,
cross_database_transfer,chembl_to_bindingdb_pair_scaffold_purged,extratrees_scalars,2,chembl_raw,bindingdb_raw,Q01959,Sodium-dependent dopamine transporter,528,0.2235,0.4015,0.7769,188,1.2008,0.2854,0.5856,0.0946,0.2235,0.3449,0.3333,1.4915,0.1111,2,0.3704,1.6573,0.1549,10,0.3396,1.5197,0.1351,18,0.36,18,0.26,26,
cross_database_transfer,chembl_to_bindingdb_pair_scaffold_purged,extratrees_scalars,2,chembl_raw,bindingdb_raw,P41143,Delta-type opioid receptor,1057,0.3065,0.58,0.7858,457,1.4163,0.4507,0.5878,0.1216,0.3065,0.6299,1.0,3.2623,1.0,11,0.6981,2.2775,0.6353,37,0.5849,1.9082,0.4634,62,0.7,35,0.59,59,
cross_database_transfer,chembl_to_bindingdb_pair_scaffold_purged,extratrees_scalars,2,chembl_raw,bindingdb_raw,P41145,Kappa-type opioid receptor,992,0.5514,1.0688,0.7753,354,1.7782,0.7026,0.6746,0.252,0.5514,0.7801,0.8,1.4508,0.7068,8,0.78,1.4146,0.6319,39,0.78,1.4146,0.6251,78,0.78,39,0.78,78,
cross_database_transfer,chembl_to_bindingdb_pair_scaffold_purged,extratrees_scalars,2,chembl_raw,bindingdb_raw,P00734,Prothrombin,491,0.336,0.655,0.7718,308,1.3625,0.4376,0.5893,0.1438,0.336,0.5212,0.8,2.3806,0.76,4,0.56,1.6664,0.4023,14,0.48,1.4284,0.2961,24,0.48,24,0.47,47,
cross_database_transfer,chembl_to_bindingdb_pair_scaffold_purged,extratrees_scalars,2,chembl_raw,bindingdb_raw,P21917,D(4) dopamine receptor,456,0.3421,0.5766,0.7812,207,1.1996,0.4171,0.5782,0.0829,0.3421,0.4814,0.8,2.3385,0.6433,4,0.5217,1.5251,0.3233,12,0.4783,1.398,0.2691,22,0.44,22,0.41,41,
cross_database_transfer,chembl_to_bindingdb_pair_scaffold_purged,extratrees_scalars,2,chembl_raw,bindingdb_raw,P08908,5-hydroxytryptamine receptor 1A,664,0.4051,0.7068,0.7792,289,1.2139,0.4532,0.5928,0.0496,0.4051,0.3969,0.2857,0.7053,0.0833,2,0.3824,0.9438,0.1444,13,0.3881,0.9579,0.1467,26,0.36,18,0.47,47,
cross_database_transfer,chembl_to_bindingdb_pair_scaffold_purged,extratrees_scalars,2,chembl_raw,bindingdb_raw,Q99720,Sigma non-opioid intracellular receptor 1,823,0.2503,0.487,0.7922,351,1.2078,0.332,0.5803,0.1197,0.2503,0.409,0.5556,2.2195,0.4247,5,0.4286,1.7122,0.24,18,0.3855,1.5403,0.1944,32,0.42,21,0.35,35,
cross_database_transfer,chembl_to_bindingdb_pair_scaffold_purged,extratrees_scalars,2,chembl_raw,bindingdb_raw,Q9HAZ1,Dual specificity protein kinase CLK4,919,0.2884,0.5863,0.7733,283,1.1251,0.3367,0.5448,0.0772,0.2884,0.3965,0.5,1.734,0.2767,5,0.3913,1.357,0.1952,18,0.3804,1.3193,0.1694,35,0.4,20,0.37,37,
cross_database_transfer,chembl_to_bindingdb_pair_scaffold_purged,extratrees_scalars,2,chembl_raw,bindingdb_raw,P31645,Sodium-dependent serotonin transporter,402,0.2662,0.4929,0.7808,229,1.2363,0.3363,0.5547,0.05,0.2662,0.3917,0.6,2.2542,0.52,3,0.3333,1.2523,0.2371,7,0.3415,1.2829,0.1832,14,0.34,17,0.36,36,
cross_database_transfer,chembl_to_bindingdb_scaffold_purged,ecfp_absdiff_xgb,0,chembl_raw,bindingdb_raw,P11309,Serine/threonine-protein kinase pim-1,1595,0.3361,0.5684,0.7625,456,1.3843,0.3685,0.5192,-0.0118,0.3361,0.4779,0.5,1.4879,0.204,8,0.5625,1.6739,0.2877,45,0.4688,1.3949,0.2418,75,0.5,25,0.54,54,
cross_database_transfer,chembl_to_bindingdb_scaffold_purged,ecfp_absdiff_xgb,0,chembl_raw,bindingdb_raw,P35367,Histamine H1 receptor,1008,0.2808,0.5486,0.7844,373,1.2867,0.3253,0.5488,0.054,0.2808,0.3612,0.2727,0.9714,0.0702,3,0.3333,1.1873,0.1358,17,0.3267,1.1638,0.1263,33,0.34,17,0.33,33,
cross_database_transfer,chembl_to_bindingdb_scaffold_purged,ecfp_absdiff_xgb,0,chembl_raw,bindingdb_raw,P00519,Tyrosine-protein kinase ABL1,1361,0.4533,0.7713,0.7612,420,1.5129,0.4868,0.547,0.066,0.4533,0.5225,0.3571,0.7878,0.199,5,0.5217,1.1509,0.2619,36,0.5547,1.2237,0.2912,76,0.48,24,0.56,56,
cross_database_transfer,chembl_to_bindingdb_scaffold_purged,ecfp_absdiff_xgb,0,chembl_raw,bindingdb_raw,O43614,Orexin receptor type 2,835,0.382,0.6712,0.7624,403,1.7078,0.423,0.5283,0.0764,0.382,0.5304,0.4444,1.1634,0.2116,4,0.6429,1.6827,0.3663,27,0.5238,1.3711,0.2944,44,0.58,29,0.49,49,
cross_database_transfer,chembl_to_bindingdb_scaffold_purged,ecfp_absdiff_xgb,0,chembl_raw,bindingdb_raw,P35372,Mu-type opioid receptor,881,0.3269,0.476,0.7833,338,1.2633,0.3435,0.5236,0.0051,0.3269,0.3317,0.3333,1.0197,0.2778,3,0.2667,0.8157,0.1025,12,0.4045,1.2374,0.1488,36,0.28,14,0.39,39,
cross_database_transfer,chembl_to_bindingdb_scaffold_purged,ecfp_absdiff_xgb,0,chembl_raw,bindingdb_raw,O60674,Tyrosine-protein kinase JAK2,2270,0.178,0.3334,0.773,902,1.4004,0.2168,0.542,0.07,0.178,0.2788,0.5217,2.9316,0.3062,12,0.2632,1.4786,0.1299,30,0.2247,1.2624,0.0875,51,0.46,23,0.27,27,
cross_database_transfer,chembl_to_bindingdb_scaffold_purged,ecfp_absdiff_xgb,0,chembl_raw,bindingdb_raw,P49841,Glycogen synthase kinase-3 beta,1515,0.1842,0.384,0.7664,422,1.7452,0.1795,0.4972,-0.0322,0.1842,0.1395,0.1875,1.0181,0.0368,3,0.0921,0.5001,0.0126,7,0.1118,0.6073,0.0138,17,0.06,3,0.12,12,
cross_database_transfer,chembl_to_bindingdb_scaffold_purged,ecfp_absdiff_xgb,0,chembl_raw,bindingdb_raw,P00742,Coagulation factor X,643,0.5008,0.9152,0.7789,364,1.367,0.5133,0.5128,0.0109,0.5008,0.5562,0.4286,0.8558,0.166,3,0.5455,1.0892,0.2904,18,0.5846,1.1674,0.3227,38,0.56,28,0.54,54,
cross_database_transfer,chembl_to_bindingdb_scaffold_purged,ecfp_absdiff_xgb,0,chembl_raw,bindingdb_raw,P04150,Glucocorticoid receptor,1510,0.2536,0.4826,0.7646,608,1.2841,0.2814,0.5336,0.0076,0.2536,0.3134,0.375,1.4785,0.2788,6,0.25,0.9856,0.1121,19,0.3245,1.2794,0.1134,49,0.26,13,0.25,25,
cross_database_transfer,chembl_to_bindingdb_scaffold_purged,ecfp_absdiff_xgb,0,chembl_raw,bindingdb_raw,P23458,Tyrosine-protein kinase JAK1,934,0.1842,0.3266,0.7583,589,1.6478,0.2835,0.6191,0.1485,0.1842,0.3788,0.5,2.7151,0.3821,5,0.383,2.0797,0.2171,18,0.3298,1.7908,0.1622,31,0.42,21,0.32,32,
cross_database_transfer,chembl_to_bindingdb_scaffold_purged,ecfp_absdiff_xgb,0,chembl_raw,bindingdb_raw,P35462,D(3) dopamine receptor,400,0.3675,0.6675,0.7691,186,1.4675,0.3941,0.5311,0.066,0.3675,0.3929,0.0,0.0,0.0,0,0.35,0.9524,0.1319,7,0.45,1.2245,0.1818,18,0.4,20,0.4,40,
cross_database_transfer,chembl_to_bindingdb_scaffold_purged,ecfp_absdiff_xgb,0,chembl_raw,bindingdb_raw,P10275,Androgen receptor,739,0.2923,0.5441,0.775,244,1.4709,0.2972,0.5162,0.0593,0.2923,0.2975,0.125,0.4277,0.0179,1,0.3243,1.1096,0.0819,12,0.3243,1.1096,0.0955,24,0.34,17,0.32,32,
cross_database_transfer,chembl_to_bindingdb_scaffold_purged,ecfp_absdiff_xgb,0,chembl_raw,bindingdb_raw,Q9Y5N1,Histamine H3 receptor,1315,0.4106,0.7382,0.776,585,1.1757,0.3893,0.4629,0.0004,0.4106,0.3314,0.3571,0.8697,0.2893,5,0.2879,0.701,0.1291,19,0.3258,0.7933,0.1236,43,0.32,16,0.31,31,
cross_database_transfer,chembl_to_bindingdb_scaffold_purged,ecfp_absdiff_xgb,0,chembl_raw,bindingdb_raw,P42336,"Phosphatidylinositol 4,5-bisphosphate 3-kinase catalytic subunit alpha isoform",1146,0.322,0.561,0.7642,402,1.212,0.3163,0.4901,-0.0192,0.322,0.2165,0.25,0.7764,0.2083,3,0.1552,0.4819,0.0711,9,0.1652,0.5131,0.0502,19,0.18,9,0.18,18,
cross_database_transfer,chembl_to_bindingdb_scaffold_purged,ecfp_absdiff_xgb,0,chembl_raw,bindingdb_raw,Q01959,Sodium-dependent dopamine transporter,528,0.2235,0.4015,0.7769,188,1.2008,0.2335,0.533,0.0373,0.2235,0.2186,0.0,0.0,0.0,0,0.2222,0.9944,0.0366,6,0.2453,1.0975,0.0499,13,0.24,12,0.3,30,
cross_database_transfer,chembl_to_bindingdb_scaffold_purged,ecfp_absdiff_xgb,0,chembl_raw,bindingdb_raw,P41143,Delta-type opioid receptor,1057,0.3065,0.58,0.7858,457,1.4163,0.3168,0.5321,0.0821,0.3065,0.2717,0.1818,0.5932,0.1515,2,0.2642,0.8618,0.0888,14,0.2642,0.8618,0.0819,28,0.26,13,0.28,28,
cross_database_transfer,chembl_to_bindingdb_scaffold_purged,ecfp_absdiff_xgb,0,chembl_raw,bindingdb_raw,P41145,Kappa-type opioid receptor,992,0.5514,1.0688,0.7753,354,1.7782,0.6134,0.5759,0.1021,0.5514,0.7096,0.3,0.5441,0.15,3,0.74,1.342,0.4704,37,0.74,1.342,0.5137,74,0.74,37,0.74,74,
cross_database_transfer,chembl_to_bindingdb_scaffold_purged,ecfp_absdiff_xgb,0,chembl_raw,bindingdb_raw,P00734,Prothrombin,491,0.336,0.655,0.7718,308,1.3625,0.3529,0.4819,-0.0401,0.336,0.3948,1.0,2.9758,1.0,5,0.4,1.1903,0.306,10,0.34,1.0118,0.2034,17,0.34,17,0.34,34,
cross_database_transfer,chembl_to_bindingdb_scaffold_purged,ecfp_absdiff_xgb,0,chembl_raw,bindingdb_raw,P21917,D(4) dopamine receptor,456,0.3421,0.5766,0.7812,207,1.1996,0.388,0.5584,0.1038,0.3421,0.3833,0.8,2.3385,0.5433,4,0.3913,1.1438,0.2144,9,0.3261,0.9532,0.1519,15,0.36,18,0.4,40,
cross_database_transfer,chembl_to_bindingdb_scaffold_purged,ecfp_absdiff_xgb,0,chembl_raw,bindingdb_raw,P08908,5-hydroxytryptamine receptor 1A,664,0.4051,0.7068,0.7792,289,1.2139,0.4373,0.5329,0.0871,0.4051,0.427,0.4286,1.0579,0.1446,3,0.5588,1.3794,0.2747,19,0.3881,0.9579,0.1796,26,0.4,20,0.37,37,
cross_database_transfer,chembl_to_bindingdb_scaffold_purged,ecfp_absdiff_xgb,0,chembl_raw,bindingdb_raw,Q99720,Sigma non-opioid intracellular receptor 1,823,0.2503,0.487,0.7922,351,1.2078,0.2729,0.5512,0.0674,0.2503,0.2671,0.0,0.0,0.0,0,0.3095,1.2366,0.0737,13,0.2651,1.059,0.0661,22,0.26,13,0.3,30,
cross_database_transfer,chembl_to_bindingdb_scaffold_purged,ecfp_absdiff_xgb,0,chembl_raw,bindingdb_raw,Q9HAZ1,Dual specificity protein kinase CLK4,919,0.2884,0.5863,0.7733,283,1.1251,0.3958,0.5915,0.049,0.2884,0.5626,0.8,2.7743,0.7254,8,0.6522,2.2617,0.525,30,0.4783,1.6586,0.3445,44,0.6,30,0.45,45,
cross_database_transfer,chembl_to_bindingdb_scaffold_purged,ecfp_absdiff_xgb,0,chembl_raw,bindingdb_raw,P31645,Sodium-dependent serotonin transporter,402,0.2662,0.4929,0.7808,229,1.2363,0.2872,0.5386,0.0037,0.2662,0.3031,0.2,0.7514,0.0667,1,0.381,1.4312,0.123,8,0.2927,1.0996,0.0979,12,0.32,16,0.29,29,
cross_database_transfer,chembl_to_bindingdb_scaffold_purged,rich_diff_scalars,0,chembl_raw,bindingdb_raw,P11309,Serine/threonine-protein kinase pim-1,1595,0.3361,0.5684,0.7625,456,1.3843,0.3491,0.5307,0.0282,0.3361,0.323,0.125,0.372,0.0203,2,0.3,0.8927,0.0784,24,0.3688,1.0973,0.1127,59,0.26,13,0.29,29,
cross_database_transfer,chembl_to_bindingdb_scaffold_purged,rich_diff_scalars,0,chembl_raw,bindingdb_raw,P35367,Histamine H1 receptor,1008,0.2808,0.5486,0.7844,373,1.2867,0.4096,0.5721,0.1323,0.2808,0.5781,0.6364,2.2666,0.3685,7,0.6667,2.3746,0.4332,34,0.5644,2.0101,0.3591,57,0.66,33,0.56,56,
cross_database_transfer,chembl_to_bindingdb_scaffold_purged,rich_diff_scalars,0,chembl_raw,bindingdb_raw,P00519,Tyrosine-protein kinase ABL1,1361,0.4533,0.7713,0.7612,420,1.5129,0.5753,0.623,0.1551,0.4533,0.6815,0.7857,1.7332,0.7488,11,0.7101,1.5665,0.5901,49,0.6642,1.4652,0.5032,91,0.76,38,0.66,66,
cross_database_transfer,chembl_to_bindingdb_scaffold_purged,rich_diff_scalars,0,chembl_raw,bindingdb_raw,O43614,Orexin receptor type 2,835,0.382,0.6712,0.7624,403,1.7078,0.4303,0.5185,0.0402,0.382,0.5284,0.7778,2.0359,0.575,7,0.5476,1.4334,0.3628,23,0.4881,1.2776,0.297,41,0.56,28,0.48,48,
cross_database_transfer,chembl_to_bindingdb_scaffold_purged,rich_diff_scalars,0,chembl_raw,bindingdb_raw,P35372,Mu-type opioid receptor,881,0.3269,0.476,0.7833,338,1.2633,0.3843,0.576,0.1326,0.3269,0.4156,0.3333,1.0197,0.2222,3,0.4222,1.2916,0.1889,19,0.4494,1.3748,0.2002,40,0.44,22,0.46,46,
cross_database_transfer,chembl_to_bindingdb_scaffold_purged,rich_diff_scalars,0,chembl_raw,bindingdb_raw,O60674,Tyrosine-protein kinase JAK2,2270,0.178,0.3334,0.773,902,1.4004,0.3028,0.6515,0.1799,0.178,0.4093,0.6087,3.4201,0.349,14,0.4386,2.4644,0.2338,50,0.3656,2.0545,0.173,83,0.5,25,0.48,48,
cross_database_transfer,chembl_to_bindingdb_scaffold_purged,rich_diff_scalars,0,chembl_raw,bindingdb_raw,P49841,Glycogen synthase kinase-3 beta,1515,0.1842,0.384,0.7664,422,1.7452,0.1974,0.4582,0.0427,0.1842,0.2569,0.0625,0.3394,0.0048,1,0.1974,1.0717,0.0404,15,0.3092,1.679,0.0777,47,0.24,12,0.25,25,
cross_database_transfer,chembl_to_bindingdb_scaffold_purged,rich_diff_scalars,0,chembl_raw,bindingdb_raw,P00742,Coagulation factor X,643,0.5008,0.9152,0.7789,364,1.367,0.5833,0.5713,0.1362,0.5008,0.6858,0.7143,1.4264,0.5211,5,0.7273,1.4523,0.5503,24,0.6462,1.2903,0.4606,42,0.64,32,0.7,70,
cross_database_transfer,chembl_to_bindingdb_scaffold_purged,rich_diff_scalars,0,chembl_raw,bindingdb_raw,P04150,Glucocorticoid receptor,1510,0.2536,0.4826,0.7646,608,1.2841,0.3312,0.6291,0.198,0.2536,0.2988,0.1875,0.7392,0.0534,3,0.2763,1.0894,0.0619,21,0.3311,1.3055,0.09,50,0.18,9,0.27,27,
cross_database_transfer,chembl_to_bindingdb_scaffold_purged,rich_diff_scalars,0,chembl_raw,bindingdb_raw,P23458,Tyrosine-protein kinase JAK1,934,0.1842,0.3266,0.7583,589,1.6478,0.2605,0.6404,0.0484,0.1842,0.2783,0.5,2.7151,0.3096,5,0.2766,1.502,0.1254,13,0.2447,1.3287,0.0915,23,0.28,14,0.23,23,
cross_database_transfer,chembl_to_bindingdb_scaffold_purged,rich_diff_scalars,0,chembl_raw,bindingdb_raw,P35462,D(3) dopamine receptor,400,0.3675,0.6675,0.7691,186,1.4675,0.4265,0.5728,0.081,0.3675,0.4563,0.25,0.6803,0.0833,1,0.55,1.4966,0.2407,11,0.45,1.2245,0.2085,18,0.48,24,0.45,45,
cross_database_transfer,chembl_to_bindingdb_scaffold_purged,rich_diff_scalars,0,chembl_raw,bindingdb_raw,P10275,Androgen receptor,739,0.2923,0.5441,0.775,244,1.4709,0.3605,0.58,0.08,0.2923,0.4389,0.0,0.0,0.0,0,0.4865,1.6644,0.1968,18,0.5135,1.7569,0.2367,38,0.52,26,0.44,44,
cross_database_transfer,chembl_to_bindingdb_scaffold_purged,rich_diff_scalars,0,chembl_raw,bindingdb_raw,Q9Y5N1,Histamine H3 receptor,1315,0.4106,0.7382,0.776,585,1.1757,0.5177,0.6168,0.1651,0.4106,0.5766,0.4286,1.0437,0.1531,6,0.5758,1.4021,0.2972,38,0.5909,1.439,0.3273,78,0.56,28,0.6,60,
cross_database_transfer,chembl_to_bindingdb_scaffold_purged,rich_diff_scalars,0,chembl_raw,bindingdb_raw,P42336,"Phosphatidylinositol 4,5-bisphosphate 3-kinase catalytic subunit alpha isoform",1146,0.322,0.561,0.7642,402,1.212,0.3408,0.5105,0.0415,0.322,0.3576,0.4167,1.294,0.266,5,0.3276,1.0174,0.1473,19,0.3739,1.1613,0.1469,43,0.32,16,0.35,35,
cross_database_transfer,chembl_to_bindingdb_scaffold_purged,rich_diff_scalars,0,chembl_raw,bindingdb_raw,Q01959,Sodium-dependent dopamine transporter,528,0.2235,0.4015,0.7769,188,1.2008,0.3539,0.6205,0.0707,0.2235,0.474,0.5,2.2373,0.2778,3,0.5185,2.3202,0.2791,14,0.434,1.9418,0.2308,23,0.44,22,0.4,40,
cross_database_transfer,chembl_to_bindingdb_scaffold_purged,rich_diff_scalars,0,chembl_raw,bindingdb_raw,P41143,Delta-type opioid receptor,1057,0.3065,0.58,0.7858,457,1.4163,0.3379,0.4928,0.0258,0.3065,0.4147,0.5455,1.7795,0.4649,6,0.4528,1.4773,0.271,24,0.4057,1.3234,0.2098,43,0.44,22,0.4,40,
cross_database_transfer,chembl_to_bindingdb_scaffold_purged,rich_diff_scalars,0,chembl_raw,bindingdb_raw,P41145,Kappa-type opioid receptor,992,0.5514,1.0688,0.7753,354,1.7782,0.6178,0.5848,0.1059,0.5514,0.6287,0.8,1.4508,0.78,8,0.58,1.0518,0.4116,29,0.6,1.0881,0.399,60,0.58,29,0.6,60,
cross_database_transfer,chembl_to_bindingdb_scaffold_purged,rich_diff_scalars,0,chembl_raw,bindingdb_raw,P00734,Prothrombin,491,0.336,0.655,0.7718,308,1.3625,0.44,0.6024,0.1584,0.336,0.5048,0.8,2.3806,0.71,4,0.52,1.5474,0.3515,13,0.5,1.4879,0.2956,25,0.5,25,0.47,47,
cross_database_transfer,chembl_to_bindingdb_scaffold_purged,rich_diff_scalars,0,chembl_raw,bindingdb_raw,P21917,D(4) dopamine receptor,456,0.3421,0.5766,0.7812,207,1.1996,0.3887,0.572,0.1083,0.3421,0.3681,0.2,0.5846,0.05,1,0.3478,1.0167,0.1244,8,0.3913,1.1438,0.1394,18,0.42,21,0.43,43,
cross_database_transfer,chembl_to_bindingdb_scaffold_purged,rich_diff_scalars,0,chembl_raw,bindingdb_raw,P08908,5-hydroxytryptamine receptor 1A,664,0.4051,0.7068,0.7792,289,1.2139,0.4448,0.5574,0.0809,0.4051,0.4452,0.7143,1.7631,0.5211,5,0.4118,1.0164,0.2469,14,0.4179,1.0316,0.2136,28,0.42,21,0.44,44,
cross_database_transfer,chembl_to_bindingdb_scaffold_purged,rich_diff_scalars,0,chembl_raw,bindingdb_raw,Q99720,Sigma non-opioid intracellular receptor 1,823,0.2503,0.487,0.7922,351,1.2078,0.3905,0.6368,0.1238,0.2503,0.4691,0.8889,3.5512,0.8889,8,0.4762,1.9025,0.3671,20,0.4337,1.7328,0.2677,36,0.46,23,0.41,41,
cross_database_transfer,chembl_to_bindingdb_scaffold_purged,rich_diff_scalars,0,chembl_raw,bindingdb_raw,Q9HAZ1,Dual specificity protein kinase CLK4,919,0.2884,0.5863,0.7733,283,1.1251,0.4059,0.579,0.131,0.2884,0.5626,0.6,2.0808,0.4598,6,0.6739,2.3371,0.4718,31,0.5326,1.847,0.3596,49,0.66,33,0.5,50,
cross_database_transfer,chembl_to_bindingdb_scaffold_purged,rich_diff_scalars,0,chembl_raw,bindingdb_raw,P31645,Sodium-dependent serotonin transporter,402,0.2662,0.4929,0.7808,229,1.2363,0.3785,0.5602,0.0159,0.2662,0.5567,0.8,3.0056,0.6433,4,0.619,2.3258,0.4788,13,0.5122,1.9243,0.3664,21,0.44,22,0.31,31,
cross_database_transfer,chembl_to_bindingdb_scaffold_purged,rich_scalars_only,0,chembl_raw,bindingdb_raw,P11309,Serine/threonine-protein kinase pim-1,1595,0.3361,0.5684,0.7625,456,1.3843,0.3416,0.5127,-0.0107,0.3361,0.332,0.375,1.1159,0.126,6,0.3375,1.0043,0.1128,27,0.3562,1.0601,0.1208,57,0.34,17,0.35,35,
cross_database_transfer,chembl_to_bindingdb_scaffold_purged,rich_scalars_only,0,chembl_raw,bindingdb_raw,P35367,Histamine H1 receptor,1008,0.2808,0.5486,0.7844,373,1.2867,0.3679,0.5546,0.1471,0.2808,0.4811,0.8182,2.9142,0.6615,9,0.549,1.9555,0.3811,28,0.4554,1.6222,0.2739,46,0.56,28,0.46,46,
cross_database_transfer,chembl_to_bindingdb_scaffold_purged,rich_scalars_only,0,chembl_raw,bindingdb_raw,P00519,Tyrosine-protein kinase ABL1,1361,0.4533,0.7713,0.7612,420,1.5129,0.5707,0.6144,0.1291,0.4533,0.6991,0.6429,1.418,0.4179,9,0.7681,1.6943,0.5753,53,0.7007,1.5457,0.5188,96,0.78,39,0.74,74,
cross_database_transfer,chembl_to_bindingdb_scaffold_purged,rich_scalars_only,0,chembl_raw,bindingdb_raw,O43614,Orexin receptor type 2,835,0.382,0.6712,0.7624,403,1.7078,0.4206,0.5057,0.0014,0.382,0.5221,0.7778,2.0359,0.5195,7,0.5714,1.4957,0.3639,24,0.5119,1.3399,0.2957,43,0.52,26,0.52,52,
cross_database_transfer,chembl_to_bindingdb_scaffold_purged,rich_scalars_only,0,chembl_raw,bindingdb_raw,P35372,Mu-type opioid receptor,881,0.3269,0.476,0.7833,338,1.2633,0.3708,0.5608,0.0857,0.3269,0.4054,0.2222,0.6798,0.0926,2,0.4,1.2236,0.1681,18,0.4157,1.2717,0.1741,37,0.42,21,0.43,43,
cross_database_transfer,chembl_to_bindingdb_scaffold_purged,rich_scalars_only,0,chembl_raw,bindingdb_raw,O60674,Tyrosine-protein kinase JAK2,2270,0.178,0.3334,0.773,902,1.4004,0.3014,0.6571,0.1772,0.178,0.404,0.5217,2.9316,0.2778,12,0.4211,2.3658,0.1954,48,0.4009,2.2525,0.1767,91,0.46,23,0.43,43,
cross_database_transfer,chembl_to_bindingdb_scaffold_purged,rich_scalars_only,0,chembl_raw,bindingdb_raw,P49841,Glycogen synthase kinase-3 beta,1515,0.1842,0.384,0.7664,422,1.7452,0.1712,0.3654,-0.0303,0.1842,0.2475,0.25,1.3575,0.1009,4,0.3026,1.6433,0.1077,23,0.2039,1.1075,0.0658,31,0.32,16,0.25,25,
cross_database_transfer,chembl_to_bindingdb_scaffold_purged,rich_scalars_only,0,chembl_raw,bindingdb_raw,P00742,Coagulation factor X,643,0.5008,0.9152,0.7789,364,1.367,0.5823,0.575,0.1176,0.5008,0.659,0.7143,1.4264,0.7143,5,0.697,1.3918,0.5312,23,0.6154,1.2289,0.4411,40,0.66,33,0.64,64,
cross_database_transfer,chembl_to_bindingdb_scaffold_purged,rich_scalars_only,0,chembl_raw,bindingdb_raw,P04150,Glucocorticoid receptor,1510,0.2536,0.4826,0.7646,608,1.2841,0.3119,0.6104,0.1405,0.2536,0.2657,0.0625,0.2464,0.0625,1,0.25,0.9856,0.0645,19,0.2781,1.0966,0.0735,42,0.22,11,0.25,25,
cross_database_transfer,chembl_to_bindingdb_scaffold_purged,rich_scalars_only,0,chembl_raw,bindingdb_raw,P23458,Tyrosine-protein kinase JAK1,934,0.1842,0.3266,0.7583,589,1.6478,0.2904,0.6564,0.0919,0.1842,0.3612,0.7,3.8012,0.4092,7,0.4255,2.3107,0.2267,20,0.2872,1.5597,0.1395,27,0.4,20,0.27,27,
cross_database_transfer,chembl_to_bindingdb_scaffold_purged,rich_scalars_only,0,chembl_raw,bindingdb_raw,P35462,D(3) dopamine receptor,400,0.3675,0.6675,0.7691,186,1.4675,0.4011,0.5461,0.1007,0.3675,0.412,0.25,0.6803,0.125,1,0.45,1.2245,0.2034,9,0.4,1.0884,0.183,16,0.38,19,0.37,37,
cross_database_transfer,chembl_to_bindingdb_scaffold_purged,rich_scalars_only,0,chembl_raw,bindingdb_raw,P10275,Androgen receptor,739,0.2923,0.5441,0.775,244,1.4709,0.3533,0.5674,0.0376,0.2923,0.4281,0.5,1.7106,0.2625,4,0.4865,1.6644,0.2422,18,0.4324,1.4795,0.2051,32,0.46,23,0.39,39,
cross_database_transfer,chembl_to_bindingdb_scaffold_purged,rich_scalars_only,0,chembl_raw,bindingdb_raw,Q9Y5N1,Histamine H3 receptor,1315,0.4106,0.7382,0.776,585,1.1757,0.542,0.6628,0.2299,0.4106,0.5784,0.3571,0.8697,0.1775,5,0.5758,1.4021,0.2942,38,0.5985,1.4574,0.3356,79,0.56,28,0.61,61,
cross_database_transfer,chembl_to_bindingdb_scaffold_purged,rich_scalars_only,0,chembl_raw,bindingdb_raw,P42336,"Phosphatidylinositol 4,5-bisphosphate 3-kinase catalytic subunit alpha isoform",1146,0.322,0.561,0.7642,402,1.212,0.356,0.517,0.0451,0.322,0.4351,0.5833,1.8117,0.333,7,0.4828,1.4993,0.2708,28,0.4087,1.2693,0.2079,47,0.5,25,0.42,42,
cross_database_transfer,chembl_to_bindingdb_scaffold_purged,rich_scalars_only,0,chembl_raw,bindingdb_raw,Q01959,Sodium-dependent dopamine transporter,528,0.2235,0.4015,0.7769,188,1.2008,0.3305,0.5914,0.0689,0.2235,0.4472,0.6667,2.9831,0.35,4,0.4074,1.823,0.2457,11,0.4528,2.0262,0.2329,24,0.46,23,0.34,34,
cross_database_transfer,chembl_to_bindingdb_scaffold_purged,rich_scalars_only,0,chembl_raw,bindingdb_raw,P41143,Delta-type opioid receptor,1057,0.3065,0.58,0.7858,457,1.4163,0.3431,0.4922,0.0367,0.3065,0.4234,0.5455,1.7795,0.4637,6,0.434,1.4157,0.2625,23,0.4057,1.3234,0.2105,43,0.4,20,0.41,41,
cross_database_transfer,chembl_to_bindingdb_scaffold_purged,rich_scalars_only,0,chembl_raw,bindingdb_raw,P41145,Kappa-type opioid receptor,992,0.5514,1.0688,0.7753,354,1.7782,0.5785,0.5076,-0.0071,0.5514,0.6462,0.8,1.4508,0.6818,8,0.66,1.1969,0.4752,33,0.67,1.2151,0.4614,67,0.66,33,0.67,67,
cross_database_transfer,chembl_to_bindingdb_scaffold_purged,rich_scalars_only,0,chembl_raw,bindingdb_raw,P00734,Prothrombin,491,0.336,0.655,0.7718,308,1.3625,0.4193,0.6091,0.0962,0.336,0.4503,0.6,1.7855,0.3833,3,0.44,1.3093,0.2549,11,0.46,1.3688,0.2298,23,0.46,23,0.41,41,
cross_database_transfer,chembl_to_bindingdb_scaffold_purged,rich_scalars_only,0,chembl_raw,bindingdb_raw,P21917,D(4) dopamine receptor,456,0.3421,0.5766,0.7812,207,1.1996,0.3944,0.5436,0.0481,0.3421,0.4214,0.4,1.1692,0.4,2,0.3913,1.1438,0.1981,9,0.4565,1.3344,0.2154,21,0.44,22,0.45,45,
cross_database_transfer,chembl_to_bindingdb_scaffold_purged,rich_scalars_only,0,chembl_raw,bindingdb_raw,P08908,5-hydroxytryptamine receptor 1A,664,0.4051,0.7068,0.7792,289,1.2139,0.4314,0.5517,0.0508,0.4051,0.4106,0.2857,0.7053,0.2,2,0.4118,1.0164,0.1785,14,0.4328,1.0684,0.1885,29,0.42,21,0.41,41,
cross_database_transfer,chembl_to_bindingdb_scaffold_purged,rich_scalars_only,0,chembl_raw,bindingdb_raw,Q99720,Sigma non-opioid intracellular receptor 1,823,0.2503,0.487,0.7922,351,1.2078,0.3605,0.6174,0.1213,0.2503,0.4492,0.7778,3.1073,0.4825,7,0.4524,1.8073,0.2836,19,0.4217,1.6847,0.2236,35,0.4,20,0.4,40,
cross_database_transfer,chembl_to_bindingdb_scaffold_purged,rich_scalars_only,0,chembl_raw,bindingdb_raw,Q9HAZ1,Dual specificity protein kinase CLK4,919,0.2884,0.5863,0.7733,283,1.1251,0.3888,0.5629,0.1174,0.2884,0.5257,0.7,2.4275,0.5578,7,0.6522,2.2617,0.463,30,0.4565,1.5832,0.3022,42,0.62,31,0.44,44,
cross_database_transfer,chembl_to_bindingdb_scaffold_purged,rich_scalars_only,0,chembl_raw,bindingdb_raw,P31645,Sodium-dependent serotonin transporter,402,0.2662,0.4929,0.7808,229,1.2363,0.3895,0.5869,0.0814,0.2662,0.557,0.8,3.0056,0.5433,4,0.6667,2.5047,0.4634,14,0.5122,1.9243,0.3391,21,0.46,23,0.35,35,
cross_database_transfer,chembl_to_bindingdb_scaffold_purged,extratrees_scalars,0,chembl_raw,bindingdb_raw,P11309,Serine/threonine-protein kinase pim-1,1595,0.3361,0.5684,0.7625,456,1.3843,0.3776,0.5432,0.0488,0.3361,0.4283,0.4375,1.3019,0.2165,7,0.475,1.4135,0.2319,38,0.3875,1.1531,0.1802,62,0.48,24,0.44,44,
cross_database_transfer,chembl_to_bindingdb_scaffold_purged,extratrees_scalars,0,chembl_raw,bindingdb_raw,P35367,Histamine H1 receptor,1008,0.2808,0.5486,0.7844,373,1.2867,0.381,0.5721,0.1602,0.2808,0.5028,0.5455,1.9428,0.287,6,0.549,1.9555,0.3287,28,0.4851,1.728,0.2703,49,0.54,27,0.49,49,
cross_database_transfer,chembl_to_bindingdb_scaffold_purged,extratrees_scalars,0,chembl_raw,bindingdb_raw,P00519,Tyrosine-protein kinase ABL1,1361,0.4533,0.7713,0.7612,420,1.5129,0.5598,0.6025,0.1174,0.4533,0.6594,0.7857,1.7332,0.7442,11,0.6667,1.4706,0.5175,46,0.6788,1.4974,0.4955,93,0.66,33,0.71,71,
cross_database_transfer,chembl_to_bindingdb_scaffold_purged,extratrees_scalars,0,chembl_raw,bindingdb_raw,O43614,Orexin receptor type 2,835,0.382,0.6712,0.7624,403,1.7078,0.4088,0.517,0.0962,0.382,0.418,0.2222,0.5817,0.0815,2,0.3571,0.9348,0.1268,15,0.4286,1.1218,0.1666,36,0.38,19,0.49,49,
cross_database_transfer,chembl_to_bindingdb_scaffold_purged,extratrees_scalars,0,chembl_raw,bindingdb_raw,P35372,Mu-type opioid receptor,881,0.3269,0.476,0.7833,338,1.2633,0.3337,0.5029,0.0272,0.3269,0.318,0.3333,1.0197,0.2685,3,0.2667,0.8157,0.1105,12,0.3258,0.9968,0.1166,29,0.26,13,0.34,34,
cross_database_transfer,chembl_to_bindingdb_scaffold_purged,extratrees_scalars,0,chembl_raw,bindingdb_raw,O60674,Tyrosine-protein kinase JAK2,2270,0.178,0.3334,0.773,902,1.4004,0.2643,0.6313,0.1092,0.178,0.3384,0.4783,2.6873,0.2174,11,0.3596,2.0208,0.1564,41,0.2952,1.6584,0.116,67,0.48,24,0.35,35,
cross_database_transfer,chembl_to_bindingdb_scaffold_purged,extratrees_scalars,0,chembl_raw,bindingdb_raw,P49841,Glycogen synthase kinase-3 beta,1515,0.1842,0.384,0.7664,422,1.7452,0.1801,0.4225,0.0068,0.1842,0.2373,0.375,2.0363,0.1206,6,0.2368,1.2861,0.0718,18,0.2237,1.2146,0.061,34,0.24,12,0.26,26,
cross_database_transfer,chembl_to_bindingdb_scaffold_purged,extratrees_scalars,0,chembl_raw,bindingdb_raw,P00742,Coagulation factor X,643,0.5008,0.9152,0.7789,364,1.367,0.5863,0.5634,0.1259,0.5008,0.7054,0.8571,1.7116,0.8367,6,0.7273,1.4523,0.6216,24,0.6923,1.3825,0.5411,45,0.7,35,0.63,63,
cross_database_transfer,chembl_to_bindingdb_scaffold_purged,extratrees_scalars,0,chembl_raw,bindingdb_raw,P04150,Glucocorticoid receptor,1510,0.2536,0.4826,0.7646,608,1.2841,0.2841,0.5342,0.0655,0.2536,0.3263,0.4375,1.7249,0.1467,7,0.3026,1.1931,0.1072,23,0.3245,1.2794,0.1099,49,0.34,17,0.3,30,
cross_database_transfer,chembl_to_bindingdb_scaffold_purged,extratrees_scalars,0,chembl_raw,bindingdb_raw,P23458,Tyrosine-protein kinase JAK1,934,0.1842,0.3266,0.7583,589,1.6478,0.3105,0.6641,0.1539,0.1842,0.3974,0.5,2.7151,0.3319,5,0.4255,2.3107,0.2332,20,0.3511,1.9064,0.1721,33,0.44,22,0.34,34,
cross_database_transfer,chembl_to_bindingdb_scaffold_purged,extratrees_scalars,0,chembl_raw,bindingdb_raw,P35462,D(3) dopamine receptor,400,0.3675,0.6675,0.7691,186,1.4675,0.4383,0.575,0.0698,0.3675,0.4685,0.5,1.3605,0.5,2,0.45,1.2245,0.2669,9,0.5,1.3605,0.2649,20,0.48,24,0.48,48,
cross_database_transfer,chembl_to_bindingdb_scaffold_purged,extratrees_scalars,0,chembl_raw,bindingdb_raw,P10275,Androgen receptor,739,0.2923,0.5441,0.775,244,1.4709,0.3862,0.5995,0.0821,0.2923,0.4603,0.875,2.9936,0.7644,7,0.4865,1.6644,0.3529,18,0.3649,1.2483,0.2314,27,0.46,23,0.38,38,
cross_database_transfer,chembl_to_bindingdb_scaffold_purged,extratrees_scalars,0,chembl_raw,bindingdb_raw,Q9Y5N1,Histamine H3 receptor,1315,0.4106,0.7382,0.776,585,1.1757,0.4334,0.5455,0.0521,0.4106,0.3983,0.2143,0.5218,0.0388,3,0.3485,0.8486,0.1031,23,0.447,1.0885,0.1627,59,0.32,16,0.41,41,
cross_database_transfer,chembl_to_bindingdb_scaffold_purged,extratrees_scalars,0,chembl_raw,bindingdb_raw,P42336,"Phosphatidylinositol 4,5-bisphosphate 3-kinase catalytic subunit alpha isoform",1146,0.322,0.561,0.7642,402,1.212,0.3777,0.5472,0.0874,0.322,0.4658,0.6667,2.0705,0.4618,8,0.5172,1.6064,0.2971,30,0.4696,1.4583,0.2511,54,0.5,25,0.47,47,
cross_database_transfer,chembl_to_bindingdb_scaffold_purged,extratrees_scalars,0,chembl_raw,bindingdb_raw,Q01959,Sodium-dependent dopamine transporter,528,0.2235,0.4015,0.7769,188,1.2008,0.3417,0.5929,0.1504,0.2235,0.4509,0.6667,2.9831,0.6111,4,0.4444,1.9887,0.2974,12,0.4151,1.8574,0.2368,22,0.44,22,0.34,34,
cross_database_transfer,chembl_to_bindingdb_scaffold_purged,extratrees_scalars,0,chembl_raw,bindingdb_raw,P41143,Delta-type opioid receptor,1057,0.3065,0.58,0.7858,457,1.4163,0.3102,0.4628,0.026,0.3065,0.3474,0.5455,1.7795,0.2997,6,0.3396,1.108,0.1438,18,0.3774,1.2311,0.1447,40,0.34,17,0.38,38,
cross_database_transfer,chembl_to_bindingdb_scaffold_purged,extratrees_scalars,0,chembl_raw,bindingdb_raw,P41145,Kappa-type opioid receptor,992,0.5514,1.0688,0.7753,354,1.7782,0.5761,0.5233,0.0362,0.5514,0.6163,0.8,1.4508,0.5985,8,0.66,1.1969,0.4348,33,0.61,1.1063,0.395,61,0.66,33,0.61,61,
cross_database_transfer,chembl_to_bindingdb_scaffold_purged,extratrees_scalars,0,chembl_raw,bindingdb_raw,P00734,Prothrombin,491,0.336,0.655,0.7718,308,1.3625,0.4301,0.6033,0.0951,0.336,0.4846,0.8,2.3806,0.71,4,0.44,1.3093,0.2817,11,0.48,1.4284,0.268,24,0.48,24,0.44,44,
cross_database_transfer,chembl_to_bindingdb_scaffold_purged,extratrees_scalars,0,chembl_raw,bindingdb_raw,P21917,D(4) dopamine receptor,456,0.3421,0.5766,0.7812,207,1.1996,0.4001,0.5418,0.1257,0.3421,0.4814,0.4,1.1692,0.3333,2,0.5217,1.5251,0.2879,12,0.5,1.4615,0.2725,23,0.48,24,0.43,43,
cross_database_transfer,chembl_to_bindingdb_scaffold_purged,extratrees_scalars,0,chembl_raw,bindingdb_raw,P08908,5-hydroxytryptamine receptor 1A,664,0.4051,0.7068,0.7792,289,1.2139,0.4684,0.5777,0.0924,0.4051,0.4913,0.2857,0.7053,0.1905,2,0.5588,1.3794,0.2871,19,0.4776,1.1789,0.2455,32,0.5,25,0.48,48,
cross_database_transfer,chembl_to_bindingdb_scaffold_purged,extratrees_scalars,0,chembl_raw,bindingdb_raw,Q99720,Sigma non-opioid intracellular receptor 1,823,0.2503,0.487,0.7922,351,1.2078,0.3339,0.5927,0.1453,0.2503,0.3917,0.2222,0.8878,0.2222,2,0.4286,1.7122,0.1958,18,0.3976,1.5884,0.1735,33,0.42,21,0.39,39,
cross_database_transfer,chembl_to_bindingdb_scaffold_purged,extratrees_scalars,0,chembl_raw,bindingdb_raw,Q9HAZ1,Dual specificity protein kinase CLK4,919,0.2884,0.5863,0.7733,283,1.1251,0.3711,0.5491,0.1476,0.2884,0.5006,0.7,2.4275,0.5185,7,0.5652,1.9601,0.3676,26,0.4565,1.5832,0.2753,42,0.52,26,0.45,45,
cross_database_transfer,chembl_to_bindingdb_scaffold_purged,extratrees_scalars,0,chembl_raw,bindingdb_raw,P31645,Sodium-dependent serotonin transporter,402,0.2662,0.4929,0.7808,229,1.2363,0.3469,0.5597,0.1509,0.2662,0.4226,0.6,2.2542,0.52,3,0.4286,1.6101,0.2609,9,0.3902,1.4661,0.2039,16,0.38,19,0.33,33,
cross_database_transfer,chembl_to_bindingdb_scaffold_purged,ecfp_absdiff_xgb,1,chembl_raw,bindingdb_raw,P11309,Serine/threonine-protein kinase pim-1,1595,0.3361,0.5684,0.7625,456,1.3843,0.3395,0.497,-0.0126,0.3361,0.3479,0.1875,0.558,0.0357,3,0.4,1.1903,0.131,32,0.3562,1.0601,0.1256,57,0.34,17,0.37,37,
cross_database_transfer,chembl_to_bindingdb_scaffold_purged,ecfp_absdiff_xgb,1,chembl_raw,bindingdb_raw,P35367,Histamine H1 receptor,1008,0.2808,0.5486,0.7844,373,1.2867,0.324,0.5579,0.0481,0.2808,0.3467,0.1818,0.6476,0.0657,2,0.3333,1.1873,0.1141,17,0.3861,1.3754,0.1291,39,0.34,17,0.38,38,
cross_database_transfer,chembl_to_bindingdb_scaffold_purged,ecfp_absdiff_xgb,1,chembl_raw,bindingdb_raw,P00519,Tyrosine-protein kinase ABL1,1361,0.4533,0.7713,0.7612,420,1.5129,0.4749,0.5408,0.0819,0.4533,0.4421,0.3571,0.7878,0.1743,5,0.4058,0.8951,0.1706,28,0.4526,0.9983,0.1956,62,0.4,20,0.46,46,
cross_database_transfer,chembl_to_bindingdb_scaffold_purged,ecfp_absdiff_xgb,1,chembl_raw,bindingdb_raw,O43614,Orexin receptor type 2,835,0.382,0.6712,0.7624,403,1.7078,0.4044,0.5215,0.0599,0.382,0.4594,0.4444,1.1634,0.216,4,0.5,1.3088,0.2325,21,0.4881,1.2776,0.2275,41,0.42,21,0.46,46,
cross_database_transfer,chembl_to_bindingdb_scaffold_purged,ecfp_absdiff_xgb,1,chembl_raw,bindingdb_raw,P35372,Mu-type opioid receptor,881,0.3269,0.476,0.7833,338,1.2633,0.3283,0.5012,-0.0009,0.3269,0.2662,0.3333,1.0197,0.3333,3,0.2222,0.6798,0.1066,10,0.2472,0.7562,0.087,22,0.22,11,0.27,27,
cross_database_transfer,chembl_to_bindingdb_scaffold_purged,ecfp_absdiff_xgb,1,chembl_raw,bindingdb_raw,O60674,Tyrosine-protein kinase JAK2,2270,0.178,0.3334,0.773,902,1.4004,0.2369,0.5518,0.0789,0.178,0.3371,0.5652,3.1759,0.3373,13,0.3684,2.0701,0.1861,42,0.2819,1.5842,0.1263,64,0.42,21,0.41,41,
cross_database_transfer,chembl_to_bindingdb_scaffold_purged,ecfp_absdiff_xgb,1,chembl_raw,bindingdb_raw,P49841,Glycogen synthase kinase-3 beta,1515,0.1842,0.384,0.7664,422,1.7452,0.1865,0.5065,-0.0197,0.1842,0.1661,0.125,0.6788,0.0203,2,0.1447,0.7859,0.0228,11,0.1776,0.9646,0.0278,27,0.12,6,0.12,12,
cross_database_transfer,chembl_to_bindingdb_scaffold_purged,ecfp_absdiff_xgb,1,chembl_raw,bindingdb_raw,P00742,Coagulation factor X,643,0.5008,0.9152,0.7789,364,1.367,0.5015,0.4981,-0.0084,0.5008,0.535,0.5714,1.1411,0.2721,4,0.4848,0.9682,0.2643,16,0.5692,1.1367,0.3033,37,0.52,26,0.57,57,
cross_database_transfer,chembl_to_bindingdb_scaffold_purged,ecfp_absdiff_xgb,1,chembl_raw,bindingdb_raw,P04150,Glucocorticoid receptor,1510,0.2536,0.4826,0.7646,608,1.2841,0.2811,0.5407,0.0522,0.2536,0.2696,0.375,1.4785,0.2517,6,0.2368,0.9338,0.1027,18,0.2649,1.0444,0.0845,40,0.26,13,0.19,19,
cross_database_transfer,chembl_to_bindingdb_scaffold_purged,ecfp_absdiff_xgb,1,chembl_raw,bindingdb_raw,P23458,Tyrosine-protein kinase JAK1,934,0.1842,0.3266,0.7583,589,1.6478,0.2702,0.6084,0.1319,0.1842,0.359,0.5,2.7151,0.2933,5,0.383,2.0797,0.1996,18,0.2979,1.6175,0.1387,28,0.38,19,0.29,29,
cross_database_transfer,chembl_to_bindingdb_scaffold_purged,ecfp_absdiff_xgb,1,chembl_raw,bindingdb_raw,P35462,D(3) dopamine receptor,400,0.3675,0.6675,0.7691,186,1.4675,0.3899,0.5451,0.0973,0.3675,0.3395,0.0,0.0,0.0,0,0.3,0.8163,0.0816,6,0.4,1.0884,0.1282,16,0.44,22,0.39,39,
cross_database_transfer,chembl_to_bindingdb_scaffold_purged,ecfp_absdiff_xgb,1,chembl_raw,bindingdb_raw,P10275,Androgen receptor,739,0.2923,0.5441,0.775,244,1.4709,0.3009,0.531,0.0467,0.2923,0.2294,0.125,0.4277,0.0156,1,0.1622,0.5548,0.0325,6,0.2703,0.9247,0.0577,20,0.16,8,0.28,28,
cross_database_transfer,chembl_to_bindingdb_scaffold_purged,ecfp_absdiff_xgb,1,chembl_raw,bindingdb_raw,Q9Y5N1,Histamine H3 receptor,1315,0.4106,0.7382,0.776,585,1.1757,0.4035,0.4901,-0.0068,0.4106,0.3437,0.2857,0.6958,0.2095,4,0.3333,0.8117,0.1275,22,0.3182,0.7748,0.1125,42,0.34,17,0.32,32,
cross_database_transfer,chembl_to_bindingdb_scaffold_purged,ecfp_absdiff_xgb,1,chembl_raw,bindingdb_raw,P42336,"Phosphatidylinositol 4,5-bisphosphate 3-kinase catalytic subunit alpha isoform",1146,0.322,0.561,0.7642,402,1.212,0.3043,0.4705,-0.0134,0.322,0.2014,0.3333,1.0352,0.1667,4,0.1724,0.5355,0.0583,10,0.1565,0.4861,0.0397,18,0.18,9,0.14,14,
cross_database_transfer,chembl_to_bindingdb_scaffold_purged,ecfp_absdiff_xgb,1,chembl_raw,bindingdb_raw,Q01959,Sodium-dependent dopamine transporter,528,0.2235,0.4015,0.7769,188,1.2008,0.2259,0.5119,0.0098,0.2235,0.1284,0.0,0.0,0.0,0,0.1111,0.4972,0.0135,3,0.1509,0.6754,0.0219,8,0.14,7,0.15,15,
cross_database_transfer,chembl_to_bindingdb_scaffold_purged,ecfp_absdiff_xgb,1,chembl_raw,bindingdb_raw,P41143,Delta-type opioid receptor,1057,0.3065,0.58,0.7858,457,1.4163,0.3089,0.5192,0.0905,0.3065,0.2281,0.2727,0.8897,0.1485,3,0.2264,0.7386,0.0693,12,0.2358,0.7694,0.0606,25,0.24,12,0.19,19,
cross_database_transfer,chembl_to_bindingdb_scaffold_purged,ecfp_absdiff_xgb,1,chembl_raw,bindingdb_raw,P41145,Kappa-type opioid receptor,992,0.5514,1.0688,0.7753,354,1.7782,0.5922,0.5568,0.0917,0.5514,0.639,0.4,0.7254,0.1944,4,0.7,1.2695,0.4078,35,0.71,1.2876,0.4601,71,0.7,35,0.71,71,
cross_database_transfer,chembl_to_bindingdb_scaffold_purged,ecfp_absdiff_xgb,1,chembl_raw,bindingdb_raw,P00734,Prothrombin,491,0.336,0.655,0.7718,308,1.3625,0.3736,0.498,-0.0279,0.336,0.4933,0.8,2.3806,0.71,4,0.6,1.7855,0.4483,15,0.42,1.2498,0.2839,21,0.42,21,0.37,37,
cross_database_transfer,chembl_to_bindingdb_scaffold_purged,ecfp_absdiff_xgb,1,chembl_raw,bindingdb_raw,P21917,D(4) dopamine receptor,456,0.3421,0.5766,0.7812,207,1.1996,0.3837,0.5561,0.0857,0.3421,0.3997,0.6,1.7538,0.3833,3,0.3913,1.1438,0.2083,9,0.3478,1.0167,0.1634,16,0.32,16,0.4,40,
cross_database_transfer,chembl_to_bindingdb_scaffold_purged,ecfp_absdiff_xgb,1,chembl_raw,bindingdb_raw,P08908,5-hydroxytryptamine receptor 1A,664,0.4051,0.7068,0.7792,289,1.2139,0.4454,0.5425,0.0735,0.4051,0.4474,0.7143,1.7631,0.4901,5,0.3529,0.8712,0.2158,12,0.4478,1.1053,0.2248,30,0.44,22,0.43,43,
cross_database_transfer,chembl_to_bindingdb_scaffold_purged,ecfp_absdiff_xgb,1,chembl_raw,bindingdb_raw,Q99720,Sigma non-opioid intracellular receptor 1,823,0.2503,0.487,0.7922,351,1.2078,0.2745,0.5485,0.1137,0.2503,0.2948,0.0,0.0,0.0,0,0.2857,1.1415,0.067,12,0.3133,1.2515,0.0923,26,0.3,15,0.32,32,
cross_database_transfer,chembl_to_bindingdb_scaffold_purged,ecfp_absdiff_xgb,1,chembl_raw,bindingdb_raw,Q9HAZ1,Dual specificity protein kinase CLK4,919,0.2884,0.5863,0.7733,283,1.1251,0.3532,0.5766,0.0806,0.2884,0.4695,0.6,2.0808,0.2667,6,0.587,2.0355,0.3047,27,0.4348,1.5078,0.2275,40,0.56,28,0.45,45,
cross_database_transfer,chembl_to_bindingdb_scaffold_purged,ecfp_absdiff_xgb,1,chembl_raw,bindingdb_raw,P31645,Sodium-dependent serotonin transporter,402,0.2662,0.4929,0.7808,229,1.2363,0.2764,0.5374,0.0396,0.2662,0.2225,0.2,0.7514,0.0667,1,0.1429,0.5367,0.037,3,0.2683,1.008,0.062,11,0.26,13,0.31,31,
cross_database_transfer,chembl_to_bindingdb_scaffold_purged,rich_diff_scalars,1,chembl_raw,bindingdb_raw,P11309,Serine/threonine-protein kinase pim-1,1595,0.3361,0.5684,0.7625,456,1.3843,0.3428,0.5121,0.0099,0.3361,0.3404,0.3125,0.9299,0.1054,5,0.325,0.9671,0.1136,26,0.3562,1.0601,0.1211,57,0.34,17,0.33,33,
cross_database_transfer,chembl_to_bindingdb_scaffold_purged,rich_diff_scalars,1,chembl_raw,bindingdb_raw,P35367,Histamine H1 receptor,1008,0.2808,0.5486,0.7844,373,1.2867,0.4035,0.5641,0.1527,0.2808,0.5763,0.6364,2.2666,0.4811,7,0.6667,2.3746,0.4831,34,0.5347,1.9043,0.3649,54,0.66,33,0.54,54,
cross_database_transfer,chembl_to_bindingdb_scaffold_purged,rich_diff_scalars,1,chembl_raw,bindingdb_raw,P00519,Tyrosine-protein kinase ABL1,1361,0.4533,0.7713,0.7612,420,1.5129,0.5897,0.6376,0.1741,0.4533,0.6965,0.9286,2.0483,0.918,13,0.7391,1.6304,0.6264,51,0.6642,1.4652,0.5185,91,0.76,38,0.7,70,
cross_database_transfer,chembl_to_bindingdb_scaffold_purged,rich_diff_scalars,1,chembl_raw,bindingdb_raw,O43614,Orexin receptor type 2,835,0.382,0.6712,0.7624,403,1.7078,0.4363,0.5352,0.0996,0.382,0.5311,0.5556,1.4542,0.3382,5,0.5714,1.4957,0.3457,24,0.5119,1.3399,0.2962,43,0.56,28,0.49,49,
cross_database_transfer,chembl_to_bindingdb_scaffold_purged,rich_diff_scalars,1,chembl_raw,bindingdb_raw,P35372,Mu-type opioid receptor,881,0.3269,0.476,0.7833,338,1.2633,0.3928,0.5743,0.0969,0.3269,0.465,0.3333,1.0197,0.1476,3,0.5556,1.6995,0.2783,25,0.4382,1.3405,0.2169,39,0.56,28,0.45,45,
cross_database_transfer,chembl_to_bindingdb_scaffold_purged,rich_diff_scalars,1,chembl_raw,bindingdb_raw,O60674,Tyrosine-protein kinase JAK2,2270,0.178,0.3334,0.773,902,1.4004,0.2922,0.6415,0.1611,0.178,0.3883,0.5652,3.1759,0.3327,13,0.3947,2.218,0.1959,45,0.3656,2.0545,0.1628,83,0.44,22,0.43,43,
cross_database_transfer,chembl_to_bindingdb_scaffold_purged,rich_diff_scalars,1,chembl_raw,bindingdb_raw,P49841,Glycogen synthase kinase-3 beta,1515,0.1842,0.384,0.7664,422,1.7452,0.2343,0.4887,0.13,0.1842,0.3282,0.3125,1.6969,0.2013,5,0.3289,1.7862,0.1227,25,0.3553,1.9291,0.125,54,0.3,15,0.31,31,
cross_database_transfer,chembl_to_bindingdb_scaffold_purged,rich_diff_scalars,1,chembl_raw,bindingdb_raw,P00742,Coagulation factor X,643,0.5008,0.9152,0.7789,364,1.367,0.5777,0.579,0.1331,0.5008,0.6387,0.7143,1.4264,0.402,5,0.6364,1.2708,0.3952,21,0.6308,1.2596,0.3919,41,0.62,31,0.72,72,
cross_database_transfer,chembl_to_bindingdb_scaffold_purged,rich_diff_scalars,1,chembl_raw,bindingdb_raw,P04150,Glucocorticoid receptor,1510,0.2536,0.4826,0.7646,608,1.2841,0.3145,0.6119,0.1876,0.2536,0.2638,0.125,0.4928,0.0126,2,0.2368,0.9338,0.042,18,0.2583,1.0183,0.0598,39,0.14,7,0.29,29,
cross_database_transfer,chembl_to_bindingdb_scaffold_purged,rich_diff_scalars,1,chembl_raw,bindingdb_raw,P23458,Tyrosine-protein kinase JAK1,934,0.1842,0.3266,0.7583,589,1.6478,0.2789,0.6391,0.0893,0.1842,0.3242,0.7,3.8012,0.5208,7,0.3191,1.7331,0.1834,15,0.2979,1.6175,0.1336,28,0.3,15,0.28,28,
cross_database_transfer,chembl_to_bindingdb_scaffold_purged,rich_diff_scalars,1,chembl_raw,bindingdb_raw,P35462,D(3) dopamine receptor,400,0.3675,0.6675,0.7691,186,1.4675,0.4416,0.5725,0.1363,0.3675,0.4777,0.75,2.0408,0.75,3,0.4,1.0884,0.2695,8,0.475,1.2925,0.2743,19,0.46,23,0.47,47,
cross_database_transfer,chembl_to_bindingdb_scaffold_purged,rich_diff_scalars,1,chembl_raw,bindingdb_raw,P10275,Androgen receptor,739,0.2923,0.5441,0.775,244,1.4709,0.3555,0.566,0.056,0.2923,0.4353,0.5,1.7106,0.2417,4,0.4865,1.6644,0.2576,18,0.4324,1.4795,0.2083,32,0.4,20,0.41,41,
cross_database_transfer,chembl_to_bindingdb_scaffold_purged,rich_diff_scalars,1,chembl_raw,bindingdb_raw,Q9Y5N1,Histamine H3 receptor,1315,0.4106,0.7382,0.776,585,1.1757,0.5286,0.6202,0.1482,0.4106,0.6037,0.5714,1.3915,0.3895,8,0.6364,1.5497,0.3832,42,0.6288,1.5312,0.3854,83,0.6,30,0.62,62,
cross_database_transfer,chembl_to_bindingdb_scaffold_purged,rich_diff_scalars,1,chembl_raw,bindingdb_raw,P42336,"Phosphatidylinositol 4,5-bisphosphate 3-kinase catalytic subunit alpha isoform",1146,0.322,0.561,0.7642,402,1.212,0.3466,0.5115,0.0492,0.322,0.3916,0.4167,1.294,0.2773,5,0.3966,1.2316,0.1872,23,0.3913,1.2153,0.1727,45,0.42,21,0.39,39,
cross_database_transfer,chembl_to_bindingdb_scaffold_purged,rich_diff_scalars,1,chembl_raw,bindingdb_raw,Q01959,Sodium-dependent dopamine transporter,528,0.2235,0.4015,0.7769,188,1.2008,0.2871,0.5804,0.0717,0.2235,0.306,0.1667,0.7458,0.0333,1,0.2222,0.9944,0.0494,6,0.3774,1.6885,0.1107,20,0.34,17,0.37,37,
cross_database_transfer,chembl_to_bindingdb_scaffold_purged,rich_diff_scalars,1,chembl_raw,bindingdb_raw,P41143,Delta-type opioid receptor,1057,0.3065,0.58,0.7858,457,1.4163,0.3525,0.5041,0.0506,0.3065,0.4707,0.6364,2.076,0.3447,7,0.4717,1.5388,0.2645,25,0.4528,1.4773,0.2386,48,0.5,25,0.45,45,
cross_database_transfer,chembl_to_bindingdb_scaffold_purged,rich_diff_scalars,1,chembl_raw,bindingdb_raw,P41145,Kappa-type opioid receptor,992,0.5514,1.0688,0.7753,354,1.7782,0.5903,0.5475,0.0666,0.5514,0.6041,0.7,1.2695,0.4425,7,0.58,1.0518,0.3538,29,0.6,1.0881,0.3645,60,0.58,29,0.6,60,
cross_database_transfer,chembl_to_bindingdb_scaffold_purged,rich_diff_scalars,1,chembl_raw,bindingdb_raw,P00734,Prothrombin,491,0.336,0.655,0.7718,308,1.3625,0.4368,0.6046,0.1585,0.336,0.4843,0.8,2.3806,0.71,4,0.44,1.3093,0.2785,11,0.46,1.3688,0.2551,23,0.46,23,0.49,49,
cross_database_transfer,chembl_to_bindingdb_scaffold_purged,rich_diff_scalars,1,chembl_raw,bindingdb_raw,P21917,D(4) dopamine receptor,456,0.3421,0.5766,0.7812,207,1.1996,0.3865,0.5592,0.0661,0.3421,0.3985,0.4,1.1692,0.13,2,0.4783,1.398,0.1778,11,0.4565,1.3344,0.1848,21,0.44,22,0.41,41,
cross_database_transfer,chembl_to_bindingdb_scaffold_purged,rich_diff_scalars,1,chembl_raw,bindingdb_raw,P08908,5-hydroxytryptamine receptor 1A,664,0.4051,0.7068,0.7792,289,1.2139,0.4551,0.5644,0.0984,0.4051,0.439,0.8571,2.1158,0.7486,6,0.3824,0.9438,0.2571,13,0.4179,1.0316,0.2193,28,0.36,18,0.45,45,
cross_database_transfer,chembl_to_bindingdb_scaffold_purged,rich_diff_scalars,1,chembl_raw,bindingdb_raw,Q99720,Sigma non-opioid intracellular receptor 1,823,0.2503,0.487,0.7922,351,1.2078,0.3827,0.6452,0.1087,0.2503,0.4386,0.7778,3.1073,0.7187,7,0.4524,1.8073,0.2986,19,0.3976,1.5884,0.2234,33,0.46,23,0.4,40,
cross_database_transfer,chembl_to_bindingdb_scaffold_purged,rich_diff_scalars,1,chembl_raw,bindingdb_raw,Q9HAZ1,Dual specificity protein kinase CLK4,919,0.2884,0.5863,0.7733,283,1.1251,0.3957,0.5811,0.0961,0.2884,0.5359,0.8,2.7743,0.5625,8,0.6522,2.2617,0.4582,30,0.4674,1.6209,0.3119,43,0.66,33,0.45,45,
cross_database_transfer,chembl_to_bindingdb_scaffold_purged,rich_diff_scalars,1,chembl_raw,bindingdb_raw,P31645,Sodium-dependent serotonin transporter,402,0.2662,0.4929,0.7808,229,1.2363,0.3766,0.5724,0.0931,0.2662,0.5583,0.6,2.2542,0.2867,3,0.7143,2.6836,0.4951,15,0.5366,2.016,0.3623,22,0.46,23,0.33,33,
cross_database_transfer,chembl_to_bindingdb_scaffold_purged,rich_scalars_only,1,chembl_raw,bindingdb_raw,P11309,Serine/threonine-protein kinase pim-1,1595,0.3361,0.5684,0.7625,456,1.3843,0.3475,0.5339,-0.0117,0.3361,0.3274,0.25,0.7439,0.0683,4,0.3625,1.0787,0.1162,29,0.3188,0.9485,0.1054,51,0.3,15,0.38,38,
cross_database_transfer,chembl_to_bindingdb_scaffold_purged,rich_scalars_only,1,chembl_raw,bindingdb_raw,P35367,Histamine H1 receptor,1008,0.2808,0.5486,0.7844,373,1.2867,0.4089,0.5711,0.1572,0.2808,0.5624,0.9091,3.238,0.7709,10,0.6275,2.2349,0.4653,32,0.5347,1.9043,0.365,54,0.62,31,0.53,53,
cross_database_transfer,chembl_to_bindingdb_scaffold_purged,rich_scalars_only,1,chembl_raw,bindingdb_raw,P00519,Tyrosine-protein kinase ABL1,1361,0.4533,0.7713,0.7612,420,1.5129,0.5731,0.6166,0.1683,0.4533,0.6843,0.7143,1.5756,0.595,10,0.7246,1.5984,0.5587,50,0.6642,1.4652,0.4874,91,0.76,38,0.69,69,
cross_database_transfer,chembl_to_bindingdb_scaffold_purged,rich_scalars_only,1,chembl_raw,bindingdb_raw,O43614,Orexin receptor type 2,835,0.382,0.6712,0.7624,403,1.7078,0.4083,0.5041,0.0271,0.382,0.4743,0.5556,1.4542,0.27,5,0.5238,1.3711,0.2601,22,0.4405,1.153,0.221,37,0.54,27,0.45,45,
cross_database_transfer,chembl_to_bindingdb_scaffold_purged,rich_scalars_only,1,chembl_raw,bindingdb_raw,P35372,Mu-type opioid receptor,881,0.3269,0.476,0.7833,338,1.2633,0.372,0.5521,0.0645,0.3269,0.4125,0.3333,1.0197,0.1852,3,0.4222,1.2916,0.1886,19,0.4045,1.2374,0.1801,36,0.46,23,0.41,41,
cross_database_transfer,chembl_to_bindingdb_scaffold_purged,rich_scalars_only,1,chembl_raw,bindingdb_raw,O60674,Tyrosine-protein kinase JAK2,2270,0.178,0.3334,0.773,902,1.4004,0.3037,0.6597,0.1645,0.178,0.4008,0.4348,2.443,0.2892,10,0.4561,2.563,0.2346,52,0.3656,2.0545,0.1715,83,0.48,24,0.48,48,
cross_database_transfer,chembl_to_bindingdb_scaffold_purged,rich_scalars_only,1,chembl_raw,bindingdb_raw,P49841,Glycogen synthase kinase-3 beta,1515,0.1842,0.384,0.7664,422,1.7452,0.2235,0.4788,0.0678,0.1842,0.2998,0.4375,2.3757,0.274,7,0.2895,1.5719,0.141,22,0.2632,1.429,0.1014,40,0.36,18,0.25,25,
cross_database_transfer,chembl_to_bindingdb_scaffold_purged,rich_scalars_only,1,chembl_raw,bindingdb_raw,P00742,Coagulation factor X,643,0.5008,0.9152,0.7789,364,1.367,0.5742,0.5614,0.1254,0.5008,0.6758,0.7143,1.4264,0.4711,5,0.7273,1.4523,0.5171,24,0.6769,1.3517,0.4807,44,0.7,35,0.62,62,
cross_database_transfer,chembl_to_bindingdb_scaffold_purged,rich_scalars_only,1,chembl_raw,bindingdb_raw,P04150,Glucocorticoid receptor,1510,0.2536,0.4826,0.7646,608,1.2841,0.316,0.6045,0.1348,0.2536,0.3163,0.3125,1.232,0.1061,5,0.2895,1.1413,0.0864,22,0.3377,1.3316,0.1091,51,0.26,13,0.35,35,
cross_database_transfer,chembl_to_bindingdb_scaffold_purged,rich_scalars_only,1,chembl_raw,bindingdb_raw,P23458,Tyrosine-protein kinase JAK1,934,0.1842,0.3266,0.7583,589,1.6478,0.3021,0.6662,0.1533,0.1842,0.3872,0.6,3.2581,0.3658,6,0.4043,2.1952,0.2069,19,0.383,2.0797,0.1742,36,0.4,20,0.37,37,
cross_database_transfer,chembl_to_bindingdb_scaffold_purged,rich_scalars_only,1,chembl_raw,bindingdb_raw,P35462,D(3) dopamine receptor,400,0.3675,0.6675,0.7691,186,1.4675,0.4212,0.5748,0.1072,0.3675,0.4277,0.0,0.0,0.0,0,0.45,1.2245,0.1671,9,0.5,1.3605,0.2188,20,0.46,23,0.44,44,
cross_database_transfer,chembl_to_bindingdb_scaffold_purged,rich_scalars_only,1,chembl_raw,bindingdb_raw,P10275,Androgen receptor,739,0.2923,0.5441,0.775,244,1.4709,0.3568,0.557,0.0487,0.2923,0.4412,0.375,1.283,0.3021,3,0.4865,1.6644,0.2298,18,0.473,1.6182,0.2373,35,0.56,28,0.42,42,
cross_database_transfer,chembl_to_bindingdb_scaffold_purged,rich_scalars_only,1,chembl_raw,bindingdb_raw,Q9Y5N1,Histamine H3 receptor,1315,0.4106,0.7382,0.776,585,1.1757,0.5474,0.6667,0.222,0.4106,0.59,0.3571,0.8697,0.1664,5,0.6364,1.5497,0.3485,42,0.5833,1.4205,0.3354,77,0.6,30,0.61,61,
cross_database_transfer,chembl_to_bindingdb_scaffold_purged,rich_scalars_only,1,chembl_raw,bindingdb_raw,P42336,"Phosphatidylinositol 4,5-bisphosphate 3-kinase catalytic subunit alpha isoform",1146,0.322,0.561,0.7642,402,1.212,0.349,0.5065,0.0519,0.322,0.4233,0.5,1.5528,0.257,6,0.4655,1.4458,0.2405,27,0.4,1.2423,0.1943,46,0.46,23,0.44,44,
cross_database_transfer,chembl_to_bindingdb_scaffold_purged,rich_scalars_only,1,chembl_raw,bindingdb_raw,Q01959,Sodium-dependent dopamine transporter,528,0.2235,0.4015,0.7769,188,1.2008,0.3372,0.6242,0.1003,0.2235,0.3996,0.3333,1.4915,0.1389,2,0.4074,1.823,0.16,11,0.3962,1.7729,0.1569,21,0.4,20,0.43,43,
cross_database_transfer,chembl_to_bindingdb_scaffold_purged,rich_scalars_only,1,chembl_raw,bindingdb_raw,P41143,Delta-type opioid receptor,1057,0.3065,0.58,0.7858,457,1.4163,0.3573,0.4996,0.0833,0.3065,0.4765,0.5455,1.7795,0.2869,6,0.4906,1.6004,0.251,26,0.4906,1.6004,0.2473,52,0.52,26,0.47,47,
cross_database_transfer,chembl_to_bindingdb_scaffold_purged,rich_scalars_only,1,chembl_raw,bindingdb_raw,P41145,Kappa-type opioid receptor,992,0.5514,1.0688,0.7753,354,1.7782,0.5897,0.528,0.0787,0.5514,0.6473,0.6,1.0881,0.4581,6,0.66,1.1969,0.4331,33,0.66,1.1969,0.4402,66,0.66,33,0.66,66,
cross_database_transfer,chembl_to_bindingdb_scaffold_purged,rich_scalars_only,1,chembl_raw,bindingdb_raw,P00734,Prothrombin,491,0.336,0.655,0.7718,308,1.3625,0.4294,0.6027,0.1224,0.336,0.4802,0.4,1.1903,0.4,2,0.48,1.4284,0.2781,12,0.46,1.3688,0.2489,23,0.46,23,0.46,46,
cross_database_transfer,chembl_to_bindingdb_scaffold_purged,rich_scalars_only,1,chembl_raw,bindingdb_raw,P21917,D(4) dopamine receptor,456,0.3421,0.5766,0.7812,207,1.1996,0.3974,0.5581,0.0817,0.3421,0.4441,0.2,0.5846,0.04,1,0.4783,1.398,0.1945,11,0.4783,1.398,0.2139,22,0.48,24,0.44,44,
cross_database_transfer,chembl_to_bindingdb_scaffold_purged,rich_scalars_only,1,chembl_raw,bindingdb_raw,P08908,5-hydroxytryptamine receptor 1A,664,0.4051,0.7068,0.7792,289,1.2139,0.4323,0.5348,0.0266,0.4051,0.4549,0.4286,1.0579,0.2738,3,0.4412,1.089,0.2277,15,0.4478,1.1053,0.2214,30,0.48,24,0.43,43,
cross_database_transfer,chembl_to_bindingdb_scaffold_purged,rich_scalars_only,1,chembl_raw,bindingdb_raw,Q99720,Sigma non-opioid intracellular receptor 1,823,0.2503,0.487,0.7922,351,1.2078,0.3766,0.6292,0.1308,0.2503,0.4405,0.7778,3.1073,0.7372,7,0.4524,1.8073,0.2991,19,0.3976,1.5884,0.2215,33,0.42,21,0.4,40,
cross_database_transfer,chembl_to_bindingdb_scaffold_purged,rich_scalars_only,1,chembl_raw,bindingdb_raw,Q9HAZ1,Dual specificity protein kinase CLK4,919,0.2884,0.5863,0.7733,283,1.1251,0.4159,0.5701,0.1215,0.2884,0.5969,0.9,3.1211,0.7904,9,0.6957,2.4125,0.5684,32,0.5326,1.847,0.4046,49,0.7,35,0.51,51,
cross_database_transfer,chembl_to_bindingdb_scaffold_purged,rich_scalars_only,1,chembl_raw,bindingdb_raw,P31645,Sodium-dependent serotonin transporter,402,0.2662,0.4929,0.7808,229,1.2363,0.37,0.5526,0.0336,0.2662,0.5428,0.8,3.0056,0.5433,4,0.6667,2.5047,0.4621,14,0.4878,1.8327,0.3316,20,0.44,22,0.33,33,
cross_database_transfer,chembl_to_bindingdb_scaffold_purged,extratrees_scalars,1,chembl_raw,bindingdb_raw,P11309,Serine/threonine-protein kinase pim-1,1595,0.3361,0.5684,0.7625,456,1.3843,0.3895,0.5397,0.0879,0.3361,0.4813,0.625,1.8598,0.3505,10,0.5,1.4879,0.287,40,0.4562,1.3577,0.2461,73,0.54,27,0.51,51,
cross_database_transfer,chembl_to_bindingdb_scaffold_purged,extratrees_scalars,1,chembl_raw,bindingdb_raw,P35367,Histamine H1 receptor,1008,0.2808,0.5486,0.7844,373,1.2867,0.3794,0.5517,0.1172,0.2808,0.5333,0.7273,2.5904,0.5918,8,0.6471,2.3047,0.4651,33,0.4752,1.6928,0.3168,48,0.66,33,0.48,48,
cross_database_transfer,chembl_to_bindingdb_scaffold_purged,extratrees_scalars,1,chembl_raw,bindingdb_raw,P00519,Tyrosine-protein kinase ABL1,1361,0.4533,0.7713,0.7612,420,1.5129,0.5388,0.605,0.0424,0.4533,0.5735,0.8571,1.8907,0.8,12,0.5652,1.2468,0.4462,39,0.5328,1.1754,0.3556,73,0.68,34,0.52,52,
cross_database_transfer,chembl_to_bindingdb_scaffold_purged,extratrees_scalars,1,chembl_raw,bindingdb_raw,O43614,Orexin receptor type 2,835,0.382,0.6712,0.7624,403,1.7078,0.4148,0.5361,0.1073,0.382,0.416,0.3333,0.8725,0.2032,3,0.3333,0.8725,0.133,14,0.4762,1.2465,0.1955,40,0.38,19,0.48,48,
cross_database_transfer,chembl_to_bindingdb_scaffold_purged,extratrees_scalars,1,chembl_raw,bindingdb_raw,P35372,Mu-type opioid receptor,881,0.3269,0.476,0.7833,338,1.2633,0.3548,0.5123,0.0436,0.3269,0.4128,0.3333,1.0197,0.2269,3,0.3778,1.1556,0.1781,17,0.4607,1.4092,0.2092,41,0.4,20,0.44,44,
cross_database_transfer,chembl_to_bindingdb_scaffold_purged,extratrees_scalars,1,chembl_raw,bindingdb_raw,O60674,Tyrosine-protein kinase JAK2,2270,0.178,0.3334,0.773,902,1.4004,0.2372,0.6178,0.0657,0.178,0.2722,0.3043,1.7101,0.1182,7,0.2982,1.6758,0.1002,34,0.2379,1.3366,0.073,54,0.36,18,0.3,30,
cross_database_transfer,chembl_to_bindingdb_scaffold_purged,extratrees_scalars,1,chembl_raw,bindingdb_raw,P49841,Glycogen synthase kinase-3 beta,1515,0.1842,0.384,0.7664,422,1.7452,0.1625,0.359,-0.0492,0.1842,0.2198,0.375,2.0363,0.1456,6,0.2237,1.2146,0.0758,17,0.2039,1.1075,0.0594,31,0.22,11,0.24,24,
cross_database_transfer,chembl_to_bindingdb_scaffold_purged,extratrees_scalars,1,chembl_raw,bindingdb_raw,P00742,Coagulation factor X,643,0.5008,0.9152,0.7789,364,1.367,0.578,0.5754,0.0755,0.5008,0.6296,0.8571,1.7116,0.8367,6,0.6061,1.2102,0.4494,20,0.6308,1.2596,0.4327,41,0.62,31,0.61,61,
cross_database_transfer,chembl_to_bindingdb_scaffold_purged,extratrees_scalars,1,chembl_raw,bindingdb_raw,P04150,Glucocorticoid receptor,1510,0.2536,0.4826,0.7646,608,1.2841,0.2783,0.5413,0.0299,0.2536,0.2764,0.25,0.9856,0.1051,4,0.25,0.9856,0.0717,19,0.3046,1.201,0.0874,46,0.24,12,0.28,28,
cross_database_transfer,chembl_to_bindingdb_scaffold_purged,extratrees_scalars,1,chembl_raw,bindingdb_raw,P23458,Tyrosine-protein kinase JAK1,934,0.1842,0.3266,0.7583,589,1.6478,0.2938,0.65,0.0995,0.1842,0.3669,0.3,1.6291,0.2042,3,0.3404,1.8486,0.1573,16,0.3617,1.9641,0.1497,34,0.36,18,0.36,36,
cross_database_transfer,chembl_to_bindingdb_scaffold_purged,extratrees_scalars,1,chembl_raw,bindingdb_raw,P35462,D(3) dopamine receptor,400,0.3675,0.6675,0.7691,186,1.4675,0.4323,0.587,0.0694,0.3675,0.4217,0.25,0.6803,0.25,1,0.35,0.9524,0.1965,7,0.45,1.2245,0.2093,18,0.44,22,0.43,43,
cross_database_transfer,chembl_to_bindingdb_scaffold_purged,extratrees_scalars,1,chembl_raw,bindingdb_raw,P10275,Androgen receptor,739,0.2923,0.5441,0.775,244,1.4709,0.3649,0.5692,0.1208,0.2923,0.4295,0.625,2.1383,0.4746,5,0.3784,1.2945,0.229,14,0.4595,1.5719,0.2299,34,0.38,19,0.41,41,
cross_database_transfer,chembl_to_bindingdb_scaffold_purged,extratrees_scalars,1,chembl_raw,bindingdb_raw,Q9Y5N1,Histamine H3 receptor,1315,0.4106,0.7382,0.776,585,1.1757,0.4729,0.5701,0.0854,0.4106,0.5451,0.3571,0.8697,0.1546,5,0.5758,1.4021,0.3146,38,0.5682,1.3836,0.3156,75,0.6,30,0.55,55,
cross_database_transfer,chembl_to_bindingdb_scaffold_purged,extratrees_scalars,1,chembl_raw,bindingdb_raw,P42336,"Phosphatidylinositol 4,5-bisphosphate 3-kinase catalytic subunit alpha isoform",1146,0.322,0.561,0.7642,402,1.212,0.371,0.5336,0.057,0.322,0.4377,0.6667,2.0705,0.6166,8,0.4655,1.4458,0.3201,27,0.3913,1.2153,0.2276,45,0.48,24,0.38,38,
cross_database_transfer,chembl_to_bindingdb_scaffold_purged,extratrees_scalars,1,chembl_raw,bindingdb_raw,Q01959,Sodium-dependent dopamine transporter,528,0.2235,0.4015,0.7769,188,1.2008,0.2946,0.5631,0.1156,0.2235,0.3854,0.5,2.2373,0.1917,3,0.3704,1.6573,0.1705,10,0.3585,1.6041,0.1546,19,0.38,19,0.33,33,
cross_database_transfer,chembl_to_bindingdb_scaffold_purged,extratrees_scalars,1,chembl_raw,bindingdb_raw,P41143,Delta-type opioid receptor,1057,0.3065,0.58,0.7858,457,1.4163,0.3094,0.4654,0.0104,0.3065,0.3613,0.3636,1.1863,0.1278,4,0.3962,1.2926,0.154,21,0.3585,1.1695,0.1383,38,0.4,20,0.36,36,
cross_database_transfer,chembl_to_bindingdb_scaffold_purged,extratrees_scalars,1,chembl_raw,bindingdb_raw,P41145,Kappa-type opioid receptor,992,0.5514,1.0688,0.7753,354,1.7782,0.6105,0.568,0.0484,0.5514,0.6446,0.6,1.0881,0.5314,6,0.66,1.1969,0.4519,33,0.67,1.2151,0.4521,67,0.66,33,0.67,67,
cross_database_transfer,chembl_to_bindingdb_scaffold_purged,extratrees_scalars,1,chembl_raw,bindingdb_raw,P00734,Prothrombin,491,0.336,0.655,0.7718,308,1.3625,0.4146,0.586,0.0974,0.336,0.4778,0.6,1.7855,0.6,3,0.52,1.5474,0.3438,13,0.44,1.3093,0.2575,22,0.44,22,0.39,39,
cross_database_transfer,chembl_to_bindingdb_scaffold_purged,extratrees_scalars,1,chembl_raw,bindingdb_raw,P21917,D(4) dopamine receptor,456,0.3421,0.5766,0.7812,207,1.1996,0.4351,0.5668,0.1212,0.3421,0.5462,0.8,2.3385,0.71,4,0.6087,1.7793,0.4109,14,0.5652,1.6522,0.3592,26,0.54,27,0.45,45,
cross_database_transfer,chembl_to_bindingdb_scaffold_purged,extratrees_scalars,1,chembl_raw,bindingdb_raw,P08908,5-hydroxytryptamine receptor 1A,664,0.4051,0.7068,0.7792,289,1.2139,0.4629,0.58,0.0578,0.4051,0.4909,0.5714,1.4105,0.3881,4,0.5,1.2342,0.2691,17,0.4776,1.1789,0.2536,32,0.56,28,0.48,48,
cross_database_transfer,chembl_to_bindingdb_scaffold_purged,extratrees_scalars,1,chembl_raw,bindingdb_raw,Q99720,Sigma non-opioid intracellular receptor 1,823,0.2503,0.487,0.7922,351,1.2078,0.3268,0.6081,0.1439,0.2503,0.3437,0.4444,1.7756,0.3413,4,0.3333,1.3317,0.1484,14,0.3735,1.4922,0.1483,31,0.34,17,0.35,35,
cross_database_transfer,chembl_to_bindingdb_scaffold_purged,extratrees_scalars,1,chembl_raw,bindingdb_raw,Q9HAZ1,Dual specificity protein kinase CLK4,919,0.2884,0.5863,0.7733,283,1.1251,0.3788,0.5476,0.1069,0.2884,0.5108,0.7,2.4275,0.6557,7,0.6304,2.1863,0.4802,29,0.413,1.4324,0.2877,38,0.58,29,0.42,42,
cross_database_transfer,chembl_to_bindingdb_scaffold_purged,extratrees_scalars,1,chembl_raw,bindingdb_raw,P31645,Sodium-dependent serotonin transporter,402,0.2662,0.4929,0.7808,229,1.2363,0.357,0.5705,0.1227,0.2662,0.4072,0.8,3.0056,0.8,4,0.3333,1.2523,0.2736,7,0.3659,1.3745,0.2094,15,0.38,19,0.37,37,
cross_database_transfer,chembl_to_bindingdb_scaffold_purged,ecfp_absdiff_xgb,2,chembl_raw,bindingdb_raw,P11309,Serine/threonine-protein kinase pim-1,1595,0.3361,0.5684,0.7625,456,1.3843,0.3407,0.5031,-0.0229,0.3361,0.3511,0.1875,0.558,0.0518,3,0.4,1.1903,0.1424,32,0.35,1.0415,0.1249,56,0.44,22,0.37,37,
cross_database_transfer,chembl_to_bindingdb_scaffold_purged,ecfp_absdiff_xgb,2,chembl_raw,bindingdb_raw,P35367,Histamine H1 receptor,1008,0.2808,0.5486,0.7844,373,1.2867,0.3312,0.5522,0.0748,0.2808,0.4004,0.1818,0.6476,0.0429,2,0.4314,1.5365,0.1581,22,0.4356,1.5517,0.1786,44,0.44,22,0.44,44,
cross_database_transfer,chembl_to_bindingdb_scaffold_purged,ecfp_absdiff_xgb,2,chembl_raw,bindingdb_raw,P00519,Tyrosine-protein kinase ABL1,1361,0.4533,0.7713,0.7612,420,1.5129,0.4811,0.5466,0.0752,0.4533,0.4617,0.4286,0.9454,0.2696,6,0.3913,0.8632,0.1738,27,0.4891,1.0788,0.2275,67,0.36,18,0.51,51,
cross_database_transfer,chembl_to_bindingdb_scaffold_purged,ecfp_absdiff_xgb,2,chembl_raw,bindingdb_raw,O43614,Orexin receptor type 2,835,0.382,0.6712,0.7624,403,1.7078,0.3988,0.5133,0.0506,0.382,0.4577,0.2222,0.5817,0.0722,2,0.4762,1.2465,0.1926,20,0.5,1.3088,0.2232,42,0.46,23,0.49,49,
cross_database_transfer,chembl_to_bindingdb_scaffold_purged,ecfp_absdiff_xgb,2,chembl_raw,bindingdb_raw,P35372,Mu-type opioid receptor,881,0.3269,0.476,0.7833,338,1.2633,0.3368,0.5182,0.0117,0.3269,0.3234,0.3333,1.0197,0.2519,3,0.2,0.6118,0.0789,9,0.3933,1.203,0.135,35,0.26,13,0.41,41,
cross_database_transfer,chembl_to_bindingdb_scaffold_purged,ecfp_absdiff_xgb,2,chembl_raw,bindingdb_raw,O60674,Tyrosine-protein kinase JAK2,2270,0.178,0.3334,0.773,902,1.4004,0.2353,0.565,0.0587,0.178,0.3161,0.5217,2.9316,0.296,12,0.3684,2.0701,0.1711,42,0.2687,1.5099,0.1122,61,0.44,22,0.37,37,
cross_database_transfer,chembl_to_bindingdb_scaffold_purged,ecfp_absdiff_xgb,2,chembl_raw,bindingdb_raw,P49841,Glycogen synthase kinase-3 beta,1515,0.1842,0.384,0.7664,422,1.7452,0.1839,0.5003,-0.0237,0.1842,0.1508,0.125,0.6788,0.0203,2,0.1053,0.5716,0.0124,8,0.1776,0.9646,0.0227,27,0.06,3,0.1,10,
cross_database_transfer,chembl_to_bindingdb_scaffold_purged,ecfp_absdiff_xgb,2,chembl_raw,bindingdb_raw,P00742,Coagulation factor X,643,0.5008,0.9152,0.7789,364,1.367,0.5048,0.5044,-0.0184,0.5008,0.5356,0.5714,1.1411,0.2459,4,0.5152,1.0287,0.2664,17,0.5538,1.106,0.2956,36,0.58,29,0.56,56,
cross_database_transfer,chembl_to_bindingdb_scaffold_purged,ecfp_absdiff_xgb,2,chembl_raw,bindingdb_raw,P04150,Glucocorticoid receptor,1510,0.2536,0.4826,0.7646,608,1.2841,0.2652,0.5157,0.0426,0.2536,0.2694,0.375,1.4785,0.2736,6,0.25,0.9856,0.1126,19,0.2384,0.9399,0.0839,36,0.28,14,0.23,23,
cross_database_transfer,chembl_to_bindingdb_scaffold_purged,ecfp_absdiff_xgb,2,chembl_raw,bindingdb_raw,P23458,Tyrosine-protein kinase JAK1,934,0.1842,0.3266,0.7583,589,1.6478,0.262,0.6055,0.1287,0.1842,0.3459,0.5,2.7151,0.2651,5,0.3191,1.7331,0.1513,15,0.3191,1.7331,0.1308,30,0.34,17,0.3,30,
cross_database_transfer,chembl_to_bindingdb_scaffold_purged,ecfp_absdiff_xgb,2,chembl_raw,bindingdb_raw,P35462,D(3) dopamine receptor,400,0.3675,0.6675,0.7691,186,1.4675,0.3983,0.5383,0.0947,0.3675,0.4183,0.25,0.6803,0.0833,1,0.5,1.3605,0.1989,10,0.45,1.2245,0.19,18,0.4,20,0.48,48,
cross_database_transfer,chembl_to_bindingdb_scaffold_purged,ecfp_absdiff_xgb,2,chembl_raw,bindingdb_raw,P10275,Androgen receptor,739,0.2923,0.5441,0.775,244,1.4709,0.3144,0.547,0.0626,0.2923,0.324,0.125,0.4277,0.0156,1,0.2703,0.9247,0.0615,10,0.3784,1.2945,0.1216,28,0.38,19,0.35,35,
cross_database_transfer,chembl_to_bindingdb_scaffold_purged,ecfp_absdiff_xgb,2,chembl_raw,bindingdb_raw,Q9Y5N1,Histamine H3 receptor,1315,0.4106,0.7382,0.776,585,1.1757,0.3898,0.4638,-0.0118,0.4106,0.2974,0.3571,0.8697,0.2649,5,0.2576,0.6272,0.1094,17,0.2879,0.701,0.0974,38,0.26,13,0.27,27,
cross_database_transfer,chembl_to_bindingdb_scaffold_purged,ecfp_absdiff_xgb,2,chembl_raw,bindingdb_raw,P42336,"Phosphatidylinositol 4,5-bisphosphate 3-kinase catalytic subunit alpha isoform",1146,0.322,0.561,0.7642,402,1.212,0.3096,0.4818,-0.0442,0.322,0.2116,0.25,0.7764,0.1111,3,0.1552,0.4819,0.0454,9,0.2,0.6211,0.0433,23,0.18,9,0.17,17,
cross_database_transfer,chembl_to_bindingdb_scaffold_purged,ecfp_absdiff_xgb,2,chembl_raw,bindingdb_raw,Q01959,Sodium-dependent dopamine transporter,528,0.2235,0.4015,0.7769,188,1.2008,0.2413,0.5427,0.0425,0.2235,0.2219,0.0,0.0,0.0,0,0.2963,1.3258,0.0675,8,0.2264,1.0131,0.0539,12,0.2,10,0.21,21,
cross_database_transfer,chembl_to_bindingdb_scaffold_purged,ecfp_absdiff_xgb,2,chembl_raw,bindingdb_raw,P41143,Delta-type opioid receptor,1057,0.3065,0.58,0.7858,457,1.4163,0.3218,0.5376,0.0579,0.3065,0.2725,0.1818,0.5932,0.1515,2,0.2453,0.8002,0.0809,13,0.283,0.9233,0.0841,30,0.24,12,0.28,28,
cross_database_transfer,chembl_to_bindingdb_scaffold_purged,ecfp_absdiff_xgb,2,chembl_raw,bindingdb_raw,P41145,Kappa-type opioid receptor,992,0.5514,1.0688,0.7753,354,1.7782,0.5891,0.5548,0.1094,0.5514,0.6304,0.5,0.9068,0.2456,5,0.62,1.1244,0.3764,31,0.59,1.07,0.3746,59,0.62,31,0.59,59,
cross_database_transfer,chembl_to_bindingdb_scaffold_purged,ecfp_absdiff_xgb,2,chembl_raw,bindingdb_raw,P00734,Prothrombin,491,0.336,0.655,0.7718,308,1.3625,0.3697,0.4951,-0.0287,0.336,0.4785,0.8,2.3806,0.76,4,0.6,1.7855,0.4631,15,0.36,1.0713,0.2593,18,0.36,18,0.35,35,
cross_database_transfer,chembl_to_bindingdb_scaffold_purged,ecfp_absdiff_xgb,2,chembl_raw,bindingdb_raw,P21917,D(4) dopamine receptor,456,0.3421,0.5766,0.7812,207,1.1996,0.3857,0.5646,0.0855,0.3421,0.3668,0.6,1.7538,0.3833,3,0.2174,0.6355,0.1279,5,0.413,1.2074,0.1652,19,0.4,20,0.41,41,
cross_database_transfer,chembl_to_bindingdb_scaffold_purged,ecfp_absdiff_xgb,2,chembl_raw,bindingdb_raw,P08908,5-hydroxytryptamine receptor 1A,664,0.4051,0.7068,0.7792,289,1.2139,0.4324,0.5365,0.0995,0.4051,0.401,0.2857,0.7053,0.1667,2,0.3529,0.8712,0.1288,12,0.4328,1.0684,0.1719,29,0.44,22,0.46,46,
cross_database_transfer,chembl_to_bindingdb_scaffold_purged,ecfp_absdiff_xgb,2,chembl_raw,bindingdb_raw,Q99720,Sigma non-opioid intracellular receptor 1,823,0.2503,0.487,0.7922,351,1.2078,0.2553,0.528,0.094,0.2503,0.1916,0.0,0.0,0.0,0,0.1429,0.5707,0.0163,6,0.2289,0.9146,0.0397,19,0.16,8,0.28,28,
cross_database_transfer,chembl_to_bindingdb_scaffold_purged,ecfp_absdiff_xgb,2,chembl_raw,bindingdb_raw,Q9HAZ1,Dual specificity protein kinase CLK4,919,0.2884,0.5863,0.7733,283,1.1251,0.3145,0.5242,0.0547,0.2884,0.3657,0.7,2.4275,0.4181,7,0.3913,1.357,0.2213,18,0.3043,1.0555,0.1483,28,0.38,19,0.31,31,
cross_database_transfer,chembl_to_bindingdb_scaffold_purged,ecfp_absdiff_xgb,2,chembl_raw,bindingdb_raw,P31645,Sodium-dependent serotonin transporter,402,0.2662,0.4929,0.7808,229,1.2363,0.2692,0.5173,0.0457,0.2662,0.2549,0.4,1.5028,0.1467,2,0.2381,0.8945,0.0718,5,0.2439,0.9163,0.067,10,0.3,15,0.24,24,
cross_database_transfer,chembl_to_bindingdb_scaffold_purged,rich_diff_scalars,2,chembl_raw,bindingdb_raw,P11309,Serine/threonine-protein kinase pim-1,1595,0.3361,0.5684,0.7625,456,1.3843,0.3472,0.5227,-0.0155,0.3361,0.3306,0.25,0.7439,0.139,4,0.3375,1.0043,0.122,27,0.3312,0.9857,0.1151,53,0.28,14,0.31,31,
cross_database_transfer,chembl_to_bindingdb_scaffold_purged,rich_diff_scalars,2,chembl_raw,bindingdb_raw,P35367,Histamine H1 receptor,1008,0.2808,0.5486,0.7844,373,1.2867,0.3721,0.5381,0.0881,0.2808,0.519,0.5455,1.9428,0.4197,6,0.6275,2.2349,0.424,32,0.4653,1.6575,0.2998,47,0.62,31,0.47,47,
cross_database_transfer,chembl_to_bindingdb_scaffold_purged,rich_diff_scalars,2,chembl_raw,bindingdb_raw,P00519,Tyrosine-protein kinase ABL1,1361,0.4533,0.7713,0.7612,420,1.5129,0.5798,0.6313,0.1483,0.4533,0.6939,0.7857,1.7332,0.6039,11,0.7246,1.5984,0.5449,50,0.7007,1.5457,0.5153,96,0.76,38,0.73,73,
cross_database_transfer,chembl_to_bindingdb_scaffold_purged,rich_diff_scalars,2,chembl_raw,bindingdb_raw,O43614,Orexin receptor type 2,835,0.382,0.6712,0.7624,403,1.7078,0.4365,0.5231,0.0526,0.382,0.5486,0.6667,1.745,0.5333,6,0.619,1.6204,0.4279,26,0.4881,1.2776,0.3142,41,0.6,30,0.48,48,
cross_database_transfer,chembl_to_bindingdb_scaffold_purged,rich_diff_scalars,2,chembl_raw,bindingdb_raw,P35372,Mu-type opioid receptor,881,0.3269,0.476,0.7833,338,1.2633,0.3988,0.5839,0.1055,0.3269,0.4454,0.4444,1.3596,0.363,4,0.4222,1.2916,0.2242,19,0.4382,1.3405,0.2233,39,0.46,23,0.41,41,
cross_database_transfer,chembl_to_bindingdb_scaffold_purged,rich_diff_scalars,2,chembl_raw,bindingdb_raw,O60674,Tyrosine-protein kinase JAK2,2270,0.178,0.3334,0.773,902,1.4004,0.3123,0.6658,0.1731,0.178,0.4129,0.6087,3.4201,0.4271,14,0.4737,2.6615,0.2519,54,0.3744,2.104,0.1853,85,0.46,23,0.48,48,
cross_database_transfer,chembl_to_bindingdb_scaffold_purged,rich_diff_scalars,2,chembl_raw,bindingdb_raw,P49841,Glycogen synthase kinase-3 beta,1515,0.1842,0.384,0.7664,422,1.7452,0.218,0.4674,0.0986,0.1842,0.3055,0.125,0.6788,0.0426,2,0.3158,1.7148,0.0819,24,0.3421,1.8577,0.1033,52,0.24,12,0.34,34,
cross_database_transfer,chembl_to_bindingdb_scaffold_purged,rich_diff_scalars,2,chembl_raw,bindingdb_raw,P00742,Coagulation factor X,643,0.5008,0.9152,0.7789,364,1.367,0.5999,0.5857,0.1846,0.5008,0.7149,0.7143,1.4264,0.5616,5,0.7576,1.5128,0.5627,25,0.6923,1.3825,0.5255,45,0.78,39,0.67,67,
cross_database_transfer,chembl_to_bindingdb_scaffold_purged,rich_diff_scalars,2,chembl_raw,bindingdb_raw,P04150,Glucocorticoid receptor,1510,0.2536,0.4826,0.7646,608,1.2841,0.3322,0.6322,0.2071,0.2536,0.3148,0.125,0.4928,0.0264,2,0.2895,1.1413,0.0705,22,0.3311,1.3055,0.0958,50,0.24,12,0.33,33,
cross_database_transfer,chembl_to_bindingdb_scaffold_purged,rich_diff_scalars,2,chembl_raw,bindingdb_raw,P23458,Tyrosine-protein kinase JAK1,934,0.1842,0.3266,0.7583,589,1.6478,0.2764,0.6618,0.0559,0.1842,0.2944,0.5,2.7151,0.4,5,0.2553,1.3864,0.1402,12,0.266,1.4442,0.1118,25,0.26,13,0.25,25,
cross_database_transfer,chembl_to_bindingdb_scaffold_purged,rich_diff_scalars,2,chembl_raw,bindingdb_raw,P35462,D(3) dopamine receptor,400,0.3675,0.6675,0.7691,186,1.4675,0.4245,0.5755,0.0669,0.3675,0.4173,0.0,0.0,0.0,0,0.4,1.0884,0.1254,8,0.475,1.2925,0.1898,19,0.48,24,0.45,45,
cross_database_transfer,chembl_to_bindingdb_scaffold_purged,rich_diff_scalars,2,chembl_raw,bindingdb_raw,P10275,Androgen receptor,739,0.2923,0.5441,0.775,244,1.4709,0.3551,0.5892,0.0807,0.2923,0.3964,0.375,1.283,0.1135,3,0.3514,1.2021,0.1123,13,0.473,1.6182,0.1917,35,0.44,22,0.42,42,
cross_database_transfer,chembl_to_bindingdb_scaffold_purged,rich_diff_scalars,2,chembl_raw,bindingdb_raw,Q9Y5N1,Histamine H3 receptor,1315,0.4106,0.7382,0.776,585,1.1757,0.5331,0.6315,0.1363,0.4106,0.5878,0.3571,0.8697,0.0966,5,0.5606,1.3652,0.2733,37,0.6439,1.5681,0.3594,85,0.58,29,0.62,62,
cross_database_transfer,chembl_to_bindingdb_scaffold_purged,rich_diff_scalars,2,chembl_raw,bindingdb_raw,P42336,"Phosphatidylinositol 4,5-bisphosphate 3-kinase catalytic subunit alpha isoform",1146,0.322,0.561,0.7642,402,1.212,0.3343,0.4984,0.0046,0.322,0.368,0.5,1.5528,0.315,6,0.3793,1.178,0.1791,22,0.3391,1.0532,0.1429,39,0.4,20,0.33,33,
cross_database_transfer,chembl_to_bindingdb_scaffold_purged,rich_diff_scalars,2,chembl_raw,bindingdb_raw,Q01959,Sodium-dependent dopamine transporter,528,0.2235,0.4015,0.7769,188,1.2008,0.3223,0.6083,0.1017,0.2235,0.3673,0.3333,1.4915,0.3333,2,0.3333,1.4915,0.1908,9,0.3585,1.6041,0.1591,19,0.34,17,0.37,37,
cross_database_transfer,chembl_to_bindingdb_scaffold_purged,rich_diff_scalars,2,chembl_raw,bindingdb_raw,P41143,Delta-type opioid receptor,1057,0.3065,0.58,0.7858,457,1.4163,0.3535,0.4939,0.0276,0.3065,0.4588,0.5455,1.7795,0.4968,6,0.4906,1.6004,0.2946,26,0.4434,1.4465,0.2398,47,0.48,24,0.44,44,
cross_database_transfer,chembl_to_bindingdb_scaffold_purged,rich_diff_scalars,2,chembl_raw,bindingdb_raw,P41145,Kappa-type opioid receptor,992,0.5514,1.0688,0.7753,354,1.7782,0.5936,0.5485,0.0519,0.5514,0.6098,0.8,1.4508,0.6818,8,0.56,1.0156,0.3973,28,0.6,1.0881,0.3903,60,0.56,28,0.6,60,
cross_database_transfer,chembl_to_bindingdb_scaffold_purged,rich_diff_scalars,2,chembl_raw,bindingdb_raw,P00734,Prothrombin,491,0.336,0.655,0.7718,308,1.3625,0.4498,0.5971,0.1485,0.336,0.5614,0.8,2.3806,0.71,4,0.56,1.6664,0.43,14,0.5,1.4879,0.3424,25,0.5,25,0.44,44,
cross_database_transfer,chembl_to_bindingdb_scaffold_purged,rich_diff_scalars,2,chembl_raw,bindingdb_raw,P21917,D(4) dopamine receptor,456,0.3421,0.5766,0.7812,207,1.1996,0.3974,0.5814,0.0848,0.3421,0.3864,0.0,0.0,0.0,0,0.3913,1.1438,0.1248,9,0.3913,1.1438,0.1419,18,0.42,21,0.45,45,
cross_database_transfer,chembl_to_bindingdb_scaffold_purged,rich_diff_scalars,2,chembl_raw,bindingdb_raw,P08908,5-hydroxytryptamine receptor 1A,664,0.4051,0.7068,0.7792,289,1.2139,0.4347,0.5478,0.0615,0.4051,0.4182,0.7143,1.7631,0.4901,5,0.3824,0.9438,0.215,13,0.4179,1.0316,0.1962,28,0.38,19,0.42,42,
cross_database_transfer,chembl_to_bindingdb_scaffold_purged,rich_diff_scalars,2,chembl_raw,bindingdb_raw,Q99720,Sigma non-opioid intracellular receptor 1,823,0.2503,0.487,0.7922,351,1.2078,0.3803,0.6401,0.0882,0.2503,0.4177,0.7778,3.1073,0.7639,7,0.3095,1.2366,0.2332,13,0.3855,1.5403,0.2087,32,0.38,19,0.4,40,
cross_database_transfer,chembl_to_bindingdb_scaffold_purged,rich_diff_scalars,2,chembl_raw,bindingdb_raw,Q9HAZ1,Dual specificity protein kinase CLK4,919,0.2884,0.5863,0.7733,283,1.1251,0.3794,0.5717,0.1039,0.2884,0.4983,0.6,2.0808,0.3463,6,0.5652,1.9601,0.3429,26,0.4783,1.6586,0.2719,44,0.56,28,0.46,46,
cross_database_transfer,chembl_to_bindingdb_scaffold_purged,rich_diff_scalars,2,chembl_raw,bindingdb_raw,P31645,Sodium-dependent serotonin transporter,402,0.2662,0.4929,0.7808,229,1.2363,0.3696,0.573,0.026,0.2662,0.5193,0.4,1.5028,0.3,2,0.6667,2.5047,0.4207,14,0.4878,1.8327,0.2993,20,0.46,23,0.35,35,
cross_database_transfer,chembl_to_bindingdb_scaffold_purged,rich_scalars_only,2,chembl_raw,bindingdb_raw,P11309,Serine/threonine-protein kinase pim-1,1595,0.3361,0.5684,0.7625,456,1.3843,0.3535,0.5424,0.0056,0.3361,0.3221,0.25,0.7439,0.0752,4,0.3375,1.0043,0.1168,27,0.2875,0.8555,0.0954,46,0.38,19,0.31,31,
cross_database_transfer,chembl_to_bindingdb_scaffold_purged,rich_scalars_only,2,chembl_raw,bindingdb_raw,P35367,Histamine H1 receptor,1008,0.2808,0.5486,0.7844,373,1.2867,0.3815,0.5467,0.1103,0.2808,0.5358,0.7273,2.5904,0.5719,8,0.6078,2.165,0.4198,31,0.5347,1.9043,0.3378,54,0.62,31,0.54,54,
cross_database_transfer,chembl_to_bindingdb_scaffold_purged,rich_scalars_only,2,chembl_raw,bindingdb_raw,P00519,Tyrosine-protein kinase ABL1,1361,0.4533,0.7713,0.7612,420,1.5129,0.5714,0.6236,0.1635,0.4533,0.6706,0.7143,1.5756,0.399,10,0.7101,1.5665,0.4932,49,0.6569,1.4491,0.4452,90,0.72,36,0.65,65,
cross_database_transfer,chembl_to_bindingdb_scaffold_purged,rich_scalars_only,2,chembl_raw,bindingdb_raw,O43614,Orexin receptor type 2,835,0.382,0.6712,0.7624,403,1.7078,0.4277,0.5088,0.0781,0.382,0.5187,0.5556,1.4542,0.4053,5,0.5,1.3088,0.2972,21,0.5119,1.3399,0.2935,43,0.54,27,0.49,49,
cross_database_transfer,chembl_to_bindingdb_scaffold_purged,rich_scalars_only,2,chembl_raw,bindingdb_raw,P35372,Mu-type opioid receptor,881,0.3269,0.476,0.7833,338,1.2633,0.3722,0.5469,0.031,0.3269,0.4297,0.3333,1.0197,0.1231,3,0.4667,1.4275,0.2161,21,0.3933,1.203,0.1756,35,0.46,23,0.42,42,
cross_database_transfer,chembl_to_bindingdb_scaffold_purged,rich_scalars_only,2,chembl_raw,bindingdb_raw,O60674,Tyrosine-protein kinase JAK2,2270,0.178,0.3334,0.773,902,1.4004,0.2872,0.647,0.1594,0.178,0.3714,0.5652,3.1759,0.3471,13,0.3772,2.1194,0.1919,43,0.3348,1.8812,0.1468,76,0.46,23,0.39,39,
cross_database_transfer,chembl_to_bindingdb_scaffold_purged,rich_scalars_only,2,chembl_raw,bindingdb_raw,P49841,Glycogen synthase kinase-3 beta,1515,0.1842,0.384,0.7664,422,1.7452,0.182,0.4004,0.0311,0.1842,0.2493,0.25,1.3575,0.1147,4,0.2895,1.5719,0.0937,22,0.2303,1.2504,0.0692,35,0.3,15,0.27,27,
cross_database_transfer,chembl_to_bindingdb_scaffold_purged,rich_scalars_only,2,chembl_raw,bindingdb_raw,P00742,Coagulation factor X,643,0.5008,0.9152,0.7789,364,1.367,0.5859,0.5749,0.119,0.5008,0.6758,0.8571,1.7116,0.8367,6,0.697,1.3918,0.5929,23,0.6308,1.2596,0.4799,41,0.66,33,0.61,61,
cross_database_transfer,chembl_to_bindingdb_scaffold_purged,rich_scalars_only,2,chembl_raw,bindingdb_raw,P04150,Glucocorticoid receptor,1510,0.2536,0.4826,0.7646,608,1.2841,0.311,0.6036,0.1367,0.2536,0.2895,0.1875,0.7392,0.0656,3,0.2632,1.0375,0.0668,20,0.3113,1.2272,0.087,47,0.26,13,0.29,29,
cross_database_transfer,chembl_to_bindingdb_scaffold_purged,rich_scalars_only,2,chembl_raw,bindingdb_raw,P23458,Tyrosine-protein kinase JAK1,934,0.1842,0.3266,0.7583,589,1.6478,0.3123,0.6768,0.0954,0.1842,0.3931,0.7,3.8012,0.5282,7,0.4043,2.1952,0.2409,19,0.3723,2.0219,0.1901,35,0.38,19,0.35,35,
cross_database_transfer,chembl_to_bindingdb_scaffold_purged,rich_scalars_only,2,chembl_raw,bindingdb_raw,P35462,D(3) dopamine receptor,400,0.3675,0.6675,0.7691,186,1.4675,0.4177,0.56,0.0709,0.3675,0.4354,0.25,0.6803,0.0625,1,0.5,1.3605,0.2071,10,0.45,1.2245,0.2039,18,0.42,21,0.44,44,
cross_database_transfer,chembl_to_bindingdb_scaffold_purged,rich_scalars_only,2,chembl_raw,bindingdb_raw,P10275,Androgen receptor,739,0.2923,0.5441,0.775,244,1.4709,0.3527,0.558,0.0715,0.2923,0.421,0.5,1.7106,0.3667,4,0.3784,1.2945,0.2224,14,0.4054,1.387,0.2017,30,0.42,21,0.41,41,
cross_database_transfer,chembl_to_bindingdb_scaffold_purged,rich_scalars_only,2,chembl_raw,bindingdb_raw,Q9Y5N1,Histamine H3 receptor,1315,0.4106,0.7382,0.776,585,1.1757,0.5603,0.6745,0.2433,0.4106,0.6183,0.6429,1.5655,0.4131,9,0.6061,1.4759,0.3696,40,0.6136,1.4943,0.3794,81,0.56,28,0.62,62,
cross_database_transfer,chembl_to_bindingdb_scaffold_purged,rich_scalars_only,2,chembl_raw,bindingdb_raw,P42336,"Phosphatidylinositol 4,5-bisphosphate 3-kinase catalytic subunit alpha isoform",1146,0.322,0.561,0.7642,402,1.212,0.3655,0.5184,0.0628,0.322,0.4246,0.8333,2.5881,0.7281,10,0.3966,1.2316,0.2737,23,0.3652,1.1343,0.2036,42,0.46,23,0.37,37,
cross_database_transfer,chembl_to_bindingdb_scaffold_purged,rich_scalars_only,2,chembl_raw,bindingdb_raw,Q01959,Sodium-dependent dopamine transporter,528,0.2235,0.4015,0.7769,188,1.2008,0.343,0.6204,0.1343,0.2235,0.436,0.6667,2.9831,0.3778,4,0.4815,2.1544,0.2746,13,0.4151,1.8574,0.2093,22,0.42,21,0.41,41,
cross_database_transfer,chembl_to_bindingdb_scaffold_purged,rich_scalars_only,2,chembl_raw,bindingdb_raw,P41143,Delta-type opioid receptor,1057,0.3065,0.58,0.7858,457,1.4163,0.3363,0.4736,0.052,0.3065,0.424,0.7273,2.3726,0.5275,8,0.4151,1.3542,0.2621,22,0.4057,1.3234,0.2079,43,0.44,22,0.39,39,
cross_database_transfer,chembl_to_bindingdb_scaffold_purged,rich_scalars_only,2,chembl_raw,bindingdb_raw,P41145,Kappa-type opioid receptor,992,0.5514,1.0688,0.7753,354,1.7782,0.5904,0.5281,0.0671,0.5514,0.6335,0.9,1.6322,0.7904,9,0.6,1.0881,0.4541,30,0.63,1.1425,0.4256,63,0.6,30,0.63,63,
cross_database_transfer,chembl_to_bindingdb_scaffold_purged,rich_scalars_only,2,chembl_raw,bindingdb_raw,P00734,Prothrombin,491,0.336,0.655,0.7718,308,1.3625,0.4121,0.5985,0.1134,0.336,0.4121,0.6,1.7855,0.55,3,0.32,0.9522,0.1934,8,0.44,1.3093,0.209,22,0.44,22,0.42,42,
cross_database_transfer,chembl_to_bindingdb_scaffold_purged,rich_scalars_only,2,chembl_raw,bindingdb_raw,P21917,D(4) dopamine receptor,456,0.3421,0.5766,0.7812,207,1.1996,0.4015,0.5685,0.1335,0.3421,0.4204,0.2,0.5846,0.0667,1,0.3913,1.1438,0.1303,9,0.4783,1.398,0.1974,22,0.5,25,0.44,44,
cross_database_transfer,chembl_to_bindingdb_scaffold_purged,rich_scalars_only,2,chembl_raw,bindingdb_raw,P08908,5-hydroxytryptamine receptor 1A,664,0.4051,0.7068,0.7792,289,1.2139,0.4457,0.5557,0.0362,0.4051,0.4448,0.5714,1.4105,0.4667,4,0.4412,1.089,0.2668,15,0.4179,1.0316,0.2129,28,0.4,20,0.44,44,
cross_database_transfer,chembl_to_bindingdb_scaffold_purged,rich_scalars_only,2,chembl_raw,bindingdb_raw,Q99720,Sigma non-opioid intracellular receptor 1,823,0.2503,0.487,0.7922,351,1.2078,0.3709,0.5908,-0.0061,0.2503,0.4805,0.7778,3.1073,0.6287,7,0.5,1.9976,0.3458,21,0.4337,1.7328,0.2576,36,0.46,23,0.43,43,
cross_database_transfer,chembl_to_bindingdb_scaffold_purged,rich_scalars_only,2,chembl_raw,bindingdb_raw,Q9HAZ1,Dual specificity protein kinase CLK4,919,0.2884,0.5863,0.7733,283,1.1251,0.3901,0.5638,0.139,0.2884,0.5338,0.7,2.4275,0.5208,7,0.6304,2.1863,0.4429,29,0.4565,1.5832,0.2998,42,0.6,30,0.49,49,
cross_database_transfer,chembl_to_bindingdb_scaffold_purged,rich_scalars_only,2,chembl_raw,bindingdb_raw,P31645,Sodium-dependent serotonin transporter,402,0.2662,0.4929,0.7808,229,1.2363,0.3685,0.5579,0.0526,0.2662,0.5362,0.6,2.2542,0.3533,3,0.6667,2.5047,0.4535,14,0.5122,1.9243,0.3258,21,0.46,23,0.34,34,
cross_database_transfer,chembl_to_bindingdb_scaffold_purged,extratrees_scalars,2,chembl_raw,bindingdb_raw,P11309,Serine/threonine-protein kinase pim-1,1595,0.3361,0.5684,0.7625,456,1.3843,0.3643,0.5161,0.0712,0.3361,0.4328,0.375,1.1159,0.2214,6,0.5125,1.5251,0.2487,41,0.4312,1.2833,0.2042,69,0.46,23,0.47,47,
cross_database_transfer,chembl_to_bindingdb_scaffold_purged,extratrees_scalars,2,chembl_raw,bindingdb_raw,P35367,Histamine H1 receptor,1008,0.2808,0.5486,0.7844,373,1.2867,0.3802,0.5174,0.1503,0.2808,0.5634,0.7273,2.5904,0.5669,8,0.6471,2.3047,0.4835,33,0.505,1.7986,0.3504,51,0.64,32,0.51,51,
cross_database_transfer,chembl_to_bindingdb_scaffold_purged,extratrees_scalars,2,chembl_raw,bindingdb_raw,P00519,Tyrosine-protein kinase ABL1,1361,0.4533,0.7713,0.7612,420,1.5129,0.5727,0.6183,0.1219,0.4533,0.6807,0.9286,2.0483,0.918,13,0.7391,1.6304,0.6226,51,0.635,1.4008,0.494,87,0.72,36,0.69,69,
cross_database_transfer,chembl_to_bindingdb_scaffold_purged,extratrees_scalars,2,chembl_raw,bindingdb_raw,O43614,Orexin receptor type 2,835,0.382,0.6712,0.7624,403,1.7078,0.4112,0.5233,0.0922,0.382,0.4183,0.0,0.0,0.0,0,0.4286,1.1218,0.1467,18,0.4524,1.1841,0.1783,38,0.44,22,0.47,47,
cross_database_transfer,chembl_to_bindingdb_scaffold_purged,extratrees_scalars,2,chembl_raw,bindingdb_raw,P35372,Mu-type opioid receptor,881,0.3269,0.476,0.7833,338,1.2633,0.3488,0.5265,0.0364,0.3269,0.3461,0.2222,0.6798,0.1389,2,0.3333,1.0197,0.1262,15,0.3483,1.0655,0.1251,31,0.34,17,0.37,37,
cross_database_transfer,chembl_to_bindingdb_scaffold_purged,extratrees_scalars,2,chembl_raw,bindingdb_raw,O60674,Tyrosine-protein kinase JAK2,2270,0.178,0.3334,0.773,902,1.4004,0.2465,0.6286,0.0655,0.178,0.2946,0.2609,1.4658,0.0709,6,0.3246,1.8236,0.0982,37,0.2775,1.5594,0.0845,63,0.28,14,0.32,32,
cross_database_transfer,chembl_to_bindingdb_scaffold_purged,extratrees_scalars,2,chembl_raw,bindingdb_raw,P49841,Glycogen synthase kinase-3 beta,1515,0.1842,0.384,0.7664,422,1.7452,0.1641,0.3738,-0.0271,0.1842,0.1838,0.3125,1.6969,0.2516,5,0.1974,1.0717,0.0804,15,0.1579,0.8574,0.0514,24,0.18,9,0.18,18,
cross_database_transfer,chembl_to_bindingdb_scaffold_purged,extratrees_scalars,2,chembl_raw,bindingdb_raw,P00742,Coagulation factor X,643,0.5008,0.9152,0.7789,364,1.367,0.5949,0.5858,0.1078,0.5008,0.6876,0.7143,1.4264,0.6259,5,0.697,1.3918,0.5616,23,0.6615,1.321,0.5069,43,0.74,37,0.59,59,
cross_database_transfer,chembl_to_bindingdb_scaffold_purged,extratrees_scalars,2,chembl_raw,bindingdb_raw,P04150,Glucocorticoid receptor,1510,0.2536,0.4826,0.7646,608,1.2841,0.2914,0.5489,0.0565,0.2536,0.3277,0.4375,1.7249,0.2044,7,0.3289,1.2969,0.1293,25,0.3245,1.2794,0.1176,49,0.32,16,0.33,33,
cross_database_transfer,chembl_to_bindingdb_scaffold_purged,extratrees_scalars,2,chembl_raw,bindingdb_raw,P23458,Tyrosine-protein kinase JAK1,934,0.1842,0.3266,0.7583,589,1.6478,0.2657,0.644,0.0896,0.1842,0.3072,0.3,1.6291,0.0726,3,0.3191,1.7331,0.0964,15,0.3191,1.7331,0.1008,30,0.34,17,0.31,31,
cross_database_transfer,chembl_to_bindingdb_scaffold_purged,extratrees_scalars,2,chembl_raw,bindingdb_raw,P35462,D(3) dopamine receptor,400,0.3675,0.6675,0.7691,186,1.4675,0.426,0.5782,0.0736,0.3675,0.4284,0.0,0.0,0.0,0,0.45,1.2245,0.1614,9,0.475,1.2925,0.2071,19,0.46,23,0.42,42,
cross_database_transfer,chembl_to_bindingdb_scaffold_purged,extratrees_scalars,2,chembl_raw,bindingdb_raw,P10275,Androgen receptor,739,0.2923,0.5441,0.775,244,1.4709,0.3816,0.6197,0.1095,0.2923,0.4354,0.5,1.7106,0.2152,4,0.4595,1.5719,0.2095,17,0.4595,1.5719,0.2079,34,0.46,23,0.43,43,
cross_database_transfer,chembl_to_bindingdb_scaffold_purged,extratrees_scalars,2,chembl_raw,bindingdb_raw,Q9Y5N1,Histamine H3 receptor,1315,0.4106,0.7382,0.776,585,1.1757,0.4327,0.5253,0.0827,0.4106,0.4106,0.2143,0.5218,0.0375,3,0.3636,0.8855,0.1028,24,0.4773,1.1622,0.1826,63,0.32,16,0.45,45,
cross_database_transfer,chembl_to_bindingdb_scaffold_purged,extratrees_scalars,2,chembl_raw,bindingdb_raw,P42336,"Phosphatidylinositol 4,5-bisphosphate 3-kinase catalytic subunit alpha isoform",1146,0.322,0.561,0.7642,402,1.212,0.3895,0.5454,0.1298,0.322,0.5029,0.75,2.3293,0.5187,9,0.5862,1.8206,0.3915,34,0.4522,1.4043,0.2777,52,0.62,31,0.47,47,
cross_database_transfer,chembl_to_bindingdb_scaffold_purged,extratrees_scalars,2,chembl_raw,bindingdb_raw,Q01959,Sodium-dependent dopamine transporter,528,0.2235,0.4015,0.7769,188,1.2008,0.3509,0.5658,0.1635,0.2235,0.4953,0.6667,2.9831,0.6333,4,0.5556,2.4859,0.4317,15,0.434,1.9418,0.2912,23,0.44,22,0.36,36,
cross_database_transfer,chembl_to_bindingdb_scaffold_purged,extratrees_scalars,2,chembl_raw,bindingdb_raw,P41143,Delta-type opioid receptor,1057,0.3065,0.58,0.7858,457,1.4163,0.3087,0.4473,-0.0083,0.3065,0.3767,0.4545,1.4829,0.2477,5,0.3774,1.2311,0.1744,20,0.4057,1.3234,0.1695,43,0.36,18,0.39,39,
cross_database_transfer,chembl_to_bindingdb_scaffold_purged,extratrees_scalars,2,chembl_raw,bindingdb_raw,P41145,Kappa-type opioid receptor,992,0.5514,1.0688,0.7753,354,1.7782,0.5511,0.4949,-0.0205,0.5514,0.5544,0.5,0.9068,0.3489,5,0.58,1.0518,0.3279,29,0.57,1.0337,0.3292,57,0.58,29,0.57,57,
cross_database_transfer,chembl_to_bindingdb_scaffold_purged,extratrees_scalars,2,chembl_raw,bindingdb_raw,P00734,Prothrombin,491,0.336,0.655,0.7718,308,1.3625,0.4411,0.6112,0.0754,0.336,0.5261,0.8,2.3806,0.71,4,0.64,1.9045,0.4758,16,0.46,1.3688,0.3103,23,0.46,23,0.43,43,
cross_database_transfer,chembl_to_bindingdb_scaffold_purged,extratrees_scalars,2,chembl_raw,bindingdb_raw,P21917,D(4) dopamine receptor,456,0.3421,0.5766,0.7812,207,1.1996,0.4338,0.5815,0.1168,0.3421,0.5321,0.6,1.7538,0.32,3,0.5652,1.6522,0.344,13,0.5435,1.5886,0.3181,25,0.5,25,0.44,44,
cross_database_transfer,chembl_to_bindingdb_scaffold_purged,extratrees_scalars,2,chembl_raw,bindingdb_raw,P08908,5-hydroxytryptamine receptor 1A,664,0.4051,0.7068,0.7792,289,1.2139,0.4569,0.5729,0.0508,0.4051,0.4904,0.4286,1.0579,0.166,3,0.5294,1.3068,0.2803,18,0.5075,1.2526,0.2605,34,0.48,24,0.45,45,
cross_database_transfer,chembl_to_bindingdb_scaffold_purged,extratrees_scalars,2,chembl_raw,bindingdb_raw,Q99720,Sigma non-opioid intracellular receptor 1,823,0.2503,0.487,0.7922,351,1.2078,0.3208,0.6082,0.1202,0.2503,0.314,0.4444,1.7756,0.3549,4,0.2619,1.0463,0.1243,11,0.3373,1.3478,0.1265,28,0.26,13,0.33,33,
cross_database_transfer,chembl_to_bindingdb_scaffold_purged,extratrees_scalars,2,chembl_raw,bindingdb_raw,Q9HAZ1,Dual specificity protein kinase CLK4,919,0.2884,0.5863,0.7733,283,1.1251,0.4131,0.5688,0.1367,0.2884,0.579,0.9,3.1211,0.7904,9,0.6522,2.2617,0.5667,30,0.4891,1.6963,0.3736,45,0.6,30,0.49,49,
cross_database_transfer,chembl_to_bindingdb_scaffold_purged,extratrees_scalars,2,chembl_raw,bindingdb_raw,P31645,Sodium-dependent serotonin transporter,402,0.2662,0.4929,0.7808,229,1.2363,0.344,0.5677,0.1129,0.2662,0.4305,0.6,2.2542,0.32,3,0.381,1.4312,0.1963,8,0.4146,1.5578,0.1998,17,0.42,21,0.36,36,
cross_database_transfer,bindingdb_to_chembl_matched_targets,ecfp_absdiff_xgb,0,bindingdb_raw,chembl_raw,P35367,Histamine H1 receptor,594,0.2138,0.5546,0.7773,168,1.1364,0.2431,0.4986,0.0286,0.2138,0.3199,0.6667,3.1181,0.35,4,0.3,1.4031,0.1551,9,0.2833,1.3252,0.1147,17,0.28,14,0.29,29,
cross_database_transfer,bindingdb_to_chembl_matched_targets,ecfp_absdiff_xgb,0,bindingdb_raw,chembl_raw,P41143,Delta-type opioid receptor,816,0.5417,1.1043,0.808,188,1.7022,0.5873,0.5485,0.1472,0.5417,0.6705,0.5556,1.0256,0.3871,5,0.7073,1.3058,0.4782,29,0.6707,1.2383,0.454,55,0.66,33,0.67,67,
cross_database_transfer,bindingdb_to_chembl_matched_targets,ecfp_absdiff_xgb,0,bindingdb_raw,chembl_raw,P31645,Sodium-dependent serotonin transporter,555,0.4306,0.8056,0.7754,122,1.3315,0.4691,0.5708,0.0761,0.4306,0.4225,0.5,1.1611,0.3611,3,0.4286,0.9952,0.2398,12,0.3571,0.8293,0.1767,20,0.36,18,0.47,47,
cross_database_transfer,bindingdb_to_chembl_matched_targets,ecfp_absdiff_xgb,0,bindingdb_raw,chembl_raw,P04150,Glucocorticoid receptor,945,0.3312,0.6039,0.7675,196,1.182,0.3502,0.5051,0.0509,0.3312,0.4234,0.4,1.2077,0.1929,4,0.4583,1.3838,0.199,22,0.4211,1.2712,0.1884,40,0.46,23,0.44,44,
cross_database_transfer,bindingdb_to_chembl_matched_targets,ecfp_absdiff_xgb,0,bindingdb_raw,chembl_raw,P00734,Prothrombin,614,0.4935,0.9584,0.7957,257,1.1792,0.5334,0.5634,0.053,0.4935,0.5431,0.4286,0.8685,0.3238,3,0.5484,1.1113,0.2854,17,0.5968,1.2093,0.327,37,0.56,28,0.6,60,
cross_database_transfer,bindingdb_to_chembl_matched_targets,ecfp_absdiff_xgb,0,bindingdb_raw,chembl_raw,Q99720,Sigma non-opioid intracellular receptor 1,566,0.5265,0.9897,0.8008,182,1.4399,0.5306,0.517,0.0566,0.5265,0.553,0.5,0.9497,0.2778,3,0.5517,1.0479,0.2888,16,0.6316,1.1996,0.3474,36,0.58,29,0.57,57,
cross_database_transfer,bindingdb_to_chembl_matched_targets,ecfp_absdiff_xgb,0,bindingdb_raw,chembl_raw,P42336,"Phosphatidylinositol 4,5-bisphosphate 3-kinase catalytic subunit alpha isoform",405,0.2716,0.4686,0.7647,206,1.2099,0.4516,0.662,0.2133,0.2716,0.5931,1.0,3.6818,1.0,5,0.6667,2.4545,0.5697,14,0.4878,1.796,0.3676,20,0.54,27,0.49,49,
cross_database_transfer,bindingdb_to_chembl_matched_targets,ecfp_absdiff_xgb,0,bindingdb_raw,chembl_raw,P08908,5-hydroxytryptamine receptor 1A,541,0.4362,0.7408,0.7941,129,1.5046,0.4282,0.484,-0.1059,0.4362,0.2613,0.3333,0.7641,0.1667,2,0.2143,0.4912,0.0735,6,0.2364,0.5418,0.0665,13,0.2,10,0.32,32,
cross_database_transfer,bindingdb_to_chembl_matched_targets,ecfp_absdiff_xgb,0,bindingdb_raw,chembl_raw,P41145,Kappa-type opioid receptor,853,0.5252,1.0234,0.7852,217,1.449,0.6066,0.5773,0.1433,0.5252,0.7239,0.6667,1.2693,0.5479,6,0.7674,1.4612,0.6104,33,0.6744,1.2841,0.5229,58,0.8,40,0.64,64,
cross_database_transfer,bindingdb_to_chembl_matched_targets,ecfp_absdiff_xgb,0,bindingdb_raw,chembl_raw,P10275,Androgen receptor,462,0.3182,0.5444,0.7923,114,1.2489,0.3063,0.4644,-0.0608,0.3182,0.2454,0.2,0.6286,0.2,1,0.25,0.7857,0.0959,6,0.234,0.7356,0.0744,11,0.26,13,0.28,28,
cross_database_transfer,bindingdb_to_chembl_matched_targets,ecfp_absdiff_xgb,0,bindingdb_raw,chembl_raw,P35462,D(3) dopamine receptor,462,0.4286,0.7298,0.7745,154,1.0758,0.4318,0.5147,-0.0045,0.4286,0.3661,0.6,1.4,0.32,3,0.3333,0.7778,0.1669,8,0.2766,0.6454,0.1239,13,0.28,14,0.41,41,
cross_database_transfer,bindingdb_to_chembl_matched_targets,ecfp_absdiff_xgb,0,bindingdb_raw,chembl_raw,P23458,Tyrosine-protein kinase JAK1,1128,0.1667,0.3723,0.7479,568,1.0133,0.3359,0.764,0.2191,0.1667,0.3815,0.1667,1.0,0.0655,2,0.386,2.3158,0.138,22,0.4071,2.4425,0.1516,46,0.42,21,0.38,38,
cross_database_transfer,bindingdb_to_chembl_matched_targets,ecfp_absdiff_xgb,0,bindingdb_raw,chembl_raw,P35372,Mu-type opioid receptor,682,0.3724,0.7457,0.7991,218,1.2331,0.4789,0.6073,0.1745,0.3724,0.638,0.7143,1.9179,0.4901,5,0.7143,1.9179,0.5133,25,0.6522,1.7511,0.4604,45,0.7,35,0.57,57,
cross_database_transfer,bindingdb_to_chembl_matched_targets,ecfp_absdiff_xgb,0,bindingdb_raw,chembl_raw,Q01959,Sodium-dependent dopamine transporter,400,0.2675,0.5029,0.7795,78,1.2375,0.2958,0.537,0.0978,0.2675,0.3375,0.25,0.9346,0.0833,1,0.25,0.9346,0.1152,5,0.4,1.4953,0.1445,16,0.38,19,0.32,32,
cross_database_transfer,bindingdb_to_chembl_matched_targets,ecfp_absdiff_xgb,0,bindingdb_raw,chembl_raw,P00742,Coagulation factor X,723,0.4869,0.9307,0.7869,204,1.1245,0.5955,0.6045,0.0877,0.4869,0.7582,0.875,1.7972,0.7644,7,0.8378,1.7209,0.7276,31,0.7534,1.5475,0.6287,55,0.8,40,0.7,70,
cross_database_transfer,bindingdb_to_chembl_matched_targets,ecfp_absdiff_xgb,0,bindingdb_raw,chembl_raw,O43614,Orexin receptor type 2,388,0.5747,1.0255,0.7649,165,1.2294,0.6097,0.5323,0.1625,0.5747,0.7244,0.75,1.3049,0.75,3,0.75,1.3049,0.5602,15,0.7692,1.3384,0.5777,30,0.76,38,0.66,66,
cross_database_transfer,bindingdb_to_chembl_matched_targets,ecfp_absdiff_xgb,0,bindingdb_raw,chembl_raw,O60674,Tyrosine-protein kinase JAK2,153,0.1699,0.3494,0.7688,74,1.0131,0.2616,0.5651,0.085,0.1699,0.3534,0.5,2.9423,0.5,1,0.375,2.2067,0.2625,3,0.25,1.4712,0.1521,4,0.22,11,0.18,18,
cross_database_transfer,bindingdb_to_chembl_matched_targets,ecfp_absdiff_xgb,0,bindingdb_raw,chembl_raw,P21917,D(4) dopamine receptor,329,0.4195,0.7517,0.7839,130,1.0547,0.417,0.451,-0.0615,0.4195,0.4764,0.75,1.788,0.4792,3,0.5294,1.2621,0.3856,9,0.3636,0.8669,0.2381,12,0.36,18,0.38,38,
cross_database_transfer,bindingdb_to_chembl_matched_targets,ecfp_absdiff_xgb,0,bindingdb_raw,chembl_raw,Q9Y5N1,Histamine H3 receptor,742,0.3261,0.5884,0.7886,300,1.1078,0.3743,0.4935,0.0174,0.3261,0.5373,0.625,1.9163,0.4177,5,0.6053,1.8558,0.4583,23,0.4533,1.39,0.3111,34,0.58,29,0.42,42,
cross_database_transfer,bindingdb_to_chembl_matched_targets,ecfp_absdiff_xgb,0,bindingdb_raw,chembl_raw,P00519,Tyrosine-protein kinase ABL1,174,0.1897,0.3512,0.7743,78,1.1437,0.2387,0.443,0.0046,0.1897,0.3731,0.0,0.0,0.0,0,0.4444,2.3434,0.2333,4,0.3333,1.7576,0.1676,6,0.2,10,0.2,20,
cross_database_transfer,bindingdb_to_chembl_matched_targets,ecfp_absdiff_xgb,0,bindingdb_raw,chembl_raw,Q9HAZ1,Dual specificity protein kinase CLK4,91,0.2527,0.5,0.7623,52,1.0,0.2648,0.4824,-0.1138,0.2527,0.1849,0.0,0.0,0.0,0,0.2,0.7913,0.04,1,0.3,1.187,0.0867,3,0.26,13,0.2527,23,
cross_database_transfer,bindingdb_to_chembl_matched_targets,ecfp_absdiff_xgb,0,bindingdb_raw,chembl_raw,P11309,Serine/threonine-protein kinase pim-1,120,0.1667,0.2984,0.7712,62,1.075,0.2349,0.6392,0.2176,0.1667,0.1401,0.0,0.0,0.0,0,0.0,0.0,0.0,0,0.25,1.5,0.0443,3,0.24,12,0.19,19,
cross_database_transfer,bindingdb_to_chembl_matched_targets,ecfp_absdiff_xgb,0,bindingdb_raw,chembl_raw,P49841,Glycogen synthase kinase-3 beta,142,0.3944,0.693,0.7689,57,1.0282,0.424,0.4696,-0.0632,0.3944,0.4675,1.0,2.5357,1.0,2,0.625,1.5848,0.4933,5,0.4,1.0143,0.2917,6,0.34,17,0.38,38,
cross_database_transfer,bindingdb_to_chembl_matched_targets,rich_diff_scalars,0,bindingdb_raw,chembl_raw,P35367,Histamine H1 receptor,594,0.2138,0.5546,0.7773,168,1.1364,0.3546,0.7172,0.248,0.2138,0.3511,0.0,0.0,0.0,0,0.3333,1.5591,0.0905,10,0.3833,1.7929,0.1233,23,0.34,17,0.44,44,
cross_database_transfer,bindingdb_to_chembl_matched_targets,rich_diff_scalars,0,bindingdb_raw,chembl_raw,P41143,Delta-type opioid receptor,816,0.5417,1.1043,0.808,188,1.7022,0.6006,0.5876,0.1335,0.5417,0.5716,0.7778,1.4359,0.7639,7,0.5122,0.9456,0.3322,21,0.6098,1.1257,0.3668,50,0.54,27,0.62,62,
cross_database_transfer,bindingdb_to_chembl_matched_targets,rich_diff_scalars,0,bindingdb_raw,chembl_raw,P31645,Sodium-dependent serotonin transporter,555,0.4306,0.8056,0.7754,122,1.3315,0.575,0.6655,0.2396,0.4306,0.6225,0.6667,1.5481,0.6667,4,0.6786,1.5758,0.4984,19,0.5893,1.3684,0.3956,33,0.56,28,0.64,64,
cross_database_transfer,bindingdb_to_chembl_matched_targets,rich_diff_scalars,0,bindingdb_raw,chembl_raw,P04150,Glucocorticoid receptor,945,0.3312,0.6039,0.7675,196,1.182,0.4817,0.6118,0.1282,0.3312,0.6506,0.8,2.4153,0.6459,8,0.7292,2.2015,0.5807,35,0.6211,1.8751,0.4582,59,0.7,35,0.62,62,
cross_database_transfer,bindingdb_to_chembl_matched_targets,rich_diff_scalars,0,bindingdb_raw,chembl_raw,P00734,Prothrombin,614,0.4935,0.9584,0.7957,257,1.1792,0.5294,0.5446,0.0696,0.4935,0.5267,0.2857,0.579,0.2857,2,0.5161,1.0459,0.3004,16,0.5161,1.0459,0.2824,32,0.52,26,0.55,55,
cross_database_transfer,bindingdb_to_chembl_matched_targets,rich_diff_scalars,0,bindingdb_raw,chembl_raw,Q99720,Sigma non-opioid intracellular receptor 1,566,0.5265,0.9897,0.8008,182,1.4399,0.7037,0.6996,0.3476,0.5265,0.7799,0.6667,1.2662,0.4611,4,0.8621,1.6374,0.7,25,0.7719,1.4661,0.614,44,0.76,38,0.74,74,
cross_database_transfer,bindingdb_to_chembl_matched_targets,rich_diff_scalars,0,bindingdb_raw,chembl_raw,P42336,"Phosphatidylinositol 4,5-bisphosphate 3-kinase catalytic subunit alpha isoform",405,0.2716,0.4686,0.7647,206,1.2099,0.3577,0.5861,0.0906,0.2716,0.4028,0.4,1.4727,0.13,2,0.381,1.4026,0.1275,8,0.439,1.6164,0.1708,18,0.48,24,0.41,41,
cross_database_transfer,bindingdb_to_chembl_matched_targets,rich_diff_scalars,0,bindingdb_raw,chembl_raw,P08908,5-hydroxytryptamine receptor 1A,541,0.4362,0.7408,0.7941,129,1.5046,0.5385,0.6386,0.2165,0.4362,0.5826,0.5,1.1462,0.3194,3,0.6429,1.4737,0.3918,18,0.6182,1.4171,0.3766,34,0.62,31,0.56,56,
cross_database_transfer,bindingdb_to_chembl_matched_targets,rich_diff_scalars,0,bindingdb_raw,chembl_raw,P41145,Kappa-type opioid receptor,853,0.5252,1.0234,0.7852,217,1.449,0.7234,0.7036,0.204,0.5252,0.8382,0.6667,1.2693,0.3348,6,0.8372,1.5941,0.657,36,0.8721,1.6605,0.7195,75,0.84,42,0.87,87,
cross_database_transfer,bindingdb_to_chembl_matched_targets,rich_diff_scalars,0,bindingdb_raw,chembl_raw,P10275,Androgen receptor,462,0.3182,0.5444,0.7923,114,1.2489,0.3722,0.5955,0.1164,0.3182,0.2712,0.0,0.0,0.0,0,0.2917,0.9167,0.0582,7,0.2979,0.9362,0.071,14,0.3,15,0.43,43,
cross_database_transfer,bindingdb_to_chembl_matched_targets,rich_diff_scalars,0,bindingdb_raw,chembl_raw,P35462,D(3) dopamine receptor,462,0.4286,0.7298,0.7745,154,1.0758,0.5605,0.6227,0.1475,0.4286,0.6513,0.8,1.8667,0.8,4,0.6667,1.5556,0.5035,16,0.6383,1.4894,0.4434,30,0.66,33,0.63,63,
cross_database_transfer,bindingdb_to_chembl_matched_targets,rich_diff_scalars,0,bindingdb_raw,chembl_raw,P23458,Tyrosine-protein kinase JAK1,1128,0.1667,0.3723,0.7479,568,1.0133,0.4723,0.837,0.3394,0.1667,0.5388,0.4167,2.5,0.3022,5,0.5088,3.0526,0.285,29,0.5398,3.2389,0.295,61,0.54,27,0.53,53,
cross_database_transfer,bindingdb_to_chembl_matched_targets,rich_diff_scalars,0,bindingdb_raw,chembl_raw,P35372,Mu-type opioid receptor,682,0.3724,0.7457,0.7991,218,1.2331,0.5931,0.7185,0.2672,0.3724,0.7079,0.8571,2.3015,0.6296,6,0.7143,1.9179,0.5357,25,0.7246,1.9457,0.5277,50,0.68,34,0.71,71,
cross_database_transfer,bindingdb_to_chembl_matched_targets,rich_diff_scalars,0,bindingdb_raw,chembl_raw,Q01959,Sodium-dependent dopamine transporter,400,0.2675,0.5029,0.7795,78,1.2375,0.4449,0.7035,0.2541,0.2675,0.5348,0.5,1.8692,0.25,2,0.55,2.0561,0.3453,11,0.525,1.9626,0.3034,21,0.52,26,0.44,44,
cross_database_transfer,bindingdb_to_chembl_matched_targets,rich_diff_scalars,0,bindingdb_raw,chembl_raw,P00742,Coagulation factor X,723,0.4869,0.9307,0.7869,204,1.1245,0.626,0.6559,0.2269,0.4869,0.6921,0.75,1.5405,0.7321,6,0.7297,1.4988,0.5721,27,0.6438,1.3224,0.4781,47,0.7,35,0.67,67,
cross_database_transfer,bindingdb_to_chembl_matched_targets,rich_diff_scalars,0,bindingdb_raw,chembl_raw,O43614,Orexin receptor type 2,388,0.5747,1.0255,0.7649,165,1.2294,0.6224,0.5493,0.0479,0.5747,0.6131,0.75,1.3049,0.6875,3,0.5,0.87,0.3569,10,0.641,1.1153,0.4141,25,0.62,31,0.66,66,
cross_database_transfer,bindingdb_to_chembl_matched_targets,rich_diff_scalars,0,bindingdb_raw,chembl_raw,O60674,Tyrosine-protein kinase JAK2,153,0.1699,0.3494,0.7688,74,1.0131,0.3308,0.6348,0.1538,0.1699,0.4671,0.5,2.9423,0.25,1,0.5,2.9423,0.25,4,0.5,2.9423,0.2727,8,0.24,12,0.2,20,
cross_database_transfer,bindingdb_to_chembl_matched_targets,rich_diff_scalars,0,bindingdb_raw,chembl_raw,P21917,D(4) dopamine receptor,329,0.4195,0.7517,0.7839,130,1.0547,0.4244,0.4936,-0.0237,0.4195,0.4326,0.25,0.596,0.0833,1,0.4706,1.1219,0.2028,8,0.4242,1.0114,0.1902,14,0.46,23,0.41,41,
cross_database_transfer,bindingdb_to_chembl_matched_targets,rich_diff_scalars,0,bindingdb_raw,chembl_raw,Q9Y5N1,Histamine H3 receptor,742,0.3261,0.5884,0.7886,300,1.1078,0.4642,0.6477,0.2009,0.3261,0.5576,0.25,0.7665,0.175,2,0.6579,2.0172,0.3559,25,0.5733,1.7579,0.3294,43,0.66,33,0.56,56,
cross_database_transfer,bindingdb_to_chembl_matched_targets,rich_diff_scalars,0,bindingdb_raw,chembl_raw,P00519,Tyrosine-protein kinase ABL1,174,0.1897,0.3512,0.7743,78,1.1437,0.2612,0.4391,-0.0823,0.1897,0.401,0.5,2.6364,0.5,1,0.5556,2.9293,0.422,5,0.2778,1.4646,0.211,5,0.16,8,0.16,16,
cross_database_transfer,bindingdb_to_chembl_matched_targets,rich_diff_scalars,0,bindingdb_raw,chembl_raw,Q9HAZ1,Dual specificity protein kinase CLK4,91,0.2527,0.5,0.7623,52,1.0,0.2594,0.5396,0.0565,0.2527,0.0651,0.0,0.0,0.0,0,0.0,0.0,0.0,0,0.1,0.3957,0.0125,1,0.28,14,0.2527,23,
cross_database_transfer,bindingdb_to_chembl_matched_targets,rich_diff_scalars,0,bindingdb_raw,chembl_raw,P11309,Serine/threonine-protein kinase pim-1,120,0.1667,0.2984,0.7712,62,1.075,0.2065,0.548,0.1298,0.1667,0.195,0.0,0.0,0.0,0,0.1667,1.0,0.0556,1,0.1667,1.0,0.0486,2,0.18,9,0.16,16,
cross_database_transfer,bindingdb_to_chembl_matched_targets,rich_diff_scalars,0,bindingdb_raw,chembl_raw,P49841,Glycogen synthase kinase-3 beta,142,0.3944,0.693,0.7689,57,1.0282,0.4316,0.4794,0.0307,0.3944,0.5298,1.0,2.5357,1.0,2,0.625,1.5848,0.5531,5,0.4,1.0143,0.3236,6,0.38,19,0.4,40,
cross_database_transfer,bindingdb_to_chembl_matched_targets,rich_scalars_only,0,bindingdb_raw,chembl_raw,P35367,Histamine H1 receptor,594,0.2138,0.5546,0.7773,168,1.1364,0.3846,0.7308,0.2773,0.2138,0.4257,0.1667,0.7795,0.0278,1,0.3667,1.715,0.109,11,0.5167,2.4165,0.2194,31,0.54,27,0.42,42,
cross_database_transfer,bindingdb_to_chembl_matched_targets,rich_scalars_only,0,bindingdb_raw,chembl_raw,P41143,Delta-type opioid receptor,816,0.5417,1.1043,0.808,188,1.7022,0.5857,0.5792,0.1298,0.5417,0.5268,0.3333,0.6154,0.1898,3,0.4878,0.9006,0.2032,20,0.622,1.1482,0.32,51,0.54,27,0.62,62,
cross_database_transfer,bindingdb_to_chembl_matched_targets,rich_scalars_only,0,bindingdb_raw,chembl_raw,P31645,Sodium-dependent serotonin transporter,555,0.4306,0.8056,0.7754,122,1.3315,0.5561,0.6651,0.3085,0.4306,0.5711,0.6667,1.5481,0.4611,4,0.5714,1.327,0.3742,16,0.5714,1.327,0.3467,32,0.54,27,0.55,55,
cross_database_transfer,bindingdb_to_chembl_matched_targets,rich_scalars_only,0,bindingdb_raw,chembl_raw,P04150,Glucocorticoid receptor,945,0.3312,0.6039,0.7675,196,1.182,0.5087,0.6391,0.1266,0.3312,0.6779,0.8,2.4153,0.7328,8,0.7708,2.3273,0.6414,37,0.6211,1.8751,0.4835,59,0.76,38,0.61,61,
cross_database_transfer,bindingdb_to_chembl_matched_targets,rich_scalars_only,0,bindingdb_raw,chembl_raw,P00734,Prothrombin,614,0.4935,0.9584,0.7957,257,1.1792,0.529,0.5349,0.0886,0.4935,0.5393,0.4286,0.8685,0.3469,3,0.5161,1.0459,0.3025,16,0.5645,1.1439,0.3139,35,0.52,26,0.55,55,
cross_database_transfer,bindingdb_to_chembl_matched_targets,rich_scalars_only,0,bindingdb_raw,chembl_raw,Q99720,Sigma non-opioid intracellular receptor 1,566,0.5265,0.9897,0.8008,182,1.4399,0.7115,0.6982,0.3463,0.5265,0.8183,0.8333,1.5828,0.8056,5,0.931,1.7683,0.8379,27,0.7719,1.4661,0.6847,44,0.82,41,0.72,72,
cross_database_transfer,bindingdb_to_chembl_matched_targets,rich_scalars_only,0,bindingdb_raw,chembl_raw,P42336,"Phosphatidylinositol 4,5-bisphosphate 3-kinase catalytic subunit alpha isoform",405,0.2716,0.4686,0.7647,206,1.2099,0.3304,0.5488,0.05,0.2716,0.3742,0.4,1.4727,0.28,2,0.3333,1.2273,0.1503,7,0.439,1.6164,0.1844,18,0.44,22,0.33,33,
cross_database_transfer,bindingdb_to_chembl_matched_targets,rich_scalars_only,0,bindingdb_raw,chembl_raw,P08908,5-hydroxytryptamine receptor 1A,541,0.4362,0.7408,0.7941,129,1.5046,0.5437,0.6383,0.1735,0.4362,0.5922,0.8333,1.9103,0.5917,5,0.5714,1.3099,0.4153,16,0.5273,1.2087,0.3466,29,0.58,29,0.58,58,
cross_database_transfer,bindingdb_to_chembl_matched_targets,rich_scalars_only,0,bindingdb_raw,chembl_raw,P41145,Kappa-type opioid receptor,853,0.5252,1.0234,0.7852,217,1.449,0.7068,0.6938,0.2023,0.5252,0.804,0.6667,1.2693,0.3868,6,0.7907,1.5055,0.61,34,0.8372,1.5941,0.6678,72,0.8,40,0.81,81,
cross_database_transfer,bindingdb_to_chembl_matched_targets,rich_scalars_only,0,bindingdb_raw,chembl_raw,P10275,Androgen receptor,462,0.3182,0.5444,0.7923,114,1.2489,0.3726,0.5902,0.1115,0.3182,0.335,0.0,0.0,0.0,0,0.375,1.1786,0.1426,9,0.2979,0.9362,0.1058,14,0.3,15,0.4,40,
cross_database_transfer,bindingdb_to_chembl_matched_targets,rich_scalars_only,0,bindingdb_raw,chembl_raw,P35462,D(3) dopamine receptor,462,0.4286,0.7298,0.7745,154,1.0758,0.5812,0.6274,0.1112,0.4286,0.7242,0.8,1.8667,0.76,4,0.7083,1.6528,0.602,17,0.7021,1.6383,0.5471,33,0.72,36,0.62,62,
cross_database_transfer,bindingdb_to_chembl_matched_targets,rich_scalars_only,0,bindingdb_raw,chembl_raw,P23458,Tyrosine-protein kinase JAK1,1128,0.1667,0.3723,0.7479,568,1.0133,0.4397,0.8034,0.329,0.1667,0.5079,0.3333,2.0,0.2312,4,0.4912,2.9474,0.2355,28,0.5221,3.1327,0.2616,59,0.5,25,0.51,51,
cross_database_transfer,bindingdb_to_chembl_matched_targets,rich_scalars_only,0,bindingdb_raw,chembl_raw,P35372,Mu-type opioid receptor,682,0.3724,0.7457,0.7991,218,1.2331,0.5924,0.7269,0.2791,0.3724,0.6857,0.5714,1.5343,0.369,4,0.7143,1.9179,0.4995,25,0.6812,1.8289,0.4734,47,0.68,34,0.69,69,
cross_database_transfer,bindingdb_to_chembl_matched_targets,rich_scalars_only,0,bindingdb_raw,chembl_raw,Q01959,Sodium-dependent dopamine transporter,400,0.2675,0.5029,0.7795,78,1.2375,0.44,0.7066,0.2512,0.2675,0.5081,0.5,1.8692,0.2083,2,0.6,2.243,0.319,12,0.475,1.7757,0.2507,19,0.5,25,0.48,48,
cross_database_transfer,bindingdb_to_chembl_matched_targets,rich_scalars_only,0,bindingdb_raw,chembl_raw,P00742,Coagulation factor X,723,0.4869,0.9307,0.7869,204,1.1245,0.6135,0.6281,0.1759,0.4869,0.7118,0.875,1.7972,0.8415,7,0.7297,1.4988,0.6055,27,0.6986,1.435,0.5414,51,0.72,36,0.68,68,
cross_database_transfer,bindingdb_to_chembl_matched_targets,rich_scalars_only,0,bindingdb_raw,chembl_raw,O43614,Orexin receptor type 2,388,0.5747,1.0255,0.7649,165,1.2294,0.6086,0.5354,-0.027,0.5747,0.5771,0.75,1.3049,0.4792,3,0.5,0.87,0.3117,10,0.5385,0.9369,0.3106,21,0.58,29,0.7,70,
cross_database_transfer,bindingdb_to_chembl_matched_targets,rich_scalars_only,0,bindingdb_raw,chembl_raw,O60674,Tyrosine-protein kinase JAK2,153,0.1699,0.3494,0.7688,74,1.0131,0.3451,0.6625,0.0783,0.1699,0.4356,0.5,2.9423,0.5,1,0.375,2.2067,0.2375,3,0.5,2.9423,0.2659,8,0.28,14,0.2,20,
cross_database_transfer,bindingdb_to_chembl_matched_targets,rich_scalars_only,0,bindingdb_raw,chembl_raw,P21917,D(4) dopamine receptor,329,0.4195,0.7517,0.7839,130,1.0547,0.4138,0.4838,-0.024,0.4195,0.4102,0.25,0.596,0.0625,1,0.4706,1.1219,0.187,8,0.4242,1.0114,0.1842,14,0.4,20,0.4,40,
cross_database_transfer,bindingdb_to_chembl_matched_targets,rich_scalars_only,0,bindingdb_raw,chembl_raw,Q9Y5N1,Histamine H3 receptor,742,0.3261,0.5884,0.7886,300,1.1078,0.4632,0.6289,0.2092,0.3261,0.5807,0.5,1.5331,0.2375,4,0.6579,2.0172,0.3787,25,0.56,1.717,0.336,42,0.64,32,0.59,59,
cross_database_transfer,bindingdb_to_chembl_matched_targets,rich_scalars_only,0,bindingdb_raw,chembl_raw,P00519,Tyrosine-protein kinase ABL1,174,0.1897,0.3512,0.7743,78,1.1437,0.229,0.4246,-0.04,0.1897,0.311,0.5,2.6364,0.5,1,0.3333,1.7576,0.2269,3,0.2778,1.4646,0.1518,5,0.18,9,0.16,16,
cross_database_transfer,bindingdb_to_chembl_matched_targets,rich_scalars_only,0,bindingdb_raw,chembl_raw,Q9HAZ1,Dual specificity protein kinase CLK4,91,0.2527,0.5,0.7623,52,1.0,0.2555,0.5285,0.0576,0.2527,0.0584,0.0,0.0,0.0,0,0.0,0.0,0.0,0,0.1,0.3957,0.0111,1,0.26,13,0.2527,23,
cross_database_transfer,bindingdb_to_chembl_matched_targets,rich_scalars_only,0,bindingdb_raw,chembl_raw,P11309,Serine/threonine-protein kinase pim-1,120,0.1667,0.2984,0.7712,62,1.075,0.1916,0.5465,0.0693,0.1667,0.1384,0.0,0.0,0.0,0,0.1667,1.0,0.0417,1,0.0833,0.5,0.0208,1,0.2,10,0.18,18,
cross_database_transfer,bindingdb_to_chembl_matched_targets,rich_scalars_only,0,bindingdb_raw,chembl_raw,P49841,Glycogen synthase kinase-3 beta,142,0.3944,0.693,0.7689,57,1.0282,0.4128,0.4566,-0.086,0.3944,0.4949,1.0,2.5357,1.0,2,0.5,1.2679,0.4152,4,0.4667,1.1833,0.3203,7,0.4,20,0.38,38,
cross_database_transfer,bindingdb_to_chembl_matched_targets,extratrees_scalars,0,bindingdb_raw,chembl_raw,P35367,Histamine H1 receptor,594,0.2138,0.5546,0.7773,168,1.1364,0.6035,0.8041,0.3978,0.2138,0.7712,1.0,4.6772,1.0,6,0.9333,4.3654,0.9322,28,0.7167,3.352,0.6668,43,0.76,38,0.51,51,
cross_database_transfer,bindingdb_to_chembl_matched_targets,extratrees_scalars,0,bindingdb_raw,chembl_raw,P41143,Delta-type opioid receptor,816,0.5417,1.1043,0.808,188,1.7022,0.6913,0.6546,0.2105,0.5417,0.8344,1.0,1.8462,1.0,9,0.878,1.621,0.8365,36,0.8049,1.4859,0.7273,66,0.9,45,0.79,79,
cross_database_transfer,bindingdb_to_chembl_matched_targets,extratrees_scalars,0,bindingdb_raw,chembl_raw,P31645,Sodium-dependent serotonin transporter,555,0.4306,0.8056,0.7754,122,1.3315,0.5591,0.6278,0.2242,0.4306,0.6261,0.5,1.1611,0.5,3,0.7143,1.6587,0.5272,20,0.5893,1.3684,0.4014,33,0.54,27,0.59,59,
cross_database_transfer,bindingdb_to_chembl_matched_targets,extratrees_scalars,0,bindingdb_raw,chembl_raw,P04150,Glucocorticoid receptor,945,0.3312,0.6039,0.7675,196,1.182,0.66,0.7726,0.4286,0.3312,0.8137,1.0,3.0192,1.0,10,0.8542,2.5789,0.7737,41,0.8105,2.4471,0.7103,77,0.86,43,0.81,81,
cross_database_transfer,bindingdb_to_chembl_matched_targets,extratrees_scalars,0,bindingdb_raw,chembl_raw,P00734,Prothrombin,614,0.4935,0.9584,0.7957,257,1.1792,0.5807,0.5985,0.1523,0.4935,0.6305,0.5714,1.1579,0.419,4,0.6774,1.3727,0.4376,21,0.629,1.2747,0.4087,39,0.66,33,0.61,61,
cross_database_transfer,bindingdb_to_chembl_matched_targets,extratrees_scalars,0,bindingdb_raw,chembl_raw,Q99720,Sigma non-opioid intracellular receptor 1,566,0.5265,0.9897,0.8008,182,1.4399,0.7382,0.71,0.2922,0.5265,0.8693,0.8333,1.5828,0.7306,5,0.8966,1.7028,0.8183,26,0.8421,1.5994,0.7563,48,0.88,44,0.82,82,
cross_database_transfer,bindingdb_to_chembl_matched_targets,extratrees_scalars,0,bindingdb_raw,chembl_raw,P42336,"Phosphatidylinositol 4,5-bisphosphate 3-kinase catalytic subunit alpha isoform",405,0.2716,0.4686,0.7647,206,1.2099,0.5056,0.6487,0.2256,0.2716,0.7249,1.0,3.6818,1.0,5,0.8571,3.1558,0.8041,18,0.6829,2.5144,0.6081,28,0.56,28,0.46,46,
cross_database_transfer,bindingdb_to_chembl_matched_targets,extratrees_scalars,0,bindingdb_raw,chembl_raw,P08908,5-hydroxytryptamine receptor 1A,541,0.4362,0.7408,0.7941,129,1.5046,0.6152,0.6607,0.254,0.4362,0.7436,0.8333,1.9103,0.5917,5,0.75,1.7193,0.6111,21,0.7091,1.6255,0.5558,39,0.72,36,0.68,68,
cross_database_transfer,bindingdb_to_chembl_matched_targets,extratrees_scalars,0,bindingdb_raw,chembl_raw,P41145,Kappa-type opioid receptor,853,0.5252,1.0234,0.7852,217,1.449,0.7348,0.7158,0.3036,0.5252,0.8468,0.6667,1.2693,0.5065,6,0.8605,1.6383,0.7061,37,0.8837,1.6826,0.7522,76,0.86,43,0.86,86,
cross_database_transfer,bindingdb_to_chembl_matched_targets,extratrees_scalars,0,bindingdb_raw,chembl_raw,P10275,Androgen receptor,462,0.3182,0.5444,0.7923,114,1.2489,0.6316,0.7984,0.4341,0.3182,0.7308,1.0,3.1429,1.0,5,0.75,2.3571,0.6512,18,0.7021,2.2067,0.5677,33,0.72,36,0.67,67,
cross_database_transfer,bindingdb_to_chembl_matched_targets,extratrees_scalars,0,bindingdb_raw,chembl_raw,P35462,D(3) dopamine receptor,462,0.4286,0.7298,0.7745,154,1.0758,0.5297,0.61,0.1082,0.4286,0.5747,0.8,1.8667,0.8,4,0.5,1.1667,0.3735,12,0.5745,1.3404,0.3654,27,0.6,30,0.56,56,
cross_database_transfer,bindingdb_to_chembl_matched_targets,extratrees_scalars,0,bindingdb_raw,chembl_raw,P23458,Tyrosine-protein kinase JAK1,1128,0.1667,0.3723,0.7479,568,1.0133,0.5819,0.8468,0.4047,0.1667,0.6955,0.8333,5.0,0.7139,10,0.7193,4.3158,0.5861,41,0.646,3.8761,0.4926,73,0.76,38,0.66,66,
cross_database_transfer,bindingdb_to_chembl_matched_targets,extratrees_scalars,0,bindingdb_raw,chembl_raw,P35372,Mu-type opioid receptor,682,0.3724,0.7457,0.7991,218,1.2331,0.6026,0.6882,0.3276,0.3724,0.7572,0.8571,2.3015,0.7486,6,0.8,2.148,0.6271,28,0.7536,2.0235,0.6052,52,0.84,42,0.74,74,
cross_database_transfer,bindingdb_to_chembl_matched_targets,extratrees_scalars,0,bindingdb_raw,chembl_raw,Q01959,Sodium-dependent dopamine transporter,400,0.2675,0.5029,0.7795,78,1.2375,0.5608,0.7461,0.3666,0.2675,0.7102,0.75,2.8037,0.6042,3,0.8,2.9907,0.654,16,0.7,2.6168,0.5364,28,0.7,35,0.55,55,
cross_database_transfer,bindingdb_to_chembl_matched_targets,extratrees_scalars,0,bindingdb_raw,chembl_raw,P00742,Coagulation factor X,723,0.4869,0.9307,0.7869,204,1.1245,0.6302,0.6446,0.1741,0.4869,0.7637,1.0,2.054,1.0,8,0.8919,1.8319,0.8265,33,0.7123,1.4631,0.6196,52,0.8,40,0.66,66,
cross_database_transfer,bindingdb_to_chembl_matched_targets,extratrees_scalars,0,bindingdb_raw,chembl_raw,O43614,Orexin receptor type 2,388,0.5747,1.0255,0.7649,165,1.2294,0.7354,0.689,0.2994,0.5747,0.826,0.5,0.87,0.4167,2,0.9,1.5659,0.7319,18,0.8205,1.4276,0.6982,32,0.8,40,0.75,75,
cross_database_transfer,bindingdb_to_chembl_matched_targets,extratrees_scalars,0,bindingdb_raw,chembl_raw,O60674,Tyrosine-protein kinase JAK2,153,0.1699,0.3494,0.7688,74,1.0131,0.3475,0.6493,0.2042,0.1699,0.4829,0.5,2.9423,0.25,1,0.625,3.6779,0.3935,5,0.375,2.2067,0.2308,6,0.28,14,0.19,19,
cross_database_transfer,bindingdb_to_chembl_matched_targets,extratrees_scalars,0,bindingdb_raw,chembl_raw,P21917,D(4) dopamine receptor,329,0.4195,0.7517,0.7839,130,1.0547,0.4925,0.5486,0.1063,0.4195,0.5699,0.75,1.788,0.75,3,0.6471,1.5426,0.4886,11,0.5152,1.2282,0.3532,17,0.5,25,0.51,51,
cross_database_transfer,bindingdb_to_chembl_matched_targets,extratrees_scalars,0,bindingdb_raw,chembl_raw,Q9Y5N1,Histamine H3 receptor,742,0.3261,0.5884,0.7886,300,1.1078,0.4979,0.6617,0.1994,0.3261,0.6344,0.75,2.2996,0.6551,6,0.6842,2.0979,0.48,26,0.6933,2.1258,0.4844,52,0.7,35,0.61,61,
cross_database_transfer,bindingdb_to_chembl_matched_targets,extratrees_scalars,0,bindingdb_raw,chembl_raw,P00519,Tyrosine-protein kinase ABL1,174,0.1897,0.3512,0.7743,78,1.1437,0.6684,0.7552,0.3495,0.1897,0.8726,1.0,5.2727,1.0,2,1.0,5.2727,1.0,9,0.8333,4.3939,0.8204,15,0.44,22,0.24,24,
cross_database_transfer,bindingdb_to_chembl_matched_targets,extratrees_scalars,0,bindingdb_raw,chembl_raw,Q9HAZ1,Dual specificity protein kinase CLK4,91,0.2527,0.5,0.7623,52,1.0,0.3072,0.5499,0.0906,0.2527,0.2852,0.0,0.0,0.0,0,0.4,1.5826,0.1667,2,0.3,1.187,0.1133,3,0.3,15,0.2527,23,
cross_database_transfer,bindingdb_to_chembl_matched_targets,extratrees_scalars,0,bindingdb_raw,chembl_raw,P11309,Serine/threonine-protein kinase pim-1,120,0.1667,0.2984,0.7712,62,1.075,0.2429,0.629,0.1022,0.1667,0.2492,0.0,0.0,0.0,0,0.1667,1.0,0.0556,1,0.25,1.5,0.0794,3,0.2,10,0.2,20,
cross_database_transfer,bindingdb_to_chembl_matched_targets,extratrees_scalars,0,bindingdb_raw,chembl_raw,P49841,Glycogen synthase kinase-3 beta,142,0.3944,0.693,0.7689,57,1.0282,0.5582,0.6088,0.1776,0.3944,0.7251,1.0,2.5357,1.0,2,0.75,1.9018,0.6414,6,0.7333,1.8595,0.602,11,0.56,28,0.4,40,
cross_database_transfer,bindingdb_to_chembl_matched_targets,ecfp_absdiff_xgb,1,bindingdb_raw,chembl_raw,P35367,Histamine H1 receptor,594,0.2138,0.5546,0.7773,168,1.1364,0.2543,0.5261,0.0219,0.2138,0.3,0.6667,3.1181,0.5444,4,0.2333,1.0913,0.1732,7,0.25,1.1693,0.1203,15,0.24,12,0.29,29,
cross_database_transfer,bindingdb_to_chembl_matched_targets,ecfp_absdiff_xgb,1,bindingdb_raw,chembl_raw,P41143,Delta-type opioid receptor,816,0.5417,1.1043,0.808,188,1.7022,0.5862,0.5644,0.1732,0.5417,0.6552,0.5556,1.0256,0.3302,5,0.6341,1.1707,0.3761,26,0.7073,1.3058,0.4568,58,0.7,35,0.69,69,
cross_database_transfer,bindingdb_to_chembl_matched_targets,ecfp_absdiff_xgb,1,bindingdb_raw,chembl_raw,P31645,Sodium-dependent serotonin transporter,555,0.4306,0.8056,0.7754,122,1.3315,0.4739,0.5824,0.1041,0.4306,0.4088,0.3333,0.7741,0.2778,2,0.3929,0.9123,0.1744,11,0.3571,0.8293,0.154,20,0.4,20,0.53,53,
cross_database_transfer,bindingdb_to_chembl_matched_targets,ecfp_absdiff_xgb,1,bindingdb_raw,chembl_raw,P04150,Glucocorticoid receptor,945,0.3312,0.6039,0.7675,196,1.182,0.3466,0.4859,0.0268,0.3312,0.4386,0.3,0.9058,0.1262,3,0.5417,1.6354,0.2642,26,0.4421,1.3348,0.2115,42,0.52,26,0.43,43,
cross_database_transfer,bindingdb_to_chembl_matched_targets,ecfp_absdiff_xgb,1,bindingdb_raw,chembl_raw,P00734,Prothrombin,614,0.4935,0.9584,0.7957,257,1.1792,0.5325,0.5648,0.0575,0.4935,0.535,0.2857,0.579,0.2381,2,0.5161,1.0459,0.2502,16,0.5968,1.2093,0.3194,37,0.58,29,0.59,59,
cross_database_transfer,bindingdb_to_chembl_matched_targets,ecfp_absdiff_xgb,1,bindingdb_raw,chembl_raw,Q99720,Sigma non-opioid intracellular receptor 1,566,0.5265,0.9897,0.8008,182,1.4399,0.5336,0.5028,0.0102,0.5265,0.5324,0.6667,1.2662,0.6333,4,0.5517,1.0479,0.3646,16,0.4561,0.8664,0.28,26,0.52,26,0.51,51,
cross_database_transfer,bindingdb_to_chembl_matched_targets,ecfp_absdiff_xgb,1,bindingdb_raw,chembl_raw,P42336,"Phosphatidylinositol 4,5-bisphosphate 3-kinase catalytic subunit alpha isoform",405,0.2716,0.4686,0.7647,206,1.2099,0.4599,0.6438,0.2159,0.2716,0.6462,1.0,3.6818,1.0,5,0.6667,2.4545,0.6058,14,0.6098,2.245,0.4763,25,0.58,29,0.44,44,
cross_database_transfer,bindingdb_to_chembl_matched_targets,ecfp_absdiff_xgb,1,bindingdb_raw,chembl_raw,P08908,5-hydroxytryptamine receptor 1A,541,0.4362,0.7408,0.7941,129,1.5046,0.4342,0.4984,-0.0733,0.4362,0.2801,0.5,1.1462,0.2944,3,0.25,0.5731,0.1053,7,0.2364,0.5418,0.0777,13,0.24,12,0.37,37,
cross_database_transfer,bindingdb_to_chembl_matched_targets,ecfp_absdiff_xgb,1,bindingdb_raw,chembl_raw,P41145,Kappa-type opioid receptor,853,0.5252,1.0234,0.7852,217,1.449,0.5917,0.5666,0.1382,0.5252,0.7214,0.7778,1.4809,0.6425,7,0.7674,1.4612,0.6076,33,0.6628,1.262,0.517,57,0.78,39,0.65,65,
cross_database_transfer,bindingdb_to_chembl_matched_targets,ecfp_absdiff_xgb,1,bindingdb_raw,chembl_raw,P10275,Androgen receptor,462,0.3182,0.5444,0.7923,114,1.2489,0.3094,0.4827,-0.0386,0.3182,0.2265,0.2,0.6286,0.1,1,0.2083,0.6548,0.0521,5,0.234,0.7356,0.0569,11,0.24,12,0.29,29,
cross_database_transfer,bindingdb_to_chembl_matched_targets,ecfp_absdiff_xgb,1,bindingdb_raw,chembl_raw,P35462,D(3) dopamine receptor,462,0.4286,0.7298,0.7745,154,1.0758,0.4499,0.5139,-0.0152,0.4286,0.4179,1.0,2.3333,1.0,5,0.4167,0.9722,0.3263,10,0.3191,0.7447,0.2062,15,0.32,16,0.42,42,
cross_database_transfer,bindingdb_to_chembl_matched_targets,ecfp_absdiff_xgb,1,bindingdb_raw,chembl_raw,P23458,Tyrosine-protein kinase JAK1,1128,0.1667,0.3723,0.7479,568,1.0133,0.3424,0.7656,0.274,0.1667,0.3886,0.0833,0.5,0.0167,1,0.4561,2.7368,0.1613,26,0.3894,2.3363,0.1431,44,0.42,21,0.38,38,
cross_database_transfer,bindingdb_to_chembl_matched_targets,ecfp_absdiff_xgb,1,bindingdb_raw,chembl_raw,P35372,Mu-type opioid receptor,682,0.3724,0.7457,0.7991,218,1.2331,0.4821,0.6279,0.2265,0.3724,0.6412,0.5714,1.5343,0.3,4,0.7143,1.9179,0.4734,25,0.6522,1.7511,0.4354,45,0.66,33,0.56,56,
cross_database_transfer,bindingdb_to_chembl_matched_targets,ecfp_absdiff_xgb,1,bindingdb_raw,chembl_raw,Q01959,Sodium-dependent dopamine transporter,400,0.2675,0.5029,0.7795,78,1.2375,0.2838,0.5385,0.1195,0.2675,0.2836,0.25,0.9346,0.0833,1,0.2,0.7477,0.0433,4,0.3,1.1215,0.0785,12,0.4,20,0.37,37,
cross_database_transfer,bindingdb_to_chembl_matched_targets,ecfp_absdiff_xgb,1,bindingdb_raw,chembl_raw,P00742,Coagulation factor X,723,0.4869,0.9307,0.7869,204,1.1245,0.5914,0.615,0.1238,0.4869,0.7368,0.75,1.5405,0.4664,6,0.7838,1.6099,0.6042,29,0.726,1.4912,0.5611,53,0.76,38,0.73,73,
cross_database_transfer,bindingdb_to_chembl_matched_targets,ecfp_absdiff_xgb,1,bindingdb_raw,chembl_raw,O43614,Orexin receptor type 2,388,0.5747,1.0255,0.7649,165,1.2294,0.6051,0.5335,0.1372,0.5747,0.7199,0.75,1.3049,0.4792,3,0.75,1.3049,0.5083,15,0.7179,1.2492,0.5232,28,0.72,36,0.67,67,
cross_database_transfer,bindingdb_to_chembl_matched_targets,ecfp_absdiff_xgb,1,bindingdb_raw,chembl_raw,O60674,Tyrosine-protein kinase JAK2,153,0.1699,0.3494,0.7688,74,1.0131,0.2699,0.5634,0.1557,0.1699,0.382,0.5,2.9423,0.5,1,0.5,2.9423,0.3214,4,0.25,1.4712,0.1607,4,0.22,11,0.18,18,
cross_database_transfer,bindingdb_to_chembl_matched_targets,ecfp_absdiff_xgb,1,bindingdb_raw,chembl_raw,P21917,D(4) dopamine receptor,329,0.4195,0.7517,0.7839,130,1.0547,0.3994,0.4588,-0.0372,0.4195,0.3431,0.25,0.596,0.0833,1,0.3529,0.8414,0.0998,6,0.3939,0.9392,0.1371,13,0.38,19,0.43,43,
cross_database_transfer,bindingdb_to_chembl_matched_targets,ecfp_absdiff_xgb,1,bindingdb_raw,chembl_raw,Q9Y5N1,Histamine H3 receptor,742,0.3261,0.5884,0.7886,300,1.1078,0.3649,0.5242,0.0887,0.3261,0.4653,0.5,1.5331,0.2833,4,0.5,1.5331,0.3259,19,0.4267,1.3082,0.2407,32,0.44,22,0.38,38,
cross_database_transfer,bindingdb_to_chembl_matched_targets,ecfp_absdiff_xgb,1,bindingdb_raw,chembl_raw,P00519,Tyrosine-protein kinase ABL1,174,0.1897,0.3512,0.7743,78,1.1437,0.2611,0.5246,0.1166,0.1897,0.4007,0.0,0.0,0.0,0,0.5556,2.9293,0.3028,5,0.3333,1.7576,0.1792,6,0.22,11,0.23,23,
cross_database_transfer,bindingdb_to_chembl_matched_targets,ecfp_absdiff_xgb,1,bindingdb_raw,chembl_raw,Q9HAZ1,Dual specificity protein kinase CLK4,91,0.2527,0.5,0.7623,52,1.0,0.2598,0.4671,-0.1512,0.2527,0.1021,0.0,0.0,0.0,0,0.0,0.0,0.0,0,0.2,0.7913,0.0347,2,0.28,14,0.2527,23,
cross_database_transfer,bindingdb_to_chembl_matched_targets,ecfp_absdiff_xgb,1,bindingdb_raw,chembl_raw,P11309,Serine/threonine-protein kinase pim-1,120,0.1667,0.2984,0.7712,62,1.075,0.2459,0.632,0.1762,0.1667,0.1858,0.0,0.0,0.0,0,0.0,0.0,0.0,0,0.3333,2.0,0.0791,4,0.24,12,0.19,19,
cross_database_transfer,bindingdb_to_chembl_matched_targets,ecfp_absdiff_xgb,1,bindingdb_raw,chembl_raw,P49841,Glycogen synthase kinase-3 beta,142,0.3944,0.693,0.7689,57,1.0282,0.4201,0.4691,-0.0756,0.3944,0.4399,1.0,2.5357,1.0,2,0.5,1.2679,0.4062,4,0.3333,0.8452,0.2537,5,0.32,16,0.37,37,
cross_database_transfer,bindingdb_to_chembl_matched_targets,rich_diff_scalars,1,bindingdb_raw,chembl_raw,P35367,Histamine H1 receptor,594,0.2138,0.5546,0.7773,168,1.1364,0.3742,0.7282,0.257,0.2138,0.3989,0.0,0.0,0.0,0,0.3667,1.715,0.0968,11,0.5,2.3386,0.1983,30,0.5,25,0.44,44,
cross_database_transfer,bindingdb_to_chembl_matched_targets,rich_diff_scalars,1,bindingdb_raw,chembl_raw,P41143,Delta-type opioid receptor,816,0.5417,1.1043,0.808,188,1.7022,0.6096,0.5886,0.1432,0.5417,0.6236,0.6667,1.2308,0.588,6,0.5366,0.9906,0.4141,22,0.6098,1.1257,0.4082,50,0.58,29,0.61,61,
cross_database_transfer,bindingdb_to_chembl_matched_targets,rich_diff_scalars,1,bindingdb_raw,chembl_raw,P31645,Sodium-dependent serotonin transporter,555,0.4306,0.8056,0.7754,122,1.3315,0.5615,0.65,0.2374,0.4306,0.6251,0.6667,1.5481,0.5694,4,0.6071,1.4099,0.4358,17,0.6071,1.4099,0.4042,34,0.6,30,0.65,65,
cross_database_transfer,bindingdb_to_chembl_matched_targets,rich_diff_scalars,1,bindingdb_raw,chembl_raw,P04150,Glucocorticoid receptor,945,0.3312,0.6039,0.7675,196,1.182,0.491,0.6296,0.1604,0.3312,0.6528,0.7,2.1134,0.5881,7,0.7708,2.3273,0.5999,37,0.6211,1.8751,0.4625,59,0.76,38,0.62,62,
cross_database_transfer,bindingdb_to_chembl_matched_targets,rich_diff_scalars,1,bindingdb_raw,chembl_raw,P00734,Prothrombin,614,0.4935,0.9584,0.7957,257,1.1792,0.5284,0.5392,0.0627,0.4935,0.5385,0.7143,1.4474,0.5616,5,0.5161,1.0459,0.3374,16,0.5161,1.0459,0.3025,32,0.5,25,0.52,52,
cross_database_transfer,bindingdb_to_chembl_matched_targets,rich_diff_scalars,1,bindingdb_raw,chembl_raw,Q99720,Sigma non-opioid intracellular receptor 1,566,0.5265,0.9897,0.8008,182,1.4399,0.7219,0.7064,0.3552,0.5265,0.826,1.0,1.8993,1.0,6,0.8621,1.6374,0.795,25,0.8421,1.5994,0.7459,48,0.84,42,0.74,74,
cross_database_transfer,bindingdb_to_chembl_matched_targets,rich_diff_scalars,1,bindingdb_raw,chembl_raw,P42336,"Phosphatidylinositol 4,5-bisphosphate 3-kinase catalytic subunit alpha isoform",405,0.2716,0.4686,0.7647,206,1.2099,0.349,0.5808,0.1148,0.2716,0.3994,0.2,0.7364,0.05,1,0.4762,1.7532,0.1815,10,0.4146,1.5266,0.1666,17,0.42,21,0.41,41,
cross_database_transfer,bindingdb_to_chembl_matched_targets,rich_diff_scalars,1,bindingdb_raw,chembl_raw,P08908,5-hydroxytryptamine receptor 1A,541,0.4362,0.7408,0.7941,129,1.5046,0.5305,0.6262,0.1882,0.4362,0.5669,0.6667,1.5282,0.4306,4,0.5714,1.3099,0.3496,16,0.5818,1.3337,0.3456,32,0.58,29,0.56,56,
cross_database_transfer,bindingdb_to_chembl_matched_targets,rich_diff_scalars,1,bindingdb_raw,chembl_raw,P41145,Kappa-type opioid receptor,853,0.5252,1.0234,0.7852,217,1.449,0.7071,0.6928,0.2359,0.5252,0.8244,0.6667,1.2693,0.3663,6,0.8837,1.6826,0.6871,38,0.8605,1.6383,0.712,74,0.9,45,0.84,84,
cross_database_transfer,bindingdb_to_chembl_matched_targets,rich_diff_scalars,1,bindingdb_raw,chembl_raw,P10275,Androgen receptor,462,0.3182,0.5444,0.7923,114,1.2489,0.3791,0.6005,0.1425,0.3182,0.2979,0.0,0.0,0.0,0,0.25,0.7857,0.0457,6,0.3404,1.0699,0.0907,16,0.34,17,0.43,43,
cross_database_transfer,bindingdb_to_chembl_matched_targets,rich_diff_scalars,1,bindingdb_raw,chembl_raw,P35462,D(3) dopamine receptor,462,0.4286,0.7298,0.7745,154,1.0758,0.5432,0.6115,0.1362,0.4286,0.5911,0.8,1.8667,0.8,4,0.5,1.1667,0.3623,12,0.5957,1.3901,0.3775,28,0.62,31,0.63,63,
cross_database_transfer,bindingdb_to_chembl_matched_targets,rich_diff_scalars,1,bindingdb_raw,chembl_raw,P23458,Tyrosine-protein kinase JAK1,1128,0.1667,0.3723,0.7479,568,1.0133,0.4567,0.8337,0.3472,0.1667,0.5186,0.3333,2.0,0.2386,4,0.5088,3.0526,0.2558,29,0.5398,3.2389,0.2787,61,0.52,26,0.52,52,
cross_database_transfer,bindingdb_to_chembl_matched_targets,rich_diff_scalars,1,bindingdb_raw,chembl_raw,P35372,Mu-type opioid receptor,682,0.3724,0.7457,0.7991,218,1.2331,0.6067,0.7327,0.2903,0.3724,0.7152,0.7143,1.9179,0.7143,5,0.7143,1.9179,0.578,25,0.7391,1.9846,0.5639,51,0.68,34,0.68,68,
cross_database_transfer,bindingdb_to_chembl_matched_targets,rich_diff_scalars,1,bindingdb_raw,chembl_raw,Q01959,Sodium-dependent dopamine transporter,400,0.2675,0.5029,0.7795,78,1.2375,0.437,0.6843,0.2377,0.2675,0.5269,0.5,1.8692,0.2083,2,0.6,2.243,0.3054,12,0.5,1.8692,0.272,20,0.52,26,0.49,49,
cross_database_transfer,bindingdb_to_chembl_matched_targets,rich_diff_scalars,1,bindingdb_raw,chembl_raw,P00742,Coagulation factor X,723,0.4869,0.9307,0.7869,204,1.1245,0.6154,0.634,0.2243,0.4869,0.6736,0.75,1.5405,0.7113,6,0.6216,1.2768,0.4479,23,0.7123,1.4631,0.4989,52,0.66,33,0.68,68,
cross_database_transfer,bindingdb_to_chembl_matched_targets,rich_diff_scalars,1,bindingdb_raw,chembl_raw,O43614,Orexin receptor type 2,388,0.5747,1.0255,0.7649,165,1.2294,0.6288,0.5642,0.0811,0.5747,0.5971,0.75,1.3049,0.6875,3,0.5,0.87,0.3876,10,0.5385,0.9369,0.3474,21,0.6,30,0.7,70,
cross_database_transfer,bindingdb_to_chembl_matched_targets,rich_diff_scalars,1,bindingdb_raw,chembl_raw,O60674,Tyrosine-protein kinase JAK2,153,0.1699,0.3494,0.7688,74,1.0131,0.3135,0.6251,0.1245,0.1699,0.4178,0.5,2.9423,0.25,1,0.375,2.2067,0.1719,3,0.4375,2.5745,0.2103,7,0.26,13,0.19,19,
cross_database_transfer,bindingdb_to_chembl_matched_targets,rich_diff_scalars,1,bindingdb_raw,chembl_raw,P21917,D(4) dopamine receptor,329,0.4195,0.7517,0.7839,130,1.0547,0.4175,0.4891,-0.001,0.4195,0.4226,0.25,0.596,0.0625,1,0.4706,1.1219,0.1991,8,0.4848,1.1559,0.2147,16,0.44,22,0.39,39,
cross_database_transfer,bindingdb_to_chembl_matched_targets,rich_diff_scalars,1,bindingdb_raw,chembl_raw,Q9Y5N1,Histamine H3 receptor,742,0.3261,0.5884,0.7886,300,1.1078,0.4775,0.6472,0.1986,0.3261,0.5953,0.625,1.9163,0.3496,5,0.6053,1.8558,0.3615,23,0.6133,1.8806,0.3776,46,0.62,31,0.59,59,
cross_database_transfer,bindingdb_to_chembl_matched_targets,rich_diff_scalars,1,bindingdb_raw,chembl_raw,P00519,Tyrosine-protein kinase ABL1,174,0.1897,0.3512,0.7743,78,1.1437,0.239,0.4367,-0.0789,0.1897,0.3165,1.0,5.2727,1.0,2,0.3333,1.7576,0.2593,3,0.2222,1.1717,0.1519,4,0.18,9,0.16,16,
cross_database_transfer,bindingdb_to_chembl_matched_targets,rich_diff_scalars,1,bindingdb_raw,chembl_raw,Q9HAZ1,Dual specificity protein kinase CLK4,91,0.2527,0.5,0.7623,52,1.0,0.2676,0.5492,0.0565,0.2527,0.0473,0.0,0.0,0.0,0,0.0,0.0,0.0,0,0.0,0.0,0.0,0,0.28,14,0.2527,23,
cross_database_transfer,bindingdb_to_chembl_matched_targets,rich_diff_scalars,1,bindingdb_raw,chembl_raw,P11309,Serine/threonine-protein kinase pim-1,120,0.1667,0.2984,0.7712,62,1.075,0.2015,0.5495,0.0767,0.1667,0.1708,0.0,0.0,0.0,0,0.1667,1.0,0.0556,1,0.0833,0.5,0.0278,1,0.2,10,0.17,17,
cross_database_transfer,bindingdb_to_chembl_matched_targets,rich_diff_scalars,1,bindingdb_raw,chembl_raw,P49841,Glycogen synthase kinase-3 beta,142,0.3944,0.693,0.7689,57,1.0282,0.4112,0.4688,-0.0209,0.3944,0.4699,0.5,1.2679,0.5,1,0.5,1.2679,0.4021,4,0.4,1.0143,0.2744,6,0.4,20,0.37,37,
cross_database_transfer,bindingdb_to_chembl_matched_targets,rich_scalars_only,1,bindingdb_raw,chembl_raw,P35367,Histamine H1 receptor,594,0.2138,0.5546,0.7773,168,1.1364,0.3611,0.7229,0.2717,0.2138,0.3546,0.0,0.0,0.0,0,0.3667,1.715,0.0918,11,0.4167,1.9488,0.1411,25,0.42,21,0.43,43,
cross_database_transfer,bindingdb_to_chembl_matched_targets,rich_scalars_only,1,bindingdb_raw,chembl_raw,P41143,Delta-type opioid receptor,816,0.5417,1.1043,0.808,188,1.7022,0.5959,0.5878,0.1325,0.5417,0.5604,0.3333,0.6154,0.1124,3,0.5122,0.9456,0.2359,21,0.6341,1.1707,0.3337,52,0.5,25,0.64,64,
cross_database_transfer,bindingdb_to_chembl_matched_targets,rich_scalars_only,1,bindingdb_raw,chembl_raw,P31645,Sodium-dependent serotonin transporter,555,0.4306,0.8056,0.7754,122,1.3315,0.5682,0.6492,0.1762,0.4306,0.6446,0.6667,1.5481,0.6667,4,0.6071,1.4099,0.4876,17,0.5893,1.3684,0.4155,33,0.62,31,0.64,64,
cross_database_transfer,bindingdb_to_chembl_matched_targets,rich_scalars_only,1,bindingdb_raw,chembl_raw,P04150,Glucocorticoid receptor,945,0.3312,0.6039,0.7675,196,1.182,0.5155,0.6517,0.1652,0.3312,0.685,0.7,2.1134,0.473,7,0.75,2.2644,0.5755,36,0.6737,2.034,0.5021,64,0.76,38,0.67,67,
cross_database_transfer,bindingdb_to_chembl_matched_targets,rich_scalars_only,1,bindingdb_raw,chembl_raw,P00734,Prothrombin,614,0.4935,0.9584,0.7957,257,1.1792,0.5244,0.5375,0.0595,0.4935,0.5231,0.7143,1.4474,0.5425,5,0.5484,1.1113,0.3229,17,0.5161,1.0459,0.2877,32,0.52,26,0.54,54,
cross_database_transfer,bindingdb_to_chembl_matched_targets,rich_scalars_only,1,bindingdb_raw,chembl_raw,Q99720,Sigma non-opioid intracellular receptor 1,566,0.5265,0.9897,0.8008,182,1.4399,0.7184,0.6987,0.3335,0.5265,0.85,1.0,1.8993,1.0,6,0.8966,1.7028,0.863,26,0.807,1.5328,0.7452,46,0.84,42,0.77,77,
cross_database_transfer,bindingdb_to_chembl_matched_targets,rich_scalars_only,1,bindingdb_raw,chembl_raw,P42336,"Phosphatidylinositol 4,5-bisphosphate 3-kinase catalytic subunit alpha isoform",405,0.2716,0.4686,0.7647,206,1.2099,0.3413,0.5655,0.0833,0.2716,0.3966,0.0,0.0,0.0,0,0.4762,1.7532,0.1817,10,0.439,1.6164,0.1765,18,0.44,22,0.38,38,
cross_database_transfer,bindingdb_to_chembl_matched_targets,rich_scalars_only,1,bindingdb_raw,chembl_raw,P08908,5-hydroxytryptamine receptor 1A,541,0.4362,0.7408,0.7941,129,1.5046,0.5414,0.6432,0.1759,0.4362,0.5768,0.5,1.1462,0.3194,3,0.6071,1.3918,0.377,17,0.5636,1.2921,0.3359,31,0.58,29,0.59,59,
cross_database_transfer,bindingdb_to_chembl_matched_targets,rich_scalars_only,1,bindingdb_raw,chembl_raw,P41145,Kappa-type opioid receptor,853,0.5252,1.0234,0.7852,217,1.449,0.7181,0.6991,0.2184,0.5252,0.8345,0.7778,1.4809,0.7778,7,0.8837,1.6826,0.7828,38,0.8372,1.5941,0.7293,72,0.86,43,0.8,80,
cross_database_transfer,bindingdb_to_chembl_matched_targets,rich_scalars_only,1,bindingdb_raw,chembl_raw,P10275,Androgen receptor,462,0.3182,0.5444,0.7923,114,1.2489,0.371,0.5912,0.1359,0.3182,0.2906,0.0,0.0,0.0,0,0.25,0.7857,0.0501,6,0.3404,1.0699,0.0901,16,0.36,18,0.43,43,
cross_database_transfer,bindingdb_to_chembl_matched_targets,rich_scalars_only,1,bindingdb_raw,chembl_raw,P35462,D(3) dopamine receptor,462,0.4286,0.7298,0.7745,154,1.0758,0.547,0.6145,0.1312,0.4286,0.6195,1.0,2.3333,1.0,5,0.625,1.4583,0.4664,15,0.5957,1.3901,0.4062,28,0.62,31,0.6,60,
cross_database_transfer,bindingdb_to_chembl_matched_targets,rich_scalars_only,1,bindingdb_raw,chembl_raw,P23458,Tyrosine-protein kinase JAK1,1128,0.1667,0.3723,0.7479,568,1.0133,0.4339,0.7883,0.3316,0.1667,0.5013,0.4167,2.5,0.2595,5,0.4912,2.9474,0.2292,28,0.5221,3.1327,0.2574,59,0.5,25,0.53,53,
cross_database_transfer,bindingdb_to_chembl_matched_targets,rich_scalars_only,1,bindingdb_raw,chembl_raw,P35372,Mu-type opioid receptor,682,0.3724,0.7457,0.7991,218,1.2331,0.5881,0.7223,0.2603,0.3724,0.6951,0.5714,1.5343,0.3673,4,0.7429,1.9946,0.5283,26,0.7246,1.9457,0.512,50,0.68,34,0.7,70,
cross_database_transfer,bindingdb_to_chembl_matched_targets,rich_scalars_only,1,bindingdb_raw,chembl_raw,Q01959,Sodium-dependent dopamine transporter,400,0.2675,0.5029,0.7795,78,1.2375,0.4339,0.6984,0.2213,0.2675,0.5077,0.5,1.8692,0.2083,2,0.55,2.0561,0.279,11,0.475,1.7757,0.2452,19,0.54,27,0.46,46,
cross_database_transfer,bindingdb_to_chembl_matched_targets,rich_scalars_only,1,bindingdb_raw,chembl_raw,P00742,Coagulation factor X,723,0.4869,0.9307,0.7869,204,1.1245,0.5908,0.5813,0.1366,0.4869,0.7122,0.875,1.7972,0.8415,7,0.7568,1.5544,0.6654,28,0.6712,1.3787,0.5396,49,0.7,35,0.64,64,
cross_database_transfer,bindingdb_to_chembl_matched_targets,rich_scalars_only,1,bindingdb_raw,chembl_raw,O43614,Orexin receptor type 2,388,0.5747,1.0255,0.7649,165,1.2294,0.6177,0.5595,0.0631,0.5747,0.5561,0.5,0.87,0.4167,2,0.5,0.87,0.3069,10,0.5385,0.9369,0.2968,21,0.6,30,0.7,70,
cross_database_transfer,bindingdb_to_chembl_matched_targets,rich_scalars_only,1,bindingdb_raw,chembl_raw,O60674,Tyrosine-protein kinase JAK2,153,0.1699,0.3494,0.7688,74,1.0131,0.3559,0.6464,0.0899,0.1699,0.4722,0.5,2.9423,0.5,1,0.375,2.2067,0.2619,3,0.5,2.9423,0.2854,8,0.24,12,0.2,20,
cross_database_transfer,bindingdb_to_chembl_matched_targets,rich_scalars_only,1,bindingdb_raw,chembl_raw,P21917,D(4) dopamine receptor,329,0.4195,0.7517,0.7839,130,1.0547,0.4146,0.4864,-0.0702,0.4195,0.4279,0.25,0.596,0.0833,1,0.4706,1.1219,0.1925,8,0.4848,1.1559,0.2211,16,0.38,19,0.38,38,
cross_database_transfer,bindingdb_to_chembl_matched_targets,rich_scalars_only,1,bindingdb_raw,chembl_raw,Q9Y5N1,Histamine H3 receptor,742,0.3261,0.5884,0.7886,300,1.1078,0.4576,0.6297,0.176,0.3261,0.555,0.25,0.7665,0.125,2,0.6316,1.9365,0.3247,24,0.5867,1.7988,0.3256,44,0.6,30,0.57,57,
cross_database_transfer,bindingdb_to_chembl_matched_targets,rich_scalars_only,1,bindingdb_raw,chembl_raw,P00519,Tyrosine-protein kinase ABL1,174,0.1897,0.3512,0.7743,78,1.1437,0.258,0.4392,-0.0345,0.1897,0.367,1.0,5.2727,1.0,2,0.4444,2.3434,0.363,4,0.2222,1.1717,0.1815,4,0.2,10,0.15,15,
cross_database_transfer,bindingdb_to_chembl_matched_targets,rich_scalars_only,1,bindingdb_raw,chembl_raw,Q9HAZ1,Dual specificity protein kinase CLK4,91,0.2527,0.5,0.7623,52,1.0,0.251,0.508,-0.0584,0.2527,0.095,0.0,0.0,0.0,0,0.0,0.0,0.0,0,0.1,0.3957,0.0143,1,0.24,12,0.2527,23,
cross_database_transfer,bindingdb_to_chembl_matched_targets,rich_scalars_only,1,bindingdb_raw,chembl_raw,P11309,Serine/threonine-protein kinase pim-1,120,0.1667,0.2984,0.7712,62,1.075,0.2101,0.557,0.0693,0.1667,0.2151,0.0,0.0,0.0,0,0.3333,2.0,0.1222,2,0.1667,1.0,0.0611,2,0.2,10,0.17,17,
cross_database_transfer,bindingdb_to_chembl_matched_targets,rich_scalars_only,1,bindingdb_raw,chembl_raw,P49841,Glycogen synthase kinase-3 beta,142,0.3944,0.693,0.7689,57,1.0282,0.4168,0.4748,0.0204,0.3944,0.48,1.0,2.5357,1.0,2,0.375,0.9509,0.3438,3,0.4667,1.1833,0.3104,7,0.38,19,0.37,37,
cross_database_transfer,bindingdb_to_chembl_matched_targets,extratrees_scalars,1,bindingdb_raw,chembl_raw,P35367,Histamine H1 receptor,594,0.2138,0.5546,0.7773,168,1.1364,0.5951,0.7927,0.4016,0.2138,0.7697,0.8333,3.8976,0.7306,5,0.8333,3.8976,0.7637,25,0.75,3.5079,0.6507,45,0.76,38,0.6,60,
cross_database_transfer,bindingdb_to_chembl_matched_targets,extratrees_scalars,1,bindingdb_raw,chembl_raw,P41143,Delta-type opioid receptor,816,0.5417,1.1043,0.808,188,1.7022,0.7068,0.6571,0.2286,0.5417,0.8898,1.0,1.8462,1.0,9,0.9512,1.7561,0.9453,39,0.9024,1.666,0.8666,74,0.96,48,0.85,85,
cross_database_transfer,bindingdb_to_chembl_matched_targets,extratrees_scalars,1,bindingdb_raw,chembl_raw,P31645,Sodium-dependent serotonin transporter,555,0.4306,0.8056,0.7754,122,1.3315,0.5795,0.6509,0.186,0.4306,0.6666,0.8333,1.9351,0.7722,5,0.7143,1.6587,0.5598,20,0.6429,1.4928,0.4642,36,0.6,30,0.65,65,
cross_database_transfer,bindingdb_to_chembl_matched_targets,extratrees_scalars,1,bindingdb_raw,chembl_raw,P04150,Glucocorticoid receptor,945,0.3312,0.6039,0.7675,196,1.182,0.6882,0.7784,0.4191,0.3312,0.8648,1.0,3.0192,1.0,10,0.8958,2.7047,0.863,43,0.8632,2.606,0.8032,82,0.9,45,0.86,86,
cross_database_transfer,bindingdb_to_chembl_matched_targets,extratrees_scalars,1,bindingdb_raw,chembl_raw,P00734,Prothrombin,614,0.4935,0.9584,0.7957,257,1.1792,0.6185,0.6189,0.1806,0.4935,0.7201,0.8571,1.7369,0.8129,6,0.6774,1.3727,0.558,21,0.6935,1.4054,0.5316,43,0.7,35,0.71,71,
cross_database_transfer,bindingdb_to_chembl_matched_targets,extratrees_scalars,1,bindingdb_raw,chembl_raw,Q99720,Sigma non-opioid intracellular receptor 1,566,0.5265,0.9897,0.8008,182,1.4399,0.7297,0.7049,0.2821,0.5265,0.8559,1.0,1.8993,1.0,6,0.8966,1.7028,0.8647,26,0.8246,1.5661,0.7467,47,0.8,40,0.81,81,
cross_database_transfer,bindingdb_to_chembl_matched_targets,extratrees_scalars,1,bindingdb_raw,chembl_raw,P42336,"Phosphatidylinositol 4,5-bisphosphate 3-kinase catalytic subunit alpha isoform",405,0.2716,0.4686,0.7647,206,1.2099,0.524,0.6847,0.2678,0.2716,0.7207,1.0,3.6818,1.0,5,0.8571,3.1558,0.8277,18,0.6829,2.5144,0.6051,28,0.56,28,0.47,47,
cross_database_transfer,bindingdb_to_chembl_matched_targets,extratrees_scalars,1,bindingdb_raw,chembl_raw,P08908,5-hydroxytryptamine receptor 1A,541,0.4362,0.7408,0.7941,129,1.5046,0.6161,0.6432,0.219,0.4362,0.7778,0.8333,1.9103,0.7306,5,0.8214,1.883,0.7043,23,0.7455,1.7089,0.6227,41,0.78,39,0.72,72,
cross_database_transfer,bindingdb_to_chembl_matched_targets,extratrees_scalars,1,bindingdb_raw,chembl_raw,P41145,Kappa-type opioid receptor,853,0.5252,1.0234,0.7852,217,1.449,0.7413,0.7203,0.2904,0.5252,0.8538,0.7778,1.4809,0.7253,7,0.8605,1.6383,0.7432,37,0.8837,1.6826,0.7673,76,0.88,44,0.86,86,
cross_database_transfer,bindingdb_to_chembl_matched_targets,extratrees_scalars,1,bindingdb_raw,chembl_raw,P10275,Androgen receptor,462,0.3182,0.5444,0.7923,114,1.2489,0.6482,0.809,0.4527,0.3182,0.7418,1.0,3.1429,1.0,5,0.75,2.3571,0.7043,18,0.6596,2.0729,0.5581,31,0.66,33,0.68,68,
cross_database_transfer,bindingdb_to_chembl_matched_targets,extratrees_scalars,1,bindingdb_raw,chembl_raw,P35462,D(3) dopamine receptor,462,0.4286,0.7298,0.7745,154,1.0758,0.5205,0.6118,0.1519,0.4286,0.5607,0.6,1.4,0.2867,3,0.5417,1.2639,0.3278,13,0.5532,1.2908,0.3146,26,0.54,27,0.58,58,
cross_database_transfer,bindingdb_to_chembl_matched_targets,extratrees_scalars,1,bindingdb_raw,chembl_raw,P23458,Tyrosine-protein kinase JAK1,1128,0.1667,0.3723,0.7479,568,1.0133,0.5913,0.8571,0.3977,0.1667,0.6981,0.9167,5.5,0.9097,11,0.7368,4.4211,0.611,42,0.6637,3.9823,0.5165,75,0.76,38,0.7,70,
cross_database_transfer,bindingdb_to_chembl_matched_targets,extratrees_scalars,1,bindingdb_raw,chembl_raw,P35372,Mu-type opioid receptor,682,0.3724,0.7457,0.7991,218,1.2331,0.618,0.7113,0.3659,0.3724,0.7546,0.8571,2.3015,0.8571,6,0.7143,1.9179,0.6065,25,0.7681,2.0624,0.6209,53,0.78,39,0.73,73,
cross_database_transfer,bindingdb_to_chembl_matched_targets,extratrees_scalars,1,bindingdb_raw,chembl_raw,Q01959,Sodium-dependent dopamine transporter,400,0.2675,0.5029,0.7795,78,1.2375,0.5525,0.7553,0.3794,0.2675,0.6872,0.75,2.8037,0.6042,3,0.75,2.8037,0.5933,15,0.65,2.4299,0.4934,26,0.64,32,0.57,57,
cross_database_transfer,bindingdb_to_chembl_matched_targets,extratrees_scalars,1,bindingdb_raw,chembl_raw,P00742,Coagulation factor X,723,0.4869,0.9307,0.7869,204,1.1245,0.6266,0.6396,0.199,0.4869,0.7636,1.0,2.054,1.0,8,0.8378,1.7209,0.8023,31,0.7123,1.4631,0.6213,52,0.74,37,0.69,69,
cross_database_transfer,bindingdb_to_chembl_matched_targets,extratrees_scalars,1,bindingdb_raw,chembl_raw,O43614,Orexin receptor type 2,388,0.5747,1.0255,0.7649,165,1.2294,0.7629,0.7196,0.3206,0.5747,0.8587,0.5,0.87,0.2917,2,0.9,1.5659,0.7069,18,0.9231,1.6061,0.7877,36,0.88,44,0.81,81,
cross_database_transfer,bindingdb_to_chembl_matched_targets,extratrees_scalars,1,bindingdb_raw,chembl_raw,O60674,Tyrosine-protein kinase JAK2,153,0.1699,0.3494,0.7688,74,1.0131,0.4589,0.7035,0.2707,0.1699,0.6185,0.5,2.9423,0.5,1,0.75,4.4135,0.5851,6,0.5625,3.3101,0.4171,9,0.3,15,0.21,21,
cross_database_transfer,bindingdb_to_chembl_matched_targets,extratrees_scalars,1,bindingdb_raw,chembl_raw,P21917,D(4) dopamine receptor,329,0.4195,0.7517,0.7839,130,1.0547,0.4942,0.56,0.1479,0.4195,0.5484,0.5,1.192,0.5,2,0.5294,1.2621,0.3454,9,0.5152,1.2282,0.3104,17,0.58,29,0.52,52,
cross_database_transfer,bindingdb_to_chembl_matched_targets,extratrees_scalars,1,bindingdb_raw,chembl_raw,Q9Y5N1,Histamine H3 receptor,742,0.3261,0.5884,0.7886,300,1.1078,0.5019,0.6759,0.2207,0.3261,0.6155,0.625,1.9163,0.4516,5,0.6316,1.9365,0.4233,24,0.6133,1.8806,0.4054,46,0.64,32,0.58,58,
cross_database_transfer,bindingdb_to_chembl_matched_targets,extratrees_scalars,1,bindingdb_raw,chembl_raw,P00519,Tyrosine-protein kinase ABL1,174,0.1897,0.3512,0.7743,78,1.1437,0.6917,0.7642,0.4793,0.1897,0.8773,1.0,5.2727,1.0,2,0.8889,4.6869,0.8889,8,0.8889,4.6869,0.849,16,0.48,24,0.24,24,
cross_database_transfer,bindingdb_to_chembl_matched_targets,extratrees_scalars,1,bindingdb_raw,chembl_raw,Q9HAZ1,Dual specificity protein kinase CLK4,91,0.2527,0.5,0.7623,52,1.0,0.2592,0.4738,-0.0612,0.2527,0.2364,0.0,0.0,0.0,0,0.2,0.7913,0.0667,1,0.3,1.187,0.0967,3,0.26,13,0.2527,23,
cross_database_transfer,bindingdb_to_chembl_matched_targets,extratrees_scalars,1,bindingdb_raw,chembl_raw,P11309,Serine/threonine-protein kinase pim-1,120,0.1667,0.2984,0.7712,62,1.075,0.2784,0.623,0.0693,0.1667,0.3455,0.5,3.0,0.25,1,0.3333,2.0,0.1944,2,0.25,1.5,0.1199,3,0.18,9,0.19,19,
cross_database_transfer,bindingdb_to_chembl_matched_targets,extratrees_scalars,1,bindingdb_raw,chembl_raw,P49841,Glycogen synthase kinase-3 beta,142,0.3944,0.693,0.7689,57,1.0282,0.5091,0.6001,0.172,0.3944,0.5717,1.0,2.5357,1.0,2,0.5,1.2679,0.4464,4,0.5333,1.3524,0.3822,8,0.52,26,0.42,42,
cross_database_transfer,bindingdb_to_chembl_matched_targets,ecfp_absdiff_xgb,2,bindingdb_raw,chembl_raw,P35367,Histamine H1 receptor,594,0.2138,0.5546,0.7773,168,1.1364,0.2561,0.526,0.0897,0.2138,0.3351,0.6667,3.1181,0.4889,4,0.2667,1.2472,0.1679,8,0.3167,1.4811,0.1428,19,0.3,15,0.3,30,
cross_database_transfer,bindingdb_to_chembl_matched_targets,ecfp_absdiff_xgb,2,bindingdb_raw,chembl_raw,P41143,Delta-type opioid receptor,816,0.5417,1.1043,0.808,188,1.7022,0.5836,0.5634,0.1871,0.5417,0.6206,0.3333,0.6154,0.1528,3,0.6341,1.1707,0.3383,26,0.6463,1.1932,0.3828,53,0.64,32,0.63,63,
cross_database_transfer,bindingdb_to_chembl_matched_targets,ecfp_absdiff_xgb,2,bindingdb_raw,chembl_raw,P31645,Sodium-dependent serotonin transporter,555,0.4306,0.8056,0.7754,122,1.3315,0.5252,0.637,0.2239,0.4306,0.4574,0.3333,0.7741,0.1389,2,0.5,1.1611,0.2318,14,0.3929,0.9123,0.1851,22,0.44,22,0.51,51,
cross_database_transfer,bindingdb_to_chembl_matched_targets,ecfp_absdiff_xgb,2,bindingdb_raw,chembl_raw,P04150,Glucocorticoid receptor,945,0.3312,0.6039,0.7675,196,1.182,0.3464,0.515,0.0852,0.3312,0.4038,0.3,0.9058,0.0917,3,0.3958,1.1951,0.1492,19,0.4526,1.3666,0.187,43,0.38,19,0.44,44,
cross_database_transfer,bindingdb_to_chembl_matched_targets,ecfp_absdiff_xgb,2,bindingdb_raw,chembl_raw,P00734,Prothrombin,614,0.4935,0.9584,0.7957,257,1.1792,0.5422,0.5722,0.0835,0.4935,0.5768,0.5714,1.1579,0.3912,4,0.6129,1.242,0.3501,19,0.5968,1.2093,0.3518,37,0.62,31,0.59,59,
cross_database_transfer,bindingdb_to_chembl_matched_targets,ecfp_absdiff_xgb,2,bindingdb_raw,chembl_raw,Q99720,Sigma non-opioid intracellular receptor 1,566,0.5265,0.9897,0.8008,182,1.4399,0.5436,0.523,0.0402,0.5265,0.5476,0.6667,1.2662,0.6111,4,0.5517,1.0479,0.3602,16,0.5614,1.0663,0.3333,32,0.54,27,0.54,54,
cross_database_transfer,bindingdb_to_chembl_matched_targets,ecfp_absdiff_xgb,2,bindingdb_raw,chembl_raw,P42336,"Phosphatidylinositol 4,5-bisphosphate 3-kinase catalytic subunit alpha isoform",405,0.2716,0.4686,0.7647,206,1.2099,0.4531,0.6684,0.2413,0.2716,0.5937,0.6,2.2091,0.6,3,0.6667,2.4545,0.5187,14,0.5122,1.8858,0.3595,21,0.56,28,0.5,50,
cross_database_transfer,bindingdb_to_chembl_matched_targets,ecfp_absdiff_xgb,2,bindingdb_raw,chembl_raw,P08908,5-hydroxytryptamine receptor 1A,541,0.4362,0.7408,0.7941,129,1.5046,0.4496,0.5345,-0.0147,0.4362,0.3366,0.3333,0.7641,0.1389,2,0.3929,0.9006,0.1549,11,0.2909,0.6669,0.1053,16,0.3,15,0.39,39,
cross_database_transfer,bindingdb_to_chembl_matched_targets,ecfp_absdiff_xgb,2,bindingdb_raw,chembl_raw,P41145,Kappa-type opioid receptor,853,0.5252,1.0234,0.7852,217,1.449,0.6022,0.5748,0.1695,0.5252,0.7283,0.5556,1.0578,0.4506,5,0.814,1.5498,0.6429,35,0.6744,1.2841,0.53,58,0.82,41,0.65,65,
cross_database_transfer,bindingdb_to_chembl_matched_targets,ecfp_absdiff_xgb,2,bindingdb_raw,chembl_raw,P10275,Androgen receptor,462,0.3182,0.5444,0.7923,114,1.2489,0.3205,0.5109,0.0353,0.3182,0.2508,0.2,0.6286,0.2,1,0.125,0.3929,0.0598,3,0.2766,0.8693,0.08,13,0.3,15,0.34,34,
cross_database_transfer,bindingdb_to_chembl_matched_targets,ecfp_absdiff_xgb,2,bindingdb_raw,chembl_raw,P35462,D(3) dopamine receptor,462,0.4286,0.7298,0.7745,154,1.0758,0.426,0.5227,0.0481,0.4286,0.3567,0.0,0.0,0.0,0,0.3333,0.7778,0.1102,8,0.4043,0.9433,0.1473,19,0.4,20,0.38,38,
cross_database_transfer,bindingdb_to_chembl_matched_targets,ecfp_absdiff_xgb,2,bindingdb_raw,chembl_raw,P23458,Tyrosine-protein kinase JAK1,1128,0.1667,0.3723,0.7479,568,1.0133,0.3283,0.7529,0.2376,0.1667,0.3942,0.1667,1.0,0.0394,2,0.4561,2.7368,0.1678,26,0.3982,2.3894,0.1519,45,0.48,24,0.39,39,
cross_database_transfer,bindingdb_to_chembl_matched_targets,ecfp_absdiff_xgb,2,bindingdb_raw,chembl_raw,P35372,Mu-type opioid receptor,682,0.3724,0.7457,0.7991,218,1.2331,0.4736,0.6032,0.1419,0.3724,0.6161,0.7143,1.9179,0.402,5,0.7143,1.9179,0.4684,25,0.6232,1.6733,0.401,43,0.6,30,0.56,56,
cross_database_transfer,bindingdb_to_chembl_matched_targets,ecfp_absdiff_xgb,2,bindingdb_raw,chembl_raw,Q01959,Sodium-dependent dopamine transporter,400,0.2675,0.5029,0.7795,78,1.2375,0.3315,0.597,0.2409,0.2675,0.3905,0.25,0.9346,0.0833,1,0.3,1.1215,0.1409,6,0.375,1.4019,0.1455,15,0.44,22,0.4,40,
cross_database_transfer,bindingdb_to_chembl_matched_targets,ecfp_absdiff_xgb,2,bindingdb_raw,chembl_raw,P00742,Coagulation factor X,723,0.4869,0.9307,0.7869,204,1.1245,0.6068,0.6424,0.2141,0.4869,0.7544,0.625,1.2837,0.3518,5,0.8108,1.6654,0.6174,30,0.7671,1.5757,0.5991,56,0.84,42,0.72,72,
cross_database_transfer,bindingdb_to_chembl_matched_targets,ecfp_absdiff_xgb,2,bindingdb_raw,chembl_raw,O43614,Orexin receptor type 2,388,0.5747,1.0255,0.7649,165,1.2294,0.6128,0.5293,0.1022,0.5747,0.7275,0.75,1.3049,0.6042,3,0.75,1.3049,0.5568,15,0.7179,1.2492,0.5407,28,0.76,38,0.64,64,
cross_database_transfer,bindingdb_to_chembl_matched_targets,ecfp_absdiff_xgb,2,bindingdb_raw,chembl_raw,O60674,Tyrosine-protein kinase JAK2,153,0.1699,0.3494,0.7688,74,1.0131,0.248,0.6102,0.2281,0.1699,0.3215,0.5,2.9423,0.25,1,0.375,2.2067,0.1594,3,0.25,1.4712,0.1075,4,0.26,13,0.2,20,
cross_database_transfer,bindingdb_to_chembl_matched_targets,ecfp_absdiff_xgb,2,bindingdb_raw,chembl_raw,P21917,D(4) dopamine receptor,329,0.4195,0.7517,0.7839,130,1.0547,0.4067,0.4566,-0.0541,0.4195,0.3795,0.5,1.192,0.25,2,0.3529,0.8414,0.1768,6,0.3636,0.8669,0.1612,12,0.34,17,0.33,33,
cross_database_transfer,bindingdb_to_chembl_matched_targets,ecfp_absdiff_xgb,2,bindingdb_raw,chembl_raw,Q9Y5N1,Histamine H3 receptor,742,0.3261,0.5884,0.7886,300,1.1078,0.3312,0.4821,0.04,0.3261,0.3793,0.5,1.5331,0.2798,4,0.4211,1.291,0.1995,16,0.3467,1.0629,0.1517,26,0.36,18,0.34,34,
cross_database_transfer,bindingdb_to_chembl_matched_targets,ecfp_absdiff_xgb,2,bindingdb_raw,chembl_raw,P00519,Tyrosine-protein kinase ABL1,174,0.1897,0.3512,0.7743,78,1.1437,0.271,0.5438,0.1262,0.1897,0.4454,0.0,0.0,0.0,0,0.6667,3.5152,0.396,6,0.3333,1.7576,0.198,6,0.28,14,0.23,23,
cross_database_transfer,bindingdb_to_chembl_matched_targets,ecfp_absdiff_xgb,2,bindingdb_raw,chembl_raw,Q9HAZ1,Dual specificity protein kinase CLK4,91,0.2527,0.5,0.7623,52,1.0,0.2671,0.4808,-0.1138,0.2527,0.1468,0.0,0.0,0.0,0,0.0,0.0,0.0,0,0.3,1.187,0.075,3,0.28,14,0.2527,23,
cross_database_transfer,bindingdb_to_chembl_matched_targets,ecfp_absdiff_xgb,2,bindingdb_raw,chembl_raw,P11309,Serine/threonine-protein kinase pim-1,120,0.1667,0.2984,0.7712,62,1.075,0.2302,0.615,0.1348,0.1667,0.1818,0.0,0.0,0.0,0,0.0,0.0,0.0,0,0.3333,2.0,0.0832,4,0.24,12,0.18,18,
cross_database_transfer,bindingdb_to_chembl_matched_targets,ecfp_absdiff_xgb,2,bindingdb_raw,chembl_raw,P49841,Glycogen synthase kinase-3 beta,142,0.3944,0.693,0.7689,57,1.0282,0.4211,0.4721,-0.0476,0.3944,0.4351,1.0,2.5357,1.0,2,0.375,0.9509,0.375,3,0.4,1.0143,0.2828,6,0.32,16,0.39,39,
cross_database_transfer,bindingdb_to_chembl_matched_targets,rich_diff_scalars,2,bindingdb_raw,chembl_raw,P35367,Histamine H1 receptor,594,0.2138,0.5546,0.7773,168,1.1364,0.3711,0.7298,0.2837,0.2138,0.3871,0.1667,0.7795,0.0278,1,0.3333,1.5591,0.0978,10,0.4,1.8709,0.1468,24,0.42,21,0.45,45,
cross_database_transfer,bindingdb_to_chembl_matched_targets,rich_diff_scalars,2,bindingdb_raw,chembl_raw,P41143,Delta-type opioid receptor,816,0.5417,1.1043,0.808,188,1.7022,0.5973,0.5877,0.1432,0.5417,0.5863,0.5556,1.0256,0.4868,5,0.5122,0.9456,0.3238,21,0.6585,1.2158,0.3996,54,0.52,26,0.62,62,
cross_database_transfer,bindingdb_to_chembl_matched_targets,rich_diff_scalars,2,bindingdb_raw,chembl_raw,P31645,Sodium-dependent serotonin transporter,555,0.4306,0.8056,0.7754,122,1.3315,0.5809,0.6482,0.1665,0.4306,0.7037,0.8333,1.9351,0.8333,5,0.75,1.7416,0.6188,21,0.6964,1.6172,0.5365,39,0.7,35,0.64,64,
cross_database_transfer,bindingdb_to_chembl_matched_targets,rich_diff_scalars,2,bindingdb_raw,chembl_raw,P04150,Glucocorticoid receptor,945,0.3312,0.6039,0.7675,196,1.182,0.5059,0.6465,0.1837,0.3312,0.6695,0.8,2.4153,0.6582,8,0.7708,2.3273,0.6032,37,0.6526,1.9704,0.4881,62,0.74,37,0.63,63,
cross_database_transfer,bindingdb_to_chembl_matched_targets,rich_diff_scalars,2,bindingdb_raw,chembl_raw,P00734,Prothrombin,614,0.4935,0.9584,0.7957,257,1.1792,0.5226,0.5406,0.0227,0.4935,0.5331,0.5714,1.1579,0.2459,4,0.5161,1.0459,0.2825,16,0.5323,1.0786,0.2823,33,0.5,25,0.57,57,
cross_database_transfer,bindingdb_to_chembl_matched_targets,rich_diff_scalars,2,bindingdb_raw,chembl_raw,Q99720,Sigma non-opioid intracellular receptor 1,566,0.5265,0.9897,0.8008,182,1.4399,0.7173,0.6964,0.3446,0.5265,0.8417,1.0,1.8993,1.0,6,0.8966,1.7028,0.8425,26,0.807,1.5328,0.7372,46,0.84,42,0.77,77,
cross_database_transfer,bindingdb_to_chembl_matched_targets,rich_diff_scalars,2,bindingdb_raw,chembl_raw,P42336,"Phosphatidylinositol 4,5-bisphosphate 3-kinase catalytic subunit alpha isoform",405,0.2716,0.4686,0.7647,206,1.2099,0.351,0.5862,0.1204,0.2716,0.3785,0.2,0.7364,0.05,1,0.381,1.4026,0.1158,8,0.439,1.6164,0.1643,18,0.46,23,0.41,41,
cross_database_transfer,bindingdb_to_chembl_matched_targets,rich_diff_scalars,2,bindingdb_raw,chembl_raw,P08908,5-hydroxytryptamine receptor 1A,541,0.4362,0.7408,0.7941,129,1.5046,0.5556,0.6407,0.1658,0.4362,0.6295,0.6667,1.5282,0.5694,4,0.6786,1.5555,0.5056,19,0.6182,1.4171,0.428,34,0.6,30,0.58,58,
cross_database_transfer,bindingdb_to_chembl_matched_targets,rich_diff_scalars,2,bindingdb_raw,chembl_raw,P41145,Kappa-type opioid receptor,853,0.5252,1.0234,0.7852,217,1.449,0.7177,0.7011,0.228,0.5252,0.8306,0.7778,1.4809,0.5761,7,0.8837,1.6826,0.7236,38,0.8372,1.5941,0.7031,72,0.9,45,0.82,82,
cross_database_transfer,bindingdb_to_chembl_matched_targets,rich_diff_scalars,2,bindingdb_raw,chembl_raw,P10275,Androgen receptor,462,0.3182,0.5444,0.7923,114,1.2489,0.3723,0.5966,0.1474,0.3182,0.2934,0.0,0.0,0.0,0,0.25,0.7857,0.0538,6,0.3191,1.003,0.0849,15,0.32,16,0.39,39,
cross_database_transfer,bindingdb_to_chembl_matched_targets,rich_diff_scalars,2,bindingdb_raw,chembl_raw,P35462,D(3) dopamine receptor,462,0.4286,0.7298,0.7745,154,1.0758,0.5626,0.6224,0.1362,0.4286,0.6619,0.8,1.8667,0.8,4,0.7083,1.6528,0.5509,17,0.6596,1.539,0.4799,31,0.66,33,0.64,64,
cross_database_transfer,bindingdb_to_chembl_matched_targets,rich_diff_scalars,2,bindingdb_raw,chembl_raw,P23458,Tyrosine-protein kinase JAK1,1128,0.1667,0.3723,0.7479,568,1.0133,0.4874,0.8459,0.3181,0.1667,0.5566,0.6667,4.0,0.4666,8,0.5088,3.0526,0.3067,29,0.531,3.1858,0.3043,60,0.52,26,0.53,53,
cross_database_transfer,bindingdb_to_chembl_matched_targets,rich_diff_scalars,2,bindingdb_raw,chembl_raw,P35372,Mu-type opioid receptor,682,0.3724,0.7457,0.7991,218,1.2331,0.6093,0.7338,0.299,0.3724,0.7135,0.8571,2.3015,0.8571,6,0.7143,1.9179,0.5953,25,0.7101,1.9068,0.5409,49,0.66,33,0.72,72,
cross_database_transfer,bindingdb_to_chembl_matched_targets,rich_diff_scalars,2,bindingdb_raw,chembl_raw,Q01959,Sodium-dependent dopamine transporter,400,0.2675,0.5029,0.7795,78,1.2375,0.4223,0.6978,0.2459,0.2675,0.4573,0.25,0.9346,0.125,1,0.45,1.6822,0.1693,9,0.525,1.9626,0.2371,21,0.54,27,0.45,45,
cross_database_transfer,bindingdb_to_chembl_matched_targets,rich_diff_scalars,2,bindingdb_raw,chembl_raw,P00742,Coagulation factor X,723,0.4869,0.9307,0.7869,204,1.1245,0.607,0.6312,0.1749,0.4869,0.6454,0.5,1.027,0.4152,4,0.5946,1.2213,0.3829,22,0.6712,1.3787,0.4336,49,0.66,33,0.67,67,
cross_database_transfer,bindingdb_to_chembl_matched_targets,rich_diff_scalars,2,bindingdb_raw,chembl_raw,O43614,Orexin receptor type 2,388,0.5747,1.0255,0.7649,165,1.2294,0.6274,0.5592,0.084,0.5747,0.6092,0.75,1.3049,0.6042,3,0.5,0.87,0.3851,10,0.5641,0.9815,0.3567,22,0.66,33,0.7,70,
cross_database_transfer,bindingdb_to_chembl_matched_targets,rich_diff_scalars,2,bindingdb_raw,chembl_raw,O60674,Tyrosine-protein kinase JAK2,153,0.1699,0.3494,0.7688,74,1.0131,0.31,0.6484,0.1367,0.1699,0.3917,0.0,0.0,0.0,0,0.375,2.2067,0.1243,3,0.5625,3.3101,0.2569,9,0.26,13,0.2,20,
cross_database_transfer,bindingdb_to_chembl_matched_targets,rich_diff_scalars,2,bindingdb_raw,chembl_raw,P21917,D(4) dopamine receptor,329,0.4195,0.7517,0.7839,130,1.0547,0.4267,0.5048,0.0141,0.4195,0.4248,0.25,0.596,0.125,1,0.4706,1.1219,0.204,8,0.4242,1.0114,0.1908,14,0.42,21,0.4,40,
cross_database_transfer,bindingdb_to_chembl_matched_targets,rich_diff_scalars,2,bindingdb_raw,chembl_raw,Q9Y5N1,Histamine H3 receptor,742,0.3261,0.5884,0.7886,300,1.1078,0.4619,0.6317,0.2035,0.3261,0.5673,0.625,1.9163,0.3518,5,0.6053,1.8558,0.3295,23,0.6133,1.8806,0.3567,46,0.62,31,0.57,57,
cross_database_transfer,bindingdb_to_chembl_matched_targets,rich_diff_scalars,2,bindingdb_raw,chembl_raw,P00519,Tyrosine-protein kinase ABL1,174,0.1897,0.3512,0.7743,78,1.1437,0.2427,0.4468,-0.0529,0.1897,0.3542,0.5,2.6364,0.5,1,0.5556,2.9293,0.3501,5,0.2778,1.4646,0.175,5,0.14,7,0.16,16,
cross_database_transfer,bindingdb_to_chembl_matched_targets,rich_diff_scalars,2,bindingdb_raw,chembl_raw,Q9HAZ1,Dual specificity protein kinase CLK4,91,0.2527,0.5,0.7623,52,1.0,0.2616,0.5441,0.0949,0.2527,0.0381,0.0,0.0,0.0,0,0.0,0.0,0.0,0,0.0,0.0,0.0,0,0.26,13,0.2527,23,
cross_database_transfer,bindingdb_to_chembl_matched_targets,rich_diff_scalars,2,bindingdb_raw,chembl_raw,P11309,Serine/threonine-protein kinase pim-1,120,0.1667,0.2984,0.7712,62,1.075,0.2039,0.559,0.1058,0.1667,0.1489,0.0,0.0,0.0,0,0.1667,1.0,0.0556,1,0.0833,0.5,0.0278,1,0.2,10,0.17,17,
cross_database_transfer,bindingdb_to_chembl_matched_targets,rich_diff_scalars,2,bindingdb_raw,chembl_raw,P49841,Glycogen synthase kinase-3 beta,142,0.3944,0.693,0.7689,57,1.0282,0.4545,0.4995,0.0256,0.3944,0.5984,1.0,2.5357,1.0,2,0.75,1.9018,0.6979,6,0.5333,1.3524,0.4437,8,0.42,21,0.4,40,
cross_database_transfer,bindingdb_to_chembl_matched_targets,rich_scalars_only,2,bindingdb_raw,chembl_raw,P35367,Histamine H1 receptor,594,0.2138,0.5546,0.7773,168,1.1364,0.3507,0.7203,0.2634,0.2138,0.3502,0.0,0.0,0.0,0,0.3,1.4031,0.0812,9,0.4,1.8709,0.1338,24,0.38,19,0.38,38,
cross_database_transfer,bindingdb_to_chembl_matched_targets,rich_scalars_only,2,bindingdb_raw,chembl_raw,P41143,Delta-type opioid receptor,816,0.5417,1.1043,0.808,188,1.7022,0.6008,0.5841,0.1298,0.5417,0.5891,0.5556,1.0256,0.4015,5,0.6098,1.1257,0.3299,25,0.6463,1.1932,0.381,53,0.64,32,0.64,64,
cross_database_transfer,bindingdb_to_chembl_matched_targets,rich_scalars_only,2,bindingdb_raw,chembl_raw,P31645,Sodium-dependent serotonin transporter,555,0.4306,0.8056,0.7754,122,1.3315,0.5924,0.672,0.2548,0.4306,0.6724,0.6667,1.5481,0.5917,4,0.6429,1.4928,0.4916,18,0.6607,1.5343,0.4733,37,0.66,33,0.63,63,
cross_database_transfer,bindingdb_to_chembl_matched_targets,rich_scalars_only,2,bindingdb_raw,chembl_raw,P04150,Glucocorticoid receptor,945,0.3312,0.6039,0.7675,196,1.182,0.5024,0.6512,0.1756,0.3312,0.6445,0.8,2.4153,0.7161,8,0.7083,2.1386,0.5054,34,0.6737,2.034,0.4749,64,0.72,36,0.66,66,
cross_database_transfer,bindingdb_to_chembl_matched_targets,rich_scalars_only,2,bindingdb_raw,chembl_raw,P00734,Prothrombin,614,0.4935,0.9584,0.7957,257,1.1792,0.5273,0.5324,0.0515,0.4935,0.5621,0.5714,1.1579,0.3102,4,0.5161,1.0459,0.3199,16,0.5484,1.1113,0.3212,34,0.54,27,0.55,55,
cross_database_transfer,bindingdb_to_chembl_matched_targets,rich_scalars_only,2,bindingdb_raw,chembl_raw,Q99720,Sigma non-opioid intracellular receptor 1,566,0.5265,0.9897,0.8008,182,1.4399,0.7239,0.7036,0.3443,0.5265,0.8494,0.8333,1.5828,0.8333,5,0.931,1.7683,0.8569,27,0.8246,1.5661,0.7466,47,0.84,42,0.77,77,
cross_database_transfer,bindingdb_to_chembl_matched_targets,rich_scalars_only,2,bindingdb_raw,chembl_raw,P42336,"Phosphatidylinositol 4,5-bisphosphate 3-kinase catalytic subunit alpha isoform",405,0.2716,0.4686,0.7647,206,1.2099,0.3392,0.5606,0.0937,0.2716,0.3938,0.2,0.7364,0.05,1,0.4762,1.7532,0.1813,10,0.4146,1.5266,0.1644,17,0.4,20,0.39,39,
cross_database_transfer,bindingdb_to_chembl_matched_targets,rich_scalars_only,2,bindingdb_raw,chembl_raw,P08908,5-hydroxytryptamine receptor 1A,541,0.4362,0.7408,0.7941,129,1.5046,0.5394,0.6359,0.1885,0.4362,0.5914,0.6667,1.5282,0.4056,4,0.6071,1.3918,0.3526,17,0.6545,1.5005,0.4005,36,0.66,33,0.56,56,
cross_database_transfer,bindingdb_to_chembl_matched_targets,rich_scalars_only,2,bindingdb_raw,chembl_raw,P41145,Kappa-type opioid receptor,853,0.5252,1.0234,0.7852,217,1.449,0.7012,0.682,0.207,0.5252,0.8245,0.6667,1.2693,0.5108,6,0.8372,1.5941,0.6947,36,0.8256,1.5719,0.6967,71,0.86,43,0.81,81,
cross_database_transfer,bindingdb_to_chembl_matched_targets,rich_scalars_only,2,bindingdb_raw,chembl_raw,P10275,Androgen receptor,462,0.3182,0.5444,0.7923,114,1.2489,0.3778,0.6002,0.1583,0.3182,0.2913,0.0,0.0,0.0,0,0.2917,0.9167,0.0607,7,0.3191,1.003,0.0829,15,0.3,15,0.44,44,
cross_database_transfer,bindingdb_to_chembl_matched_targets,rich_scalars_only,2,bindingdb_raw,chembl_raw,P35462,D(3) dopamine receptor,462,0.4286,0.7298,0.7745,154,1.0758,0.5556,0.6241,0.1437,0.4286,0.6299,0.8,1.8667,0.8,4,0.625,1.4583,0.455,15,0.617,1.4397,0.4212,29,0.62,31,0.63,63,
cross_database_transfer,bindingdb_to_chembl_matched_targets,rich_scalars_only,2,bindingdb_raw,chembl_raw,P23458,Tyrosine-protein kinase JAK1,1128,0.1667,0.3723,0.7479,568,1.0133,0.4457,0.7979,0.3474,0.1667,0.5123,0.3333,2.0,0.2917,4,0.5088,3.0526,0.2535,29,0.5575,3.3451,0.2883,63,0.46,23,0.54,54,
cross_database_transfer,bindingdb_to_chembl_matched_targets,rich_scalars_only,2,bindingdb_raw,chembl_raw,P35372,Mu-type opioid receptor,682,0.3724,0.7457,0.7991,218,1.2331,0.6079,0.726,0.2772,0.3724,0.7266,0.8571,2.3015,0.8367,6,0.7143,1.9179,0.5656,25,0.7536,2.0235,0.5772,52,0.74,37,0.72,72,
cross_database_transfer,bindingdb_to_chembl_matched_targets,rich_scalars_only,2,bindingdb_raw,chembl_raw,Q01959,Sodium-dependent dopamine transporter,400,0.2675,0.5029,0.7795,78,1.2375,0.4356,0.6946,0.2427,0.2675,0.5011,0.5,1.8692,0.25,2,0.5,1.8692,0.25,10,0.475,1.7757,0.2431,19,0.54,27,0.48,48,
cross_database_transfer,bindingdb_to_chembl_matched_targets,rich_scalars_only,2,bindingdb_raw,chembl_raw,P00742,Coagulation factor X,723,0.4869,0.9307,0.7869,204,1.1245,0.6165,0.6023,0.1204,0.4869,0.7652,0.875,1.7972,0.8207,7,0.7838,1.6099,0.6948,29,0.726,1.4912,0.6067,53,0.78,39,0.7,70,
cross_database_transfer,bindingdb_to_chembl_matched_targets,rich_scalars_only,2,bindingdb_raw,chembl_raw,O43614,Orexin receptor type 2,388,0.5747,1.0255,0.7649,165,1.2294,0.6192,0.5566,0.0481,0.5747,0.5817,0.75,1.3049,0.6042,3,0.5,0.87,0.3527,10,0.5128,0.8923,0.3154,20,0.58,29,0.69,69,
cross_database_transfer,bindingdb_to_chembl_matched_targets,rich_scalars_only,2,bindingdb_raw,chembl_raw,O60674,Tyrosine-protein kinase JAK2,153,0.1699,0.3494,0.7688,74,1.0131,0.3801,0.649,0.0909,0.1699,0.5146,0.5,2.9423,0.5,1,0.5,2.9423,0.3646,4,0.5625,3.3101,0.3522,9,0.28,14,0.19,19,
cross_database_transfer,bindingdb_to_chembl_matched_targets,rich_scalars_only,2,bindingdb_raw,chembl_raw,P21917,D(4) dopamine receptor,329,0.4195,0.7517,0.7839,130,1.0547,0.4158,0.4936,-0.0372,0.4195,0.4087,0.25,0.596,0.0625,1,0.5294,1.2621,0.2148,9,0.4242,1.0114,0.1796,14,0.42,21,0.4,40,
cross_database_transfer,bindingdb_to_chembl_matched_targets,rich_scalars_only,2,bindingdb_raw,chembl_raw,Q9Y5N1,Histamine H3 receptor,742,0.3261,0.5884,0.7886,300,1.1078,0.4712,0.6365,0.2081,0.3261,0.5808,0.5,1.5331,0.3458,4,0.6053,1.8558,0.3455,23,0.64,1.9623,0.3875,48,0.64,32,0.58,58,
cross_database_transfer,bindingdb_to_chembl_matched_targets,rich_scalars_only,2,bindingdb_raw,chembl_raw,P00519,Tyrosine-protein kinase ABL1,174,0.1897,0.3512,0.7743,78,1.1437,0.2539,0.4203,-0.1375,0.1897,0.3903,0.5,2.6364,0.5,1,0.5556,2.9293,0.4015,5,0.2778,1.4646,0.2007,5,0.18,9,0.14,14,
cross_database_transfer,bindingdb_to_chembl_matched_targets,rich_scalars_only,2,bindingdb_raw,chembl_raw,Q9HAZ1,Dual specificity protein kinase CLK4,91,0.2527,0.5,0.7623,52,1.0,0.2607,0.5285,0.044,0.2527,0.0827,0.0,0.0,0.0,0,0.0,0.0,0.0,0,0.1,0.3957,0.0125,1,0.28,14,0.2527,23,
cross_database_transfer,bindingdb_to_chembl_matched_targets,rich_scalars_only,2,bindingdb_raw,chembl_raw,P11309,Serine/threonine-protein kinase pim-1,120,0.1667,0.2984,0.7712,62,1.075,0.2054,0.5615,0.0938,0.1667,0.18,0.0,0.0,0.0,0,0.1667,1.0,0.0556,1,0.1667,1.0,0.0444,2,0.22,11,0.17,17,
cross_database_transfer,bindingdb_to_chembl_matched_targets,rich_scalars_only,2,bindingdb_raw,chembl_raw,P49841,Glycogen synthase kinase-3 beta,142,0.3944,0.693,0.7689,57,1.0282,0.427,0.4652,-0.0267,0.3944,0.5286,1.0,2.5357,1.0,2,0.5,1.2679,0.5,4,0.4,1.0143,0.3364,6,0.38,19,0.37,37,
cross_database_transfer,bindingdb_to_chembl_matched_targets,extratrees_scalars,2,bindingdb_raw,chembl_raw,P35367,Histamine H1 receptor,594,0.2138,0.5546,0.7773,168,1.1364,0.5782,0.7834,0.3731,0.2138,0.7592,0.8333,3.8976,0.7722,5,0.9,4.2094,0.8107,27,0.7167,3.352,0.6377,43,0.78,39,0.53,53,
cross_database_transfer,bindingdb_to_chembl_matched_targets,extratrees_scalars,2,bindingdb_raw,chembl_raw,P41143,Delta-type opioid receptor,816,0.5417,1.1043,0.808,188,1.7022,0.7055,0.6692,0.259,0.5417,0.8619,1.0,1.8462,1.0,9,0.9512,1.7561,0.8944,39,0.8537,1.576,0.7889,70,0.92,46,0.85,85,
cross_database_transfer,bindingdb_to_chembl_matched_targets,extratrees_scalars,2,bindingdb_raw,chembl_raw,P31645,Sodium-dependent serotonin transporter,555,0.4306,0.8056,0.7754,122,1.3315,0.6181,0.6885,0.2502,0.4306,0.7255,0.6667,1.5481,0.5694,4,0.75,1.7416,0.5725,21,0.6964,1.6172,0.532,39,0.72,36,0.68,68,
cross_database_transfer,bindingdb_to_chembl_matched_targets,extratrees_scalars,2,bindingdb_raw,chembl_raw,P04150,Glucocorticoid receptor,945,0.3312,0.6039,0.7675,196,1.182,0.6626,0.7669,0.3953,0.3312,0.8404,0.9,2.7173,0.9,9,0.9167,2.7676,0.8661,44,0.8211,2.4789,0.7537,78,0.92,46,0.82,82,
cross_database_transfer,bindingdb_to_chembl_matched_targets,extratrees_scalars,2,bindingdb_raw,chembl_raw,P00734,Prothrombin,614,0.4935,0.9584,0.7957,257,1.1792,0.5882,0.5972,0.1214,0.4935,0.676,0.8571,1.7369,0.7486,6,0.7097,1.4381,0.5431,22,0.7097,1.4381,0.5184,44,0.7,35,0.64,64,
cross_database_transfer,bindingdb_to_chembl_matched_targets,extratrees_scalars,2,bindingdb_raw,chembl_raw,Q99720,Sigma non-opioid intracellular receptor 1,566,0.5265,0.9897,0.8008,182,1.4399,0.7439,0.7216,0.3088,0.5265,0.8905,1.0,1.8993,1.0,6,0.931,1.7683,0.8862,27,0.9123,1.7327,0.8521,52,0.9,45,0.81,81,
cross_database_transfer,bindingdb_to_chembl_matched_targets,extratrees_scalars,2,bindingdb_raw,chembl_raw,P42336,"Phosphatidylinositol 4,5-bisphosphate 3-kinase catalytic subunit alpha isoform",405,0.2716,0.4686,0.7647,206,1.2099,0.5307,0.6827,0.2805,0.2716,0.7199,1.0,3.6818,1.0,5,0.8095,2.9805,0.7618,17,0.6829,2.5144,0.5934,28,0.58,29,0.49,49,
cross_database_transfer,bindingdb_to_chembl_matched_targets,extratrees_scalars,2,bindingdb_raw,chembl_raw,P08908,5-hydroxytryptamine receptor 1A,541,0.4362,0.7408,0.7941,129,1.5046,0.6214,0.6494,0.2477,0.4362,0.7928,1.0,2.2924,1.0,6,0.8571,1.9649,0.8326,24,0.7455,1.7089,0.6706,41,0.78,39,0.68,68,
cross_database_transfer,bindingdb_to_chembl_matched_targets,extratrees_scalars,2,bindingdb_raw,chembl_raw,P41145,Kappa-type opioid receptor,853,0.5252,1.0234,0.7852,217,1.449,0.7422,0.7205,0.3501,0.5252,0.8606,1.0,1.904,1.0,9,0.907,1.7269,0.8277,39,0.8605,1.6383,0.7714,74,0.88,44,0.85,85,
cross_database_transfer,bindingdb_to_chembl_matched_targets,extratrees_scalars,2,bindingdb_raw,chembl_raw,P10275,Androgen receptor,462,0.3182,0.5444,0.7923,114,1.2489,0.6318,0.7981,0.4315,0.3182,0.7186,1.0,3.1429,1.0,5,0.6667,2.0952,0.5987,16,0.7234,2.2736,0.5666,34,0.7,35,0.68,68,
cross_database_transfer,bindingdb_to_chembl_matched_targets,extratrees_scalars,2,bindingdb_raw,chembl_raw,P35462,D(3) dopamine receptor,462,0.4286,0.7298,0.7745,154,1.0758,0.501,0.6091,0.1234,0.4286,0.481,0.4,0.9333,0.1667,2,0.4167,0.9722,0.1911,10,0.4894,1.1418,0.2271,23,0.5,25,0.58,58,
cross_database_transfer,bindingdb_to_chembl_matched_targets,extratrees_scalars,2,bindingdb_raw,chembl_raw,P23458,Tyrosine-protein kinase JAK1,1128,0.1667,0.3723,0.7479,568,1.0133,0.566,0.844,0.339,0.1667,0.6694,1.0,6.0,1.0,12,0.6667,4.0,0.5689,38,0.6195,3.7168,0.4712,70,0.74,37,0.65,65,
cross_database_transfer,bindingdb_to_chembl_matched_targets,extratrees_scalars,2,bindingdb_raw,chembl_raw,P35372,Mu-type opioid receptor,682,0.3724,0.7457,0.7991,218,1.2331,0.6306,0.7343,0.3601,0.3724,0.7628,0.7143,1.9179,0.6259,5,0.7714,2.0713,0.6139,27,0.7826,2.1013,0.6209,54,0.8,40,0.75,75,
cross_database_transfer,bindingdb_to_chembl_matched_targets,extratrees_scalars,2,bindingdb_raw,chembl_raw,Q01959,Sodium-dependent dopamine transporter,400,0.2675,0.5029,0.7795,78,1.2375,0.5841,0.7729,0.4339,0.2675,0.7272,0.5,1.8692,0.375,2,0.8,2.9907,0.6179,16,0.725,2.7103,0.5587,29,0.7,35,0.59,59,
cross_database_transfer,bindingdb_to_chembl_matched_targets,extratrees_scalars,2,bindingdb_raw,chembl_raw,P00742,Coagulation factor X,723,0.4869,0.9307,0.7869,204,1.1245,0.622,0.6354,0.1401,0.4869,0.7594,1.0,2.054,1.0,8,0.8919,1.8319,0.8736,33,0.6438,1.3224,0.595,47,0.82,41,0.62,62,
cross_database_transfer,bindingdb_to_chembl_matched_targets,extratrees_scalars,2,bindingdb_raw,chembl_raw,O43614,Orexin receptor type 2,388,0.5747,1.0255,0.7649,165,1.2294,0.7526,0.7024,0.2673,0.5747,0.8553,0.5,0.87,0.5,2,0.9,1.5659,0.7486,18,0.8974,1.5615,0.7774,35,0.86,43,0.79,79,
cross_database_transfer,bindingdb_to_chembl_matched_targets,extratrees_scalars,2,bindingdb_raw,chembl_raw,O60674,Tyrosine-protein kinase JAK2,153,0.1699,0.3494,0.7688,74,1.0131,0.3738,0.6499,0.1421,0.1699,0.5333,0.5,2.9423,0.25,1,0.625,3.6779,0.3579,5,0.5625,3.3101,0.3354,9,0.26,13,0.18,18,
cross_database_transfer,bindingdb_to_chembl_matched_targets,extratrees_scalars,2,bindingdb_raw,chembl_raw,P21917,D(4) dopamine receptor,329,0.4195,0.7517,0.7839,130,1.0547,0.5198,0.5952,0.1251,0.4195,0.5893,0.75,1.788,0.6042,3,0.5882,1.4024,0.4272,10,0.5758,1.3726,0.3778,19,0.58,29,0.54,54,
cross_database_transfer,bindingdb_to_chembl_matched_targets,extratrees_scalars,2,bindingdb_raw,chembl_raw,Q9Y5N1,Histamine H3 receptor,742,0.3261,0.5884,0.7886,300,1.1078,0.4793,0.6726,0.1755,0.3261,0.5742,0.5,1.5331,0.3214,4,0.5789,1.7751,0.3599,22,0.5733,1.7579,0.3538,43,0.64,32,0.55,55,
cross_database_transfer,bindingdb_to_chembl_matched_targets,extratrees_scalars,2,bindingdb_raw,chembl_raw,P00519,Tyrosine-protein kinase ABL1,174,0.1897,0.3512,0.7743,78,1.1437,0.7068,0.7756,0.3816,0.1897,0.9094,1.0,5.2727,1.0,2,1.0,5.2727,1.0,9,0.9444,4.9798,0.9444,17,0.42,21,0.25,25,
cross_database_transfer,bindingdb_to_chembl_matched_targets,extratrees_scalars,2,bindingdb_raw,chembl_raw,Q9HAZ1,Dual specificity protein kinase CLK4,91,0.2527,0.5,0.7623,52,1.0,0.3642,0.5467,0.0651,0.2527,0.4638,1.0,3.9565,1.0,1,0.6,2.3739,0.4833,3,0.3,1.187,0.2417,3,0.3,15,0.2527,23,
cross_database_transfer,bindingdb_to_chembl_matched_targets,extratrees_scalars,2,bindingdb_raw,chembl_raw,P11309,Serine/threonine-protein kinase pim-1,120,0.1667,0.2984,0.7712,62,1.075,0.2671,0.649,0.1022,0.1667,0.3071,0.0,0.0,0.0,0,0.5,3.0,0.2056,3,0.25,1.5,0.1028,3,0.2,10,0.2,20,
cross_database_transfer,bindingdb_to_chembl_matched_targets,extratrees_scalars,2,bindingdb_raw,chembl_raw,P49841,Glycogen synthase kinase-3 beta,142,0.3944,0.693,0.7689,57,1.0282,0.5247,0.5951,0.1448,0.3944,0.6641,1.0,2.5357,1.0,2,0.625,1.5848,0.5476,5,0.6667,1.6905,0.5115,10,0.48,24,0.44,44,
cross_database_transfer,bindingdb_to_chembl_exact_ligand_purged,ecfp_absdiff_xgb,0,bindingdb_raw,chembl_raw,P35367,Histamine H1 receptor,594,0.2138,0.5546,0.7773,168,1.1364,0.2428,0.5049,-0.0295,0.2138,0.2503,0.5,2.3386,0.4333,3,0.2333,1.0913,0.1414,7,0.2,0.9354,0.089,12,0.2,10,0.23,23,
cross_database_transfer,bindingdb_to_chembl_exact_ligand_purged,ecfp_absdiff_xgb,0,bindingdb_raw,chembl_raw,P41143,Delta-type opioid receptor,816,0.5417,1.1043,0.808,188,1.7022,0.5982,0.5819,0.1397,0.5417,0.6797,0.7778,1.4359,0.5565,7,0.7317,1.3508,0.5387,30,0.6341,1.1707,0.4513,52,0.7,35,0.63,63,
cross_database_transfer,bindingdb_to_chembl_exact_ligand_purged,ecfp_absdiff_xgb,0,bindingdb_raw,chembl_raw,P31645,Sodium-dependent serotonin transporter,555,0.4306,0.8056,0.7754,122,1.3315,0.4519,0.5459,0.0501,0.4306,0.3827,0.3333,0.7741,0.1389,2,0.3571,0.8293,0.1593,10,0.3929,0.9123,0.1568,22,0.36,18,0.41,41,
cross_database_transfer,bindingdb_to_chembl_exact_ligand_purged,ecfp_absdiff_xgb,0,bindingdb_raw,chembl_raw,P04150,Glucocorticoid receptor,945,0.3312,0.6039,0.7675,196,1.182,0.3447,0.5109,0.0501,0.3312,0.3868,0.4,1.2077,0.1186,4,0.3542,1.0693,0.1445,17,0.4,1.2077,0.156,38,0.36,18,0.41,41,
cross_database_transfer,bindingdb_to_chembl_exact_ligand_purged,ecfp_absdiff_xgb,0,bindingdb_raw,chembl_raw,P00734,Prothrombin,614,0.4935,0.9584,0.7957,257,1.1792,0.526,0.5605,0.0764,0.4935,0.5169,0.4286,0.8685,0.2714,3,0.4516,0.9151,0.2123,14,0.5968,1.2093,0.3082,37,0.56,28,0.58,58,
cross_database_transfer,bindingdb_to_chembl_exact_ligand_purged,ecfp_absdiff_xgb,0,bindingdb_raw,chembl_raw,Q99720,Sigma non-opioid intracellular receptor 1,566,0.5265,0.9897,0.8008,182,1.4399,0.5187,0.4722,-0.0293,0.5265,0.5263,0.6667,1.2662,0.4889,4,0.5862,1.1134,0.3524,17,0.4737,0.8997,0.2744,27,0.5,25,0.52,52,
cross_database_transfer,bindingdb_to_chembl_exact_ligand_purged,ecfp_absdiff_xgb,0,bindingdb_raw,chembl_raw,P42336,"Phosphatidylinositol 4,5-bisphosphate 3-kinase catalytic subunit alpha isoform",405,0.2716,0.4686,0.7647,206,1.2099,0.3265,0.5999,0.2012,0.2716,0.3416,0.2,0.7364,0.05,1,0.3333,1.2273,0.1152,7,0.3171,1.1674,0.1138,13,0.32,16,0.4,40,
cross_database_transfer,bindingdb_to_chembl_exact_ligand_purged,ecfp_absdiff_xgb,0,bindingdb_raw,chembl_raw,P08908,5-hydroxytryptamine receptor 1A,541,0.4362,0.7408,0.7941,129,1.5046,0.4225,0.4566,-0.1905,0.4362,0.2891,0.5,1.1462,0.4583,3,0.2857,0.655,0.1747,8,0.2545,0.5835,0.1169,14,0.26,13,0.27,27,
cross_database_transfer,bindingdb_to_chembl_exact_ligand_purged,ecfp_absdiff_xgb,0,bindingdb_raw,chembl_raw,P41145,Kappa-type opioid receptor,853,0.5252,1.0234,0.7852,217,1.449,0.6,0.5667,0.0861,0.5252,0.7384,0.7778,1.4809,0.6198,7,0.7442,1.4169,0.6158,32,0.7209,1.3727,0.5718,62,0.78,39,0.72,72,
cross_database_transfer,bindingdb_to_chembl_exact_ligand_purged,ecfp_absdiff_xgb,0,bindingdb_raw,chembl_raw,P10275,Androgen receptor,462,0.3182,0.5444,0.7923,114,1.2489,0.321,0.5002,0.0153,0.3182,0.3155,0.4,1.2571,0.2,2,0.2917,0.9167,0.1117,7,0.2766,0.8693,0.0996,13,0.28,14,0.34,34,
cross_database_transfer,bindingdb_to_chembl_exact_ligand_purged,ecfp_absdiff_xgb,0,bindingdb_raw,chembl_raw,P35462,D(3) dopamine receptor,462,0.4286,0.7298,0.7745,154,1.0758,0.4253,0.531,0.042,0.4286,0.2855,0.0,0.0,0.0,0,0.2917,0.6806,0.0634,7,0.2766,0.6454,0.0755,13,0.26,13,0.43,43,
cross_database_transfer,bindingdb_to_chembl_exact_ligand_purged,ecfp_absdiff_xgb,0,bindingdb_raw,chembl_raw,P23458,Tyrosine-protein kinase JAK1,1128,0.1667,0.3723,0.7479,568,1.0133,0.231,0.6238,0.0885,0.1667,0.2662,0.25,1.5,0.0764,3,0.2456,1.4737,0.0778,14,0.2389,1.4336,0.0654,27,0.28,14,0.22,22,
cross_database_transfer,bindingdb_to_chembl_exact_ligand_purged,ecfp_absdiff_xgb,0,bindingdb_raw,chembl_raw,P35372,Mu-type opioid receptor,682,0.3724,0.7457,0.7991,218,1.2331,0.4762,0.6073,0.2059,0.3724,0.6539,0.5714,1.5343,0.3,4,0.7143,1.9179,0.4876,25,0.6667,1.79,0.4556,46,0.7,35,0.62,62,
cross_database_transfer,bindingdb_to_chembl_exact_ligand_purged,ecfp_absdiff_xgb,0,bindingdb_raw,chembl_raw,Q01959,Sodium-dependent dopamine transporter,400,0.2675,0.5029,0.7795,78,1.2375,0.2979,0.5298,0.0654,0.2675,0.3519,0.25,0.9346,0.0625,1,0.4,1.4953,0.1651,8,0.3,1.1215,0.1257,12,0.34,17,0.26,26,
cross_database_transfer,bindingdb_to_chembl_exact_ligand_purged,ecfp_absdiff_xgb,0,bindingdb_raw,chembl_raw,P00742,Coagulation factor X,723,0.4869,0.9307,0.7869,204,1.1245,0.5968,0.6284,0.1512,0.4869,0.7519,0.625,1.2837,0.3371,5,0.8378,1.7209,0.6453,31,0.7671,1.5757,0.5954,56,0.8,40,0.72,72,
cross_database_transfer,bindingdb_to_chembl_exact_ligand_purged,ecfp_absdiff_xgb,0,bindingdb_raw,chembl_raw,O43614,Orexin receptor type 2,388,0.5747,1.0255,0.7649,165,1.2294,0.6103,0.5541,0.0507,0.5747,0.6585,0.75,1.3049,0.6042,3,0.75,1.3049,0.5375,15,0.641,1.1153,0.4496,25,0.64,32,0.61,61,
cross_database_transfer,bindingdb_to_chembl_exact_ligand_purged,ecfp_absdiff_xgb,0,bindingdb_raw,chembl_raw,O60674,Tyrosine-protein kinase JAK2,153,0.1699,0.3494,0.7688,74,1.0131,0.2786,0.5603,0.1398,0.1699,0.4123,0.5,2.9423,0.5,1,0.5,2.9423,0.3214,4,0.4375,2.5745,0.2407,7,0.22,11,0.17,17,
cross_database_transfer,bindingdb_to_chembl_exact_ligand_purged,ecfp_absdiff_xgb,0,bindingdb_raw,chembl_raw,P21917,D(4) dopamine receptor,329,0.4195,0.7517,0.7839,130,1.0547,0.4397,0.4734,-0.0376,0.4195,0.5541,0.75,1.788,0.6875,3,0.6471,1.5426,0.5289,11,0.4545,1.0837,0.3439,15,0.38,19,0.4,40,
cross_database_transfer,bindingdb_to_chembl_exact_ligand_purged,ecfp_absdiff_xgb,0,bindingdb_raw,chembl_raw,Q9Y5N1,Histamine H3 receptor,742,0.3261,0.5884,0.7886,300,1.1078,0.3876,0.5399,0.0936,0.3261,0.5118,0.75,2.2996,0.5509,6,0.5526,1.6944,0.4006,21,0.4667,1.4309,0.2978,35,0.52,26,0.39,39,
cross_database_transfer,bindingdb_to_chembl_exact_ligand_purged,ecfp_absdiff_xgb,0,bindingdb_raw,chembl_raw,P00519,Tyrosine-protein kinase ABL1,174,0.1897,0.3512,0.7743,78,1.1437,0.3064,0.5834,0.0851,0.1897,0.4538,0.5,2.6364,0.5,1,0.6667,3.5152,0.4755,6,0.3333,1.7576,0.2378,6,0.26,13,0.25,25,
cross_database_transfer,bindingdb_to_chembl_exact_ligand_purged,ecfp_absdiff_xgb,0,bindingdb_raw,chembl_raw,Q9HAZ1,Dual specificity protein kinase CLK4,91,0.2527,0.5,0.7623,52,1.0,0.2392,0.4367,-0.088,0.2527,0.069,0.0,0.0,0.0,0,0.0,0.0,0.0,0,0.1,0.3957,0.0111,1,0.22,11,0.2527,23,
cross_database_transfer,bindingdb_to_chembl_exact_ligand_purged,ecfp_absdiff_xgb,0,bindingdb_raw,chembl_raw,P11309,Serine/threonine-protein kinase pim-1,120,0.1667,0.2984,0.7712,62,1.075,0.2668,0.5638,0.0662,0.1667,0.354,0.5,3.0,0.25,1,0.3333,2.0,0.1389,2,0.5,3.0,0.2136,6,0.24,12,0.18,18,
cross_database_transfer,bindingdb_to_chembl_exact_ligand_purged,ecfp_absdiff_xgb,0,bindingdb_raw,chembl_raw,P49841,Glycogen synthase kinase-3 beta,142,0.3944,0.693,0.7689,57,1.0282,0.4342,0.5026,-0.0141,0.3944,0.4927,1.0,2.5357,1.0,2,0.625,1.5848,0.5164,5,0.3333,0.8452,0.2754,5,0.36,18,0.39,39,
cross_database_transfer,bindingdb_to_chembl_exact_ligand_purged,rich_diff_scalars,0,bindingdb_raw,chembl_raw,P35367,Histamine H1 receptor,594,0.2138,0.5546,0.7773,168,1.1364,0.397,0.7391,0.3187,0.2138,0.4647,0.3333,1.5591,0.1111,2,0.4667,2.1827,0.2237,14,0.4667,2.1827,0.2308,28,0.48,24,0.41,41,
cross_database_transfer,bindingdb_to_chembl_exact_ligand_purged,rich_diff_scalars,0,bindingdb_raw,chembl_raw,P41143,Delta-type opioid receptor,816,0.5417,1.1043,0.808,188,1.7022,0.6166,0.5908,0.1258,0.5417,0.6503,0.6667,1.2308,0.4755,6,0.6585,1.2158,0.4583,27,0.6463,1.1932,0.4322,53,0.62,31,0.64,64,
cross_database_transfer,bindingdb_to_chembl_exact_ligand_purged,rich_diff_scalars,0,bindingdb_raw,chembl_raw,P31645,Sodium-dependent serotonin transporter,555,0.4306,0.8056,0.7754,122,1.3315,0.5671,0.6373,0.1589,0.4306,0.6567,0.8333,1.9351,0.7722,5,0.6786,1.5758,0.4925,19,0.6607,1.5343,0.4677,37,0.68,34,0.61,61,
cross_database_transfer,bindingdb_to_chembl_exact_ligand_purged,rich_diff_scalars,0,bindingdb_raw,chembl_raw,P04150,Glucocorticoid receptor,945,0.3312,0.6039,0.7675,196,1.182,0.4908,0.6202,0.104,0.3312,0.659,0.8,2.4153,0.7454,8,0.75,2.2644,0.5989,36,0.6421,1.9386,0.4808,61,0.74,37,0.66,66,
cross_database_transfer,bindingdb_to_chembl_exact_ligand_purged,rich_diff_scalars,0,bindingdb_raw,chembl_raw,P00734,Prothrombin,614,0.4935,0.9584,0.7957,257,1.1792,0.506,0.5202,0.0232,0.4935,0.4807,0.4286,0.8685,0.2279,3,0.4839,0.9805,0.2485,15,0.4516,0.9151,0.2227,28,0.44,22,0.51,51,
cross_database_transfer,bindingdb_to_chembl_exact_ligand_purged,rich_diff_scalars,0,bindingdb_raw,chembl_raw,Q99720,Sigma non-opioid intracellular receptor 1,566,0.5265,0.9897,0.8008,182,1.4399,0.6981,0.6845,0.3123,0.5265,0.8088,1.0,1.8993,1.0,6,0.8621,1.6374,0.8016,25,0.7544,1.4328,0.6737,43,0.82,41,0.72,72,
cross_database_transfer,bindingdb_to_chembl_exact_ligand_purged,rich_diff_scalars,0,bindingdb_raw,chembl_raw,P42336,"Phosphatidylinositol 4,5-bisphosphate 3-kinase catalytic subunit alpha isoform",405,0.2716,0.4686,0.7647,206,1.2099,0.335,0.5651,0.0975,0.2716,0.3732,0.2,0.7364,0.1,1,0.3333,1.2273,0.119,7,0.439,1.6164,0.1683,18,0.42,21,0.36,36,
cross_database_transfer,bindingdb_to_chembl_exact_ligand_purged,rich_diff_scalars,0,bindingdb_raw,chembl_raw,P08908,5-hydroxytryptamine receptor 1A,541,0.4362,0.7408,0.7941,129,1.5046,0.5511,0.6515,0.1974,0.4362,0.5923,0.6667,1.5282,0.3778,4,0.5714,1.3099,0.3481,16,0.5818,1.3337,0.3534,32,0.58,29,0.6,60,
cross_database_transfer,bindingdb_to_chembl_exact_ligand_purged,rich_diff_scalars,0,bindingdb_raw,chembl_raw,P41145,Kappa-type opioid receptor,853,0.5252,1.0234,0.7852,217,1.449,0.6502,0.6119,0.0971,0.5252,0.7908,0.7778,1.4809,0.5565,7,0.8605,1.6383,0.7055,37,0.814,1.5498,0.6831,70,0.88,44,0.75,75,
cross_database_transfer,bindingdb_to_chembl_exact_ligand_purged,rich_diff_scalars,0,bindingdb_raw,chembl_raw,P10275,Androgen receptor,462,0.3182,0.5444,0.7923,114,1.2489,0.3606,0.5694,0.1084,0.3182,0.3146,0.2,0.6286,0.05,1,0.25,0.7857,0.0754,6,0.3191,1.003,0.0989,15,0.32,16,0.42,42,
cross_database_transfer,bindingdb_to_chembl_exact_ligand_purged,rich_diff_scalars,0,bindingdb_raw,chembl_raw,P35462,D(3) dopamine receptor,462,0.4286,0.7298,0.7745,154,1.0758,0.5262,0.6051,0.1651,0.4286,0.5831,0.6,1.4,0.2867,3,0.625,1.4583,0.3523,15,0.5957,1.3901,0.3518,28,0.58,29,0.57,57,
cross_database_transfer,bindingdb_to_chembl_exact_ligand_purged,rich_diff_scalars,0,bindingdb_raw,chembl_raw,P23458,Tyrosine-protein kinase JAK1,1128,0.1667,0.3723,0.7479,568,1.0133,0.346,0.6916,0.2291,0.1667,0.4777,0.4167,2.5,0.2676,5,0.4912,2.9474,0.2466,28,0.4956,2.9735,0.2565,56,0.52,26,0.53,53,
cross_database_transfer,bindingdb_to_chembl_exact_ligand_purged,rich_diff_scalars,0,bindingdb_raw,chembl_raw,P35372,Mu-type opioid receptor,682,0.3724,0.7457,0.7991,218,1.2331,0.5979,0.7019,0.2603,0.3724,0.7365,0.8571,2.3015,0.8129,6,0.7429,1.9946,0.6154,26,0.7246,1.9457,0.5684,50,0.74,37,0.74,74,
cross_database_transfer,bindingdb_to_chembl_exact_ligand_purged,rich_diff_scalars,0,bindingdb_raw,chembl_raw,Q01959,Sodium-dependent dopamine transporter,400,0.2675,0.5029,0.7795,78,1.2375,0.435,0.6718,0.1888,0.2675,0.5599,0.25,0.9346,0.0625,1,0.7,2.6168,0.4177,14,0.575,2.1495,0.3452,23,0.52,26,0.43,43,
cross_database_transfer,bindingdb_to_chembl_exact_ligand_purged,rich_diff_scalars,0,bindingdb_raw,chembl_raw,P00742,Coagulation factor X,723,0.4869,0.9307,0.7869,204,1.1245,0.5913,0.598,0.1527,0.4869,0.6861,1.0,2.054,1.0,8,0.6757,1.3878,0.5505,25,0.6849,1.4068,0.5175,50,0.72,36,0.65,65,
cross_database_transfer,bindingdb_to_chembl_exact_ligand_purged,rich_diff_scalars,0,bindingdb_raw,chembl_raw,O43614,Orexin receptor type 2,388,0.5747,1.0255,0.7649,165,1.2294,0.6257,0.5454,0.0374,0.5747,0.6331,0.75,1.3049,0.6875,3,0.55,0.957,0.443,11,0.5641,0.9815,0.3889,22,0.64,32,0.7,70,
cross_database_transfer,bindingdb_to_chembl_exact_ligand_purged,rich_diff_scalars,0,bindingdb_raw,chembl_raw,O60674,Tyrosine-protein kinase JAK2,153,0.1699,0.3494,0.7688,74,1.0131,0.3877,0.6611,0.1367,0.1699,0.4998,1.0,5.8846,1.0,2,0.375,2.2067,0.375,3,0.5,2.9423,0.3337,8,0.3,15,0.2,20,
cross_database_transfer,bindingdb_to_chembl_exact_ligand_purged,rich_diff_scalars,0,bindingdb_raw,chembl_raw,P21917,D(4) dopamine receptor,329,0.4195,0.7517,0.7839,130,1.0547,0.4172,0.4891,-0.0189,0.4195,0.3848,0.0,0.0,0.0,0,0.4118,0.9817,0.1379,7,0.4242,1.0114,0.1579,14,0.42,21,0.44,44,
cross_database_transfer,bindingdb_to_chembl_exact_ligand_purged,rich_diff_scalars,0,bindingdb_raw,chembl_raw,Q9Y5N1,Histamine H3 receptor,742,0.3261,0.5884,0.7886,300,1.1078,0.457,0.6372,0.1713,0.3261,0.57,0.5,1.5331,0.3089,4,0.6053,1.8558,0.341,23,0.6133,1.8806,0.3741,46,0.64,32,0.53,53,
cross_database_transfer,bindingdb_to_chembl_exact_ligand_purged,rich_diff_scalars,0,bindingdb_raw,chembl_raw,P00519,Tyrosine-protein kinase ABL1,174,0.1897,0.3512,0.7743,78,1.1437,0.2444,0.3938,-0.1467,0.1897,0.3427,1.0,5.2727,1.0,2,0.3333,1.7576,0.3333,3,0.2222,1.1717,0.1838,4,0.16,8,0.14,14,
cross_database_transfer,bindingdb_to_chembl_exact_ligand_purged,rich_diff_scalars,0,bindingdb_raw,chembl_raw,Q9HAZ1,Dual specificity protein kinase CLK4,91,0.2527,0.5,0.7623,52,1.0,0.2595,0.5358,0.0568,0.2527,0.0673,0.0,0.0,0.0,0,0.0,0.0,0.0,0,0.1,0.3957,0.0125,1,0.26,13,0.2527,23,
cross_database_transfer,bindingdb_to_chembl_exact_ligand_purged,rich_diff_scalars,0,bindingdb_raw,chembl_raw,P11309,Serine/threonine-protein kinase pim-1,120,0.1667,0.2984,0.7712,62,1.075,0.2129,0.5565,0.1226,0.1667,0.2193,0.5,3.0,0.25,1,0.1667,1.0,0.0833,1,0.25,1.5,0.0852,3,0.18,9,0.17,17,
cross_database_transfer,bindingdb_to_chembl_exact_ligand_purged,rich_diff_scalars,0,bindingdb_raw,chembl_raw,P49841,Glycogen synthase kinase-3 beta,142,0.3944,0.693,0.7689,57,1.0282,0.4116,0.4856,0.0307,0.3944,0.4722,0.5,1.2679,0.25,1,0.625,1.5848,0.3823,5,0.4,1.0143,0.2403,6,0.38,19,0.39,39,
cross_database_transfer,bindingdb_to_chembl_exact_ligand_purged,rich_scalars_only,0,bindingdb_raw,chembl_raw,P35367,Histamine H1 receptor,594,0.2138,0.5546,0.7773,168,1.1364,0.3839,0.7438,0.3179,0.2138,0.4058,0.1667,0.7795,0.0417,1,0.4,1.8709,0.1283,12,0.4667,2.1827,0.1837,28,0.46,23,0.45,45,
cross_database_transfer,bindingdb_to_chembl_exact_ligand_purged,rich_scalars_only,0,bindingdb_raw,chembl_raw,P41143,Delta-type opioid receptor,816,0.5417,1.1043,0.808,188,1.7022,0.6041,0.5871,0.1688,0.5417,0.5917,0.7778,1.4359,0.7073,7,0.561,1.0356,0.3798,23,0.6098,1.1257,0.3812,50,0.58,29,0.59,59,
cross_database_transfer,bindingdb_to_chembl_exact_ligand_purged,rich_scalars_only,0,bindingdb_raw,chembl_raw,P31645,Sodium-dependent serotonin transporter,555,0.4306,0.8056,0.7754,122,1.3315,0.6098,0.6912,0.3138,0.4306,0.6829,0.6667,1.5481,0.5694,4,0.7143,1.6587,0.5331,20,0.6607,1.5343,0.474,37,0.68,34,0.69,69,
cross_database_transfer,bindingdb_to_chembl_exact_ligand_purged,rich_scalars_only,0,bindingdb_raw,chembl_raw,P04150,Glucocorticoid receptor,945,0.3312,0.6039,0.7675,196,1.182,0.496,0.6349,0.1371,0.3312,0.6324,0.8,2.4153,0.8,8,0.6458,1.9499,0.5005,31,0.6211,1.8751,0.4428,59,0.64,32,0.62,62,
cross_database_transfer,bindingdb_to_chembl_exact_ligand_purged,rich_scalars_only,0,bindingdb_raw,chembl_raw,P00734,Prothrombin,614,0.4935,0.9584,0.7957,257,1.1792,0.5219,0.512,0.0574,0.4935,0.5685,0.7143,1.4474,0.7143,5,0.6129,1.242,0.4467,19,0.5484,1.1113,0.3649,34,0.56,28,0.5,50,
cross_database_transfer,bindingdb_to_chembl_exact_ligand_purged,rich_scalars_only,0,bindingdb_raw,chembl_raw,Q99720,Sigma non-opioid intracellular receptor 1,566,0.5265,0.9897,0.8008,182,1.4399,0.6988,0.6953,0.322,0.5265,0.7961,1.0,1.8993,1.0,6,0.8621,1.6374,0.7719,25,0.7895,1.4995,0.6842,45,0.84,42,0.71,71,
cross_database_transfer,bindingdb_to_chembl_exact_ligand_purged,rich_scalars_only,0,bindingdb_raw,chembl_raw,P42336,"Phosphatidylinositol 4,5-bisphosphate 3-kinase catalytic subunit alpha isoform",405,0.2716,0.4686,0.7647,206,1.2099,0.3353,0.5555,0.0999,0.2716,0.403,0.2,0.7364,0.04,1,0.4762,1.7532,0.1927,10,0.439,1.6164,0.1833,18,0.42,21,0.36,36,
cross_database_transfer,bindingdb_to_chembl_exact_ligand_purged,rich_scalars_only,0,bindingdb_raw,chembl_raw,P08908,5-hydroxytryptamine receptor 1A,541,0.4362,0.7408,0.7941,129,1.5046,0.558,0.6716,0.3367,0.4362,0.5928,0.5,1.1462,0.2667,3,0.6786,1.5555,0.4059,19,0.6,1.3754,0.3698,33,0.62,31,0.53,53,
cross_database_transfer,bindingdb_to_chembl_exact_ligand_purged,rich_scalars_only,0,bindingdb_raw,chembl_raw,P41145,Kappa-type opioid receptor,853,0.5252,1.0234,0.7852,217,1.449,0.6538,0.6147,0.1303,0.5252,0.7944,0.7778,1.4809,0.7531,7,0.8605,1.6383,0.7483,37,0.7907,1.5055,0.6731,68,0.86,43,0.77,77,
cross_database_transfer,bindingdb_to_chembl_exact_ligand_purged,rich_scalars_only,0,bindingdb_raw,chembl_raw,P10275,Androgen receptor,462,0.3182,0.5444,0.7923,114,1.2489,0.3634,0.5681,0.111,0.3182,0.3492,0.2,0.6286,0.04,1,0.2917,0.9167,0.1,7,0.383,1.2036,0.1327,18,0.38,19,0.39,39,
cross_database_transfer,bindingdb_to_chembl_exact_ligand_purged,rich_scalars_only,0,bindingdb_raw,chembl_raw,P35462,D(3) dopamine receptor,462,0.4286,0.7298,0.7745,154,1.0758,0.5686,0.6373,0.1613,0.4286,0.6695,0.8,1.8667,0.8,4,0.6667,1.5556,0.5379,16,0.5957,1.3901,0.451,28,0.6,30,0.62,62,
cross_database_transfer,bindingdb_to_chembl_exact_ligand_purged,rich_scalars_only,0,bindingdb_raw,chembl_raw,P23458,Tyrosine-protein kinase JAK1,1128,0.1667,0.3723,0.7479,568,1.0133,0.3274,0.6942,0.2331,0.1667,0.4389,0.4167,2.5,0.258,5,0.4912,2.9474,0.2386,28,0.4248,2.5487,0.2033,48,0.48,24,0.45,45,
cross_database_transfer,bindingdb_to_chembl_exact_ligand_purged,rich_scalars_only,0,bindingdb_raw,chembl_raw,P35372,Mu-type opioid receptor,682,0.3724,0.7457,0.7991,218,1.2331,0.5794,0.706,0.2762,0.3724,0.6961,0.7143,1.9179,0.6092,5,0.6857,1.8412,0.5195,24,0.7101,1.9068,0.5195,49,0.72,36,0.67,67,
cross_database_transfer,bindingdb_to_chembl_exact_ligand_purged,rich_scalars_only,0,bindingdb_raw,chembl_raw,Q01959,Sodium-dependent dopamine transporter,400,0.2675,0.5029,0.7795,78,1.2375,0.4359,0.687,0.2499,0.2675,0.5433,0.25,0.9346,0.0625,1,0.65,2.4299,0.3602,13,0.55,2.0561,0.318,22,0.48,24,0.42,42,
cross_database_transfer,bindingdb_to_chembl_exact_ligand_purged,rich_scalars_only,0,bindingdb_raw,chembl_raw,P00742,Coagulation factor X,723,0.4869,0.9307,0.7869,204,1.1245,0.5551,0.5636,0.0815,0.4869,0.6141,0.75,1.5405,0.6551,6,0.5676,1.1658,0.4048,21,0.589,1.2099,0.3897,43,0.6,30,0.64,64,
cross_database_transfer,bindingdb_to_chembl_exact_ligand_purged,rich_scalars_only,0,bindingdb_raw,chembl_raw,O43614,Orexin receptor type 2,388,0.5747,1.0255,0.7649,165,1.2294,0.6048,0.5258,0.0009,0.5747,0.5697,0.75,1.3049,0.4792,3,0.55,0.957,0.3274,11,0.5641,0.9815,0.3157,22,0.58,29,0.72,72,
cross_database_transfer,bindingdb_to_chembl_exact_ligand_purged,rich_scalars_only,0,bindingdb_raw,chembl_raw,O60674,Tyrosine-protein kinase JAK2,153,0.1699,0.3494,0.7688,74,1.0131,0.34,0.6445,0.127,0.1699,0.4351,0.5,2.9423,0.5,1,0.5,2.9423,0.3036,4,0.4375,2.5745,0.2406,7,0.26,13,0.2,20,
cross_database_transfer,bindingdb_to_chembl_exact_ligand_purged,rich_scalars_only,0,bindingdb_raw,chembl_raw,P21917,D(4) dopamine receptor,329,0.4195,0.7517,0.7839,130,1.0547,0.4025,0.4692,-0.1011,0.4195,0.3853,0.25,0.596,0.0625,1,0.4118,0.9817,0.1507,7,0.3939,0.9392,0.1537,13,0.38,19,0.4,40,
cross_database_transfer,bindingdb_to_chembl_exact_ligand_purged,rich_scalars_only,0,bindingdb_raw,chembl_raw,Q9Y5N1,Histamine H3 receptor,742,0.3261,0.5884,0.7886,300,1.1078,0.4676,0.6567,0.1951,0.3261,0.568,0.625,1.9163,0.3371,5,0.6053,1.8558,0.346,23,0.6133,1.8806,0.3611,46,0.6,30,0.56,56,
cross_database_transfer,bindingdb_to_chembl_exact_ligand_purged,rich_scalars_only,0,bindingdb_raw,chembl_raw,P00519,Tyrosine-protein kinase ABL1,174,0.1897,0.3512,0.7743,78,1.1437,0.2309,0.3959,-0.1173,0.1897,0.3262,1.0,5.2727,1.0,2,0.3333,1.7576,0.2639,3,0.2778,1.4646,0.172,5,0.16,8,0.14,14,
cross_database_transfer,bindingdb_to_chembl_exact_ligand_purged,rich_scalars_only,0,bindingdb_raw,chembl_raw,Q9HAZ1,Dual specificity protein kinase CLK4,91,0.2527,0.5,0.7623,52,1.0,0.2595,0.5205,-0.0203,0.2527,0.1002,0.0,0.0,0.0,0,0.0,0.0,0.0,0,0.1,0.3957,0.0125,1,0.26,13,0.2527,23,
cross_database_transfer,bindingdb_to_chembl_exact_ligand_purged,rich_scalars_only,0,bindingdb_raw,chembl_raw,P11309,Serine/threonine-protein kinase pim-1,120,0.1667,0.2984,0.7712,62,1.075,0.2087,0.5635,0.1406,0.1667,0.2152,0.0,0.0,0.0,0,0.1667,1.0,0.0556,1,0.25,1.5,0.0743,3,0.18,9,0.18,18,
cross_database_transfer,bindingdb_to_chembl_exact_ligand_purged,rich_scalars_only,0,bindingdb_raw,chembl_raw,P49841,Glycogen synthase kinase-3 beta,142,0.3944,0.693,0.7689,57,1.0282,0.418,0.4631,-0.0623,0.3944,0.524,1.0,2.5357,1.0,2,0.625,1.5848,0.4933,5,0.4667,1.1833,0.3383,7,0.36,18,0.39,39,
cross_database_transfer,bindingdb_to_chembl_exact_ligand_purged,extratrees_scalars,0,bindingdb_raw,chembl_raw,P35367,Histamine H1 receptor,594,0.2138,0.5546,0.7773,168,1.1364,0.4239,0.7225,0.3161,0.2138,0.5058,0.8333,3.8976,0.8333,5,0.5667,2.6504,0.4377,17,0.4667,2.1827,0.3075,28,0.46,23,0.37,37,
cross_database_transfer,bindingdb_to_chembl_exact_ligand_purged,extratrees_scalars,0,bindingdb_raw,chembl_raw,P41143,Delta-type opioid receptor,816,0.5417,1.1043,0.808,188,1.7022,0.6691,0.6016,0.1165,0.5417,0.8491,1.0,1.8462,1.0,9,0.878,1.621,0.8139,36,0.9024,1.666,0.8161,74,0.88,44,0.89,89,
cross_database_transfer,bindingdb_to_chembl_exact_ligand_purged,extratrees_scalars,0,bindingdb_raw,chembl_raw,P31645,Sodium-dependent serotonin transporter,555,0.4306,0.8056,0.7754,122,1.3315,0.527,0.5961,0.1685,0.4306,0.5615,0.5,1.1611,0.5,3,0.5357,1.244,0.3678,15,0.5179,1.2026,0.3109,29,0.5,25,0.58,58,
cross_database_transfer,bindingdb_to_chembl_exact_ligand_purged,extratrees_scalars,0,bindingdb_raw,chembl_raw,P04150,Glucocorticoid receptor,945,0.3312,0.6039,0.7675,196,1.182,0.4428,0.6244,0.184,0.3312,0.5127,0.5,1.5096,0.3167,5,0.5,1.5096,0.2618,24,0.5368,1.6208,0.2863,51,0.5,25,0.53,53,
cross_database_transfer,bindingdb_to_chembl_exact_ligand_purged,extratrees_scalars,0,bindingdb_raw,chembl_raw,P00734,Prothrombin,614,0.4935,0.9584,0.7957,257,1.1792,0.5161,0.5207,0.0654,0.4935,0.5306,0.4286,0.8685,0.1643,3,0.5484,1.1113,0.297,17,0.4677,0.9478,0.2549,29,0.56,28,0.52,52,
cross_database_transfer,bindingdb_to_chembl_exact_ligand_purged,extratrees_scalars,0,bindingdb_raw,chembl_raw,Q99720,Sigma non-opioid intracellular receptor 1,566,0.5265,0.9897,0.8008,182,1.4399,0.6467,0.6325,0.1511,0.5265,0.7602,1.0,1.8993,1.0,6,0.8276,1.5719,0.7457,24,0.7368,1.3995,0.6278,42,0.78,39,0.65,65,
cross_database_transfer,bindingdb_to_chembl_exact_ligand_purged,extratrees_scalars,0,bindingdb_raw,chembl_raw,P42336,"Phosphatidylinositol 4,5-bisphosphate 3-kinase catalytic subunit alpha isoform",405,0.2716,0.4686,0.7647,206,1.2099,0.3147,0.5418,0.0933,0.2716,0.3429,0.4,1.4727,0.2333,2,0.381,1.4026,0.1618,8,0.2927,1.0776,0.1202,12,0.32,16,0.34,34,
cross_database_transfer,bindingdb_to_chembl_exact_ligand_purged,extratrees_scalars,0,bindingdb_raw,chembl_raw,P08908,5-hydroxytryptamine receptor 1A,541,0.4362,0.7408,0.7941,129,1.5046,0.5212,0.5862,0.1498,0.4362,0.5735,0.6667,1.5282,0.5139,4,0.6071,1.3918,0.4104,17,0.5455,1.2504,0.3424,30,0.52,26,0.52,52,
cross_database_transfer,bindingdb_to_chembl_exact_ligand_purged,extratrees_scalars,0,bindingdb_raw,chembl_raw,P41145,Kappa-type opioid receptor,853,0.5252,1.0234,0.7852,217,1.449,0.7081,0.6711,0.2113,0.5252,0.8434,0.7778,1.4809,0.7253,7,0.907,1.7269,0.7958,39,0.8605,1.6383,0.748,74,0.86,43,0.85,85,
cross_database_transfer,bindingdb_to_chembl_exact_ligand_purged,extratrees_scalars,0,bindingdb_raw,chembl_raw,P10275,Androgen receptor,462,0.3182,0.5444,0.7923,114,1.2489,0.3912,0.6121,0.1315,0.3182,0.3731,0.0,0.0,0.0,0,0.3333,1.0476,0.0915,8,0.4468,1.4043,0.1623,21,0.44,22,0.43,43,
cross_database_transfer,bindingdb_to_chembl_exact_ligand_purged,extratrees_scalars,0,bindingdb_raw,chembl_raw,P35462,D(3) dopamine receptor,462,0.4286,0.7298,0.7745,154,1.0758,0.5159,0.5917,0.1464,0.4286,0.5768,0.6,1.4,0.52,3,0.625,1.4583,0.4129,15,0.5745,1.3404,0.3609,27,0.54,27,0.53,53,
cross_database_transfer,bindingdb_to_chembl_exact_ligand_purged,extratrees_scalars,0,bindingdb_raw,chembl_raw,P23458,Tyrosine-protein kinase JAK1,1128,0.1667,0.3723,0.7479,568,1.0133,0.4575,0.7887,0.2751,0.1667,0.5552,0.6667,4.0,0.6086,8,0.5614,3.3684,0.3955,32,0.5133,3.0796,0.3187,58,0.56,28,0.51,51,
cross_database_transfer,bindingdb_to_chembl_exact_ligand_purged,extratrees_scalars,0,bindingdb_raw,chembl_raw,P35372,Mu-type opioid receptor,682,0.3724,0.7457,0.7991,218,1.2331,0.55,0.6466,0.2438,0.3724,0.7049,0.7143,1.9179,0.5425,5,0.8,2.148,0.6104,28,0.6957,1.8679,0.5216,48,0.72,36,0.67,67,
cross_database_transfer,bindingdb_to_chembl_exact_ligand_purged,extratrees_scalars,0,bindingdb_raw,chembl_raw,Q01959,Sodium-dependent dopamine transporter,400,0.2675,0.5029,0.7795,78,1.2375,0.3987,0.6583,0.2049,0.2675,0.4653,0.75,2.8037,0.4792,3,0.55,2.0561,0.3255,11,0.4,1.4953,0.2182,16,0.42,21,0.41,41,
cross_database_transfer,bindingdb_to_chembl_exact_ligand_purged,extratrees_scalars,0,bindingdb_raw,chembl_raw,P00742,Coagulation factor X,723,0.4869,0.9307,0.7869,204,1.1245,0.5626,0.572,0.1266,0.4869,0.6251,0.625,1.2837,0.5781,5,0.5676,1.1658,0.405,21,0.6301,1.2943,0.4212,46,0.66,33,0.61,61,
cross_database_transfer,bindingdb_to_chembl_exact_ligand_purged,extratrees_scalars,0,bindingdb_raw,chembl_raw,O43614,Orexin receptor type 2,388,0.5747,1.0255,0.7649,165,1.2294,0.6111,0.5087,0.0921,0.5747,0.6636,0.75,1.3049,0.6042,3,0.65,1.1309,0.471,13,0.6667,1.1599,0.4634,26,0.66,33,0.67,67,
cross_database_transfer,bindingdb_to_chembl_exact_ligand_purged,extratrees_scalars,0,bindingdb_raw,chembl_raw,O60674,Tyrosine-protein kinase JAK2,153,0.1699,0.3494,0.7688,74,1.0131,0.4213,0.6899,0.1969,0.1699,0.5656,1.0,5.8846,1.0,2,0.5,2.9423,0.475,4,0.4375,2.5745,0.3495,7,0.28,14,0.21,21,
cross_database_transfer,bindingdb_to_chembl_exact_ligand_purged,extratrees_scalars,0,bindingdb_raw,chembl_raw,P21917,D(4) dopamine receptor,329,0.4195,0.7517,0.7839,130,1.0547,0.4088,0.4929,-0.0046,0.4195,0.3216,0.0,0.0,0.0,0,0.2941,0.7012,0.0658,5,0.3939,0.9392,0.1228,13,0.44,22,0.41,41,
cross_database_transfer,bindingdb_to_chembl_exact_ligand_purged,extratrees_scalars,0,bindingdb_raw,chembl_raw,Q9Y5N1,Histamine H3 receptor,742,0.3261,0.5884,0.7886,300,1.1078,0.4603,0.6389,0.17,0.3261,0.5534,0.5,1.5331,0.3875,4,0.5789,1.7751,0.3507,22,0.5733,1.7579,0.3423,43,0.6,30,0.53,53,
cross_database_transfer,bindingdb_to_chembl_exact_ligand_purged,extratrees_scalars,0,bindingdb_raw,chembl_raw,P00519,Tyrosine-protein kinase ABL1,174,0.1897,0.3512,0.7743,78,1.1437,0.3497,0.5564,0.0915,0.1897,0.5145,1.0,5.2727,1.0,2,0.5556,2.9293,0.5139,5,0.3889,2.0505,0.3256,7,0.26,13,0.2,20,
cross_database_transfer,bindingdb_to_chembl_exact_ligand_purged,extratrees_scalars,0,bindingdb_raw,chembl_raw,Q9HAZ1,Dual specificity protein kinase CLK4,91,0.2527,0.5,0.7623,52,1.0,0.3082,0.4751,0.0952,0.2527,0.3362,1.0,3.9565,1.0,1,0.2,0.7913,0.2,1,0.3,1.187,0.1633,3,0.22,11,0.2527,23,
cross_database_transfer,bindingdb_to_chembl_exact_ligand_purged,extratrees_scalars,0,bindingdb_raw,chembl_raw,P11309,Serine/threonine-protein kinase pim-1,120,0.1667,0.2984,0.7712,62,1.075,0.2268,0.606,0.1022,0.1667,0.2215,0.0,0.0,0.0,0,0.3333,2.0,0.0889,2,0.25,1.5,0.0694,3,0.2,10,0.19,19,
cross_database_transfer,bindingdb_to_chembl_exact_ligand_purged,extratrees_scalars,0,bindingdb_raw,chembl_raw,P49841,Glycogen synthase kinase-3 beta,142,0.3944,0.693,0.7689,57,1.0282,0.4913,0.5615,0.0449,0.3944,0.6072,1.0,2.5357,1.0,2,0.625,1.5848,0.4933,5,0.6,1.5214,0.4265,9,0.42,21,0.42,42,
cross_database_transfer,bindingdb_to_chembl_exact_ligand_purged,ecfp_absdiff_xgb,1,bindingdb_raw,chembl_raw,P35367,Histamine H1 receptor,594,0.2138,0.5546,0.7773,168,1.1364,0.2371,0.4933,-0.0709,0.2138,0.2487,0.5,2.3386,0.4333,3,0.2333,1.0913,0.1425,7,0.2333,1.0913,0.0979,14,0.24,12,0.16,16,
cross_database_transfer,bindingdb_to_chembl_exact_ligand_purged,ecfp_absdiff_xgb,1,bindingdb_raw,chembl_raw,P41143,Delta-type opioid receptor,816,0.5417,1.1043,0.808,188,1.7022,0.5905,0.5565,0.1263,0.5417,0.6635,0.3333,0.6154,0.2222,3,0.7073,1.3058,0.4397,29,0.6707,1.2383,0.4433,55,0.72,36,0.67,67,
cross_database_transfer,bindingdb_to_chembl_exact_ligand_purged,ecfp_absdiff_xgb,1,bindingdb_raw,chembl_raw,P31645,Sodium-dependent serotonin transporter,555,0.4306,0.8056,0.7754,122,1.3315,0.5284,0.6353,0.2475,0.4306,0.5029,0.6667,1.5481,0.5694,4,0.3214,0.7464,0.2224,9,0.5714,1.327,0.3069,32,0.56,28,0.5,50,
cross_database_transfer,bindingdb_to_chembl_exact_ligand_purged,ecfp_absdiff_xgb,1,bindingdb_raw,chembl_raw,P04150,Glucocorticoid receptor,945,0.3312,0.6039,0.7675,196,1.182,0.3563,0.5214,0.0588,0.3312,0.4195,0.4,1.2077,0.21,4,0.4167,1.258,0.2037,20,0.4421,1.3348,0.1993,42,0.4,20,0.45,45,
cross_database_transfer,bindingdb_to_chembl_exact_ligand_purged,ecfp_absdiff_xgb,1,bindingdb_raw,chembl_raw,P00734,Prothrombin,614,0.4935,0.9584,0.7957,257,1.1792,0.5334,0.5523,0.0552,0.4935,0.5667,0.4286,0.8685,0.2714,3,0.5806,1.1766,0.3082,18,0.6129,1.242,0.3525,38,0.62,31,0.59,59,
cross_database_transfer,bindingdb_to_chembl_exact_ligand_purged,ecfp_absdiff_xgb,1,bindingdb_raw,chembl_raw,Q99720,Sigma non-opioid intracellular receptor 1,566,0.5265,0.9897,0.8008,182,1.4399,0.5176,0.4691,-0.0426,0.5265,0.507,0.6667,1.2662,0.4889,4,0.5172,0.9824,0.3087,15,0.4737,0.8997,0.2647,27,0.48,24,0.47,47,
cross_database_transfer,bindingdb_to_chembl_exact_ligand_purged,ecfp_absdiff_xgb,1,bindingdb_raw,chembl_raw,P42336,"Phosphatidylinositol 4,5-bisphosphate 3-kinase catalytic subunit alpha isoform",405,0.2716,0.4686,0.7647,206,1.2099,0.3162,0.5771,0.1652,0.2716,0.3045,0.4,1.4727,0.1667,2,0.2857,1.0519,0.0866,6,0.3171,1.1674,0.097,13,0.34,17,0.41,41,
cross_database_transfer,bindingdb_to_chembl_exact_ligand_purged,ecfp_absdiff_xgb,1,bindingdb_raw,chembl_raw,P08908,5-hydroxytryptamine receptor 1A,541,0.4362,0.7408,0.7941,129,1.5046,0.4376,0.4651,-0.1351,0.4362,0.3599,0.5,1.1462,0.4583,3,0.4286,0.9824,0.2385,12,0.3273,0.7502,0.1653,18,0.34,17,0.23,23,
cross_database_transfer,bindingdb_to_chembl_exact_ligand_purged,ecfp_absdiff_xgb,1,bindingdb_raw,chembl_raw,P41145,Kappa-type opioid receptor,853,0.5252,1.0234,0.7852,217,1.449,0.5919,0.5652,0.1047,0.5252,0.6996,0.5556,1.0578,0.3316,5,0.7442,1.4169,0.53,32,0.6977,1.3284,0.5007,60,0.76,38,0.71,71,
cross_database_transfer,bindingdb_to_chembl_exact_ligand_purged,ecfp_absdiff_xgb,1,bindingdb_raw,chembl_raw,P10275,Androgen receptor,462,0.3182,0.5444,0.7923,114,1.2489,0.3144,0.4742,-0.0225,0.3182,0.3349,0.6,1.8857,0.2867,3,0.4167,1.3095,0.1928,10,0.234,0.7356,0.1046,11,0.26,13,0.31,31,
cross_database_transfer,bindingdb_to_chembl_exact_ligand_purged,ecfp_absdiff_xgb,1,bindingdb_raw,chembl_raw,P35462,D(3) dopamine receptor,462,0.4286,0.7298,0.7745,154,1.0758,0.4423,0.5226,0.0344,0.4286,0.4018,0.8,1.8667,0.76,4,0.375,0.875,0.2797,9,0.2979,0.695,0.1845,14,0.3,15,0.4,40,
cross_database_transfer,bindingdb_to_chembl_exact_ligand_purged,ecfp_absdiff_xgb,1,bindingdb_raw,chembl_raw,P23458,Tyrosine-protein kinase JAK1,1128,0.1667,0.3723,0.7479,568,1.0133,0.2334,0.6122,0.1174,0.1667,0.2856,0.25,1.5,0.0905,3,0.2982,1.7895,0.0924,17,0.3009,1.8053,0.0895,34,0.32,16,0.31,31,
cross_database_transfer,bindingdb_to_chembl_exact_ligand_purged,ecfp_absdiff_xgb,1,bindingdb_raw,chembl_raw,P35372,Mu-type opioid receptor,682,0.3724,0.7457,0.7991,218,1.2331,0.4557,0.5595,0.1579,0.3724,0.642,0.4286,1.1507,0.2048,3,0.7429,1.9946,0.4916,26,0.6522,1.7511,0.4396,45,0.7,35,0.57,57,
cross_database_transfer,bindingdb_to_chembl_exact_ligand_purged,ecfp_absdiff_xgb,1,bindingdb_raw,chembl_raw,Q01959,Sodium-dependent dopamine transporter,400,0.2675,0.5029,0.7795,78,1.2375,0.3357,0.5629,0.1138,0.2675,0.4388,0.75,2.8037,0.4792,3,0.55,2.0561,0.3711,11,0.275,1.028,0.1855,11,0.32,16,0.36,36,
cross_database_transfer,bindingdb_to_chembl_exact_ligand_purged,ecfp_absdiff_xgb,1,bindingdb_raw,chembl_raw,P00742,Coagulation factor X,723,0.4869,0.9307,0.7869,204,1.1245,0.602,0.6327,0.1625,0.4869,0.7472,0.875,1.7972,0.6603,7,0.8108,1.6654,0.6426,30,0.7534,1.5475,0.5907,55,0.78,39,0.71,71,
cross_database_transfer,bindingdb_to_chembl_exact_ligand_purged,ecfp_absdiff_xgb,1,bindingdb_raw,chembl_raw,O43614,Orexin receptor type 2,388,0.5747,1.0255,0.7649,165,1.2294,0.6097,0.5305,-0.0048,0.5747,0.663,0.5,0.87,0.5,2,0.75,1.3049,0.5593,15,0.6667,1.1599,0.498,26,0.58,29,0.54,54,
cross_database_transfer,bindingdb_to_chembl_exact_ligand_purged,ecfp_absdiff_xgb,1,bindingdb_raw,chembl_raw,O60674,Tyrosine-protein kinase JAK2,153,0.1699,0.3494,0.7688,74,1.0131,0.2866,0.5475,0.1398,0.1699,0.4422,0.5,2.9423,0.5,1,0.5,2.9423,0.3548,4,0.375,2.2067,0.2427,6,0.2,10,0.16,16,
cross_database_transfer,bindingdb_to_chembl_exact_ligand_purged,ecfp_absdiff_xgb,1,bindingdb_raw,chembl_raw,P21917,D(4) dopamine receptor,329,0.4195,0.7517,0.7839,130,1.0547,0.4364,0.4714,-0.0244,0.4195,0.5266,0.75,1.788,0.6042,3,0.6471,1.5426,0.4655,11,0.4545,1.0837,0.3101,15,0.38,19,0.36,36,
cross_database_transfer,bindingdb_to_chembl_exact_ligand_purged,ecfp_absdiff_xgb,1,bindingdb_raw,chembl_raw,Q9Y5N1,Histamine H3 receptor,742,0.3261,0.5884,0.7886,300,1.1078,0.3755,0.5366,0.0394,0.3261,0.4633,0.875,2.6829,0.6603,7,0.4474,1.3717,0.3639,17,0.3733,1.1447,0.247,28,0.44,22,0.33,33,
cross_database_transfer,bindingdb_to_chembl_exact_ligand_purged,ecfp_absdiff_xgb,1,bindingdb_raw,chembl_raw,P00519,Tyrosine-protein kinase ABL1,174,0.1897,0.3512,0.7743,78,1.1437,0.269,0.5788,0.0851,0.1897,0.4016,0.0,0.0,0.0,0,0.5556,2.9293,0.2922,5,0.3333,1.7576,0.1739,6,0.28,14,0.26,26,
cross_database_transfer,bindingdb_to_chembl_exact_ligand_purged,ecfp_absdiff_xgb,1,bindingdb_raw,chembl_raw,Q9HAZ1,Dual specificity protein kinase CLK4,91,0.2527,0.5,0.7623,52,1.0,0.2472,0.4233,-0.1185,0.2527,0.097,0.0,0.0,0.0,0,0.0,0.0,0.0,0,0.2,0.7913,0.0347,2,0.22,11,0.2527,23,
cross_database_transfer,bindingdb_to_chembl_exact_ligand_purged,ecfp_absdiff_xgb,1,bindingdb_raw,chembl_raw,P11309,Serine/threonine-protein kinase pim-1,120,0.1667,0.2984,0.7712,62,1.075,0.2793,0.5923,0.0751,0.1667,0.316,0.5,3.0,0.5,1,0.1667,1.0,0.1667,1,0.3333,2.0,0.1569,4,0.26,13,0.18,18,
cross_database_transfer,bindingdb_to_chembl_exact_ligand_purged,ecfp_absdiff_xgb,1,bindingdb_raw,chembl_raw,P49841,Glycogen synthase kinase-3 beta,142,0.3944,0.693,0.7689,57,1.0282,0.416,0.481,-0.0063,0.3944,0.4238,1.0,2.5357,1.0,2,0.375,0.9509,0.325,3,0.3333,0.8452,0.2333,5,0.34,17,0.39,39,
cross_database_transfer,bindingdb_to_chembl_exact_ligand_purged,rich_diff_scalars,1,bindingdb_raw,chembl_raw,P35367,Histamine H1 receptor,594,0.2138,0.5546,0.7773,168,1.1364,0.3669,0.7254,0.2969,0.2138,0.3968,0.1667,0.7795,0.0556,1,0.4667,2.1827,0.2005,14,0.3667,1.715,0.1481,22,0.36,18,0.39,39,
cross_database_transfer,bindingdb_to_chembl_exact_ligand_purged,rich_diff_scalars,1,bindingdb_raw,chembl_raw,P41143,Delta-type opioid receptor,816,0.5417,1.1043,0.808,188,1.7022,0.5969,0.5872,0.1456,0.5417,0.5595,0.5556,1.0256,0.2951,5,0.4878,0.9006,0.2644,20,0.5976,1.1032,0.3229,49,0.48,24,0.58,58,
cross_database_transfer,bindingdb_to_chembl_exact_ligand_purged,rich_diff_scalars,1,bindingdb_raw,chembl_raw,P31645,Sodium-dependent serotonin transporter,555,0.4306,0.8056,0.7754,122,1.3315,0.5808,0.6627,0.2114,0.4306,0.6747,0.5,1.1611,0.4028,3,0.7143,1.6587,0.5238,20,0.6964,1.6172,0.4963,39,0.72,36,0.62,62,
cross_database_transfer,bindingdb_to_chembl_exact_ligand_purged,rich_diff_scalars,1,bindingdb_raw,chembl_raw,P04150,Glucocorticoid receptor,945,0.3312,0.6039,0.7675,196,1.182,0.4772,0.6178,0.1059,0.3312,0.6226,0.6,1.8115,0.4907,6,0.7083,2.1386,0.5048,34,0.6316,1.9068,0.4297,60,0.7,35,0.62,62,
cross_database_transfer,bindingdb_to_chembl_exact_ligand_purged,rich_diff_scalars,1,bindingdb_raw,chembl_raw,P00734,Prothrombin,614,0.4935,0.9584,0.7957,257,1.1792,0.5215,0.5286,0.0472,0.4935,0.5279,0.7143,1.4474,0.5687,5,0.4839,0.9805,0.2936,15,0.5484,1.1113,0.322,34,0.58,29,0.5,50,
cross_database_transfer,bindingdb_to_chembl_exact_ligand_purged,rich_diff_scalars,1,bindingdb_raw,chembl_raw,Q99720,Sigma non-opioid intracellular receptor 1,566,0.5265,0.9897,0.8008,182,1.4399,0.668,0.6632,0.246,0.5265,0.7283,1.0,1.8993,1.0,6,0.6552,1.2444,0.5764,19,0.7544,1.4328,0.5938,43,0.74,37,0.63,63,
cross_database_transfer,bindingdb_to_chembl_exact_ligand_purged,rich_diff_scalars,1,bindingdb_raw,chembl_raw,P42336,"Phosphatidylinositol 4,5-bisphosphate 3-kinase catalytic subunit alpha isoform",405,0.2716,0.4686,0.7647,206,1.2099,0.3591,0.5745,0.1366,0.2716,0.4289,0.8,2.9455,0.5433,4,0.4286,1.5779,0.225,9,0.439,1.6164,0.2123,18,0.42,21,0.38,38,
cross_database_transfer,bindingdb_to_chembl_exact_ligand_purged,rich_diff_scalars,1,bindingdb_raw,chembl_raw,P08908,5-hydroxytryptamine receptor 1A,541,0.4362,0.7408,0.7941,129,1.5046,0.5374,0.6428,0.119,0.4362,0.5514,0.5,1.1462,0.35,3,0.5357,1.2281,0.3177,15,0.5455,1.2504,0.3106,30,0.54,27,0.62,62,
cross_database_transfer,bindingdb_to_chembl_exact_ligand_purged,rich_diff_scalars,1,bindingdb_raw,chembl_raw,P41145,Kappa-type opioid receptor,853,0.5252,1.0234,0.7852,217,1.449,0.6385,0.6061,0.1329,0.5252,0.7572,0.8889,1.6925,0.8889,8,0.7907,1.5055,0.6639,34,0.7791,1.4834,0.6424,67,0.82,41,0.75,75,
cross_database_transfer,bindingdb_to_chembl_exact_ligand_purged,rich_diff_scalars,1,bindingdb_raw,chembl_raw,P10275,Androgen receptor,462,0.3182,0.5444,0.7923,114,1.2489,0.3625,0.571,0.0732,0.3182,0.3295,0.0,0.0,0.0,0,0.375,1.1786,0.1085,9,0.3404,1.0699,0.1058,16,0.34,17,0.4,40,
cross_database_transfer,bindingdb_to_chembl_exact_ligand_purged,rich_diff_scalars,1,bindingdb_raw,chembl_raw,P35462,D(3) dopamine receptor,462,0.4286,0.7298,0.7745,154,1.0758,0.5485,0.6087,0.15,0.4286,0.6255,1.0,2.3333,1.0,5,0.5833,1.3611,0.4801,14,0.5957,1.3901,0.4277,28,0.6,30,0.61,61,
cross_database_transfer,bindingdb_to_chembl_exact_ligand_purged,rich_diff_scalars,1,bindingdb_raw,chembl_raw,P23458,Tyrosine-protein kinase JAK1,1128,0.1667,0.3723,0.7479,568,1.0133,0.3202,0.6654,0.199,0.1667,0.4513,0.5,3.0,0.295,6,0.5088,3.0526,0.2627,29,0.4071,2.4425,0.2109,46,0.5,25,0.45,45,
cross_database_transfer,bindingdb_to_chembl_exact_ligand_purged,rich_diff_scalars,1,bindingdb_raw,chembl_raw,P35372,Mu-type opioid receptor,682,0.3724,0.7457,0.7991,218,1.2331,0.5789,0.6992,0.2574,0.3724,0.7032,0.7143,1.9179,0.5786,5,0.7143,1.9179,0.5481,25,0.7101,1.9068,0.5239,49,0.7,35,0.7,70,
cross_database_transfer,bindingdb_to_chembl_exact_ligand_purged,rich_diff_scalars,1,bindingdb_raw,chembl_raw,Q01959,Sodium-dependent dopamine transporter,400,0.2675,0.5029,0.7795,78,1.2375,0.4239,0.6876,0.2579,0.2675,0.5059,0.5,1.8692,0.25,2,0.55,2.0561,0.2997,11,0.525,1.9626,0.2907,21,0.48,24,0.44,44,
cross_database_transfer,bindingdb_to_chembl_exact_ligand_purged,rich_diff_scalars,1,bindingdb_raw,chembl_raw,P00742,Coagulation factor X,723,0.4869,0.9307,0.7869,204,1.1245,0.578,0.5891,0.13,0.4869,0.6567,1.0,2.054,1.0,8,0.6216,1.2768,0.5056,23,0.6438,1.3224,0.4659,47,0.64,32,0.63,63,
cross_database_transfer,bindingdb_to_chembl_exact_ligand_purged,rich_diff_scalars,1,bindingdb_raw,chembl_raw,O43614,Orexin receptor type 2,388,0.5747,1.0255,0.7649,165,1.2294,0.6139,0.5391,0.051,0.5747,0.5811,0.75,1.3049,0.75,3,0.5,0.87,0.3835,10,0.5128,0.8923,0.3307,20,0.54,27,0.66,66,
cross_database_transfer,bindingdb_to_chembl_exact_ligand_purged,rich_diff_scalars,1,bindingdb_raw,chembl_raw,O60674,Tyrosine-protein kinase JAK2,153,0.1699,0.3494,0.7688,74,1.0131,0.3542,0.6766,0.1552,0.1699,0.426,0.5,2.9423,0.5,1,0.375,2.2067,0.2375,3,0.4375,2.5745,0.2299,7,0.28,14,0.21,21,
cross_database_transfer,bindingdb_to_chembl_exact_ligand_purged,rich_diff_scalars,1,bindingdb_raw,chembl_raw,P21917,D(4) dopamine receptor,329,0.4195,0.7517,0.7839,130,1.0547,0.4174,0.4831,-0.0364,0.4195,0.4043,0.25,0.596,0.125,1,0.3529,0.8414,0.1292,6,0.4848,1.1559,0.2012,16,0.46,23,0.42,42,
cross_database_transfer,bindingdb_to_chembl_exact_ligand_purged,rich_diff_scalars,1,bindingdb_raw,chembl_raw,Q9Y5N1,Histamine H3 receptor,742,0.3261,0.5884,0.7886,300,1.1078,0.45,0.6396,0.1946,0.3261,0.5319,0.375,1.1498,0.2135,3,0.5526,1.6944,0.2866,21,0.56,1.717,0.311,42,0.6,30,0.53,53,
cross_database_transfer,bindingdb_to_chembl_exact_ligand_purged,rich_diff_scalars,1,bindingdb_raw,chembl_raw,P00519,Tyrosine-protein kinase ABL1,174,0.1897,0.3512,0.7743,78,1.1437,0.2133,0.3857,-0.16,0.1897,0.3466,0.0,0.0,0.0,0,0.5556,2.9293,0.2951,5,0.2778,1.4646,0.1475,5,0.14,7,0.13,13,
cross_database_transfer,bindingdb_to_chembl_exact_ligand_purged,rich_diff_scalars,1,bindingdb_raw,chembl_raw,Q9HAZ1,Dual specificity protein kinase CLK4,91,0.2527,0.5,0.7623,52,1.0,0.2643,0.5345,0.0438,0.2527,0.0825,0.0,0.0,0.0,0,0.0,0.0,0.0,0,0.1,0.3957,0.0125,1,0.26,13,0.2527,23,
cross_database_transfer,bindingdb_to_chembl_exact_ligand_purged,rich_diff_scalars,1,bindingdb_raw,chembl_raw,P11309,Serine/threonine-protein kinase pim-1,120,0.1667,0.2984,0.7712,62,1.075,0.2238,0.533,0.1298,0.1667,0.1962,0.5,3.0,0.5,1,0.1667,1.0,0.1667,1,0.0833,0.5,0.0833,1,0.18,9,0.17,17,
cross_database_transfer,bindingdb_to_chembl_exact_ligand_purged,rich_diff_scalars,1,bindingdb_raw,chembl_raw,P49841,Glycogen synthase kinase-3 beta,142,0.3944,0.693,0.7689,57,1.0282,0.4205,0.4906,0.0078,0.3944,0.4915,0.5,1.2679,0.25,1,0.5,1.2679,0.3396,4,0.4,1.0143,0.2515,6,0.4,20,0.39,39,
cross_database_transfer,bindingdb_to_chembl_exact_ligand_purged,rich_scalars_only,1,bindingdb_raw,chembl_raw,P35367,Histamine H1 receptor,594,0.2138,0.5546,0.7773,168,1.1364,0.3544,0.7169,0.2781,0.2138,0.3603,0.0,0.0,0.0,0,0.4333,2.0268,0.1341,13,0.3833,1.7929,0.1324,23,0.36,18,0.42,42,
cross_database_transfer,bindingdb_to_chembl_exact_ligand_purged,rich_scalars_only,1,bindingdb_raw,chembl_raw,P41143,Delta-type opioid receptor,816,0.5417,1.1043,0.808,188,1.7022,0.6023,0.5857,0.1441,0.5417,0.5971,0.4444,0.8205,0.2762,4,0.6098,1.1257,0.3842,25,0.5854,1.0807,0.3513,48,0.52,26,0.6,60,
cross_database_transfer,bindingdb_to_chembl_exact_ligand_purged,rich_scalars_only,1,bindingdb_raw,chembl_raw,P31645,Sodium-dependent serotonin transporter,555,0.4306,0.8056,0.7754,122,1.3315,0.5627,0.6412,0.1351,0.4306,0.636,0.6667,1.5481,0.5444,4,0.6429,1.4928,0.4539,18,0.625,1.4514,0.4165,35,0.62,31,0.58,58,
cross_database_transfer,bindingdb_to_chembl_exact_ligand_purged,rich_scalars_only,1,bindingdb_raw,chembl_raw,P04150,Glucocorticoid receptor,945,0.3312,0.6039,0.7675,196,1.182,0.4845,0.6343,0.1513,0.3312,0.6234,0.7,2.1134,0.5,7,0.6667,2.0128,0.4735,32,0.6105,1.8433,0.4126,58,0.64,32,0.61,61,
cross_database_transfer,bindingdb_to_chembl_exact_ligand_purged,rich_scalars_only,1,bindingdb_raw,chembl_raw,P00734,Prothrombin,614,0.4935,0.9584,0.7957,257,1.1792,0.5097,0.5043,0.0124,0.4935,0.5351,0.7143,1.4474,0.5211,5,0.6129,1.242,0.3898,19,0.5,1.0132,0.2954,31,0.5,25,0.48,48,
cross_database_transfer,bindingdb_to_chembl_exact_ligand_purged,rich_scalars_only,1,bindingdb_raw,chembl_raw,Q99720,Sigma non-opioid intracellular receptor 1,566,0.5265,0.9897,0.8008,182,1.4399,0.6922,0.677,0.2638,0.5265,0.8082,1.0,1.8993,1.0,6,0.8621,1.6374,0.7991,25,0.8246,1.5661,0.7278,47,0.82,41,0.67,67,
cross_database_transfer,bindingdb_to_chembl_exact_ligand_purged,rich_scalars_only,1,bindingdb_raw,chembl_raw,P42336,"Phosphatidylinositol 4,5-bisphosphate 3-kinase catalytic subunit alpha isoform",405,0.2716,0.4686,0.7647,206,1.2099,0.3143,0.5394,0.0469,0.2716,0.3423,0.2,0.7364,0.1,1,0.4286,1.5779,0.1528,9,0.3659,1.347,0.1326,15,0.38,19,0.33,33,
cross_database_transfer,bindingdb_to_chembl_exact_ligand_purged,rich_scalars_only,1,bindingdb_raw,chembl_raw,P08908,5-hydroxytryptamine receptor 1A,541,0.4362,0.7408,0.7941,129,1.5046,0.5474,0.6484,0.1917,0.4362,0.599,0.5,1.1462,0.3333,3,0.6786,1.5555,0.4514,19,0.5818,1.3337,0.3752,32,0.58,29,0.55,55,
cross_database_transfer,bindingdb_to_chembl_exact_ligand_purged,rich_scalars_only,1,bindingdb_raw,chembl_raw,P41145,Kappa-type opioid receptor,853,0.5252,1.0234,0.7852,217,1.449,0.6533,0.6141,0.138,0.5252,0.794,1.0,1.904,1.0,9,0.8372,1.5941,0.7622,36,0.7442,1.4169,0.6482,64,0.84,42,0.77,77,
cross_database_transfer,bindingdb_to_chembl_exact_ligand_purged,rich_scalars_only,1,bindingdb_raw,chembl_raw,P10275,Androgen receptor,462,0.3182,0.5444,0.7923,114,1.2489,0.3555,0.5623,0.072,0.3182,0.2892,0.2,0.6286,0.04,1,0.2083,0.6548,0.0401,5,0.3617,1.1368,0.0978,17,0.36,18,0.42,42,
cross_database_transfer,bindingdb_to_chembl_exact_ligand_purged,rich_scalars_only,1,bindingdb_raw,chembl_raw,P35462,D(3) dopamine receptor,462,0.4286,0.7298,0.7745,154,1.0758,0.5531,0.6247,0.1551,0.4286,0.6331,0.8,1.8667,0.8,4,0.625,1.4583,0.4534,15,0.6383,1.4894,0.4407,30,0.64,32,0.6,60,
cross_database_transfer,bindingdb_to_chembl_exact_ligand_purged,rich_scalars_only,1,bindingdb_raw,chembl_raw,P23458,Tyrosine-protein kinase JAK1,1128,0.1667,0.3723,0.7479,568,1.0133,0.3265,0.675,0.1928,0.1667,0.4601,0.3333,2.0,0.2222,4,0.5439,3.2632,0.2777,31,0.4779,2.8673,0.2455,54,0.52,26,0.52,52,
cross_database_transfer,bindingdb_to_chembl_exact_ligand_purged,rich_scalars_only,1,bindingdb_raw,chembl_raw,P35372,Mu-type opioid receptor,682,0.3724,0.7457,0.7991,218,1.2331,0.5776,0.7136,0.2791,0.3724,0.6934,0.7143,1.9179,0.402,5,0.7143,1.9179,0.5164,25,0.6957,1.8679,0.4988,48,0.68,34,0.67,67,
cross_database_transfer,bindingdb_to_chembl_exact_ligand_purged,rich_scalars_only,1,bindingdb_raw,chembl_raw,Q01959,Sodium-dependent dopamine transporter,400,0.2675,0.5029,0.7795,78,1.2375,0.434,0.6802,0.1888,0.2675,0.5549,0.5,1.8692,0.25,2,0.6,2.243,0.3843,12,0.55,2.0561,0.3373,22,0.5,25,0.42,42,
cross_database_transfer,bindingdb_to_chembl_exact_ligand_purged,rich_scalars_only,1,bindingdb_raw,chembl_raw,P00742,Coagulation factor X,723,0.4869,0.9307,0.7869,204,1.1245,0.5482,0.5512,0.0945,0.4869,0.6125,1.0,2.054,1.0,8,0.5946,1.2213,0.4667,22,0.6164,1.2662,0.4242,45,0.58,29,0.59,59,
cross_database_transfer,bindingdb_to_chembl_exact_ligand_purged,rich_scalars_only,1,bindingdb_raw,chembl_raw,O43614,Orexin receptor type 2,388,0.5747,1.0255,0.7649,165,1.2294,0.6175,0.5437,0.0419,0.5747,0.5983,0.5,0.87,0.5,2,0.55,0.957,0.3703,11,0.5385,0.9369,0.3407,21,0.58,29,0.69,69,
cross_database_transfer,bindingdb_to_chembl_exact_ligand_purged,rich_scalars_only,1,bindingdb_raw,chembl_raw,O60674,Tyrosine-protein kinase JAK2,153,0.1699,0.3494,0.7688,74,1.0131,0.3218,0.6448,0.1042,0.1699,0.3887,0.5,2.9423,0.5,1,0.375,2.2067,0.2135,3,0.375,2.2067,0.189,6,0.26,13,0.2,20,
cross_database_transfer,bindingdb_to_chembl_exact_ligand_purged,rich_scalars_only,1,bindingdb_raw,chembl_raw,P21917,D(4) dopamine receptor,329,0.4195,0.7517,0.7839,130,1.0547,0.418,0.4916,-0.0221,0.4195,0.4083,0.25,0.596,0.0833,1,0.4706,1.1219,0.1854,8,0.4545,1.0837,0.192,15,0.4,20,0.42,42,
cross_database_transfer,bindingdb_to_chembl_exact_ligand_purged,rich_scalars_only,1,bindingdb_raw,chembl_raw,Q9Y5N1,Histamine H3 receptor,742,0.3261,0.5884,0.7886,300,1.1078,0.4655,0.6439,0.2012,0.3261,0.5659,0.625,1.9163,0.4516,5,0.6053,1.8558,0.3732,23,0.6133,1.8806,0.372,46,0.58,29,0.54,54,
cross_database_transfer,bindingdb_to_chembl_exact_ligand_purged,rich_scalars_only,1,bindingdb_raw,chembl_raw,P00519,Tyrosine-protein kinase ABL1,174,0.1897,0.3512,0.7743,78,1.1437,0.2295,0.3969,-0.174,0.1897,0.3189,1.0,5.2727,1.0,2,0.3333,1.7576,0.2698,3,0.2222,1.1717,0.1551,4,0.14,7,0.15,15,
cross_database_transfer,bindingdb_to_chembl_exact_ligand_purged,rich_scalars_only,1,bindingdb_raw,chembl_raw,Q9HAZ1,Dual specificity protein kinase CLK4,91,0.2527,0.5,0.7623,52,1.0,0.2694,0.5326,0.0051,0.2527,0.1735,0.0,0.0,0.0,0,0.2,0.7913,0.0667,1,0.2,0.7913,0.0556,2,0.26,13,0.2527,23,
cross_database_transfer,bindingdb_to_chembl_exact_ligand_purged,rich_scalars_only,1,bindingdb_raw,chembl_raw,P11309,Serine/threonine-protein kinase pim-1,120,0.1667,0.2984,0.7712,62,1.075,0.2132,0.5345,0.1083,0.1667,0.2399,0.5,3.0,0.25,1,0.3333,2.0,0.1389,2,0.25,1.5,0.0903,3,0.2,10,0.16,16,
cross_database_transfer,bindingdb_to_chembl_exact_ligand_purged,rich_scalars_only,1,bindingdb_raw,chembl_raw,P49841,Glycogen synthase kinase-3 beta,142,0.3944,0.693,0.7689,57,1.0282,0.4152,0.4813,0.0435,0.3944,0.5025,0.5,1.2679,0.25,1,0.625,1.5848,0.4438,5,0.4,1.0143,0.2767,6,0.36,18,0.4,40,
cross_database_transfer,bindingdb_to_chembl_exact_ligand_purged,extratrees_scalars,1,bindingdb_raw,chembl_raw,P35367,Histamine H1 receptor,594,0.2138,0.5546,0.7773,168,1.1364,0.4106,0.7134,0.2876,0.2138,0.487,0.8333,3.8976,0.7306,5,0.4667,2.1827,0.3042,14,0.45,2.1047,0.2578,27,0.5,25,0.49,49,
cross_database_transfer,bindingdb_to_chembl_exact_ligand_purged,extratrees_scalars,1,bindingdb_raw,chembl_raw,P41143,Delta-type opioid receptor,816,0.5417,1.1043,0.808,188,1.7022,0.6714,0.6006,0.0981,0.5417,0.8625,1.0,1.8462,1.0,9,0.9268,1.7111,0.8827,38,0.8415,1.5535,0.7845,69,0.94,47,0.84,84,
cross_database_transfer,bindingdb_to_chembl_exact_ligand_purged,extratrees_scalars,1,bindingdb_raw,chembl_raw,P31645,Sodium-dependent serotonin transporter,555,0.4306,0.8056,0.7754,122,1.3315,0.5094,0.5763,0.1061,0.4306,0.5465,0.8333,1.9351,0.8333,5,0.5357,1.244,0.3634,15,0.5714,1.327,0.349,32,0.52,26,0.49,49,
cross_database_transfer,bindingdb_to_chembl_exact_ligand_purged,extratrees_scalars,1,bindingdb_raw,chembl_raw,P04150,Glucocorticoid receptor,945,0.3312,0.6039,0.7675,196,1.182,0.4578,0.6419,0.2115,0.3312,0.5176,0.5,1.5096,0.3842,5,0.5,1.5096,0.2921,24,0.5053,1.5255,0.28,48,0.52,26,0.5,50,
cross_database_transfer,bindingdb_to_chembl_exact_ligand_purged,extratrees_scalars,1,bindingdb_raw,chembl_raw,P00734,Prothrombin,614,0.4935,0.9584,0.7957,257,1.1792,0.4877,0.4882,0.0068,0.4935,0.4854,0.2857,0.579,0.0833,2,0.5161,1.0459,0.259,16,0.4516,0.9151,0.2233,28,0.44,22,0.5,50,
cross_database_transfer,bindingdb_to_chembl_exact_ligand_purged,extratrees_scalars,1,bindingdb_raw,chembl_raw,Q99720,Sigma non-opioid intracellular receptor 1,566,0.5265,0.9897,0.8008,182,1.4399,0.6899,0.6725,0.2455,0.5265,0.8083,0.8333,1.5828,0.8056,5,0.8621,1.6374,0.7854,25,0.807,1.5328,0.7004,46,0.8,40,0.72,72,
cross_database_transfer,bindingdb_to_chembl_exact_ligand_purged,extratrees_scalars,1,bindingdb_raw,chembl_raw,P42336,"Phosphatidylinositol 4,5-bisphosphate 3-kinase catalytic subunit alpha isoform",405,0.2716,0.4686,0.7647,206,1.2099,0.3261,0.5559,0.1685,0.2716,0.3589,0.2,0.7364,0.05,1,0.381,1.4026,0.1568,8,0.3659,1.347,0.1399,15,0.36,18,0.39,39,
cross_database_transfer,bindingdb_to_chembl_exact_ligand_purged,extratrees_scalars,1,bindingdb_raw,chembl_raw,P08908,5-hydroxytryptamine receptor 1A,541,0.4362,0.7408,0.7941,129,1.5046,0.5185,0.5884,0.1462,0.4362,0.5686,0.3333,0.7641,0.1389,2,0.6429,1.4737,0.3528,18,0.5636,1.2921,0.3201,31,0.56,28,0.58,58,
cross_database_transfer,bindingdb_to_chembl_exact_ligand_purged,extratrees_scalars,1,bindingdb_raw,chembl_raw,P41145,Kappa-type opioid receptor,853,0.5252,1.0234,0.7852,217,1.449,0.6941,0.6723,0.2425,0.5252,0.8085,0.7778,1.4809,0.4825,7,0.8605,1.6383,0.7232,37,0.8023,1.5276,0.6588,69,0.82,41,0.8,80,
cross_database_transfer,bindingdb_to_chembl_exact_ligand_purged,extratrees_scalars,1,bindingdb_raw,chembl_raw,P10275,Androgen receptor,462,0.3182,0.5444,0.7923,114,1.2489,0.3659,0.5815,0.0804,0.3182,0.3437,0.0,0.0,0.0,0,0.375,1.1786,0.1155,9,0.3617,1.1368,0.1192,17,0.4,20,0.38,38,
cross_database_transfer,bindingdb_to_chembl_exact_ligand_purged,extratrees_scalars,1,bindingdb_raw,chembl_raw,P35462,D(3) dopamine receptor,462,0.4286,0.7298,0.7745,154,1.0758,0.5253,0.6183,0.1991,0.4286,0.5542,0.6,1.4,0.32,3,0.5,1.1667,0.2725,12,0.617,1.4397,0.3522,29,0.6,30,0.56,56,
cross_database_transfer,bindingdb_to_chembl_exact_ligand_purged,extratrees_scalars,1,bindingdb_raw,chembl_raw,P23458,Tyrosine-protein kinase JAK1,1128,0.1667,0.3723,0.7479,568,1.0133,0.4149,0.7718,0.2845,0.1667,0.5267,0.5833,3.5,0.3713,7,0.5614,3.3684,0.3378,32,0.469,2.8142,0.2732,53,0.6,30,0.5,50,
cross_database_transfer,bindingdb_to_chembl_exact_ligand_purged,extratrees_scalars,1,bindingdb_raw,chembl_raw,P35372,Mu-type opioid receptor,682,0.3724,0.7457,0.7991,218,1.2331,0.5661,0.6636,0.2513,0.3724,0.7255,0.8571,2.3015,0.7844,6,0.8,2.148,0.6669,28,0.7101,1.9068,0.5673,49,0.74,37,0.65,65,
cross_database_transfer,bindingdb_to_chembl_exact_ligand_purged,extratrees_scalars,1,bindingdb_raw,chembl_raw,Q01959,Sodium-dependent dopamine transporter,400,0.2675,0.5029,0.7795,78,1.2375,0.4047,0.6694,0.2425,0.2675,0.4523,0.5,1.8692,0.25,2,0.45,1.6822,0.2107,9,0.475,1.7757,0.2235,19,0.5,25,0.46,46,
cross_database_transfer,bindingdb_to_chembl_exact_ligand_purged,extratrees_scalars,1,bindingdb_raw,chembl_raw,P00742,Coagulation factor X,723,0.4869,0.9307,0.7869,204,1.1245,0.5223,0.5346,0.0537,0.4869,0.5491,0.75,1.5405,0.683,6,0.6486,1.3323,0.4725,24,0.4658,0.9566,0.309,34,0.52,26,0.47,47,
cross_database_transfer,bindingdb_to_chembl_exact_ligand_purged,extratrees_scalars,1,bindingdb_raw,chembl_raw,O43614,Orexin receptor type 2,388,0.5747,1.0255,0.7649,165,1.2294,0.6467,0.5345,0.1439,0.5747,0.78,1.0,1.7399,1.0,4,0.85,1.4789,0.801,17,0.7436,1.2938,0.6471,29,0.7,35,0.69,69,
cross_database_transfer,bindingdb_to_chembl_exact_ligand_purged,extratrees_scalars,1,bindingdb_raw,chembl_raw,O60674,Tyrosine-protein kinase JAK2,153,0.1699,0.3494,0.7688,74,1.0131,0.3355,0.6696,0.2044,0.1699,0.3975,0.5,2.9423,0.5,1,0.375,2.2067,0.2833,3,0.25,1.4712,0.1667,4,0.28,14,0.21,21,
cross_database_transfer,bindingdb_to_chembl_exact_ligand_purged,extratrees_scalars,1,bindingdb_raw,chembl_raw,P21917,D(4) dopamine receptor,329,0.4195,0.7517,0.7839,130,1.0547,0.4371,0.5042,0.0056,0.4195,0.4832,0.0,0.0,0.0,0,0.5294,1.2621,0.2345,9,0.5152,1.2282,0.2559,17,0.52,26,0.42,42,
cross_database_transfer,bindingdb_to_chembl_exact_ligand_purged,extratrees_scalars,1,bindingdb_raw,chembl_raw,Q9Y5N1,Histamine H3 receptor,742,0.3261,0.5884,0.7886,300,1.1078,0.4413,0.6435,0.1572,0.3261,0.4868,0.625,1.9163,0.4635,5,0.4737,1.4524,0.2887,18,0.48,1.4717,0.2569,36,0.42,21,0.5,50,
cross_database_transfer,bindingdb_to_chembl_exact_ligand_purged,extratrees_scalars,1,bindingdb_raw,chembl_raw,P00519,Tyrosine-protein kinase ABL1,174,0.1897,0.3512,0.7743,78,1.1437,0.2947,0.5237,0.0509,0.1897,0.4099,1.0,5.2727,1.0,2,0.4444,2.3434,0.3944,4,0.2778,1.4646,0.2204,5,0.2,10,0.2,20,
cross_database_transfer,bindingdb_to_chembl_exact_ligand_purged,extratrees_scalars,1,bindingdb_raw,chembl_raw,Q9HAZ1,Dual specificity protein kinase CLK4,91,0.2527,0.5,0.7623,52,1.0,0.3028,0.4648,0.0921,0.2527,0.3436,1.0,3.9565,1.0,1,0.2,0.7913,0.2,1,0.3,1.187,0.1762,3,0.22,11,0.2527,23,
cross_database_transfer,bindingdb_to_chembl_exact_ligand_purged,extratrees_scalars,1,bindingdb_raw,chembl_raw,P11309,Serine/threonine-protein kinase pim-1,120,0.1667,0.2984,0.7712,62,1.075,0.2706,0.6135,0.0239,0.1667,0.3178,0.5,3.0,0.5,1,0.5,3.0,0.3167,3,0.25,1.5,0.1583,3,0.2,10,0.2,20,
cross_database_transfer,bindingdb_to_chembl_exact_ligand_purged,extratrees_scalars,1,bindingdb_raw,chembl_raw,P49841,Glycogen synthase kinase-3 beta,142,0.3944,0.693,0.7689,57,1.0282,0.494,0.5835,0.0846,0.3944,0.5681,1.0,2.5357,1.0,2,0.5,1.2679,0.4438,4,0.5333,1.3524,0.379,8,0.48,24,0.43,43,
cross_database_transfer,bindingdb_to_chembl_exact_ligand_purged,ecfp_absdiff_xgb,2,bindingdb_raw,chembl_raw,P35367,Histamine H1 receptor,594,0.2138,0.5546,0.7773,168,1.1364,0.253,0.5342,0.0202,0.2138,0.2974,0.5,2.3386,0.3167,3,0.3,1.4031,0.1584,9,0.2333,1.0913,0.1067,14,0.26,13,0.24,24,
cross_database_transfer,bindingdb_to_chembl_exact_ligand_purged,ecfp_absdiff_xgb,2,bindingdb_raw,chembl_raw,P41143,Delta-type opioid receptor,816,0.5417,1.1043,0.808,188,1.7022,0.5873,0.5571,0.1384,0.5417,0.6612,0.5556,1.0256,0.3552,5,0.7317,1.3508,0.4697,30,0.6463,1.1932,0.4328,53,0.72,36,0.67,67,
cross_database_transfer,bindingdb_to_chembl_exact_ligand_purged,ecfp_absdiff_xgb,2,bindingdb_raw,chembl_raw,P31645,Sodium-dependent serotonin transporter,555,0.4306,0.8056,0.7754,122,1.3315,0.4487,0.5211,-0.0648,0.4306,0.3723,0.3333,0.7741,0.1944,2,0.3214,0.7464,0.1529,9,0.375,0.8708,0.1554,21,0.42,21,0.38,38,
cross_database_transfer,bindingdb_to_chembl_exact_ligand_purged,ecfp_absdiff_xgb,2,bindingdb_raw,chembl_raw,P04150,Glucocorticoid receptor,945,0.3312,0.6039,0.7675,196,1.182,0.3431,0.5115,0.0522,0.3312,0.3972,0.5,1.5096,0.1772,5,0.3542,1.0693,0.1561,17,0.4,1.2077,0.1635,38,0.36,18,0.41,41,
cross_database_transfer,bindingdb_to_chembl_exact_ligand_purged,ecfp_absdiff_xgb,2,bindingdb_raw,chembl_raw,P00734,Prothrombin,614,0.4935,0.9584,0.7957,257,1.1792,0.5432,0.583,0.0968,0.4935,0.5618,0.2857,0.579,0.2381,2,0.5484,1.1113,0.2718,17,0.629,1.2747,0.3546,39,0.62,31,0.61,61,
cross_database_transfer,bindingdb_to_chembl_exact_ligand_purged,ecfp_absdiff_xgb,2,bindingdb_raw,chembl_raw,Q99720,Sigma non-opioid intracellular receptor 1,566,0.5265,0.9897,0.8008,182,1.4399,0.522,0.4756,-0.0473,0.5265,0.5372,0.6667,1.2662,0.5139,4,0.5517,1.0479,0.3684,16,0.4737,0.8997,0.2866,27,0.48,24,0.53,53,
cross_database_transfer,bindingdb_to_chembl_exact_ligand_purged,ecfp_absdiff_xgb,2,bindingdb_raw,chembl_raw,P42336,"Phosphatidylinositol 4,5-bisphosphate 3-kinase catalytic subunit alpha isoform",405,0.2716,0.4686,0.7647,206,1.2099,0.3276,0.6003,0.1995,0.2716,0.3269,0.4,1.4727,0.1467,2,0.3333,1.2273,0.1316,7,0.3171,1.1674,0.1094,13,0.32,16,0.4,40,
cross_database_transfer,bindingdb_to_chembl_exact_ligand_purged,ecfp_absdiff_xgb,2,bindingdb_raw,chembl_raw,P08908,5-hydroxytryptamine receptor 1A,541,0.4362,0.7408,0.7941,129,1.5046,0.4358,0.4482,-0.2042,0.4362,0.3694,0.5,1.1462,0.3611,3,0.4286,0.9824,0.2394,12,0.3273,0.7502,0.1661,18,0.34,17,0.23,23,
cross_database_transfer,bindingdb_to_chembl_exact_ligand_purged,ecfp_absdiff_xgb,2,bindingdb_raw,chembl_raw,P41145,Kappa-type opioid receptor,853,0.5252,1.0234,0.7852,217,1.449,0.5785,0.552,0.1137,0.5252,0.7001,0.7778,1.4809,0.6065,7,0.6977,1.3284,0.5673,30,0.6744,1.2841,0.5085,58,0.7,35,0.66,66,
cross_database_transfer,bindingdb_to_chembl_exact_ligand_purged,ecfp_absdiff_xgb,2,bindingdb_raw,chembl_raw,P10275,Androgen receptor,462,0.3182,0.5444,0.7923,114,1.2489,0.3168,0.4805,-0.0443,0.3182,0.3202,0.4,1.2571,0.18,2,0.3333,1.0476,0.1289,8,0.2766,0.8693,0.1027,13,0.26,13,0.35,35,
cross_database_transfer,bindingdb_to_chembl_exact_ligand_purged,ecfp_absdiff_xgb,2,bindingdb_raw,chembl_raw,P35462,D(3) dopamine receptor,462,0.4286,0.7298,0.7745,154,1.0758,0.423,0.4928,-0.0748,0.4286,0.3139,0.0,0.0,0.0,0,0.375,0.875,0.1087,9,0.3404,0.7943,0.1061,16,0.34,17,0.37,37,
cross_database_transfer,bindingdb_to_chembl_exact_ligand_purged,ecfp_absdiff_xgb,2,bindingdb_raw,chembl_raw,P23458,Tyrosine-protein kinase JAK1,1128,0.1667,0.3723,0.7479,568,1.0133,0.2318,0.6275,0.1162,0.1667,0.2708,0.25,1.5,0.0653,3,0.2632,1.5789,0.0878,15,0.2478,1.4867,0.071,28,0.3,15,0.22,22,
cross_database_transfer,bindingdb_to_chembl_exact_ligand_purged,ecfp_absdiff_xgb,2,bindingdb_raw,chembl_raw,P35372,Mu-type opioid receptor,682,0.3724,0.7457,0.7991,218,1.2331,0.4486,0.5603,0.1437,0.3724,0.628,0.4286,1.1507,0.1803,3,0.7429,1.9946,0.4802,26,0.6812,1.8289,0.447,47,0.66,33,0.58,58,
cross_database_transfer,bindingdb_to_chembl_exact_ligand_purged,ecfp_absdiff_xgb,2,bindingdb_raw,chembl_raw,Q01959,Sodium-dependent dopamine transporter,400,0.2675,0.5029,0.7795,78,1.2375,0.2948,0.5334,0.0304,0.2675,0.3209,0.0,0.0,0.0,0,0.45,1.6822,0.1779,9,0.225,0.8411,0.089,9,0.28,14,0.35,35,
cross_database_transfer,bindingdb_to_chembl_exact_ligand_purged,ecfp_absdiff_xgb,2,bindingdb_raw,chembl_raw,P00742,Coagulation factor X,723,0.4869,0.9307,0.7869,204,1.1245,0.6117,0.6573,0.1649,0.4869,0.7629,0.625,1.2837,0.3518,5,0.8378,1.7209,0.6324,31,0.7945,1.6319,0.6204,58,0.82,41,0.72,72,
cross_database_transfer,bindingdb_to_chembl_exact_ligand_purged,ecfp_absdiff_xgb,2,bindingdb_raw,chembl_raw,O43614,Orexin receptor type 2,388,0.5747,1.0255,0.7649,165,1.2294,0.6236,0.5596,0.038,0.5747,0.698,0.75,1.3049,0.6042,3,0.8,1.3919,0.5968,16,0.641,1.1153,0.4898,25,0.62,31,0.6,60,
cross_database_transfer,bindingdb_to_chembl_exact_ligand_purged,ecfp_absdiff_xgb,2,bindingdb_raw,chembl_raw,O60674,Tyrosine-protein kinase JAK2,153,0.1699,0.3494,0.7688,74,1.0131,0.2993,0.5597,0.1505,0.1699,0.4456,1.0,5.8846,1.0,2,0.375,2.2067,0.3438,3,0.375,2.2067,0.2565,6,0.22,11,0.17,17,
cross_database_transfer,bindingdb_to_chembl_exact_ligand_purged,ecfp_absdiff_xgb,2,bindingdb_raw,chembl_raw,P21917,D(4) dopamine receptor,329,0.4195,0.7517,0.7839,130,1.0547,0.435,0.4652,-0.0167,0.4195,0.5382,1.0,2.3841,1.0,4,0.5882,1.4024,0.5222,10,0.4242,1.0114,0.3332,14,0.4,20,0.41,41,
cross_database_transfer,bindingdb_to_chembl_exact_ligand_purged,ecfp_absdiff_xgb,2,bindingdb_raw,chembl_raw,Q9Y5N1,Histamine H3 receptor,742,0.3261,0.5884,0.7886,300,1.1078,0.353,0.5207,0.0866,0.3261,0.3781,0.75,2.2996,0.5375,6,0.3421,1.0489,0.2336,13,0.3067,0.9403,0.1629,23,0.34,17,0.32,32,
cross_database_transfer,bindingdb_to_chembl_exact_ligand_purged,ecfp_absdiff_xgb,2,bindingdb_raw,chembl_raw,P00519,Tyrosine-protein kinase ABL1,174,0.1897,0.3512,0.7743,78,1.1437,0.2818,0.5489,0.0509,0.1897,0.4336,0.5,2.6364,0.25,1,0.5556,2.9293,0.3664,5,0.3333,1.7576,0.211,6,0.24,12,0.25,25,
cross_database_transfer,bindingdb_to_chembl_exact_ligand_purged,ecfp_absdiff_xgb,2,bindingdb_raw,chembl_raw,Q9HAZ1,Dual specificity protein kinase CLK4,91,0.2527,0.5,0.7623,52,1.0,0.2794,0.4789,-0.1637,0.2527,0.2049,0.0,0.0,0.0,0,0.2,0.7913,0.04,1,0.3,1.187,0.0962,3,0.24,12,0.2527,23,
cross_database_transfer,bindingdb_to_chembl_exact_ligand_purged,ecfp_absdiff_xgb,2,bindingdb_raw,chembl_raw,P11309,Serine/threonine-protein kinase pim-1,120,0.1667,0.2984,0.7712,62,1.075,0.2495,0.5712,0.16,0.1667,0.3584,0.5,3.0,0.25,1,0.3333,2.0,0.1389,2,0.5,3.0,0.2211,6,0.2,10,0.17,17,
cross_database_transfer,bindingdb_to_chembl_exact_ligand_purged,ecfp_absdiff_xgb,2,bindingdb_raw,chembl_raw,P49841,Glycogen synthase kinase-3 beta,142,0.3944,0.693,0.7689,57,1.0282,0.4201,0.4559,-0.1201,0.3944,0.4133,1.0,2.5357,1.0,2,0.375,0.9509,0.325,3,0.4,1.0143,0.2561,6,0.34,17,0.38,38,
cross_database_transfer,bindingdb_to_chembl_exact_ligand_purged,rich_diff_scalars,2,bindingdb_raw,chembl_raw,P35367,Histamine H1 receptor,594,0.2138,0.5546,0.7773,168,1.1364,0.3628,0.7269,0.301,0.2138,0.3833,0.0,0.0,0.0,0,0.4,1.8709,0.1354,12,0.4167,1.9488,0.1621,25,0.44,22,0.36,36,
cross_database_transfer,bindingdb_to_chembl_exact_ligand_purged,rich_diff_scalars,2,bindingdb_raw,chembl_raw,P41143,Delta-type opioid receptor,816,0.5417,1.1043,0.808,188,1.7022,0.6022,0.5908,0.1305,0.5417,0.5849,0.5556,1.0256,0.3474,5,0.561,1.0356,0.3239,23,0.6463,1.1932,0.381,53,0.6,30,0.58,58,
cross_database_transfer,bindingdb_to_chembl_exact_ligand_purged,rich_diff_scalars,2,bindingdb_raw,chembl_raw,P31645,Sodium-dependent serotonin transporter,555,0.4306,0.8056,0.7754,122,1.3315,0.5662,0.6401,0.1305,0.4306,0.6459,0.6667,1.5481,0.5444,4,0.6071,1.4099,0.4387,17,0.6607,1.5343,0.4481,37,0.66,33,0.66,66,
cross_database_transfer,bindingdb_to_chembl_exact_ligand_purged,rich_diff_scalars,2,bindingdb_raw,chembl_raw,P04150,Glucocorticoid receptor,945,0.3312,0.6039,0.7675,196,1.182,0.4374,0.5923,0.0833,0.3312,0.5539,0.6,1.8115,0.4181,6,0.5833,1.7612,0.3723,28,0.5474,1.6526,0.3295,52,0.6,30,0.55,55,
cross_database_transfer,bindingdb_to_chembl_exact_ligand_purged,rich_diff_scalars,2,bindingdb_raw,chembl_raw,P00734,Prothrombin,614,0.4935,0.9584,0.7957,257,1.1792,0.5237,0.5374,0.0541,0.4935,0.5149,0.7143,1.4474,0.4973,5,0.4839,0.9805,0.279,15,0.5484,1.1113,0.2967,34,0.5,25,0.51,51,
cross_database_transfer,bindingdb_to_chembl_exact_ligand_purged,rich_diff_scalars,2,bindingdb_raw,chembl_raw,Q99720,Sigma non-opioid intracellular receptor 1,566,0.5265,0.9897,0.8008,182,1.4399,0.6955,0.6873,0.349,0.5265,0.8006,1.0,1.8993,1.0,6,0.8621,1.6374,0.7567,25,0.807,1.5328,0.6934,46,0.82,41,0.69,69,
cross_database_transfer,bindingdb_to_chembl_exact_ligand_purged,rich_diff_scalars,2,bindingdb_raw,chembl_raw,P42336,"Phosphatidylinositol 4,5-bisphosphate 3-kinase catalytic subunit alpha isoform",405,0.2716,0.4686,0.7647,206,1.2099,0.332,0.5589,0.0863,0.2716,0.3741,0.0,0.0,0.0,0,0.381,1.4026,0.1243,8,0.439,1.6164,0.1676,18,0.42,21,0.37,37,
cross_database_transfer,bindingdb_to_chembl_exact_ligand_purged,rich_diff_scalars,2,bindingdb_raw,chembl_raw,P08908,5-hydroxytryptamine receptor 1A,541,0.4362,0.7408,0.7941,129,1.5046,0.5482,0.6471,0.2207,0.4362,0.5864,0.8333,1.9103,0.5917,5,0.5357,1.2281,0.3624,15,0.5455,1.2504,0.3414,30,0.56,28,0.54,54,
cross_database_transfer,bindingdb_to_chembl_exact_ligand_purged,rich_diff_scalars,2,bindingdb_raw,chembl_raw,P41145,Kappa-type opioid receptor,853,0.5252,1.0234,0.7852,217,1.449,0.6468,0.6068,0.1378,0.5252,0.7864,0.7778,1.4809,0.7253,7,0.814,1.5498,0.6937,35,0.814,1.5498,0.6844,70,0.82,41,0.79,79,
cross_database_transfer,bindingdb_to_chembl_exact_ligand_purged,rich_diff_scalars,2,bindingdb_raw,chembl_raw,P10275,Androgen receptor,462,0.3182,0.5444,0.7923,114,1.2489,0.3553,0.5623,0.1045,0.3182,0.3134,0.0,0.0,0.0,0,0.2917,0.9167,0.0733,7,0.3617,1.1368,0.109,17,0.36,18,0.4,40,
cross_database_transfer,bindingdb_to_chembl_exact_ligand_purged,rich_diff_scalars,2,bindingdb_raw,chembl_raw,P35462,D(3) dopamine receptor,462,0.4286,0.7298,0.7745,154,1.0758,0.5434,0.6171,0.1713,0.4286,0.6019,0.8,1.8667,0.8,4,0.5417,1.2639,0.4006,13,0.617,1.4397,0.4125,29,0.6,30,0.58,58,
cross_database_transfer,bindingdb_to_chembl_exact_ligand_purged,rich_diff_scalars,2,bindingdb_raw,chembl_raw,P23458,Tyrosine-protein kinase JAK1,1128,0.1667,0.3723,0.7479,568,1.0133,0.3383,0.6951,0.2196,0.1667,0.4632,0.25,1.5,0.1458,3,0.5088,3.0526,0.2326,29,0.4867,2.9204,0.2361,55,0.52,26,0.51,51,
cross_database_transfer,bindingdb_to_chembl_exact_ligand_purged,rich_diff_scalars,2,bindingdb_raw,chembl_raw,P35372,Mu-type opioid receptor,682,0.3724,0.7457,0.7991,218,1.2331,0.5919,0.7059,0.2801,0.3724,0.7133,0.8571,2.3015,0.8129,6,0.7143,1.9179,0.5885,25,0.7101,1.9068,0.5399,49,0.68,34,0.71,71,
cross_database_transfer,bindingdb_to_chembl_exact_ligand_purged,rich_diff_scalars,2,bindingdb_raw,chembl_raw,Q01959,Sodium-dependent dopamine transporter,400,0.2675,0.5029,0.7795,78,1.2375,0.4229,0.6874,0.2279,0.2675,0.4867,0.5,1.8692,0.25,2,0.45,1.6822,0.2513,9,0.5,1.8692,0.258,20,0.48,24,0.44,44,
cross_database_transfer,bindingdb_to_chembl_exact_ligand_purged,rich_diff_scalars,2,bindingdb_raw,chembl_raw,P00742,Coagulation factor X,723,0.4869,0.9307,0.7869,204,1.1245,0.5846,0.5933,0.124,0.4869,0.6886,0.75,1.5405,0.7188,6,0.7297,1.4988,0.5758,27,0.6849,1.4068,0.5156,50,0.72,36,0.66,66,
cross_database_transfer,bindingdb_to_chembl_exact_ligand_purged,rich_diff_scalars,2,bindingdb_raw,chembl_raw,O43614,Orexin receptor type 2,388,0.5747,1.0255,0.7649,165,1.2294,0.6109,0.5257,0.0011,0.5747,0.5945,0.75,1.3049,0.6875,3,0.45,0.783,0.324,9,0.6154,1.0707,0.375,24,0.64,32,0.69,69,
cross_database_transfer,bindingdb_to_chembl_exact_ligand_purged,rich_diff_scalars,2,bindingdb_raw,chembl_raw,O60674,Tyrosine-protein kinase JAK2,153,0.1699,0.3494,0.7688,74,1.0131,0.3716,0.6675,0.11,0.1699,0.4908,0.5,2.9423,0.5,1,0.625,3.6779,0.4121,5,0.5,2.9423,0.3022,8,0.28,14,0.2,20,
cross_database_transfer,bindingdb_to_chembl_exact_ligand_purged,rich_diff_scalars,2,bindingdb_raw,chembl_raw,P21917,D(4) dopamine receptor,329,0.4195,0.7517,0.7839,130,1.0547,0.4114,0.4801,-0.0733,0.4195,0.3828,0.0,0.0,0.0,0,0.4118,0.9817,0.1459,7,0.3636,0.8669,0.1367,12,0.46,23,0.4,40,
cross_database_transfer,bindingdb_to_chembl_exact_ligand_purged,rich_diff_scalars,2,bindingdb_raw,chembl_raw,Q9Y5N1,Histamine H3 receptor,742,0.3261,0.5884,0.7886,300,1.1078,0.4789,0.6494,0.1953,0.3261,0.5914,0.75,2.2996,0.7188,6,0.6579,2.0172,0.4629,25,0.5867,1.7988,0.3959,44,0.68,34,0.56,56,
cross_database_transfer,bindingdb_to_chembl_exact_ligand_purged,rich_diff_scalars,2,bindingdb_raw,chembl_raw,P00519,Tyrosine-protein kinase ABL1,174,0.1897,0.3512,0.7743,78,1.1437,0.1986,0.3937,-0.1467,0.1897,0.2782,0.5,2.6364,0.25,1,0.3333,1.7576,0.1772,3,0.2778,1.4646,0.1171,5,0.12,6,0.14,14,
cross_database_transfer,bindingdb_to_chembl_exact_ligand_purged,rich_diff_scalars,2,bindingdb_raw,chembl_raw,Q9HAZ1,Dual specificity protein kinase CLK4,91,0.2527,0.5,0.7623,52,1.0,0.2637,0.539,0.0181,0.2527,0.0914,0.0,0.0,0.0,0,0.0,0.0,0.0,0,0.1,0.3957,0.0167,1,0.26,13,0.2527,23,
cross_database_transfer,bindingdb_to_chembl_exact_ligand_purged,rich_diff_scalars,2,bindingdb_raw,chembl_raw,P11309,Serine/threonine-protein kinase pim-1,120,0.1667,0.2984,0.7712,62,1.075,0.1937,0.5365,0.1083,0.1667,0.1476,0.0,0.0,0.0,0,0.1667,1.0,0.0556,1,0.0833,0.5,0.0278,1,0.22,11,0.16,16,
cross_database_transfer,bindingdb_to_chembl_exact_ligand_purged,rich_diff_scalars,2,bindingdb_raw,chembl_raw,P49841,Glycogen synthase kinase-3 beta,142,0.3944,0.693,0.7689,57,1.0282,0.4037,0.4718,-0.0092,0.3944,0.4645,0.5,1.2679,0.25,1,0.5,1.2679,0.2833,4,0.4667,1.1833,0.264,7,0.4,20,0.39,39,
cross_database_transfer,bindingdb_to_chembl_exact_ligand_purged,rich_scalars_only,2,bindingdb_raw,chembl_raw,P35367,Histamine H1 receptor,594,0.2138,0.5546,0.7773,168,1.1364,0.3962,0.735,0.2888,0.2138,0.4714,0.3333,1.5591,0.1083,2,0.5333,2.4945,0.2621,16,0.4833,2.2606,0.2357,29,0.5,25,0.43,43,
cross_database_transfer,bindingdb_to_chembl_exact_ligand_purged,rich_scalars_only,2,bindingdb_raw,chembl_raw,P41143,Delta-type opioid receptor,816,0.5417,1.1043,0.808,188,1.7022,0.6076,0.5855,0.1649,0.5417,0.6282,0.7778,1.4359,0.6065,7,0.6585,1.2158,0.4746,27,0.5976,1.1032,0.4016,49,0.64,32,0.61,61,
cross_database_transfer,bindingdb_to_chembl_exact_ligand_purged,rich_scalars_only,2,bindingdb_raw,chembl_raw,P31645,Sodium-dependent serotonin transporter,555,0.4306,0.8056,0.7754,122,1.3315,0.5699,0.6448,0.19,0.4306,0.6637,0.6667,1.5481,0.5444,4,0.6786,1.5758,0.5331,19,0.6429,1.4928,0.4674,36,0.66,33,0.58,58,
cross_database_transfer,bindingdb_to_chembl_exact_ligand_purged,rich_scalars_only,2,bindingdb_raw,chembl_raw,P04150,Glucocorticoid receptor,945,0.3312,0.6039,0.7675,196,1.182,0.5087,0.6387,0.1303,0.3312,0.6858,0.9,2.7173,0.7071,9,0.75,2.2644,0.6098,36,0.6316,1.9068,0.4947,60,0.76,38,0.61,61,
cross_database_transfer,bindingdb_to_chembl_exact_ligand_purged,rich_scalars_only,2,bindingdb_raw,chembl_raw,P00734,Prothrombin,614,0.4935,0.9584,0.7957,257,1.1792,0.5066,0.5065,0.0192,0.4935,0.5076,0.7143,1.4474,0.5687,5,0.4839,0.9805,0.323,15,0.4677,0.9478,0.2712,29,0.48,24,0.5,50,
cross_database_transfer,bindingdb_to_chembl_exact_ligand_purged,rich_scalars_only,2,bindingdb_raw,chembl_raw,Q99720,Sigma non-opioid intracellular receptor 1,566,0.5265,0.9897,0.8008,182,1.4399,0.6877,0.6809,0.3035,0.5265,0.7826,1.0,1.8993,1.0,6,0.8621,1.6374,0.7671,25,0.7368,1.3995,0.6334,42,0.78,39,0.67,67,
cross_database_transfer,bindingdb_to_chembl_exact_ligand_purged,rich_scalars_only,2,bindingdb_raw,chembl_raw,P42336,"Phosphatidylinositol 4,5-bisphosphate 3-kinase catalytic subunit alpha isoform",405,0.2716,0.4686,0.7647,206,1.2099,0.3238,0.5458,0.0742,0.2716,0.3749,0.4,1.4727,0.2333,2,0.4286,1.5779,0.1912,9,0.3415,1.2572,0.1479,14,0.34,17,0.32,32,
cross_database_transfer,bindingdb_to_chembl_exact_ligand_purged,rich_scalars_only,2,bindingdb_raw,chembl_raw,P08908,5-hydroxytryptamine receptor 1A,541,0.4362,0.7408,0.7941,129,1.5046,0.5349,0.6485,0.1932,0.4362,0.5239,0.5,1.1462,0.3333,3,0.5,1.1462,0.2601,14,0.5636,1.2921,0.2967,31,0.54,27,0.58,58,
cross_database_transfer,bindingdb_to_chembl_exact_ligand_purged,rich_scalars_only,2,bindingdb_raw,chembl_raw,P41145,Kappa-type opioid receptor,853,0.5252,1.0234,0.7852,217,1.449,0.6601,0.6259,0.1483,0.5252,0.7984,0.7778,1.4809,0.6121,7,0.8605,1.6383,0.7375,37,0.814,1.5498,0.6834,70,0.82,41,0.76,76,
cross_database_transfer,bindingdb_to_chembl_exact_ligand_purged,rich_scalars_only,2,bindingdb_raw,chembl_raw,P10275,Androgen receptor,462,0.3182,0.5444,0.7923,114,1.2489,0.371,0.5759,0.0955,0.3182,0.3346,0.4,1.2571,0.1467,2,0.2917,0.9167,0.101,7,0.3404,1.0699,0.1133,16,0.36,18,0.42,42,
cross_database_transfer,bindingdb_to_chembl_exact_ligand_purged,rich_scalars_only,2,bindingdb_raw,chembl_raw,P35462,D(3) dopamine receptor,462,0.4286,0.7298,0.7745,154,1.0758,0.5568,0.6195,0.1478,0.4286,0.6577,1.0,2.3333,1.0,5,0.7083,1.6528,0.5609,17,0.6383,1.4894,0.4704,30,0.62,31,0.59,59,
cross_database_transfer,bindingdb_to_chembl_exact_ligand_purged,rich_scalars_only,2,bindingdb_raw,chembl_raw,P23458,Tyrosine-protein kinase JAK1,1128,0.1667,0.3723,0.7479,568,1.0133,0.296,0.6812,0.2469,0.1667,0.3628,0.3333,2.0,0.1755,4,0.3684,2.2105,0.1496,21,0.3717,2.2301,0.1452,42,0.36,18,0.35,35,
cross_database_transfer,bindingdb_to_chembl_exact_ligand_purged,rich_scalars_only,2,bindingdb_raw,chembl_raw,P35372,Mu-type opioid receptor,682,0.3724,0.7457,0.7991,218,1.2331,0.5916,0.7071,0.2967,0.3724,0.7157,1.0,2.685,1.0,7,0.7143,1.9179,0.6114,25,0.7246,1.9457,0.5666,50,0.7,35,0.69,69,
cross_database_transfer,bindingdb_to_chembl_exact_ligand_purged,rich_scalars_only,2,bindingdb_raw,chembl_raw,Q01959,Sodium-dependent dopamine transporter,400,0.2675,0.5029,0.7795,78,1.2375,0.4448,0.6929,0.202,0.2675,0.5645,0.5,1.8692,0.2083,2,0.7,2.6168,0.4409,14,0.525,1.9626,0.3306,21,0.48,24,0.44,44,
cross_database_transfer,bindingdb_to_chembl_exact_ligand_purged,rich_scalars_only,2,bindingdb_raw,chembl_raw,P00742,Coagulation factor X,723,0.4869,0.9307,0.7869,204,1.1245,0.5606,0.5587,0.1079,0.4869,0.6518,1.0,2.054,1.0,8,0.6757,1.3878,0.5549,25,0.6849,1.4068,0.5028,50,0.64,32,0.6,60,
cross_database_transfer,bindingdb_to_chembl_exact_ligand_purged,rich_scalars_only,2,bindingdb_raw,chembl_raw,O43614,Orexin receptor type 2,388,0.5747,1.0255,0.7649,165,1.2294,0.6095,0.5357,0.0007,0.5747,0.5765,0.5,0.87,0.5,2,0.5,0.87,0.3186,10,0.5897,1.0261,0.3481,23,0.6,30,0.7,70,
cross_database_transfer,bindingdb_to_chembl_exact_ligand_purged,rich_scalars_only,2,bindingdb_raw,chembl_raw,O60674,Tyrosine-protein kinase JAK2,153,0.1699,0.3494,0.7688,74,1.0131,0.3897,0.6554,0.1025,0.1699,0.5117,1.0,5.8846,1.0,2,0.5,2.9423,0.4375,4,0.5,2.9423,0.3406,8,0.3,15,0.19,19,
cross_database_transfer,bindingdb_to_chembl_exact_ligand_purged,rich_scalars_only,2,bindingdb_raw,chembl_raw,P21917,D(4) dopamine receptor,329,0.4195,0.7517,0.7839,130,1.0547,0.4088,0.4746,-0.0639,0.4195,0.3873,0.0,0.0,0.0,0,0.4118,0.9817,0.139,7,0.3939,0.9392,0.151,13,0.42,21,0.41,41,
cross_database_transfer,bindingdb_to_chembl_exact_ligand_purged,rich_scalars_only,2,bindingdb_raw,chembl_raw,Q9Y5N1,Histamine H3 receptor,742,0.3261,0.5884,0.7886,300,1.1078,0.4663,0.6516,0.1891,0.3261,0.565,0.5,1.5331,0.3458,4,0.6053,1.8558,0.3521,23,0.6,1.8397,0.356,45,0.6,30,0.58,58,
cross_database_transfer,bindingdb_to_chembl_exact_ligand_purged,rich_scalars_only,2,bindingdb_raw,chembl_raw,P00519,Tyrosine-protein kinase ABL1,174,0.1897,0.3512,0.7743,78,1.1437,0.2487,0.4097,-0.1392,0.1897,0.3637,1.0,5.2727,1.0,2,0.4444,2.3434,0.369,4,0.2222,1.1717,0.1845,4,0.16,8,0.15,15,
cross_database_transfer,bindingdb_to_chembl_exact_ligand_purged,rich_scalars_only,2,bindingdb_raw,chembl_raw,Q9HAZ1,Dual specificity protein kinase CLK4,91,0.2527,0.5,0.7623,52,1.0,0.2385,0.4879,-0.008,0.2527,0.0362,0.0,0.0,0.0,0,0.0,0.0,0.0,0,0.0,0.0,0.0,0,0.24,12,0.2527,23,
cross_database_transfer,bindingdb_to_chembl_exact_ligand_purged,rich_scalars_only,2,bindingdb_raw,chembl_raw,P11309,Serine/threonine-protein kinase pim-1,120,0.1667,0.2984,0.7712,62,1.075,0.2029,0.561,0.1155,0.1667,0.1853,0.0,0.0,0.0,0,0.1667,1.0,0.0556,1,0.1667,1.0,0.0486,2,0.2,10,0.18,18,
cross_database_transfer,bindingdb_to_chembl_exact_ligand_purged,rich_scalars_only,2,bindingdb_raw,chembl_raw,P49841,Glycogen synthase kinase-3 beta,142,0.3944,0.693,0.7689,57,1.0282,0.3946,0.4434,-0.1154,0.3944,0.4881,0.5,1.2679,0.25,1,0.5,1.2679,0.3396,4,0.5333,1.3524,0.3192,8,0.32,16,0.38,38,
cross_database_transfer,bindingdb_to_chembl_exact_ligand_purged,extratrees_scalars,2,bindingdb_raw,chembl_raw,P35367,Histamine H1 receptor,594,0.2138,0.5546,0.7773,168,1.1364,0.4096,0.7075,0.2566,0.2138,0.5025,0.8333,3.8976,0.7722,5,0.5333,2.4945,0.406,16,0.45,2.1047,0.2852,27,0.42,21,0.39,39,
cross_database_transfer,bindingdb_to_chembl_exact_ligand_purged,extratrees_scalars,2,bindingdb_raw,chembl_raw,P41143,Delta-type opioid receptor,816,0.5417,1.1043,0.808,188,1.7022,0.644,0.592,0.117,0.5417,0.7946,0.7778,1.4359,0.6287,7,0.8537,1.576,0.7333,35,0.7805,1.4409,0.661,64,0.84,42,0.76,76,
cross_database_transfer,bindingdb_to_chembl_exact_ligand_purged,extratrees_scalars,2,bindingdb_raw,chembl_raw,P31645,Sodium-dependent serotonin transporter,555,0.4306,0.8056,0.7754,122,1.3315,0.507,0.6162,0.1873,0.4306,0.4412,0.3333,0.7741,0.2333,2,0.3571,0.8293,0.1512,10,0.5,1.1611,0.2187,28,0.46,23,0.53,53,
cross_database_transfer,bindingdb_to_chembl_exact_ligand_purged,extratrees_scalars,2,bindingdb_raw,chembl_raw,P04150,Glucocorticoid receptor,945,0.3312,0.6039,0.7675,196,1.182,0.444,0.6317,0.1953,0.3312,0.507,0.6,1.8115,0.3894,6,0.5417,1.6354,0.312,26,0.4737,1.4301,0.2632,45,0.54,27,0.48,48,
cross_database_transfer,bindingdb_to_chembl_exact_ligand_purged,extratrees_scalars,2,bindingdb_raw,chembl_raw,P00734,Prothrombin,614,0.4935,0.9584,0.7957,257,1.1792,0.5283,0.54,0.0428,0.4935,0.5474,0.4286,0.8685,0.2612,3,0.6129,1.242,0.3429,19,0.5,1.0132,0.2864,31,0.54,27,0.53,53,
cross_database_transfer,bindingdb_to_chembl_exact_ligand_purged,extratrees_scalars,2,bindingdb_raw,chembl_raw,Q99720,Sigma non-opioid intracellular receptor 1,566,0.5265,0.9897,0.8008,182,1.4399,0.6733,0.6591,0.2149,0.5265,0.7638,1.0,1.8993,1.0,6,0.7931,1.5064,0.7055,23,0.7368,1.3995,0.6057,42,0.74,37,0.71,71,
cross_database_transfer,bindingdb_to_chembl_exact_ligand_purged,extratrees_scalars,2,bindingdb_raw,chembl_raw,P42336,"Phosphatidylinositol 4,5-bisphosphate 3-kinase catalytic subunit alpha isoform",405,0.2716,0.4686,0.7647,206,1.2099,0.3086,0.5486,0.0957,0.2716,0.2823,0.2,0.7364,0.0667,1,0.2381,0.8766,0.0669,5,0.2927,1.0776,0.0777,12,0.34,17,0.35,35,
cross_database_transfer,bindingdb_to_chembl_exact_ligand_purged,extratrees_scalars,2,bindingdb_raw,chembl_raw,P08908,5-hydroxytryptamine receptor 1A,541,0.4362,0.7408,0.7941,129,1.5046,0.5343,0.5967,0.1433,0.4362,0.6169,0.8333,1.9103,0.5917,5,0.6429,1.4737,0.4652,18,0.5818,1.3337,0.3878,32,0.58,29,0.57,57,
cross_database_transfer,bindingdb_to_chembl_exact_ligand_purged,extratrees_scalars,2,bindingdb_raw,chembl_raw,P41145,Kappa-type opioid receptor,853,0.5252,1.0234,0.7852,217,1.449,0.6944,0.6664,0.2285,0.5252,0.8369,0.7778,1.4809,0.5565,7,0.9302,1.7712,0.8143,40,0.7907,1.5055,0.6888,68,0.92,46,0.8,80,
cross_database_transfer,bindingdb_to_chembl_exact_ligand_purged,extratrees_scalars,2,bindingdb_raw,chembl_raw,P10275,Androgen receptor,462,0.3182,0.5444,0.7923,114,1.2489,0.3655,0.589,0.1475,0.3182,0.3159,0.0,0.0,0.0,0,0.3333,1.0476,0.0799,8,0.3617,1.1368,0.1149,17,0.34,17,0.38,38,
cross_database_transfer,bindingdb_to_chembl_exact_ligand_purged,extratrees_scalars,2,bindingdb_raw,chembl_raw,P35462,D(3) dopamine receptor,462,0.4286,0.7298,0.7745,154,1.0758,0.5457,0.6179,0.1602,0.4286,0.6405,0.6,1.4,0.3833,3,0.625,1.4583,0.4112,15,0.6596,1.539,0.4349,31,0.66,33,0.63,63,
cross_database_transfer,bindingdb_to_chembl_exact_ligand_purged,extratrees_scalars,2,bindingdb_raw,chembl_raw,P23458,Tyrosine-protein kinase JAK1,1128,0.1667,0.3723,0.7479,568,1.0133,0.4273,0.7563,0.2892,0.1667,0.5588,0.5833,3.5,0.4827,7,0.614,3.6842,0.3922,35,0.5487,3.292,0.3378,62,0.62,31,0.57,57,
cross_database_transfer,bindingdb_to_chembl_exact_ligand_purged,extratrees_scalars,2,bindingdb_raw,chembl_raw,P35372,Mu-type opioid receptor,682,0.3724,0.7457,0.7991,218,1.2331,0.5329,0.6291,0.2013,0.3724,0.689,0.7143,1.9179,0.5687,5,0.7429,1.9946,0.5648,26,0.6522,1.7511,0.4875,45,0.74,37,0.63,63,
cross_database_transfer,bindingdb_to_chembl_exact_ligand_purged,extratrees_scalars,2,bindingdb_raw,chembl_raw,Q01959,Sodium-dependent dopamine transporter,400,0.2675,0.5029,0.7795,78,1.2375,0.4013,0.6725,0.2119,0.2675,0.4372,0.5,1.8692,0.2083,2,0.4,1.4953,0.1759,8,0.475,1.7757,0.2126,19,0.46,23,0.43,43,
cross_database_transfer,bindingdb_to_chembl_exact_ligand_purged,extratrees_scalars,2,bindingdb_raw,chembl_raw,P00742,Coagulation factor X,723,0.4869,0.9307,0.7869,204,1.1245,0.5177,0.5291,-0.0098,0.4869,0.5701,0.625,1.2837,0.533,5,0.5676,1.1658,0.3916,21,0.5616,1.1536,0.3622,41,0.62,31,0.52,52,
cross_database_transfer,bindingdb_to_chembl_exact_ligand_purged,extratrees_scalars,2,bindingdb_raw,chembl_raw,O43614,Orexin receptor type 2,388,0.5747,1.0255,0.7649,165,1.2294,0.6427,0.5426,0.0721,0.5747,0.75,1.0,1.7399,1.0,4,0.75,1.3049,0.6252,15,0.7949,1.383,0.641,31,0.74,37,0.62,62,
cross_database_transfer,bindingdb_to_chembl_exact_ligand_purged,extratrees_scalars,2,bindingdb_raw,chembl_raw,O60674,Tyrosine-protein kinase JAK2,153,0.1699,0.3494,0.7688,74,1.0131,0.4229,0.6881,0.2342,0.1699,0.5337,0.5,2.9423,0.5,1,0.375,2.2067,0.3021,3,0.625,3.6779,0.3816,10,0.32,16,0.19,19,
cross_database_transfer,bindingdb_to_chembl_exact_ligand_purged,extratrees_scalars,2,bindingdb_raw,chembl_raw,P21917,D(4) dopamine receptor,329,0.4195,0.7517,0.7839,130,1.0547,0.4482,0.5261,0.1051,0.4195,0.4325,0.25,0.596,0.0833,1,0.4706,1.1219,0.1849,8,0.4545,1.0837,0.1861,15,0.52,26,0.5,50,
cross_database_transfer,bindingdb_to_chembl_exact_ligand_purged,extratrees_scalars,2,bindingdb_raw,chembl_raw,Q9Y5N1,Histamine H3 receptor,742,0.3261,0.5884,0.7886,300,1.1078,0.4445,0.6332,0.1312,0.3261,0.5253,0.5,1.5331,0.3244,4,0.5526,1.6944,0.315,21,0.5333,1.6353,0.3003,40,0.58,29,0.5,50,
cross_database_transfer,bindingdb_to_chembl_exact_ligand_purged,extratrees_scalars,2,bindingdb_raw,chembl_raw,P00519,Tyrosine-protein kinase ABL1,174,0.1897,0.3512,0.7743,78,1.1437,0.3182,0.5214,0.0498,0.1897,0.4665,1.0,5.2727,1.0,2,0.5556,2.9293,0.5148,5,0.3333,1.7576,0.2796,6,0.22,11,0.18,18,
cross_database_transfer,bindingdb_to_chembl_exact_ligand_purged,extratrees_scalars,2,bindingdb_raw,chembl_raw,Q9HAZ1,Dual specificity protein kinase CLK4,91,0.2527,0.5,0.7623,52,1.0,0.2247,0.4092,-0.1999,0.2527,0.1679,0.0,0.0,0.0,0,0.2,0.7913,0.0667,1,0.2,0.7913,0.0533,2,0.22,11,0.2527,23,
cross_database_transfer,bindingdb_to_chembl_exact_ligand_purged,extratrees_scalars,2,bindingdb_raw,chembl_raw,P11309,Serine/threonine-protein kinase pim-1,120,0.1667,0.2984,0.7712,62,1.075,0.2809,0.664,0.0716,0.1667,0.3273,0.5,3.0,0.25,1,0.3333,2.0,0.1667,2,0.3333,2.0,0.1389,4,0.24,12,0.19,19,
cross_database_transfer,bindingdb_to_chembl_exact_ligand_purged,extratrees_scalars,2,bindingdb_raw,chembl_raw,P49841,Glycogen synthase kinase-3 beta,142,0.3944,0.693,0.7689,57,1.0282,0.4857,0.5403,0.0393,0.3944,0.623,1.0,2.5357,1.0,2,0.625,1.5848,0.6042,5,0.5333,1.3524,0.4295,8,0.44,22,0.41,41,
cross_database_transfer,bindingdb_to_chembl_pair_scaffold_purged,ecfp_absdiff_xgb,0,bindingdb_raw,chembl_raw,P35367,Histamine H1 receptor,594,0.2138,0.5546,0.7773,168,1.1364,0.2283,0.5002,-0.0483,0.2138,0.243,0.5,2.3386,0.1917,3,0.3,1.4031,0.1199,9,0.1667,0.7795,0.063,10,0.18,9,0.21,21,
cross_database_transfer,bindingdb_to_chembl_pair_scaffold_purged,ecfp_absdiff_xgb,0,bindingdb_raw,chembl_raw,P41143,Delta-type opioid receptor,816,0.5417,1.1043,0.808,188,1.7022,0.6039,0.5717,0.1558,0.5417,0.708,1.0,1.8462,1.0,9,0.7561,1.3959,0.6388,31,0.6707,1.2383,0.5214,55,0.7,35,0.69,69,
cross_database_transfer,bindingdb_to_chembl_pair_scaffold_purged,ecfp_absdiff_xgb,0,bindingdb_raw,chembl_raw,P31645,Sodium-dependent serotonin transporter,555,0.4306,0.8056,0.7754,122,1.3315,0.482,0.5775,0.0851,0.4306,0.4463,0.5,1.1611,0.2778,3,0.4286,0.9952,0.2053,12,0.375,0.8708,0.1742,21,0.4,20,0.55,55,
cross_database_transfer,bindingdb_to_chembl_pair_scaffold_purged,ecfp_absdiff_xgb,0,bindingdb_raw,chembl_raw,P04150,Glucocorticoid receptor,945,0.3312,0.6039,0.7675,196,1.182,0.3487,0.5077,0.071,0.3312,0.4186,0.5,1.5096,0.1906,5,0.3958,1.1951,0.1755,19,0.3789,1.1441,0.1691,36,0.42,21,0.37,37,
cross_database_transfer,bindingdb_to_chembl_pair_scaffold_purged,ecfp_absdiff_xgb,0,bindingdb_raw,chembl_raw,P00734,Prothrombin,614,0.4935,0.9584,0.7957,257,1.1792,0.5303,0.5689,0.0772,0.4935,0.5284,0.4286,0.8685,0.2,3,0.5161,1.0459,0.2357,16,0.5806,1.1766,0.2984,36,0.56,28,0.58,58,
cross_database_transfer,bindingdb_to_chembl_pair_scaffold_purged,ecfp_absdiff_xgb,0,bindingdb_raw,chembl_raw,Q99720,Sigma non-opioid intracellular receptor 1,566,0.5265,0.9897,0.8008,182,1.4399,0.525,0.4797,-0.0291,0.5265,0.5156,0.5,0.9497,0.3167,3,0.5172,0.9824,0.3038,15,0.4561,0.8664,0.2566,26,0.48,24,0.5,50,
cross_database_transfer,bindingdb_to_chembl_pair_scaffold_purged,ecfp_absdiff_xgb,0,bindingdb_raw,chembl_raw,P42336,"Phosphatidylinositol 4,5-bisphosphate 3-kinase catalytic subunit alpha isoform",405,0.2716,0.4686,0.7647,206,1.2099,0.3782,0.644,0.2727,0.2716,0.4397,0.6,2.2091,0.2867,3,0.4762,1.7532,0.2801,10,0.3415,1.2572,0.1783,14,0.4,20,0.42,42,
cross_database_transfer,bindingdb_to_chembl_pair_scaffold_purged,ecfp_absdiff_xgb,0,bindingdb_raw,chembl_raw,P08908,5-hydroxytryptamine receptor 1A,541,0.4362,0.7408,0.7941,129,1.5046,0.4234,0.4499,-0.1596,0.4362,0.3618,0.6667,1.5282,0.5444,4,0.3929,0.9006,0.2274,11,0.3091,0.7086,0.1578,17,0.34,17,0.27,27,
cross_database_transfer,bindingdb_to_chembl_pair_scaffold_purged,ecfp_absdiff_xgb,0,bindingdb_raw,chembl_raw,P41145,Kappa-type opioid receptor,853,0.5252,1.0234,0.7852,217,1.449,0.5621,0.5481,0.0922,0.5252,0.59,0.3333,0.6347,0.1958,3,0.4884,0.9299,0.2602,21,0.6512,1.2398,0.3716,56,0.56,28,0.66,66,
cross_database_transfer,bindingdb_to_chembl_pair_scaffold_purged,ecfp_absdiff_xgb,0,bindingdb_raw,chembl_raw,P10275,Androgen receptor,462,0.3182,0.5444,0.7923,114,1.2489,0.3097,0.4821,0.0265,0.3182,0.2775,0.4,1.2571,0.3,2,0.25,0.7857,0.102,6,0.2979,0.9362,0.0993,14,0.3,15,0.34,34,
cross_database_transfer,bindingdb_to_chembl_pair_scaffold_purged,ecfp_absdiff_xgb,0,bindingdb_raw,chembl_raw,P35462,D(3) dopamine receptor,462,0.4286,0.7298,0.7745,154,1.0758,0.424,0.5168,0.0256,0.4286,0.3055,0.0,0.0,0.0,0,0.375,0.875,0.1083,9,0.2553,0.5957,0.0767,12,0.26,13,0.43,43,
cross_database_transfer,bindingdb_to_chembl_pair_scaffold_purged,ecfp_absdiff_xgb,0,bindingdb_raw,chembl_raw,P23458,Tyrosine-protein kinase JAK1,1128,0.1667,0.3723,0.7479,568,1.0133,0.259,0.6478,0.1255,0.1667,0.329,0.25,1.5,0.119,3,0.4912,2.9474,0.181,28,0.3274,1.9646,0.1182,37,0.44,22,0.32,32,
cross_database_transfer,bindingdb_to_chembl_pair_scaffold_purged,ecfp_absdiff_xgb,0,bindingdb_raw,chembl_raw,P35372,Mu-type opioid receptor,682,0.3724,0.7457,0.7991,218,1.2331,0.443,0.5536,0.0919,0.3724,0.5844,0.4286,1.1507,0.1803,3,0.6571,1.7645,0.3672,23,0.6377,1.7122,0.3914,44,0.66,33,0.56,56,
cross_database_transfer,bindingdb_to_chembl_pair_scaffold_purged,ecfp_absdiff_xgb,0,bindingdb_raw,chembl_raw,Q01959,Sodium-dependent dopamine transporter,400,0.2675,0.5029,0.7795,78,1.2375,0.312,0.5577,0.0813,0.2675,0.3299,0.75,2.8037,0.75,3,0.25,0.9346,0.1933,5,0.3,1.1215,0.1478,12,0.3,15,0.3,30,
cross_database_transfer,bindingdb_to_chembl_pair_scaffold_purged,ecfp_absdiff_xgb,0,bindingdb_raw,chembl_raw,P00742,Coagulation factor X,723,0.4869,0.9307,0.7869,204,1.1245,0.6245,0.6721,0.2129,0.4869,0.7425,0.875,1.7972,0.7644,7,0.7568,1.5544,0.6227,28,0.7397,1.5194,0.5876,54,0.78,39,0.69,69,
cross_database_transfer,bindingdb_to_chembl_pair_scaffold_purged,ecfp_absdiff_xgb,0,bindingdb_raw,chembl_raw,O43614,Orexin receptor type 2,388,0.5747,1.0255,0.7649,165,1.2294,0.6216,0.5411,-0.007,0.5747,0.6997,1.0,1.7399,1.0,4,0.8,1.3919,0.7185,16,0.6154,1.0707,0.5115,24,0.6,30,0.61,61,
cross_database_transfer,bindingdb_to_chembl_pair_scaffold_purged,ecfp_absdiff_xgb,0,bindingdb_raw,chembl_raw,O60674,Tyrosine-protein kinase JAK2,153,0.1699,0.3494,0.7688,74,1.0131,0.3172,0.626,0.1524,0.1699,0.4276,1.0,5.8846,1.0,2,0.5,2.9423,0.4083,4,0.25,1.4712,0.2042,4,0.24,12,0.18,18,
cross_database_transfer,bindingdb_to_chembl_pair_scaffold_purged,ecfp_absdiff_xgb,0,bindingdb_raw,chembl_raw,P21917,D(4) dopamine receptor,329,0.4195,0.7517,0.7839,130,1.0547,0.4467,0.4935,0.048,0.4195,0.5201,0.75,1.788,0.4792,3,0.5882,1.4024,0.4503,10,0.3939,0.9392,0.268,13,0.44,22,0.47,47,
cross_database_transfer,bindingdb_to_chembl_pair_scaffold_purged,ecfp_absdiff_xgb,0,bindingdb_raw,chembl_raw,Q9Y5N1,Histamine H3 receptor,742,0.3261,0.5884,0.7886,300,1.1078,0.381,0.5203,0.0461,0.3261,0.48,0.875,2.6829,0.6603,7,0.5263,1.6137,0.4337,20,0.36,1.1038,0.2538,27,0.42,21,0.35,35,
cross_database_transfer,bindingdb_to_chembl_pair_scaffold_purged,ecfp_absdiff_xgb,0,bindingdb_raw,chembl_raw,P00519,Tyrosine-protein kinase ABL1,174,0.1897,0.3512,0.7743,78,1.1437,0.2773,0.589,0.0197,0.1897,0.3725,0.0,0.0,0.0,0,0.4444,2.3434,0.2333,4,0.3333,1.7576,0.1655,6,0.22,11,0.26,26,
cross_database_transfer,bindingdb_to_chembl_pair_scaffold_purged,ecfp_absdiff_xgb,0,bindingdb_raw,chembl_raw,Q9HAZ1,Dual specificity protein kinase CLK4,91,0.2527,0.5,0.7623,52,1.0,0.2776,0.4783,-0.088,0.2527,0.2546,0.0,0.0,0.0,0,0.4,1.5826,0.13,2,0.3,1.187,0.115,3,0.26,13,0.2527,23,
cross_database_transfer,bindingdb_to_chembl_pair_scaffold_purged,ecfp_absdiff_xgb,0,bindingdb_raw,chembl_raw,P11309,Serine/threonine-protein kinase pim-1,120,0.1667,0.2984,0.7712,62,1.075,0.2803,0.641,0.1464,0.1667,0.2914,0.5,3.0,0.5,1,0.1667,1.0,0.1667,1,0.25,1.5,0.1269,3,0.3,15,0.19,19,
cross_database_transfer,bindingdb_to_chembl_pair_scaffold_purged,ecfp_absdiff_xgb,0,bindingdb_raw,chembl_raw,P49841,Glycogen synthase kinase-3 beta,142,0.3944,0.693,0.7689,57,1.0282,0.4193,0.4566,-0.146,0.3944,0.4878,0.5,1.2679,0.5,1,0.625,1.5848,0.4635,5,0.4,1.0143,0.2917,6,0.38,19,0.38,38,
cross_database_transfer,bindingdb_to_chembl_pair_scaffold_purged,rich_diff_scalars,0,bindingdb_raw,chembl_raw,P35367,Histamine H1 receptor,594,0.2138,0.5546,0.7773,168,1.1364,0.3947,0.7457,0.3164,0.2138,0.4455,0.5,2.3386,0.2389,3,0.5333,2.4945,0.2863,16,0.4,1.8709,0.1974,24,0.38,19,0.42,42,
cross_database_transfer,bindingdb_to_chembl_pair_scaffold_purged,rich_diff_scalars,0,bindingdb_raw,chembl_raw,P41143,Delta-type opioid receptor,816,0.5417,1.1043,0.808,188,1.7022,0.5977,0.5865,0.1443,0.5417,0.5604,0.3333,0.6154,0.3056,3,0.5122,0.9456,0.2795,21,0.5976,1.1032,0.3331,49,0.56,28,0.6,60,
cross_database_transfer,bindingdb_to_chembl_pair_scaffold_purged,rich_diff_scalars,0,bindingdb_raw,chembl_raw,P31645,Sodium-dependent serotonin transporter,555,0.4306,0.8056,0.7754,122,1.3315,0.5929,0.6699,0.2419,0.4306,0.6437,0.6667,1.5481,0.4611,4,0.6786,1.5758,0.4472,19,0.625,1.4514,0.4065,35,0.62,31,0.69,69,
cross_database_transfer,bindingdb_to_chembl_pair_scaffold_purged,rich_diff_scalars,0,bindingdb_raw,chembl_raw,P04150,Glucocorticoid receptor,945,0.3312,0.6039,0.7675,196,1.182,0.4868,0.6405,0.1472,0.3312,0.6187,0.7,2.1134,0.5459,7,0.6458,1.9499,0.4414,31,0.6316,1.9068,0.4248,60,0.64,32,0.64,64,
cross_database_transfer,bindingdb_to_chembl_pair_scaffold_purged,rich_diff_scalars,0,bindingdb_raw,chembl_raw,P00734,Prothrombin,614,0.4935,0.9584,0.7957,257,1.1792,0.52,0.5312,0.0369,0.4935,0.5317,0.4286,0.8685,0.2755,3,0.5161,1.0459,0.2916,16,0.5484,1.1113,0.2979,34,0.56,28,0.55,55,
cross_database_transfer,bindingdb_to_chembl_pair_scaffold_purged,rich_diff_scalars,0,bindingdb_raw,chembl_raw,Q99720,Sigma non-opioid intracellular receptor 1,566,0.5265,0.9897,0.8008,182,1.4399,0.6914,0.6975,0.2502,0.5265,0.7424,0.8333,1.5828,0.675,5,0.6897,1.3099,0.5604,20,0.7719,1.4661,0.5968,44,0.78,39,0.71,71,
cross_database_transfer,bindingdb_to_chembl_pair_scaffold_purged,rich_diff_scalars,0,bindingdb_raw,chembl_raw,P42336,"Phosphatidylinositol 4,5-bisphosphate 3-kinase catalytic subunit alpha isoform",405,0.2716,0.4686,0.7647,206,1.2099,0.3501,0.5788,0.1304,0.2716,0.4001,0.4,1.4727,0.28,2,0.4286,1.5779,0.1888,9,0.4146,1.5266,0.1848,17,0.44,22,0.37,37,
cross_database_transfer,bindingdb_to_chembl_pair_scaffold_purged,rich_diff_scalars,0,bindingdb_raw,chembl_raw,P08908,5-hydroxytryptamine receptor 1A,541,0.4362,0.7408,0.7941,129,1.5046,0.5661,0.6681,0.2247,0.4362,0.5897,0.6667,1.5282,0.6111,4,0.5714,1.3099,0.412,16,0.5636,1.2921,0.3706,31,0.58,29,0.57,57,
cross_database_transfer,bindingdb_to_chembl_pair_scaffold_purged,rich_diff_scalars,0,bindingdb_raw,chembl_raw,P41145,Kappa-type opioid receptor,853,0.5252,1.0234,0.7852,217,1.449,0.6089,0.576,0.0857,0.5252,0.7182,0.5556,1.0578,0.2575,5,0.814,1.5498,0.5961,35,0.686,1.3062,0.5151,59,0.82,41,0.66,66,
cross_database_transfer,bindingdb_to_chembl_pair_scaffold_purged,rich_diff_scalars,0,bindingdb_raw,chembl_raw,P10275,Androgen receptor,462,0.3182,0.5444,0.7923,114,1.2489,0.3592,0.5544,0.0125,0.3182,0.3078,0.2,0.6286,0.1,1,0.1667,0.5238,0.0498,4,0.383,1.2036,0.1161,18,0.38,19,0.44,44,
cross_database_transfer,bindingdb_to_chembl_pair_scaffold_purged,rich_diff_scalars,0,bindingdb_raw,chembl_raw,P35462,D(3) dopamine receptor,462,0.4286,0.7298,0.7745,154,1.0758,0.5464,0.6039,0.1088,0.4286,0.6596,0.6,1.4,0.6,3,0.75,1.75,0.6108,18,0.5957,1.3901,0.4441,28,0.6,30,0.58,58,
cross_database_transfer,bindingdb_to_chembl_pair_scaffold_purged,rich_diff_scalars,0,bindingdb_raw,chembl_raw,P23458,Tyrosine-protein kinase JAK1,1128,0.1667,0.3723,0.7479,568,1.0133,0.3947,0.753,0.3263,0.1667,0.5088,0.4167,2.5,0.2545,5,0.5263,3.1579,0.2689,30,0.531,3.1858,0.28,60,0.52,26,0.53,53,
cross_database_transfer,bindingdb_to_chembl_pair_scaffold_purged,rich_diff_scalars,0,bindingdb_raw,chembl_raw,P35372,Mu-type opioid receptor,682,0.3724,0.7457,0.7991,218,1.2331,0.5785,0.7073,0.282,0.3724,0.6895,0.7143,1.9179,0.4259,5,0.6857,1.8412,0.4893,24,0.7101,1.9068,0.4984,49,0.68,34,0.67,67,
cross_database_transfer,bindingdb_to_chembl_pair_scaffold_purged,rich_diff_scalars,0,bindingdb_raw,chembl_raw,Q01959,Sodium-dependent dopamine transporter,400,0.2675,0.5029,0.7795,78,1.2375,0.3755,0.6241,0.1164,0.2675,0.4424,0.5,1.8692,0.2083,2,0.45,1.6822,0.202,9,0.475,1.7757,0.2158,19,0.48,24,0.42,42,
cross_database_transfer,bindingdb_to_chembl_pair_scaffold_purged,rich_diff_scalars,0,bindingdb_raw,chembl_raw,P00742,Coagulation factor X,723,0.4869,0.9307,0.7869,204,1.1245,0.6184,0.6258,0.1664,0.4869,0.7187,1.0,2.054,1.0,8,0.7027,1.4433,0.619,26,0.7123,1.4631,0.5623,52,0.66,33,0.67,67,
cross_database_transfer,bindingdb_to_chembl_pair_scaffold_purged,rich_diff_scalars,0,bindingdb_raw,chembl_raw,O43614,Orexin receptor type 2,388,0.5747,1.0255,0.7649,165,1.2294,0.613,0.5236,-0.0036,0.5747,0.6171,1.0,1.7399,1.0,4,0.55,0.957,0.4538,11,0.5641,0.9815,0.3942,22,0.56,28,0.64,64,
cross_database_transfer,bindingdb_to_chembl_pair_scaffold_purged,rich_diff_scalars,0,bindingdb_raw,chembl_raw,O60674,Tyrosine-protein kinase JAK2,153,0.1699,0.3494,0.7688,74,1.0131,0.34,0.6396,0.0629,0.1699,0.4697,0.5,2.9423,0.25,1,0.5,2.9423,0.2714,4,0.5,2.9423,0.2636,8,0.28,14,0.19,19,
cross_database_transfer,bindingdb_to_chembl_pair_scaffold_purged,rich_diff_scalars,0,bindingdb_raw,chembl_raw,P21917,D(4) dopamine receptor,329,0.4195,0.7517,0.7839,130,1.0547,0.4172,0.4827,-0.0838,0.4195,0.4157,0.25,0.596,0.0833,1,0.3529,0.8414,0.1271,6,0.4242,1.0114,0.1704,14,0.5,25,0.39,39,
cross_database_transfer,bindingdb_to_chembl_pair_scaffold_purged,rich_diff_scalars,0,bindingdb_raw,chembl_raw,Q9Y5N1,Histamine H3 receptor,742,0.3261,0.5884,0.7886,300,1.1078,0.4655,0.6481,0.1937,0.3261,0.5476,0.625,1.9163,0.5219,5,0.5263,1.6137,0.322,20,0.5867,1.7988,0.3469,44,0.54,27,0.56,56,
cross_database_transfer,bindingdb_to_chembl_pair_scaffold_purged,rich_diff_scalars,0,bindingdb_raw,chembl_raw,P00519,Tyrosine-protein kinase ABL1,174,0.1897,0.3512,0.7743,78,1.1437,0.2021,0.3965,-0.1043,0.1897,0.283,0.5,2.6364,0.25,1,0.3333,1.7576,0.1713,3,0.2778,1.4646,0.1179,5,0.14,7,0.13,13,
cross_database_transfer,bindingdb_to_chembl_pair_scaffold_purged,rich_diff_scalars,0,bindingdb_raw,chembl_raw,Q9HAZ1,Dual specificity protein kinase CLK4,91,0.2527,0.5,0.7623,52,1.0,0.2872,0.5822,0.1999,0.2527,0.158,0.0,0.0,0.0,0,0.2,0.7913,0.0667,1,0.1,0.3957,0.0333,1,0.3,15,0.2527,23,
cross_database_transfer,bindingdb_to_chembl_pair_scaffold_purged,rich_diff_scalars,0,bindingdb_raw,chembl_raw,P11309,Serine/threonine-protein kinase pim-1,120,0.1667,0.2984,0.7712,62,1.075,0.2011,0.5285,0.1155,0.1667,0.1998,0.5,3.0,0.25,1,0.1667,1.0,0.0833,1,0.1667,1.0,0.0625,2,0.16,8,0.16,16,
cross_database_transfer,bindingdb_to_chembl_pair_scaffold_purged,rich_diff_scalars,0,bindingdb_raw,chembl_raw,P49841,Glycogen synthase kinase-3 beta,142,0.3944,0.693,0.7689,57,1.0282,0.43,0.4947,0.082,0.3944,0.5022,0.5,1.2679,0.5,1,0.625,1.5848,0.4329,5,0.4667,1.1833,0.3042,7,0.38,19,0.39,39,
cross_database_transfer,bindingdb_to_chembl_pair_scaffold_purged,rich_scalars_only,0,bindingdb_raw,chembl_raw,P35367,Histamine H1 receptor,594,0.2138,0.5546,0.7773,168,1.1364,0.3993,0.7435,0.2893,0.2138,0.4323,0.6667,3.1181,0.5361,4,0.4333,2.0268,0.2804,13,0.4,1.8709,0.2074,24,0.36,18,0.4,40,
cross_database_transfer,bindingdb_to_chembl_pair_scaffold_purged,rich_scalars_only,0,bindingdb_raw,chembl_raw,P41143,Delta-type opioid receptor,816,0.5417,1.1043,0.808,188,1.7022,0.6048,0.5943,0.1376,0.5417,0.5782,0.3333,0.6154,0.1713,3,0.561,1.0356,0.292,23,0.622,1.1482,0.3478,51,0.54,27,0.61,61,
cross_database_transfer,bindingdb_to_chembl_pair_scaffold_purged,rich_scalars_only,0,bindingdb_raw,chembl_raw,P31645,Sodium-dependent serotonin transporter,555,0.4306,0.8056,0.7754,122,1.3315,0.5666,0.6498,0.2455,0.4306,0.5905,0.6667,1.5481,0.6111,4,0.5,1.1611,0.3306,14,0.6071,1.4099,0.3732,34,0.62,31,0.64,64,
cross_database_transfer,bindingdb_to_chembl_pair_scaffold_purged,rich_scalars_only,0,bindingdb_raw,chembl_raw,P04150,Glucocorticoid receptor,945,0.3312,0.6039,0.7675,196,1.182,0.5115,0.6482,0.1567,0.3312,0.6648,0.9,2.7173,0.8354,9,0.7292,2.2015,0.6182,35,0.6211,1.8751,0.4798,59,0.7,35,0.62,62,
cross_database_transfer,bindingdb_to_chembl_pair_scaffold_purged,rich_scalars_only,0,bindingdb_raw,chembl_raw,P00734,Prothrombin,614,0.4935,0.9584,0.7957,257,1.1792,0.5183,0.5155,0.0127,0.4935,0.5581,0.7143,1.4474,0.4259,5,0.5161,1.0459,0.3147,16,0.5645,1.1439,0.3254,35,0.56,28,0.56,56,
cross_database_transfer,bindingdb_to_chembl_pair_scaffold_purged,rich_scalars_only,0,bindingdb_raw,chembl_raw,Q99720,Sigma non-opioid intracellular receptor 1,566,0.5265,0.9897,0.8008,182,1.4399,0.6981,0.7065,0.2965,0.5265,0.7577,1.0,1.8993,1.0,6,0.7241,1.3754,0.63,21,0.7544,1.4328,0.6185,43,0.78,39,0.68,68,
cross_database_transfer,bindingdb_to_chembl_pair_scaffold_purged,rich_scalars_only,0,bindingdb_raw,chembl_raw,P42336,"Phosphatidylinositol 4,5-bisphosphate 3-kinase catalytic subunit alpha isoform",405,0.2716,0.4686,0.7647,206,1.2099,0.3351,0.5576,0.0641,0.2716,0.3857,0.4,1.4727,0.2333,2,0.381,1.4026,0.1627,8,0.439,1.6164,0.1803,18,0.44,22,0.36,36,
cross_database_transfer,bindingdb_to_chembl_pair_scaffold_purged,rich_scalars_only,0,bindingdb_raw,chembl_raw,P08908,5-hydroxytryptamine receptor 1A,541,0.4362,0.7408,0.7941,129,1.5046,0.5757,0.6725,0.3305,0.4362,0.6409,0.8333,1.9103,0.8056,5,0.75,1.7193,0.595,21,0.5818,1.3337,0.4328,32,0.6,30,0.56,56,
cross_database_transfer,bindingdb_to_chembl_pair_scaffold_purged,rich_scalars_only,0,bindingdb_raw,chembl_raw,P41145,Kappa-type opioid receptor,853,0.5252,1.0234,0.7852,217,1.449,0.6178,0.581,0.0754,0.5252,0.7343,0.6667,1.2693,0.4959,6,0.8605,1.6383,0.6799,37,0.7093,1.3505,0.556,61,0.84,42,0.69,69,
cross_database_transfer,bindingdb_to_chembl_pair_scaffold_purged,rich_scalars_only,0,bindingdb_raw,chembl_raw,P10275,Androgen receptor,462,0.3182,0.5444,0.7923,114,1.2489,0.3589,0.5502,0.0075,0.3182,0.3428,0.4,1.2571,0.18,2,0.25,0.7857,0.0929,6,0.3404,1.0699,0.1174,16,0.34,17,0.42,42,
cross_database_transfer,bindingdb_to_chembl_pair_scaffold_purged,rich_scalars_only,0,bindingdb_raw,chembl_raw,P35462,D(3) dopamine receptor,462,0.4286,0.7298,0.7745,154,1.0758,0.5627,0.6184,0.1225,0.4286,0.6981,0.6,1.4,0.52,3,0.7917,1.8472,0.6124,19,0.7021,1.6383,0.5323,33,0.68,34,0.61,61,
cross_database_transfer,bindingdb_to_chembl_pair_scaffold_purged,rich_scalars_only,0,bindingdb_raw,chembl_raw,P23458,Tyrosine-protein kinase JAK1,1128,0.1667,0.3723,0.7479,568,1.0133,0.37,0.7275,0.324,0.1667,0.4889,0.4167,2.5,0.2403,5,0.5263,3.1579,0.2534,30,0.5221,3.1327,0.2634,59,0.46,23,0.53,53,
cross_database_transfer,bindingdb_to_chembl_pair_scaffold_purged,rich_scalars_only,0,bindingdb_raw,chembl_raw,P35372,Mu-type opioid receptor,682,0.3724,0.7457,0.7991,218,1.2331,0.5964,0.7236,0.313,0.3724,0.7085,0.8571,2.3015,0.6296,6,0.7143,1.9179,0.539,25,0.7101,1.9068,0.5207,49,0.7,35,0.7,70,
cross_database_transfer,bindingdb_to_chembl_pair_scaffold_purged,rich_scalars_only,0,bindingdb_raw,chembl_raw,Q01959,Sodium-dependent dopamine transporter,400,0.2675,0.5029,0.7795,78,1.2375,0.3685,0.621,0.209,0.2675,0.4275,0.5,1.8692,0.2083,2,0.4,1.4953,0.1703,8,0.5,1.8692,0.2233,20,0.44,22,0.4,40,
cross_database_transfer,bindingdb_to_chembl_pair_scaffold_purged,rich_scalars_only,0,bindingdb_raw,chembl_raw,P00742,Coagulation factor X,723,0.4869,0.9307,0.7869,204,1.1245,0.589,0.5907,0.1074,0.4869,0.6953,0.875,1.7972,0.875,7,0.6757,1.3878,0.569,25,0.7123,1.4631,0.545,52,0.7,35,0.64,64,
cross_database_transfer,bindingdb_to_chembl_pair_scaffold_purged,rich_scalars_only,0,bindingdb_raw,chembl_raw,O43614,Orexin receptor type 2,388,0.5747,1.0255,0.7649,165,1.2294,0.5987,0.5105,-0.0162,0.5747,0.5864,0.5,0.87,0.375,2,0.5,0.87,0.3151,10,0.6154,1.0707,0.364,24,0.62,31,0.68,68,
cross_database_transfer,bindingdb_to_chembl_pair_scaffold_purged,rich_scalars_only,0,bindingdb_raw,chembl_raw,O60674,Tyrosine-protein kinase JAK2,153,0.1699,0.3494,0.7688,74,1.0131,0.3315,0.6269,0.0675,0.1699,0.4356,0.5,2.9423,0.5,1,0.375,2.2067,0.2625,3,0.4375,2.5745,0.241,7,0.24,12,0.19,19,
cross_database_transfer,bindingdb_to_chembl_pair_scaffold_purged,rich_scalars_only,0,bindingdb_raw,chembl_raw,P21917,D(4) dopamine receptor,329,0.4195,0.7517,0.7839,130,1.0547,0.4116,0.4883,-0.0615,0.4195,0.3782,0.25,0.596,0.0833,1,0.3529,0.8414,0.113,6,0.3939,0.9392,0.148,13,0.48,24,0.41,41,
cross_database_transfer,bindingdb_to_chembl_pair_scaffold_purged,rich_scalars_only,0,bindingdb_raw,chembl_raw,Q9Y5N1,Histamine H3 receptor,742,0.3261,0.5884,0.7886,300,1.1078,0.4709,0.6566,0.1983,0.3261,0.5618,0.5,1.5331,0.3036,4,0.5526,1.6944,0.3097,21,0.5867,1.7988,0.3383,44,0.6,30,0.6,60,
cross_database_transfer,bindingdb_to_chembl_pair_scaffold_purged,rich_scalars_only,0,bindingdb_raw,chembl_raw,P00519,Tyrosine-protein kinase ABL1,174,0.1897,0.3512,0.7743,78,1.1437,0.2202,0.372,-0.1392,0.1897,0.2956,1.0,5.2727,1.0,2,0.3333,1.7576,0.2698,3,0.2222,1.1717,0.1473,4,0.14,7,0.13,13,
cross_database_transfer,bindingdb_to_chembl_pair_scaffold_purged,rich_scalars_only,0,bindingdb_raw,chembl_raw,Q9HAZ1,Dual specificity protein kinase CLK4,91,0.2527,0.5,0.7623,52,1.0,0.2925,0.5892,0.1635,0.2527,0.1659,0.0,0.0,0.0,0,0.2,0.7913,0.05,1,0.1,0.3957,0.025,1,0.3,15,0.2527,23,
cross_database_transfer,bindingdb_to_chembl_pair_scaffold_purged,rich_scalars_only,0,bindingdb_raw,chembl_raw,P11309,Serine/threonine-protein kinase pim-1,120,0.1667,0.2984,0.7712,62,1.075,0.2053,0.545,0.0307,0.1667,0.2124,0.0,0.0,0.0,0,0.3333,2.0,0.1111,2,0.25,1.5,0.0764,3,0.18,9,0.17,17,
cross_database_transfer,bindingdb_to_chembl_pair_scaffold_purged,rich_scalars_only,0,bindingdb_raw,chembl_raw,P49841,Glycogen synthase kinase-3 beta,142,0.3944,0.693,0.7689,57,1.0282,0.4104,0.4535,-0.0513,0.3944,0.5419,0.5,1.2679,0.25,1,0.75,1.9018,0.5226,6,0.5333,1.3524,0.3592,8,0.3,15,0.38,38,
cross_database_transfer,bindingdb_to_chembl_pair_scaffold_purged,extratrees_scalars,0,bindingdb_raw,chembl_raw,P35367,Histamine H1 receptor,594,0.2138,0.5546,0.7773,168,1.1364,0.353,0.7325,0.2712,0.2138,0.3282,0.0,0.0,0.0,0,0.2667,1.2472,0.0752,8,0.3667,1.715,0.1124,22,0.32,16,0.4,40,
cross_database_transfer,bindingdb_to_chembl_pair_scaffold_purged,extratrees_scalars,0,bindingdb_raw,chembl_raw,P41143,Delta-type opioid receptor,816,0.5417,1.1043,0.808,188,1.7022,0.6403,0.5897,0.112,0.5417,0.7469,1.0,1.8462,1.0,9,0.7561,1.3959,0.6293,31,0.7683,1.4184,0.6053,63,0.7,35,0.78,78,
cross_database_transfer,bindingdb_to_chembl_pair_scaffold_purged,extratrees_scalars,0,bindingdb_raw,chembl_raw,P31645,Sodium-dependent serotonin transporter,555,0.4306,0.8056,0.7754,122,1.3315,0.5363,0.6503,0.1939,0.4306,0.5059,0.5,1.1611,0.2056,3,0.5,1.1611,0.2224,14,0.5357,1.244,0.2549,30,0.5,25,0.58,58,
cross_database_transfer,bindingdb_to_chembl_pair_scaffold_purged,extratrees_scalars,0,bindingdb_raw,chembl_raw,P04150,Glucocorticoid receptor,945,0.3312,0.6039,0.7675,196,1.182,0.5211,0.6767,0.2739,0.3312,0.6534,0.8,2.4153,0.5878,8,0.7083,2.1386,0.5241,34,0.6211,1.8751,0.4332,59,0.7,35,0.64,64,
cross_database_transfer,bindingdb_to_chembl_pair_scaffold_purged,extratrees_scalars,0,bindingdb_raw,chembl_raw,P00734,Prothrombin,614,0.4935,0.9584,0.7957,257,1.1792,0.5206,0.5379,0.007,0.4935,0.5136,0.5714,1.1579,0.3912,4,0.5806,1.1766,0.3433,18,0.4839,0.9805,0.2727,30,0.52,26,0.47,47,
cross_database_transfer,bindingdb_to_chembl_pair_scaffold_purged,extratrees_scalars,0,bindingdb_raw,chembl_raw,Q99720,Sigma non-opioid intracellular receptor 1,566,0.5265,0.9897,0.8008,182,1.4399,0.6552,0.6466,0.2298,0.5265,0.7058,0.6667,1.2662,0.5694,4,0.6897,1.3099,0.526,20,0.7193,1.3662,0.5184,41,0.68,34,0.73,73,
cross_database_transfer,bindingdb_to_chembl_pair_scaffold_purged,extratrees_scalars,0,bindingdb_raw,chembl_raw,P42336,"Phosphatidylinositol 4,5-bisphosphate 3-kinase catalytic subunit alpha isoform",405,0.2716,0.4686,0.7647,206,1.2099,0.3163,0.5177,0.0742,0.2716,0.3661,0.6,2.2091,0.52,3,0.3333,1.2273,0.2005,7,0.3415,1.2572,0.1644,14,0.36,18,0.33,33,
cross_database_transfer,bindingdb_to_chembl_pair_scaffold_purged,extratrees_scalars,0,bindingdb_raw,chembl_raw,P08908,5-hydroxytryptamine receptor 1A,541,0.4362,0.7408,0.7941,129,1.5046,0.4999,0.5547,0.1456,0.4362,0.541,0.5,1.1462,0.2222,3,0.4643,1.0643,0.2416,13,0.5636,1.2921,0.304,31,0.58,29,0.59,59,
cross_database_transfer,bindingdb_to_chembl_pair_scaffold_purged,extratrees_scalars,0,bindingdb_raw,chembl_raw,P41145,Kappa-type opioid receptor,853,0.5252,1.0234,0.7852,217,1.449,0.6422,0.6019,0.1409,0.5252,0.803,0.7778,1.4809,0.6121,7,0.8837,1.6826,0.7461,38,0.8372,1.5941,0.7099,72,0.86,43,0.8,80,
cross_database_transfer,bindingdb_to_chembl_pair_scaffold_purged,extratrees_scalars,0,bindingdb_raw,chembl_raw,P10275,Androgen receptor,462,0.3182,0.5444,0.7923,114,1.2489,0.3555,0.5689,0.1259,0.3182,0.3124,0.0,0.0,0.0,0,0.2917,0.9167,0.0811,7,0.3404,1.0699,0.1037,16,0.34,17,0.35,35,
cross_database_transfer,bindingdb_to_chembl_pair_scaffold_purged,extratrees_scalars,0,bindingdb_raw,chembl_raw,P35462,D(3) dopamine receptor,462,0.4286,0.7298,0.7745,154,1.0758,0.5036,0.5915,0.1172,0.4286,0.541,0.4,0.9333,0.18,2,0.5833,1.3611,0.3153,14,0.5532,1.2908,0.2994,26,0.58,29,0.55,55,
cross_database_transfer,bindingdb_to_chembl_pair_scaffold_purged,extratrees_scalars,0,bindingdb_raw,chembl_raw,P23458,Tyrosine-protein kinase JAK1,1128,0.1667,0.3723,0.7479,568,1.0133,0.4464,0.8045,0.2432,0.1667,0.5441,0.75,4.5,0.5271,9,0.5439,3.2632,0.3327,31,0.5487,3.292,0.3172,62,0.54,27,0.55,55,
cross_database_transfer,bindingdb_to_chembl_pair_scaffold_purged,extratrees_scalars,0,bindingdb_raw,chembl_raw,P35372,Mu-type opioid receptor,682,0.3724,0.7457,0.7991,218,1.2331,0.5457,0.6493,0.2211,0.3724,0.6833,0.5714,1.5343,0.4388,4,0.7714,2.0713,0.5714,27,0.6667,1.79,0.4814,46,0.68,34,0.64,64,
cross_database_transfer,bindingdb_to_chembl_pair_scaffold_purged,extratrees_scalars,0,bindingdb_raw,chembl_raw,Q01959,Sodium-dependent dopamine transporter,400,0.2675,0.5029,0.7795,78,1.2375,0.3751,0.62,0.1298,0.2675,0.4624,0.5,1.8692,0.2083,2,0.55,2.0561,0.2667,11,0.475,1.7757,0.2356,19,0.46,23,0.37,37,
cross_database_transfer,bindingdb_to_chembl_pair_scaffold_purged,extratrees_scalars,0,bindingdb_raw,chembl_raw,P00742,Coagulation factor X,723,0.4869,0.9307,0.7869,204,1.1245,0.5465,0.5643,0.089,0.4869,0.6052,0.875,1.7972,0.8415,7,0.7027,1.4433,0.5536,26,0.5479,1.1255,0.3967,40,0.64,32,0.51,51,
cross_database_transfer,bindingdb_to_chembl_pair_scaffold_purged,extratrees_scalars,0,bindingdb_raw,chembl_raw,O43614,Orexin receptor type 2,388,0.5747,1.0255,0.7649,165,1.2294,0.6325,0.5502,0.1225,0.5747,0.6768,0.75,1.3049,0.6875,3,0.6,1.0439,0.4614,12,0.6667,1.1599,0.4838,26,0.66,33,0.67,67,
cross_database_transfer,bindingdb_to_chembl_pair_scaffold_purged,extratrees_scalars,0,bindingdb_raw,chembl_raw,O60674,Tyrosine-protein kinase JAK2,153,0.1699,0.3494,0.7688,74,1.0131,0.3588,0.7005,0.2121,0.1699,0.4498,0.5,2.9423,0.5,1,0.5,2.9423,0.3646,4,0.375,2.2067,0.242,6,0.28,14,0.23,23,
cross_database_transfer,bindingdb_to_chembl_pair_scaffold_purged,extratrees_scalars,0,bindingdb_raw,chembl_raw,P21917,D(4) dopamine receptor,329,0.4195,0.7517,0.7839,130,1.0547,0.4198,0.4958,0.0292,0.4195,0.3819,0.5,1.192,0.5,2,0.3529,0.8414,0.2203,6,0.3636,0.8669,0.1828,12,0.32,16,0.42,42,
cross_database_transfer,bindingdb_to_chembl_pair_scaffold_purged,extratrees_scalars,0,bindingdb_raw,chembl_raw,Q9Y5N1,Histamine H3 receptor,742,0.3261,0.5884,0.7886,300,1.1078,0.4295,0.6211,0.1286,0.3261,0.5091,0.375,1.1498,0.1667,3,0.5,1.5331,0.2233,19,0.5733,1.7579,0.2947,43,0.56,28,0.56,56,
cross_database_transfer,bindingdb_to_chembl_pair_scaffold_purged,extratrees_scalars,0,bindingdb_raw,chembl_raw,P00519,Tyrosine-protein kinase ABL1,174,0.1897,0.3512,0.7743,78,1.1437,0.2076,0.4956,0.044,0.1897,0.2061,0.5,2.6364,0.25,1,0.1111,0.5859,0.0556,1,0.2222,1.1717,0.0648,4,0.18,9,0.18,18,
cross_database_transfer,bindingdb_to_chembl_pair_scaffold_purged,extratrees_scalars,0,bindingdb_raw,chembl_raw,Q9HAZ1,Dual specificity protein kinase CLK4,91,0.2527,0.5,0.7623,52,1.0,0.2326,0.4482,-0.0722,0.2527,0.073,0.0,0.0,0.0,0,0.0,0.0,0.0,0,0.1,0.3957,0.0111,1,0.22,11,0.2527,23,
cross_database_transfer,bindingdb_to_chembl_pair_scaffold_purged,extratrees_scalars,0,bindingdb_raw,chembl_raw,P11309,Serine/threonine-protein kinase pim-1,120,0.1667,0.2984,0.7712,62,1.075,0.215,0.6175,0.0632,0.1667,0.1274,0.0,0.0,0.0,0,0.0,0.0,0.0,0,0.1667,1.0,0.0256,2,0.2,10,0.2,20,
cross_database_transfer,bindingdb_to_chembl_pair_scaffold_purged,extratrees_scalars,0,bindingdb_raw,chembl_raw,P49841,Glycogen synthase kinase-3 beta,142,0.3944,0.693,0.7689,57,1.0282,0.4825,0.5689,0.1581,0.3944,0.5292,1.0,2.5357,1.0,2,0.5,1.2679,0.4438,4,0.4667,1.1833,0.322,7,0.48,24,0.39,39,
cross_database_transfer,bindingdb_to_chembl_pair_scaffold_purged,ecfp_absdiff_xgb,1,bindingdb_raw,chembl_raw,P35367,Histamine H1 receptor,594,0.2138,0.5546,0.7773,168,1.1364,0.2335,0.4966,-0.0011,0.2138,0.2518,0.5,2.3386,0.4167,3,0.2667,1.2472,0.142,8,0.2333,1.0913,0.0942,14,0.22,11,0.21,21,
cross_database_transfer,bindingdb_to_chembl_pair_scaffold_purged,ecfp_absdiff_xgb,1,bindingdb_raw,chembl_raw,P41143,Delta-type opioid receptor,816,0.5417,1.1043,0.808,188,1.7022,0.59,0.5663,0.1629,0.5417,0.6645,0.5556,1.0256,0.4062,5,0.6585,1.2158,0.4385,27,0.6463,1.1932,0.4337,53,0.7,35,0.68,68,
cross_database_transfer,bindingdb_to_chembl_pair_scaffold_purged,ecfp_absdiff_xgb,1,bindingdb_raw,chembl_raw,P31645,Sodium-dependent serotonin transporter,555,0.4306,0.8056,0.7754,122,1.3315,0.4783,0.5284,-0.0908,0.4306,0.4709,0.6667,1.5481,0.5917,4,0.5714,1.327,0.414,16,0.3929,0.9123,0.2564,22,0.44,22,0.33,33,
cross_database_transfer,bindingdb_to_chembl_pair_scaffold_purged,ecfp_absdiff_xgb,1,bindingdb_raw,chembl_raw,P04150,Glucocorticoid receptor,945,0.3312,0.6039,0.7675,196,1.182,0.3432,0.5035,0.0575,0.3312,0.4027,0.2,0.6038,0.075,2,0.4375,1.3209,0.1571,21,0.4421,1.3348,0.1864,42,0.46,23,0.42,42,
cross_database_transfer,bindingdb_to_chembl_pair_scaffold_purged,ecfp_absdiff_xgb,1,bindingdb_raw,chembl_raw,P00734,Prothrombin,614,0.4935,0.9584,0.7957,257,1.1792,0.5388,0.5717,0.0663,0.4935,0.56,0.5714,1.1579,0.3554,4,0.5484,1.1113,0.3138,17,0.5806,1.1766,0.3325,36,0.56,28,0.58,58,
cross_database_transfer,bindingdb_to_chembl_pair_scaffold_purged,ecfp_absdiff_xgb,1,bindingdb_raw,chembl_raw,Q99720,Sigma non-opioid intracellular receptor 1,566,0.5265,0.9897,0.8008,182,1.4399,0.5207,0.4858,0.028,0.5265,0.5266,0.5,0.9497,0.3333,3,0.4483,0.8514,0.2582,13,0.5088,0.9663,0.2763,29,0.52,26,0.55,55,
cross_database_transfer,bindingdb_to_chembl_pair_scaffold_purged,ecfp_absdiff_xgb,1,bindingdb_raw,chembl_raw,P42336,"Phosphatidylinositol 4,5-bisphosphate 3-kinase catalytic subunit alpha isoform",405,0.2716,0.4686,0.7647,206,1.2099,0.3128,0.5735,0.1362,0.2716,0.3106,0.4,1.4727,0.13,2,0.3333,1.2273,0.096,7,0.2927,1.0776,0.0899,12,0.34,17,0.37,37,
cross_database_transfer,bindingdb_to_chembl_pair_scaffold_purged,ecfp_absdiff_xgb,1,bindingdb_raw,chembl_raw,P08908,5-hydroxytryptamine receptor 1A,541,0.4362,0.7408,0.7941,129,1.5046,0.4324,0.4445,-0.172,0.4362,0.3593,0.5,1.1462,0.4583,3,0.3929,0.9006,0.2319,11,0.3091,0.7086,0.158,17,0.34,17,0.26,26,
cross_database_transfer,bindingdb_to_chembl_pair_scaffold_purged,ecfp_absdiff_xgb,1,bindingdb_raw,chembl_raw,P41145,Kappa-type opioid receptor,853,0.5252,1.0234,0.7852,217,1.449,0.5532,0.538,0.0823,0.5252,0.5533,0.3333,0.6347,0.1852,3,0.4651,0.8856,0.2082,20,0.6163,1.1734,0.3255,53,0.52,26,0.64,64,
cross_database_transfer,bindingdb_to_chembl_pair_scaffold_purged,ecfp_absdiff_xgb,1,bindingdb_raw,chembl_raw,P10275,Androgen receptor,462,0.3182,0.5444,0.7923,114,1.2489,0.3333,0.5176,0.0354,0.3182,0.3309,0.4,1.2571,0.3333,2,0.2917,0.9167,0.1329,7,0.4043,1.2705,0.1533,19,0.42,21,0.37,37,
cross_database_transfer,bindingdb_to_chembl_pair_scaffold_purged,ecfp_absdiff_xgb,1,bindingdb_raw,chembl_raw,P35462,D(3) dopamine receptor,462,0.4286,0.7298,0.7745,154,1.0758,0.4359,0.5222,0.0388,0.4286,0.3799,0.6,1.4,0.3833,3,0.4167,0.9722,0.2152,10,0.2766,0.6454,0.132,13,0.3,15,0.43,43,
cross_database_transfer,bindingdb_to_chembl_pair_scaffold_purged,ecfp_absdiff_xgb,1,bindingdb_raw,chembl_raw,P23458,Tyrosine-protein kinase JAK1,1128,0.1667,0.3723,0.7479,568,1.0133,0.2642,0.6752,0.1259,0.1667,0.3215,0.25,1.5,0.1329,3,0.3333,2.0,0.1084,19,0.3451,2.0708,0.1194,39,0.32,16,0.35,35,
cross_database_transfer,bindingdb_to_chembl_pair_scaffold_purged,ecfp_absdiff_xgb,1,bindingdb_raw,chembl_raw,P35372,Mu-type opioid receptor,682,0.3724,0.7457,0.7991,218,1.2331,0.4347,0.5394,0.0561,0.3724,0.585,0.4286,1.1507,0.1374,3,0.6857,1.8412,0.3819,24,0.6667,1.79,0.4055,46,0.68,34,0.57,57,
cross_database_transfer,bindingdb_to_chembl_pair_scaffold_purged,ecfp_absdiff_xgb,1,bindingdb_raw,chembl_raw,Q01959,Sodium-dependent dopamine transporter,400,0.2675,0.5029,0.7795,78,1.2375,0.3091,0.5485,0.0687,0.2675,0.3239,0.75,2.8037,0.75,3,0.25,0.9346,0.2067,5,0.25,0.9346,0.14,10,0.34,17,0.27,27,
cross_database_transfer,bindingdb_to_chembl_pair_scaffold_purged,ecfp_absdiff_xgb,1,bindingdb_raw,chembl_raw,P00742,Coagulation factor X,723,0.4869,0.9307,0.7869,204,1.1245,0.5979,0.6385,0.1863,0.4869,0.7426,0.75,1.5405,0.6551,6,0.8108,1.6654,0.6623,30,0.726,1.4912,0.5708,53,0.76,38,0.72,72,
cross_database_transfer,bindingdb_to_chembl_pair_scaffold_purged,ecfp_absdiff_xgb,1,bindingdb_raw,chembl_raw,O43614,Orexin receptor type 2,388,0.5747,1.0255,0.7649,165,1.2294,0.5948,0.5028,0.0312,0.5747,0.6887,0.75,1.3049,0.6042,3,0.8,1.3919,0.6469,16,0.641,1.1153,0.4993,25,0.6,30,0.59,59,
cross_database_transfer,bindingdb_to_chembl_pair_scaffold_purged,ecfp_absdiff_xgb,1,bindingdb_raw,chembl_raw,O60674,Tyrosine-protein kinase JAK2,153,0.1699,0.3494,0.7688,74,1.0131,0.3248,0.5806,0.1009,0.1699,0.4651,1.0,5.8846,1.0,2,0.5,2.9423,0.5,4,0.25,1.4712,0.25,4,0.22,11,0.18,18,
cross_database_transfer,bindingdb_to_chembl_pair_scaffold_purged,ecfp_absdiff_xgb,1,bindingdb_raw,chembl_raw,P21917,D(4) dopamine receptor,329,0.4195,0.7517,0.7839,130,1.0547,0.4313,0.4609,-0.0483,0.4195,0.5103,1.0,2.3841,1.0,4,0.5294,1.2621,0.4702,9,0.4242,1.0114,0.3136,14,0.38,19,0.41,41,
cross_database_transfer,bindingdb_to_chembl_pair_scaffold_purged,ecfp_absdiff_xgb,1,bindingdb_raw,chembl_raw,Q9Y5N1,Histamine H3 receptor,742,0.3261,0.5884,0.7886,300,1.1078,0.3832,0.5419,0.0736,0.3261,0.4727,0.875,2.6829,0.6603,7,0.5526,1.6944,0.3771,21,0.3733,1.1447,0.2262,28,0.42,21,0.41,41,
cross_database_transfer,bindingdb_to_chembl_pair_scaffold_purged,ecfp_absdiff_xgb,1,bindingdb_raw,chembl_raw,P00519,Tyrosine-protein kinase ABL1,174,0.1897,0.3512,0.7743,78,1.1437,0.2581,0.537,0.0526,0.1897,0.3881,0.0,0.0,0.0,0,0.4444,2.3434,0.2333,4,0.3333,1.7576,0.1697,6,0.22,11,0.21,21,
cross_database_transfer,bindingdb_to_chembl_pair_scaffold_purged,ecfp_absdiff_xgb,1,bindingdb_raw,chembl_raw,Q9HAZ1,Dual specificity protein kinase CLK4,91,0.2527,0.5,0.7623,52,1.0,0.2733,0.4741,-0.0473,0.2527,0.2572,0.0,0.0,0.0,0,0.4,1.5826,0.13,2,0.3,1.187,0.115,3,0.22,11,0.2527,23,
cross_database_transfer,bindingdb_to_chembl_pair_scaffold_purged,ecfp_absdiff_xgb,1,bindingdb_raw,chembl_raw,P11309,Serine/threonine-protein kinase pim-1,120,0.1667,0.2984,0.7712,62,1.075,0.2647,0.5612,0.025,0.1667,0.3258,0.5,3.0,0.5,1,0.1667,1.0,0.1667,1,0.4167,2.5,0.197,5,0.24,12,0.17,17,
cross_database_transfer,bindingdb_to_chembl_pair_scaffold_purged,ecfp_absdiff_xgb,1,bindingdb_raw,chembl_raw,P49841,Glycogen synthase kinase-3 beta,142,0.3944,0.693,0.7689,57,1.0282,0.4347,0.4995,-0.0141,0.3944,0.4986,0.5,1.2679,0.5,1,0.625,1.5848,0.5062,5,0.4,1.0143,0.2967,6,0.36,18,0.4,40,
cross_database_transfer,bindingdb_to_chembl_pair_scaffold_purged,rich_diff_scalars,1,bindingdb_raw,chembl_raw,P35367,Histamine H1 receptor,594,0.2138,0.5546,0.7773,168,1.1364,0.3458,0.7181,0.2744,0.2138,0.3408,0.0,0.0,0.0,0,0.3,1.4031,0.0708,9,0.4333,2.0268,0.1455,26,0.42,21,0.37,37,
cross_database_transfer,bindingdb_to_chembl_pair_scaffold_purged,rich_diff_scalars,1,bindingdb_raw,chembl_raw,P41143,Delta-type opioid receptor,816,0.5417,1.1043,0.808,188,1.7022,0.5913,0.5812,0.1307,0.5417,0.5503,0.3333,0.6154,0.1111,3,0.561,1.0356,0.2555,23,0.6098,1.1257,0.3162,50,0.54,27,0.6,60,
cross_database_transfer,bindingdb_to_chembl_pair_scaffold_purged,rich_diff_scalars,1,bindingdb_raw,chembl_raw,P31645,Sodium-dependent serotonin transporter,555,0.4306,0.8056,0.7754,122,1.3315,0.5953,0.6718,0.2509,0.4306,0.6545,0.6667,1.5481,0.6111,4,0.6786,1.5758,0.4628,19,0.6786,1.5758,0.4636,38,0.68,34,0.68,68,
cross_database_transfer,bindingdb_to_chembl_pair_scaffold_purged,rich_diff_scalars,1,bindingdb_raw,chembl_raw,P04150,Glucocorticoid receptor,945,0.3312,0.6039,0.7675,196,1.182,0.4558,0.6212,0.1536,0.3312,0.5573,0.6,1.8115,0.4546,6,0.5833,1.7612,0.3618,28,0.5684,1.7162,0.3482,54,0.6,30,0.56,56,
cross_database_transfer,bindingdb_to_chembl_pair_scaffold_purged,rich_diff_scalars,1,bindingdb_raw,chembl_raw,P00734,Prothrombin,614,0.4935,0.9584,0.7957,257,1.1792,0.522,0.5365,0.0577,0.4935,0.528,0.2857,0.579,0.1122,2,0.5161,1.0459,0.2606,16,0.5323,1.0786,0.2778,33,0.54,27,0.56,56,
cross_database_transfer,bindingdb_to_chembl_pair_scaffold_purged,rich_diff_scalars,1,bindingdb_raw,chembl_raw,Q99720,Sigma non-opioid intracellular receptor 1,566,0.5265,0.9897,0.8008,182,1.4399,0.7043,0.7026,0.2865,0.5265,0.7868,1.0,1.8993,1.0,6,0.8276,1.5719,0.7526,24,0.7719,1.4661,0.6592,44,0.78,39,0.69,69,
cross_database_transfer,bindingdb_to_chembl_pair_scaffold_purged,rich_diff_scalars,1,bindingdb_raw,chembl_raw,P42336,"Phosphatidylinositol 4,5-bisphosphate 3-kinase catalytic subunit alpha isoform",405,0.2716,0.4686,0.7647,206,1.2099,0.3322,0.5732,0.0837,0.2716,0.3528,0.4,1.4727,0.1467,2,0.2857,1.0519,0.0994,6,0.3415,1.2572,0.1233,14,0.36,18,0.37,37,
cross_database_transfer,bindingdb_to_chembl_pair_scaffold_purged,rich_diff_scalars,1,bindingdb_raw,chembl_raw,P08908,5-hydroxytryptamine receptor 1A,541,0.4362,0.7408,0.7941,129,1.5046,0.5813,0.6774,0.3276,0.4362,0.6552,0.6667,1.5282,0.4528,4,0.7857,1.8012,0.5642,22,0.6364,1.4588,0.4584,35,0.68,34,0.58,58,
cross_database_transfer,bindingdb_to_chembl_pair_scaffold_purged,rich_diff_scalars,1,bindingdb_raw,chembl_raw,P41145,Kappa-type opioid receptor,853,0.5252,1.0234,0.7852,217,1.449,0.6107,0.5743,0.0777,0.5252,0.7213,0.5556,1.0578,0.2945,5,0.8605,1.6383,0.6471,37,0.6977,1.3284,0.5268,60,0.8,40,0.66,66,
cross_database_transfer,bindingdb_to_chembl_pair_scaffold_purged,rich_diff_scalars,1,bindingdb_raw,chembl_raw,P10275,Androgen receptor,462,0.3182,0.5444,0.7923,114,1.2489,0.3521,0.5474,0.0173,0.3182,0.305,0.2,0.6286,0.0667,1,0.2083,0.6548,0.0506,5,0.3617,1.1368,0.1055,17,0.38,19,0.42,42,
cross_database_transfer,bindingdb_to_chembl_pair_scaffold_purged,rich_diff_scalars,1,bindingdb_raw,chembl_raw,P35462,D(3) dopamine receptor,462,0.4286,0.7298,0.7745,154,1.0758,0.5424,0.6084,0.1225,0.4286,0.6175,1.0,2.3333,1.0,5,0.5833,1.3611,0.464,14,0.5957,1.3901,0.4113,28,0.62,31,0.58,58,
cross_database_transfer,bindingdb_to_chembl_pair_scaffold_purged,rich_diff_scalars,1,bindingdb_raw,chembl_raw,P23458,Tyrosine-protein kinase JAK1,1128,0.1667,0.3723,0.7479,568,1.0133,0.3779,0.7208,0.3102,0.1667,0.5036,0.4167,2.5,0.2879,5,0.5439,3.2632,0.2856,31,0.5044,3.0265,0.2689,57,0.54,27,0.52,52,
cross_database_transfer,bindingdb_to_chembl_pair_scaffold_purged,rich_diff_scalars,1,bindingdb_raw,chembl_raw,P35372,Mu-type opioid receptor,682,0.3724,0.7457,0.7991,218,1.2331,0.5812,0.7028,0.301,0.3724,0.7011,0.8571,2.3015,0.701,6,0.7429,1.9946,0.5715,26,0.6957,1.8679,0.5222,48,0.74,37,0.66,66,
cross_database_transfer,bindingdb_to_chembl_pair_scaffold_purged,rich_diff_scalars,1,bindingdb_raw,chembl_raw,Q01959,Sodium-dependent dopamine transporter,400,0.2675,0.5029,0.7795,78,1.2375,0.3901,0.6373,0.1957,0.2675,0.4584,0.5,1.8692,0.25,2,0.5,1.8692,0.2173,10,0.5,1.8692,0.2344,20,0.5,25,0.42,42,
cross_database_transfer,bindingdb_to_chembl_pair_scaffold_purged,rich_diff_scalars,1,bindingdb_raw,chembl_raw,P00742,Coagulation factor X,723,0.4869,0.9307,0.7869,204,1.1245,0.6051,0.6219,0.1856,0.4869,0.6705,1.0,2.054,1.0,8,0.6757,1.3878,0.5426,25,0.6712,1.3787,0.4904,49,0.66,33,0.67,67,
cross_database_transfer,bindingdb_to_chembl_pair_scaffold_purged,rich_diff_scalars,1,bindingdb_raw,chembl_raw,O43614,Orexin receptor type 2,388,0.5747,1.0255,0.7649,165,1.2294,0.6103,0.5416,0.0344,0.5747,0.5617,0.5,0.87,0.2917,2,0.55,0.957,0.2836,11,0.5897,1.0261,0.3183,23,0.62,31,0.7,70,
cross_database_transfer,bindingdb_to_chembl_pair_scaffold_purged,rich_diff_scalars,1,bindingdb_raw,chembl_raw,O60674,Tyrosine-protein kinase JAK2,153,0.1699,0.3494,0.7688,74,1.0131,0.2786,0.6317,0.0926,0.1699,0.3325,0.0,0.0,0.0,0,0.375,2.2067,0.1438,3,0.375,2.2067,0.1404,6,0.24,12,0.2,20,
cross_database_transfer,bindingdb_to_chembl_pair_scaffold_purged,rich_diff_scalars,1,bindingdb_raw,chembl_raw,P21917,D(4) dopamine receptor,329,0.4195,0.7517,0.7839,130,1.0547,0.4343,0.5039,-0.0733,0.4195,0.4586,0.25,0.596,0.125,1,0.5294,1.2621,0.2356,9,0.4848,1.1559,0.2264,16,0.5,25,0.42,42,
cross_database_transfer,bindingdb_to_chembl_pair_scaffold_purged,rich_diff_scalars,1,bindingdb_raw,chembl_raw,Q9Y5N1,Histamine H3 receptor,742,0.3261,0.5884,0.7886,300,1.1078,0.4783,0.6421,0.1587,0.3261,0.577,0.75,2.2996,0.75,6,0.5526,1.6944,0.3807,21,0.5733,1.7579,0.3667,43,0.6,30,0.6,60,
cross_database_transfer,bindingdb_to_chembl_pair_scaffold_purged,rich_diff_scalars,1,bindingdb_raw,chembl_raw,P00519,Tyrosine-protein kinase ABL1,174,0.1897,0.3512,0.7743,78,1.1437,0.2195,0.3837,-0.1337,0.1897,0.3159,0.5,2.6364,0.5,1,0.4444,2.3434,0.2963,4,0.2222,1.1717,0.1481,4,0.16,8,0.13,13,
cross_database_transfer,bindingdb_to_chembl_pair_scaffold_purged,rich_diff_scalars,1,bindingdb_raw,chembl_raw,Q9HAZ1,Dual specificity protein kinase CLK4,91,0.2527,0.5,0.7623,52,1.0,0.2647,0.5595,0.1807,0.2527,0.0265,0.0,0.0,0.0,0,0.0,0.0,0.0,0,0.0,0.0,0.0,0,0.28,14,0.2527,23,
cross_database_transfer,bindingdb_to_chembl_pair_scaffold_purged,rich_diff_scalars,1,bindingdb_raw,chembl_raw,P11309,Serine/threonine-protein kinase pim-1,120,0.1667,0.2984,0.7712,62,1.075,0.2148,0.561,0.101,0.1667,0.2098,0.0,0.0,0.0,0,0.1667,1.0,0.0556,1,0.1667,1.0,0.0516,2,0.24,12,0.16,16,
cross_database_transfer,bindingdb_to_chembl_pair_scaffold_purged,rich_diff_scalars,1,bindingdb_raw,chembl_raw,P49841,Glycogen synthase kinase-3 beta,142,0.3944,0.693,0.7689,57,1.0282,0.4183,0.4705,-0.0508,0.3944,0.4929,1.0,2.5357,1.0,2,0.5,1.2679,0.3964,4,0.4667,1.1833,0.3196,7,0.38,19,0.39,39,
cross_database_transfer,bindingdb_to_chembl_pair_scaffold_purged,rich_scalars_only,1,bindingdb_raw,chembl_raw,P35367,Histamine H1 receptor,594,0.2138,0.5546,0.7773,168,1.1364,0.345,0.7248,0.3256,0.2138,0.3303,0.3333,1.5591,0.1083,2,0.3333,1.5591,0.1008,10,0.35,1.637,0.1121,21,0.36,18,0.36,36,
cross_database_transfer,bindingdb_to_chembl_pair_scaffold_purged,rich_scalars_only,1,bindingdb_raw,chembl_raw,P41143,Delta-type opioid receptor,816,0.5417,1.1043,0.808,188,1.7022,0.5933,0.5889,0.1624,0.5417,0.5451,0.2222,0.4103,0.054,2,0.561,1.0356,0.2389,23,0.5854,1.0807,0.2981,48,0.58,29,0.59,59,
cross_database_transfer,bindingdb_to_chembl_pair_scaffold_purged,rich_scalars_only,1,bindingdb_raw,chembl_raw,P31645,Sodium-dependent serotonin transporter,555,0.4306,0.8056,0.7754,122,1.3315,0.6063,0.6756,0.2538,0.4306,0.6987,0.6667,1.5481,0.6111,4,0.75,1.7416,0.5697,21,0.7143,1.6587,0.53,40,0.7,35,0.67,67,
cross_database_transfer,bindingdb_to_chembl_pair_scaffold_purged,rich_scalars_only,1,bindingdb_raw,chembl_raw,P04150,Glucocorticoid receptor,945,0.3312,0.6039,0.7675,196,1.182,0.4879,0.649,0.1693,0.3312,0.5813,0.6,1.8115,0.524,6,0.5833,1.7612,0.3983,28,0.5789,1.7479,0.3619,55,0.58,29,0.57,57,
cross_database_transfer,bindingdb_to_chembl_pair_scaffold_purged,rich_scalars_only,1,bindingdb_raw,chembl_raw,P00734,Prothrombin,614,0.4935,0.9584,0.7957,257,1.1792,0.5101,0.5173,0.0299,0.4935,0.5064,0.4286,0.8685,0.1446,3,0.5161,1.0459,0.2408,16,0.5161,1.0459,0.2583,32,0.54,27,0.5,50,
cross_database_transfer,bindingdb_to_chembl_pair_scaffold_purged,rich_scalars_only,1,bindingdb_raw,chembl_raw,Q99720,Sigma non-opioid intracellular receptor 1,566,0.5265,0.9897,0.8008,182,1.4399,0.7074,0.6939,0.2194,0.5265,0.8142,1.0,1.8993,1.0,6,0.8966,1.7028,0.8309,26,0.7719,1.4661,0.6805,44,0.76,38,0.75,75,
cross_database_transfer,bindingdb_to_chembl_pair_scaffold_purged,rich_scalars_only,1,bindingdb_raw,chembl_raw,P42336,"Phosphatidylinositol 4,5-bisphosphate 3-kinase catalytic subunit alpha isoform",405,0.2716,0.4686,0.7647,206,1.2099,0.3309,0.5384,0.0782,0.2716,0.3977,0.6,2.2091,0.3833,3,0.2857,1.0519,0.1653,6,0.3902,1.4368,0.1783,16,0.4,20,0.34,34,
cross_database_transfer,bindingdb_to_chembl_pair_scaffold_purged,rich_scalars_only,1,bindingdb_raw,chembl_raw,P08908,5-hydroxytryptamine receptor 1A,541,0.4362,0.7408,0.7941,129,1.5046,0.5724,0.6695,0.3091,0.4362,0.6364,0.6667,1.5282,0.6111,4,0.7143,1.6374,0.5507,20,0.6,1.3754,0.4318,33,0.6,30,0.56,56,
cross_database_transfer,bindingdb_to_chembl_pair_scaffold_purged,rich_scalars_only,1,bindingdb_raw,chembl_raw,P41145,Kappa-type opioid receptor,853,0.5252,1.0234,0.7852,217,1.449,0.6206,0.5828,0.0802,0.5252,0.7429,0.6667,1.2693,0.3348,6,0.8605,1.6383,0.661,37,0.7209,1.3727,0.5588,62,0.86,43,0.69,69,
cross_database_transfer,bindingdb_to_chembl_pair_scaffold_purged,rich_scalars_only,1,bindingdb_raw,chembl_raw,P10275,Androgen receptor,462,0.3182,0.5444,0.7923,114,1.2489,0.3631,0.5638,0.06,0.3182,0.3175,0.4,1.2571,0.1667,2,0.25,0.7857,0.0801,6,0.2979,0.9362,0.0934,14,0.32,16,0.4,40,
cross_database_transfer,bindingdb_to_chembl_pair_scaffold_purged,rich_scalars_only,1,bindingdb_raw,chembl_raw,P35462,D(3) dopamine receptor,462,0.4286,0.7298,0.7745,154,1.0758,0.565,0.6198,0.1487,0.4286,0.7011,0.8,1.8667,0.8,4,0.8333,1.9444,0.7009,20,0.6596,1.539,0.5344,31,0.62,31,0.58,58,
cross_database_transfer,bindingdb_to_chembl_pair_scaffold_purged,rich_scalars_only,1,bindingdb_raw,chembl_raw,P23458,Tyrosine-protein kinase JAK1,1128,0.1667,0.3723,0.7479,568,1.0133,0.381,0.7323,0.335,0.1667,0.4807,0.4167,2.5,0.3046,5,0.4912,2.9474,0.2248,28,0.5133,3.0796,0.2532,58,0.42,21,0.54,54,
cross_database_transfer,bindingdb_to_chembl_pair_scaffold_purged,rich_scalars_only,1,bindingdb_raw,chembl_raw,P35372,Mu-type opioid receptor,682,0.3724,0.7457,0.7991,218,1.2331,0.5842,0.7167,0.3234,0.3724,0.6938,0.8571,2.3015,0.6296,6,0.6857,1.8412,0.5057,24,0.6812,1.8289,0.4905,47,0.72,36,0.68,68,
cross_database_transfer,bindingdb_to_chembl_pair_scaffold_purged,rich_scalars_only,1,bindingdb_raw,chembl_raw,Q01959,Sodium-dependent dopamine transporter,400,0.2675,0.5029,0.7795,78,1.2375,0.38,0.6301,0.1193,0.2675,0.4387,0.5,1.8692,0.2083,2,0.45,1.6822,0.1941,9,0.45,1.6822,0.2007,18,0.48,24,0.42,42,
cross_database_transfer,bindingdb_to_chembl_pair_scaffold_purged,rich_scalars_only,1,bindingdb_raw,chembl_raw,P00742,Coagulation factor X,723,0.4869,0.9307,0.7869,204,1.1245,0.5685,0.5668,0.074,0.4869,0.6339,0.625,1.2837,0.5531,5,0.6486,1.3323,0.4545,24,0.6164,1.2662,0.4051,45,0.58,29,0.65,65,
cross_database_transfer,bindingdb_to_chembl_pair_scaffold_purged,rich_scalars_only,1,bindingdb_raw,chembl_raw,O43614,Orexin receptor type 2,388,0.5747,1.0255,0.7649,165,1.2294,0.604,0.5279,-0.027,0.5747,0.5705,0.75,1.3049,0.4792,3,0.55,0.957,0.3345,11,0.5385,0.9369,0.3054,21,0.58,29,0.67,67,
cross_database_transfer,bindingdb_to_chembl_pair_scaffold_purged,rich_scalars_only,1,bindingdb_raw,chembl_raw,O60674,Tyrosine-protein kinase JAK2,153,0.1699,0.3494,0.7688,74,1.0131,0.2935,0.6181,0.075,0.1699,0.3751,0.5,2.9423,0.25,1,0.375,2.2067,0.2208,3,0.3125,1.8389,0.1492,5,0.24,12,0.19,19,
cross_database_transfer,bindingdb_to_chembl_pair_scaffold_purged,rich_scalars_only,1,bindingdb_raw,chembl_raw,P21917,D(4) dopamine receptor,329,0.4195,0.7517,0.7839,130,1.0547,0.4128,0.4689,-0.1142,0.4195,0.4359,0.25,0.596,0.0833,1,0.4706,1.1219,0.1933,8,0.4848,1.1559,0.2152,16,0.46,23,0.39,39,
cross_database_transfer,bindingdb_to_chembl_pair_scaffold_purged,rich_scalars_only,1,bindingdb_raw,chembl_raw,Q9Y5N1,Histamine H3 receptor,742,0.3261,0.5884,0.7886,300,1.1078,0.4729,0.6464,0.1687,0.3261,0.5707,0.5,1.5331,0.4464,4,0.6053,1.8558,0.3698,23,0.5733,1.7579,0.3505,43,0.62,31,0.58,58,
cross_database_transfer,bindingdb_to_chembl_pair_scaffold_purged,rich_scalars_only,1,bindingdb_raw,chembl_raw,P00519,Tyrosine-protein kinase ABL1,174,0.1897,0.3512,0.7743,78,1.1437,0.2067,0.382,-0.1431,0.1897,0.2558,0.5,2.6364,0.5,1,0.2222,1.1717,0.1852,2,0.2222,1.1717,0.1178,4,0.16,8,0.12,12,
cross_database_transfer,bindingdb_to_chembl_pair_scaffold_purged,rich_scalars_only,1,bindingdb_raw,chembl_raw,Q9HAZ1,Dual specificity protein kinase CLK4,91,0.2527,0.5,0.7623,52,1.0,0.2548,0.5377,0.1313,0.2527,0.043,0.0,0.0,0.0,0,0.0,0.0,0.0,0,0.0,0.0,0.0,0,0.26,13,0.2527,23,
cross_database_transfer,bindingdb_to_chembl_pair_scaffold_purged,rich_scalars_only,1,bindingdb_raw,chembl_raw,P11309,Serine/threonine-protein kinase pim-1,120,0.1667,0.2984,0.7712,62,1.075,0.2178,0.559,0.0716,0.1667,0.2464,0.0,0.0,0.0,0,0.3333,2.0,0.1111,2,0.25,1.5,0.0833,3,0.2,10,0.16,16,
cross_database_transfer,bindingdb_to_chembl_pair_scaffold_purged,rich_scalars_only,1,bindingdb_raw,chembl_raw,P49841,Glycogen synthase kinase-3 beta,142,0.3944,0.693,0.7689,57,1.0282,0.4368,0.4822,-0.0205,0.3944,0.5529,0.5,1.2679,0.5,1,0.75,1.9018,0.5851,6,0.4667,1.1833,0.3454,7,0.42,21,0.38,38,
cross_database_transfer,bindingdb_to_chembl_pair_scaffold_purged,extratrees_scalars,1,bindingdb_raw,chembl_raw,P35367,Histamine H1 receptor,594,0.2138,0.5546,0.7773,168,1.1364,0.3442,0.7198,0.2328,0.2138,0.3379,0.1667,0.7795,0.0417,1,0.4,1.8709,0.1365,12,0.3167,1.4811,0.1042,19,0.3,15,0.36,36,
cross_database_transfer,bindingdb_to_chembl_pair_scaffold_purged,extratrees_scalars,1,bindingdb_raw,chembl_raw,P41143,Delta-type opioid receptor,816,0.5417,1.1043,0.808,188,1.7022,0.6578,0.6082,0.1564,0.5417,0.7933,1.0,1.8462,1.0,9,0.8537,1.576,0.7564,35,0.7805,1.4409,0.6698,64,0.82,41,0.77,77,
cross_database_transfer,bindingdb_to_chembl_pair_scaffold_purged,extratrees_scalars,1,bindingdb_raw,chembl_raw,P31645,Sodium-dependent serotonin transporter,555,0.4306,0.8056,0.7754,122,1.3315,0.4826,0.5595,0.1027,0.4306,0.476,0.5,1.1611,0.3333,3,0.4643,1.0782,0.2303,13,0.4821,1.1196,0.2343,27,0.52,26,0.51,51,
cross_database_transfer,bindingdb_to_chembl_pair_scaffold_purged,extratrees_scalars,1,bindingdb_raw,chembl_raw,P04150,Glucocorticoid receptor,945,0.3312,0.6039,0.7675,196,1.182,0.4895,0.65,0.2289,0.3312,0.6075,0.7,2.1134,0.4925,7,0.6458,1.9499,0.4411,31,0.6105,1.8433,0.4008,58,0.64,32,0.6,60,
cross_database_transfer,bindingdb_to_chembl_pair_scaffold_purged,extratrees_scalars,1,bindingdb_raw,chembl_raw,P00734,Prothrombin,614,0.4935,0.9584,0.7957,257,1.1792,0.5102,0.5089,0.0813,0.4935,0.5024,0.4286,0.8685,0.2714,3,0.4516,0.9151,0.2384,14,0.4839,0.9805,0.244,30,0.48,24,0.56,56,
cross_database_transfer,bindingdb_to_chembl_pair_scaffold_purged,extratrees_scalars,1,bindingdb_raw,chembl_raw,Q99720,Sigma non-opioid intracellular receptor 1,566,0.5265,0.9897,0.8008,182,1.4399,0.633,0.6196,0.1963,0.5265,0.702,0.6667,1.2662,0.4306,4,0.6897,1.3099,0.4641,20,0.7018,1.3329,0.4944,40,0.76,38,0.7,70,
cross_database_transfer,bindingdb_to_chembl_pair_scaffold_purged,extratrees_scalars,1,bindingdb_raw,chembl_raw,P42336,"Phosphatidylinositol 4,5-bisphosphate 3-kinase catalytic subunit alpha isoform",405,0.2716,0.4686,0.7647,206,1.2099,0.3201,0.5542,0.1068,0.2716,0.3289,0.2,0.7364,0.04,1,0.2857,1.0519,0.0751,6,0.3659,1.347,0.1137,15,0.44,22,0.34,34,
cross_database_transfer,bindingdb_to_chembl_pair_scaffold_purged,extratrees_scalars,1,bindingdb_raw,chembl_raw,P08908,5-hydroxytryptamine receptor 1A,541,0.4362,0.7408,0.7941,129,1.5046,0.5486,0.6208,0.1315,0.4362,0.6309,0.6667,1.5282,0.4306,4,0.6786,1.5555,0.4415,19,0.6364,1.4588,0.414,35,0.62,31,0.6,60,
cross_database_transfer,bindingdb_to_chembl_pair_scaffold_purged,extratrees_scalars,1,bindingdb_raw,chembl_raw,P41145,Kappa-type opioid receptor,853,0.5252,1.0234,0.7852,217,1.449,0.6608,0.6217,0.1797,0.5252,0.7987,0.7778,1.4809,0.7778,7,0.8372,1.5941,0.7119,36,0.814,1.5498,0.6859,70,0.86,43,0.78,78,
cross_database_transfer,bindingdb_to_chembl_pair_scaffold_purged,extratrees_scalars,1,bindingdb_raw,chembl_raw,P10275,Androgen receptor,462,0.3182,0.5444,0.7923,114,1.2489,0.3522,0.5495,0.0674,0.3182,0.3566,0.6,1.8857,0.2867,3,0.375,1.1786,0.1518,9,0.3617,1.1368,0.1408,17,0.36,18,0.33,33,
cross_database_transfer,bindingdb_to_chembl_pair_scaffold_purged,extratrees_scalars,1,bindingdb_raw,chembl_raw,P35462,D(3) dopamine receptor,462,0.4286,0.7298,0.7745,154,1.0758,0.4936,0.5758,0.1336,0.4286,0.5405,0.4,0.9333,0.1667,2,0.5833,1.3611,0.3361,14,0.4894,1.1418,0.2795,23,0.5,25,0.51,51,
cross_database_transfer,bindingdb_to_chembl_pair_scaffold_purged,extratrees_scalars,1,bindingdb_raw,chembl_raw,P23458,Tyrosine-protein kinase JAK1,1128,0.1667,0.3723,0.7479,568,1.0133,0.4681,0.8119,0.2717,0.1667,0.5765,0.5,3.0,0.2593,6,0.5965,3.5789,0.3644,34,0.5398,3.2389,0.3161,61,0.62,31,0.54,54,
cross_database_transfer,bindingdb_to_chembl_pair_scaffold_purged,extratrees_scalars,1,bindingdb_raw,chembl_raw,P35372,Mu-type opioid receptor,682,0.3724,0.7457,0.7991,218,1.2331,0.552,0.6519,0.2635,0.3724,0.6846,0.7143,1.9179,0.5786,5,0.6571,1.7645,0.4888,23,0.7101,1.9068,0.5138,49,0.72,36,0.67,67,
cross_database_transfer,bindingdb_to_chembl_pair_scaffold_purged,extratrees_scalars,1,bindingdb_raw,chembl_raw,Q01959,Sodium-dependent dopamine transporter,400,0.2675,0.5029,0.7795,78,1.2375,0.361,0.6434,0.149,0.2675,0.3575,0.25,0.9346,0.0833,1,0.3,1.1215,0.0888,6,0.45,1.6822,0.1643,18,0.4,20,0.38,38,
cross_database_transfer,bindingdb_to_chembl_pair_scaffold_purged,extratrees_scalars,1,bindingdb_raw,chembl_raw,P00742,Coagulation factor X,723,0.4869,0.9307,0.7869,204,1.1245,0.5382,0.5651,0.0889,0.4869,0.5484,0.625,1.2837,0.5792,5,0.5405,1.1103,0.3358,20,0.5616,1.1536,0.3289,41,0.56,28,0.57,57,
cross_database_transfer,bindingdb_to_chembl_pair_scaffold_purged,extratrees_scalars,1,bindingdb_raw,chembl_raw,O43614,Orexin receptor type 2,388,0.5747,1.0255,0.7649,165,1.2294,0.6157,0.5002,0.0556,0.5747,0.7245,0.75,1.3049,0.75,3,0.7,1.2179,0.6274,14,0.641,1.1153,0.5231,25,0.66,33,0.63,63,
cross_database_transfer,bindingdb_to_chembl_pair_scaffold_purged,extratrees_scalars,1,bindingdb_raw,chembl_raw,O60674,Tyrosine-protein kinase JAK2,153,0.1699,0.3494,0.7688,74,1.0131,0.3454,0.6796,0.2558,0.1699,0.4009,0.5,2.9423,0.5,1,0.375,2.2067,0.2219,3,0.4375,2.5745,0.2179,7,0.32,16,0.2,20,
cross_database_transfer,bindingdb_to_chembl_pair_scaffold_purged,extratrees_scalars,1,bindingdb_raw,chembl_raw,P21917,D(4) dopamine receptor,329,0.4195,0.7517,0.7839,130,1.0547,0.4378,0.5193,-0.0027,0.4195,0.4689,0.0,0.0,0.0,0,0.5882,1.4024,0.2744,10,0.4545,1.0837,0.2277,15,0.46,23,0.42,42,
cross_database_transfer,bindingdb_to_chembl_pair_scaffold_purged,extratrees_scalars,1,bindingdb_raw,chembl_raw,Q9Y5N1,Histamine H3 receptor,742,0.3261,0.5884,0.7886,300,1.1078,0.4221,0.6199,0.1439,0.3261,0.4598,0.625,1.9163,0.424,5,0.4737,1.4524,0.2486,18,0.44,1.3491,0.2213,33,0.48,24,0.43,43,
cross_database_transfer,bindingdb_to_chembl_pair_scaffold_purged,extratrees_scalars,1,bindingdb_raw,chembl_raw,P00519,Tyrosine-protein kinase ABL1,174,0.1897,0.3512,0.7743,78,1.1437,0.2421,0.5253,0.0275,0.1897,0.2362,0.5,2.6364,0.5,1,0.1111,0.5859,0.1111,1,0.2778,1.4646,0.1098,5,0.24,12,0.19,19,
cross_database_transfer,bindingdb_to_chembl_pair_scaffold_purged,extratrees_scalars,1,bindingdb_raw,chembl_raw,Q9HAZ1,Dual specificity protein kinase CLK4,91,0.2527,0.5,0.7623,52,1.0,0.3422,0.5556,-0.0038,0.2527,0.3496,1.0,3.9565,1.0,1,0.2,0.7913,0.2,1,0.4,1.5826,0.2061,4,0.32,16,0.2527,23,
cross_database_transfer,bindingdb_to_chembl_pair_scaffold_purged,extratrees_scalars,1,bindingdb_raw,chembl_raw,P11309,Serine/threonine-protein kinase pim-1,120,0.1667,0.2984,0.7712,62,1.075,0.2982,0.646,0.0976,0.1667,0.3483,0.5,3.0,0.5,1,0.3333,2.0,0.2333,2,0.3333,2.0,0.1802,4,0.24,12,0.19,19,
cross_database_transfer,bindingdb_to_chembl_pair_scaffold_purged,extratrees_scalars,1,bindingdb_raw,chembl_raw,P49841,Glycogen synthase kinase-3 beta,142,0.3944,0.693,0.7689,57,1.0282,0.5079,0.5617,0.1519,0.3944,0.628,1.0,2.5357,1.0,2,0.5,1.2679,0.4464,4,0.6,1.5214,0.4414,9,0.48,24,0.38,38,
cross_database_transfer,bindingdb_to_chembl_pair_scaffold_purged,ecfp_absdiff_xgb,2,bindingdb_raw,chembl_raw,P35367,Histamine H1 receptor,594,0.2138,0.5546,0.7773,168,1.1364,0.2424,0.5045,-0.0371,0.2138,0.2698,0.5,2.3386,0.35,3,0.2667,1.2472,0.1388,8,0.2333,1.0913,0.0964,14,0.28,14,0.2,20,
cross_database_transfer,bindingdb_to_chembl_pair_scaffold_purged,ecfp_absdiff_xgb,2,bindingdb_raw,chembl_raw,P41143,Delta-type opioid receptor,816,0.5417,1.1043,0.808,188,1.7022,0.5864,0.5476,0.1105,0.5417,0.6703,0.5556,1.0256,0.4506,5,0.7317,1.3508,0.4907,30,0.6829,1.2608,0.4705,56,0.76,38,0.7,70,
cross_database_transfer,bindingdb_to_chembl_pair_scaffold_purged,ecfp_absdiff_xgb,2,bindingdb_raw,chembl_raw,P31645,Sodium-dependent serotonin transporter,555,0.4306,0.8056,0.7754,122,1.3315,0.4731,0.5329,-0.0931,0.4306,0.4242,0.6667,1.5481,0.4528,4,0.5357,1.244,0.3051,15,0.3929,0.9123,0.2065,22,0.4,20,0.35,35,
cross_database_transfer,bindingdb_to_chembl_pair_scaffold_purged,ecfp_absdiff_xgb,2,bindingdb_raw,chembl_raw,P04150,Glucocorticoid receptor,945,0.3312,0.6039,0.7675,196,1.182,0.3542,0.509,0.0519,0.3312,0.4429,0.5,1.5096,0.2262,5,0.5208,1.5725,0.2499,25,0.4211,1.2712,0.2043,40,0.52,26,0.41,41,
cross_database_transfer,bindingdb_to_chembl_pair_scaffold_purged,ecfp_absdiff_xgb,2,bindingdb_raw,chembl_raw,P00734,Prothrombin,614,0.4935,0.9584,0.7957,257,1.1792,0.53,0.5582,0.0675,0.4935,0.5515,0.5714,1.1579,0.4269,4,0.5806,1.1766,0.3238,18,0.5806,1.1766,0.3269,36,0.56,28,0.57,57,
cross_database_transfer,bindingdb_to_chembl_pair_scaffold_purged,ecfp_absdiff_xgb,2,bindingdb_raw,chembl_raw,Q99720,Sigma non-opioid intracellular receptor 1,566,0.5265,0.9897,0.8008,182,1.4399,0.5157,0.4614,-0.0589,0.5265,0.4911,0.6667,1.2662,0.4611,4,0.4828,0.9169,0.2857,14,0.4386,0.833,0.2449,25,0.5,25,0.47,47,
cross_database_transfer,bindingdb_to_chembl_pair_scaffold_purged,ecfp_absdiff_xgb,2,bindingdb_raw,chembl_raw,P42336,"Phosphatidylinositol 4,5-bisphosphate 3-kinase catalytic subunit alpha isoform",405,0.2716,0.4686,0.7647,206,1.2099,0.3574,0.6071,0.1657,0.2716,0.4205,0.4,1.4727,0.28,2,0.381,1.4026,0.2314,8,0.3902,1.4368,0.1905,16,0.46,23,0.38,38,
cross_database_transfer,bindingdb_to_chembl_pair_scaffold_purged,ecfp_absdiff_xgb,2,bindingdb_raw,chembl_raw,P08908,5-hydroxytryptamine receptor 1A,541,0.4362,0.7408,0.7941,129,1.5046,0.4244,0.4175,-0.1968,0.4362,0.3587,0.6667,1.5282,0.6667,4,0.4286,0.9824,0.2905,12,0.2909,0.6669,0.172,16,0.32,16,0.21,21,
cross_database_transfer,bindingdb_to_chembl_pair_scaffold_purged,ecfp_absdiff_xgb,2,bindingdb_raw,chembl_raw,P41145,Kappa-type opioid receptor,853,0.5252,1.0234,0.7852,217,1.449,0.5665,0.5524,0.0935,0.5252,0.6292,0.3333,0.6347,0.1019,3,0.6744,1.2841,0.3819,29,0.6628,1.262,0.4097,57,0.72,36,0.64,64,
cross_database_transfer,bindingdb_to_chembl_pair_scaffold_purged,ecfp_absdiff_xgb,2,bindingdb_raw,chembl_raw,P10275,Androgen receptor,462,0.3182,0.5444,0.7923,114,1.2489,0.3132,0.4892,0.0077,0.3182,0.2873,0.2,0.6286,0.2,1,0.25,0.7857,0.1026,6,0.2766,0.8693,0.0934,13,0.28,14,0.34,34,
cross_database_transfer,bindingdb_to_chembl_pair_scaffold_purged,ecfp_absdiff_xgb,2,bindingdb_raw,chembl_raw,P35462,D(3) dopamine receptor,462,0.4286,0.7298,0.7745,154,1.0758,0.4292,0.5221,0.0363,0.4286,0.3405,0.0,0.0,0.0,0,0.4167,0.9722,0.1557,10,0.2766,0.6454,0.0992,13,0.28,14,0.42,42,
cross_database_transfer,bindingdb_to_chembl_pair_scaffold_purged,ecfp_absdiff_xgb,2,bindingdb_raw,chembl_raw,P23458,Tyrosine-protein kinase JAK1,1128,0.1667,0.3723,0.7479,568,1.0133,0.2911,0.6948,0.2031,0.1667,0.396,0.1667,1.0,0.0375,2,0.4561,2.7368,0.1909,26,0.3274,1.9646,0.1389,37,0.52,26,0.37,37,
cross_database_transfer,bindingdb_to_chembl_pair_scaffold_purged,ecfp_absdiff_xgb,2,bindingdb_raw,chembl_raw,P35372,Mu-type opioid receptor,682,0.3724,0.7457,0.7991,218,1.2331,0.437,0.5626,0.1533,0.3724,0.5908,0.4286,1.1507,0.2279,3,0.6286,1.6877,0.388,22,0.6087,1.6344,0.3793,42,0.62,31,0.56,56,
cross_database_transfer,bindingdb_to_chembl_pair_scaffold_purged,ecfp_absdiff_xgb,2,bindingdb_raw,chembl_raw,Q01959,Sodium-dependent dopamine transporter,400,0.2675,0.5029,0.7795,78,1.2375,0.3046,0.5341,0.0273,0.2675,0.329,0.75,2.8037,0.75,3,0.25,0.9346,0.1952,5,0.325,1.215,0.1572,13,0.3,15,0.31,31,
cross_database_transfer,bindingdb_to_chembl_pair_scaffold_purged,ecfp_absdiff_xgb,2,bindingdb_raw,chembl_raw,P00742,Coagulation factor X,723,0.4869,0.9307,0.7869,204,1.1245,0.6159,0.6644,0.2062,0.4869,0.7714,0.875,1.7972,0.7644,7,0.8378,1.7209,0.7226,31,0.7534,1.5475,0.6207,55,0.78,39,0.72,72,
cross_database_transfer,bindingdb_to_chembl_pair_scaffold_purged,ecfp_absdiff_xgb,2,bindingdb_raw,chembl_raw,O43614,Orexin receptor type 2,388,0.5747,1.0255,0.7649,165,1.2294,0.6037,0.5256,0.0446,0.5747,0.6918,0.5,0.87,0.2917,2,0.75,1.3049,0.5727,15,0.641,1.1153,0.4794,25,0.62,31,0.59,59,
cross_database_transfer,bindingdb_to_chembl_pair_scaffold_purged,ecfp_absdiff_xgb,2,bindingdb_raw,chembl_raw,O60674,Tyrosine-protein kinase JAK2,153,0.1699,0.3494,0.7688,74,1.0131,0.3186,0.5715,0.1505,0.1699,0.4644,1.0,5.8846,1.0,2,0.5,2.9423,0.5,4,0.25,1.4712,0.25,4,0.22,11,0.17,17,
cross_database_transfer,bindingdb_to_chembl_pair_scaffold_purged,ecfp_absdiff_xgb,2,bindingdb_raw,chembl_raw,P21917,D(4) dopamine receptor,329,0.4195,0.7517,0.7839,130,1.0547,0.4236,0.4626,-0.0335,0.4195,0.4301,0.25,0.596,0.25,1,0.5294,1.2621,0.3265,9,0.3636,0.8669,0.2095,12,0.32,16,0.32,32,
cross_database_transfer,bindingdb_to_chembl_pair_scaffold_purged,ecfp_absdiff_xgb,2,bindingdb_raw,chembl_raw,Q9Y5N1,Histamine H3 receptor,742,0.3261,0.5884,0.7886,300,1.1078,0.4062,0.5527,0.0831,0.3261,0.5826,0.625,1.9163,0.3615,5,0.7368,2.2592,0.5437,28,0.5467,1.6761,0.3744,41,0.58,29,0.48,48,
cross_database_transfer,bindingdb_to_chembl_pair_scaffold_purged,ecfp_absdiff_xgb,2,bindingdb_raw,chembl_raw,P00519,Tyrosine-protein kinase ABL1,174,0.1897,0.3512,0.7743,78,1.1437,0.2302,0.5378,0.0616,0.1897,0.3114,0.0,0.0,0.0,0,0.3333,1.7576,0.1278,3,0.3333,1.7576,0.121,6,0.28,14,0.23,23,
cross_database_transfer,bindingdb_to_chembl_pair_scaffold_purged,ecfp_absdiff_xgb,2,bindingdb_raw,chembl_raw,Q9HAZ1,Dual specificity protein kinase CLK4,91,0.2527,0.5,0.7623,52,1.0,0.2757,0.5035,-0.0331,0.2527,0.2576,0.0,0.0,0.0,0,0.4,1.5826,0.13,2,0.3,1.187,0.115,3,0.24,12,0.2527,23,
cross_database_transfer,bindingdb_to_chembl_pair_scaffold_purged,ecfp_absdiff_xgb,2,bindingdb_raw,chembl_raw,P11309,Serine/threonine-protein kinase pim-1,120,0.1667,0.2984,0.7712,62,1.075,0.2452,0.61,0.0937,0.1667,0.2718,0.0,0.0,0.0,0,0.1667,1.0,0.0417,1,0.4167,2.5,0.1375,5,0.24,12,0.19,19,
cross_database_transfer,bindingdb_to_chembl_pair_scaffold_purged,ecfp_absdiff_xgb,2,bindingdb_raw,chembl_raw,P49841,Glycogen synthase kinase-3 beta,142,0.3944,0.693,0.7689,57,1.0282,0.433,0.4968,-0.0141,0.3944,0.51,0.5,1.2679,0.5,1,0.75,1.9018,0.5685,6,0.4,1.0143,0.3032,6,0.34,17,0.38,38,
cross_database_transfer,bindingdb_to_chembl_pair_scaffold_purged,rich_diff_scalars,2,bindingdb_raw,chembl_raw,P35367,Histamine H1 receptor,594,0.2138,0.5546,0.7773,168,1.1364,0.333,0.713,0.2689,0.2138,0.3012,0.0,0.0,0.0,0,0.2667,1.2472,0.0605,8,0.3333,1.5591,0.0935,20,0.34,17,0.35,35,
cross_database_transfer,bindingdb_to_chembl_pair_scaffold_purged,rich_diff_scalars,2,bindingdb_raw,chembl_raw,P41143,Delta-type opioid receptor,816,0.5417,1.1043,0.808,188,1.7022,0.601,0.5897,0.1592,0.5417,0.594,0.3333,0.6154,0.137,3,0.6098,1.1257,0.3046,25,0.6463,1.1932,0.3731,53,0.62,31,0.62,62,
cross_database_transfer,bindingdb_to_chembl_pair_scaffold_purged,rich_diff_scalars,2,bindingdb_raw,chembl_raw,P31645,Sodium-dependent serotonin transporter,555,0.4306,0.8056,0.7754,122,1.3315,0.5936,0.672,0.2852,0.4306,0.6675,0.6667,1.5481,0.4889,4,0.6786,1.5758,0.4616,19,0.6429,1.4928,0.4393,36,0.7,35,0.66,66,
cross_database_transfer,bindingdb_to_chembl_pair_scaffold_purged,rich_diff_scalars,2,bindingdb_raw,chembl_raw,P04150,Glucocorticoid receptor,945,0.3312,0.6039,0.7675,196,1.182,0.4759,0.6304,0.1347,0.3312,0.5928,0.9,2.7173,0.7904,9,0.6458,1.9499,0.4926,31,0.5263,1.589,0.3647,50,0.64,32,0.54,54,
cross_database_transfer,bindingdb_to_chembl_pair_scaffold_purged,rich_diff_scalars,2,bindingdb_raw,chembl_raw,P00734,Prothrombin,614,0.4935,0.9584,0.7957,257,1.1792,0.5253,0.5288,0.0641,0.4935,0.5508,0.7143,1.4474,0.6262,5,0.5161,1.0459,0.3472,16,0.5484,1.1113,0.3352,34,0.56,28,0.54,54,
cross_database_transfer,bindingdb_to_chembl_pair_scaffold_purged,rich_diff_scalars,2,bindingdb_raw,chembl_raw,Q99720,Sigma non-opioid intracellular receptor 1,566,0.5265,0.9897,0.8008,182,1.4399,0.6893,0.6846,0.2808,0.5265,0.7708,1.0,1.8993,1.0,6,0.7931,1.5064,0.7442,23,0.7193,1.3662,0.6281,41,0.78,39,0.65,65,
cross_database_transfer,bindingdb_to_chembl_pair_scaffold_purged,rich_diff_scalars,2,bindingdb_raw,chembl_raw,P42336,"Phosphatidylinositol 4,5-bisphosphate 3-kinase catalytic subunit alpha isoform",405,0.2716,0.4686,0.7647,206,1.2099,0.3471,0.5832,0.1492,0.2716,0.3757,0.4,1.4727,0.2,2,0.3333,1.2273,0.1201,7,0.439,1.6164,0.1715,18,0.4,20,0.41,41,
cross_database_transfer,bindingdb_to_chembl_pair_scaffold_purged,rich_diff_scalars,2,bindingdb_raw,chembl_raw,P08908,5-hydroxytryptamine receptor 1A,541,0.4362,0.7408,0.7941,129,1.5046,0.5727,0.6733,0.3306,0.4362,0.6049,0.8333,1.9103,0.675,5,0.6071,1.3918,0.4194,17,0.6,1.3754,0.3961,33,0.6,30,0.57,57,
cross_database_transfer,bindingdb_to_chembl_pair_scaffold_purged,rich_diff_scalars,2,bindingdb_raw,chembl_raw,P41145,Kappa-type opioid receptor,853,0.5252,1.0234,0.7852,217,1.449,0.6234,0.5903,0.1128,0.5252,0.7433,0.6667,1.2693,0.4478,6,0.8605,1.6383,0.6815,37,0.7093,1.3505,0.56,61,0.82,41,0.68,68,
cross_database_transfer,bindingdb_to_chembl_pair_scaffold_purged,rich_diff_scalars,2,bindingdb_raw,chembl_raw,P10275,Androgen receptor,462,0.3182,0.5444,0.7923,114,1.2489,0.3629,0.5622,0.0667,0.3182,0.3127,0.2,0.6286,0.2,1,0.2083,0.6548,0.0764,5,0.3404,1.0699,0.1151,16,0.34,17,0.42,42,
cross_database_transfer,bindingdb_to_chembl_pair_scaffold_purged,rich_diff_scalars,2,bindingdb_raw,chembl_raw,P35462,D(3) dopamine receptor,462,0.4286,0.7298,0.7745,154,1.0758,0.5322,0.596,0.1251,0.4286,0.6432,0.6,1.4,0.2867,3,0.75,1.75,0.5259,18,0.617,1.4397,0.4156,29,0.6,30,0.57,57,
cross_database_transfer,bindingdb_to_chembl_pair_scaffold_purged,rich_diff_scalars,2,bindingdb_raw,chembl_raw,P23458,Tyrosine-protein kinase JAK1,1128,0.1667,0.3723,0.7479,568,1.0133,0.4066,0.7541,0.3024,0.1667,0.5251,0.5,3.0,0.3393,6,0.5263,3.1579,0.3039,30,0.5044,3.0265,0.2814,57,0.56,28,0.5,50,
cross_database_transfer,bindingdb_to_chembl_pair_scaffold_purged,rich_diff_scalars,2,bindingdb_raw,chembl_raw,P35372,Mu-type opioid receptor,682,0.3724,0.7457,0.7991,218,1.2331,0.5871,0.7064,0.2779,0.3724,0.7244,0.7143,1.9179,0.4259,5,0.7143,1.9179,0.5233,25,0.7536,2.0235,0.5565,52,0.74,37,0.71,71,
cross_database_transfer,bindingdb_to_chembl_pair_scaffold_purged,rich_diff_scalars,2,bindingdb_raw,chembl_raw,Q01959,Sodium-dependent dopamine transporter,400,0.2675,0.5029,0.7795,78,1.2375,0.4249,0.6643,0.1955,0.2675,0.5395,0.25,0.9346,0.0833,1,0.65,2.4299,0.3324,13,0.6,2.243,0.3358,24,0.54,27,0.45,45,
cross_database_transfer,bindingdb_to_chembl_pair_scaffold_purged,rich_diff_scalars,2,bindingdb_raw,chembl_raw,P00742,Coagulation factor X,723,0.4869,0.9307,0.7869,204,1.1245,0.5934,0.6058,0.1442,0.4869,0.6574,0.875,1.7972,0.8594,7,0.5946,1.2213,0.5063,22,0.6301,1.2943,0.456,46,0.6,30,0.64,64,
cross_database_transfer,bindingdb_to_chembl_pair_scaffold_purged,rich_diff_scalars,2,bindingdb_raw,chembl_raw,O43614,Orexin receptor type 2,388,0.5747,1.0255,0.7649,165,1.2294,0.5984,0.5211,0.0374,0.5747,0.5354,0.5,0.87,0.5,2,0.45,0.783,0.2721,9,0.5641,0.9815,0.3092,22,0.56,28,0.69,69,
cross_database_transfer,bindingdb_to_chembl_pair_scaffold_purged,rich_diff_scalars,2,bindingdb_raw,chembl_raw,O60674,Tyrosine-protein kinase JAK2,153,0.1699,0.3494,0.7688,74,1.0131,0.3007,0.6292,0.0734,0.1699,0.3747,0.0,0.0,0.0,0,0.375,2.2067,0.1243,3,0.5,2.9423,0.2084,8,0.26,13,0.19,19,
cross_database_transfer,bindingdb_to_chembl_pair_scaffold_purged,rich_diff_scalars,2,bindingdb_raw,chembl_raw,P21917,D(4) dopamine receptor,329,0.4195,0.7517,0.7839,130,1.0547,0.4195,0.4813,-0.0467,0.4195,0.4294,0.25,0.596,0.125,1,0.4706,1.1219,0.1966,8,0.4848,1.1559,0.2101,16,0.48,24,0.4,40,
cross_database_transfer,bindingdb_to_chembl_pair_scaffold_purged,rich_diff_scalars,2,bindingdb_raw,chembl_raw,Q9Y5N1,Histamine H3 receptor,742,0.3261,0.5884,0.7886,300,1.1078,0.4503,0.6329,0.2039,0.3261,0.5252,0.5,1.5331,0.3036,4,0.5789,1.7751,0.3077,22,0.5333,1.6353,0.2865,40,0.54,27,0.57,57,
cross_database_transfer,bindingdb_to_chembl_pair_scaffold_purged,rich_diff_scalars,2,bindingdb_raw,chembl_raw,P00519,Tyrosine-protein kinase ABL1,174,0.1897,0.3512,0.7743,78,1.1437,0.2261,0.3944,-0.0845,0.1897,0.2956,1.0,5.2727,1.0,2,0.3333,1.7576,0.2889,3,0.1667,0.8788,0.1444,3,0.14,7,0.16,16,
cross_database_transfer,bindingdb_to_chembl_pair_scaffold_purged,rich_diff_scalars,2,bindingdb_raw,chembl_raw,Q9HAZ1,Dual specificity protein kinase CLK4,91,0.2527,0.5,0.7623,52,1.0,0.2856,0.5876,0.2401,0.2527,0.0972,0.0,0.0,0.0,0,0.0,0.0,0.0,0,0.1,0.3957,0.0125,1,0.3,15,0.2527,23,
cross_database_transfer,bindingdb_to_chembl_pair_scaffold_purged,rich_diff_scalars,2,bindingdb_raw,chembl_raw,P11309,Serine/threonine-protein kinase pim-1,120,0.1667,0.2984,0.7712,62,1.075,0.2342,0.5755,0.101,0.1667,0.2511,0.5,3.0,0.25,1,0.1667,1.0,0.0833,1,0.25,1.5,0.0882,3,0.22,11,0.16,16,
cross_database_transfer,bindingdb_to_chembl_pair_scaffold_purged,rich_diff_scalars,2,bindingdb_raw,chembl_raw,P49841,Glycogen synthase kinase-3 beta,142,0.3944,0.693,0.7689,57,1.0282,0.4301,0.4983,0.0588,0.3944,0.5008,0.5,1.2679,0.5,1,0.625,1.5848,0.456,5,0.4,1.0143,0.2795,6,0.4,20,0.4,40,
cross_database_transfer,bindingdb_to_chembl_pair_scaffold_purged,rich_scalars_only,2,bindingdb_raw,chembl_raw,P35367,Histamine H1 receptor,594,0.2138,0.5546,0.7773,168,1.1364,0.3971,0.7453,0.2982,0.2138,0.4542,0.3333,1.5591,0.1222,2,0.4,1.8709,0.19,12,0.45,2.1047,0.2113,27,0.46,23,0.43,43,
cross_database_transfer,bindingdb_to_chembl_pair_scaffold_purged,rich_scalars_only,2,bindingdb_raw,chembl_raw,P41143,Delta-type opioid receptor,816,0.5417,1.1043,0.808,188,1.7022,0.6098,0.5918,0.1483,0.5417,0.5956,0.6667,1.2308,0.6667,6,0.561,1.0356,0.3685,23,0.561,1.0356,0.3517,46,0.62,31,0.6,60,
cross_database_transfer,bindingdb_to_chembl_pair_scaffold_purged,rich_scalars_only,2,bindingdb_raw,chembl_raw,P31645,Sodium-dependent serotonin transporter,555,0.4306,0.8056,0.7754,122,1.3315,0.5821,0.6634,0.2238,0.4306,0.6297,0.6667,1.5481,0.4889,4,0.6429,1.4928,0.4405,18,0.625,1.4514,0.4103,35,0.64,32,0.64,64,
cross_database_transfer,bindingdb_to_chembl_pair_scaffold_purged,rich_scalars_only,2,bindingdb_raw,chembl_raw,P04150,Glucocorticoid receptor,945,0.3312,0.6039,0.7675,196,1.182,0.4772,0.6436,0.1791,0.3312,0.5753,0.7,2.1134,0.5248,7,0.5417,1.6354,0.3545,26,0.5789,1.7479,0.3556,55,0.54,27,0.59,59,
cross_database_transfer,bindingdb_to_chembl_pair_scaffold_purged,rich_scalars_only,2,bindingdb_raw,chembl_raw,P00734,Prothrombin,614,0.4935,0.9584,0.7957,257,1.1792,0.5098,0.51,0.009,0.4935,0.5317,0.5714,1.1579,0.3238,4,0.5806,1.1766,0.323,18,0.5161,1.0459,0.2849,32,0.54,27,0.53,53,
cross_database_transfer,bindingdb_to_chembl_pair_scaffold_purged,rich_scalars_only,2,bindingdb_raw,chembl_raw,Q99720,Sigma non-opioid intracellular receptor 1,566,0.5265,0.9897,0.8008,182,1.4399,0.7208,0.7115,0.2848,0.5265,0.8308,1.0,1.8993,1.0,6,0.8966,1.7028,0.8353,26,0.7895,1.4995,0.7108,45,0.8,40,0.72,72,
cross_database_transfer,bindingdb_to_chembl_pair_scaffold_purged,rich_scalars_only,2,bindingdb_raw,chembl_raw,P42336,"Phosphatidylinositol 4,5-bisphosphate 3-kinase catalytic subunit alpha isoform",405,0.2716,0.4686,0.7647,206,1.2099,0.3417,0.5551,0.0509,0.2716,0.397,0.4,1.4727,0.28,2,0.381,1.4026,0.1761,8,0.439,1.6164,0.1914,18,0.4,20,0.4,40,
cross_database_transfer,bindingdb_to_chembl_pair_scaffold_purged,rich_scalars_only,2,bindingdb_raw,chembl_raw,P08908,5-hydroxytryptamine receptor 1A,541,0.4362,0.7408,0.7941,129,1.5046,0.5541,0.6607,0.3232,0.4362,0.6109,0.6667,1.5282,0.4056,4,0.6786,1.5555,0.4331,19,0.5636,1.2921,0.3657,31,0.6,30,0.56,56,
cross_database_transfer,bindingdb_to_chembl_pair_scaffold_purged,rich_scalars_only,2,bindingdb_raw,chembl_raw,P41145,Kappa-type opioid receptor,853,0.5252,1.0234,0.7852,217,1.449,0.614,0.5715,0.0595,0.5252,0.7454,0.6667,1.2693,0.3663,6,0.8605,1.6383,0.6566,37,0.7093,1.3505,0.5489,61,0.88,44,0.73,73,
cross_database_transfer,bindingdb_to_chembl_pair_scaffold_purged,rich_scalars_only,2,bindingdb_raw,chembl_raw,P10275,Androgen receptor,462,0.3182,0.5444,0.7923,114,1.2489,0.3538,0.5423,-0.0256,0.3182,0.3137,0.2,0.6286,0.1,1,0.25,0.7857,0.0679,6,0.3404,1.0699,0.1011,16,0.36,18,0.4,40,
cross_database_transfer,bindingdb_to_chembl_pair_scaffold_purged,rich_scalars_only,2,bindingdb_raw,chembl_raw,P35462,D(3) dopamine receptor,462,0.4286,0.7298,0.7745,154,1.0758,0.5328,0.6077,0.1227,0.4286,0.6185,0.6,1.4,0.2867,3,0.625,1.4583,0.4046,15,0.5957,1.3901,0.38,28,0.6,30,0.6,60,
cross_database_transfer,bindingdb_to_chembl_pair_scaffold_purged,rich_scalars_only,2,bindingdb_raw,chembl_raw,P23458,Tyrosine-protein kinase JAK1,1128,0.1667,0.3723,0.7479,568,1.0133,0.4139,0.7815,0.3139,0.1667,0.5005,0.5,3.0,0.338,6,0.5088,3.0526,0.2582,29,0.5044,3.0265,0.2597,57,0.48,24,0.53,53,
cross_database_transfer,bindingdb_to_chembl_pair_scaffold_purged,rich_scalars_only,2,bindingdb_raw,chembl_raw,P35372,Mu-type opioid receptor,682,0.3724,0.7457,0.7991,218,1.2331,0.5965,0.714,0.279,0.3724,0.7222,0.8571,2.3015,0.7486,6,0.6857,1.8412,0.5407,24,0.7391,1.9846,0.5575,51,0.72,36,0.72,72,
cross_database_transfer,bindingdb_to_chembl_pair_scaffold_purged,rich_scalars_only,2,bindingdb_raw,chembl_raw,Q01959,Sodium-dependent dopamine transporter,400,0.2675,0.5029,0.7795,78,1.2375,0.3719,0.6197,0.1683,0.2675,0.4462,0.25,0.9346,0.0833,1,0.55,2.0561,0.2527,11,0.475,1.7757,0.2232,19,0.42,21,0.41,41,
cross_database_transfer,bindingdb_to_chembl_pair_scaffold_purged,rich_scalars_only,2,bindingdb_raw,chembl_raw,P00742,Coagulation factor X,723,0.4869,0.9307,0.7869,204,1.1245,0.5724,0.571,0.1098,0.4869,0.6457,0.875,1.7972,0.875,7,0.5946,1.2213,0.4797,22,0.6164,1.2662,0.4406,45,0.62,31,0.64,64,
cross_database_transfer,bindingdb_to_chembl_pair_scaffold_purged,rich_scalars_only,2,bindingdb_raw,chembl_raw,O43614,Orexin receptor type 2,388,0.5747,1.0255,0.7649,165,1.2294,0.6043,0.5352,0.0206,0.5747,0.5407,0.5,0.87,0.4167,2,0.45,0.783,0.2686,9,0.5385,0.9369,0.2921,21,0.56,28,0.71,71,
cross_database_transfer,bindingdb_to_chembl_pair_scaffold_purged,rich_scalars_only,2,bindingdb_raw,chembl_raw,O60674,Tyrosine-protein kinase JAK2,153,0.1699,0.3494,0.7688,74,1.0131,0.319,0.6472,0.1184,0.1699,0.3913,0.5,2.9423,0.5,1,0.375,2.2067,0.2202,3,0.4375,2.5745,0.2163,7,0.26,13,0.21,21,
cross_database_transfer,bindingdb_to_chembl_pair_scaffold_purged,rich_scalars_only,2,bindingdb_raw,chembl_raw,P21917,D(4) dopamine receptor,329,0.4195,0.7517,0.7839,130,1.0547,0.4227,0.482,-0.0853,0.4195,0.4649,0.25,0.596,0.0833,1,0.4706,1.1219,0.2153,8,0.5152,1.2282,0.2456,17,0.48,24,0.39,39,
cross_database_transfer,bindingdb_to_chembl_pair_scaffold_purged,rich_scalars_only,2,bindingdb_raw,chembl_raw,Q9Y5N1,Histamine H3 receptor,742,0.3261,0.5884,0.7886,300,1.1078,0.4643,0.6459,0.1895,0.3261,0.5538,0.5,1.5331,0.3964,4,0.6316,1.9365,0.373,24,0.56,1.717,0.3272,42,0.58,29,0.58,58,
cross_database_transfer,bindingdb_to_chembl_pair_scaffold_purged,rich_scalars_only,2,bindingdb_raw,chembl_raw,P00519,Tyrosine-protein kinase ABL1,174,0.1897,0.3512,0.7743,78,1.1437,0.2311,0.3875,-0.1319,0.1897,0.3148,1.0,5.2727,1.0,2,0.3333,1.7576,0.3056,3,0.2222,1.1717,0.1676,4,0.14,7,0.14,14,
cross_database_transfer,bindingdb_to_chembl_pair_scaffold_purged,rich_scalars_only,2,bindingdb_raw,chembl_raw,Q9HAZ1,Dual specificity protein kinase CLK4,91,0.2527,0.5,0.7623,52,1.0,0.2733,0.5598,0.1138,0.2527,0.0849,0.0,0.0,0.0,0,0.0,0.0,0.0,0,0.1,0.3957,0.0111,1,0.28,14,0.2527,23,
cross_database_transfer,bindingdb_to_chembl_pair_scaffold_purged,rich_scalars_only,2,bindingdb_raw,chembl_raw,P11309,Serine/threonine-protein kinase pim-1,120,0.1667,0.2984,0.7712,62,1.075,0.1999,0.5515,0.0565,0.1667,0.1778,0.0,0.0,0.0,0,0.1667,1.0,0.0556,1,0.1667,1.0,0.0463,2,0.22,11,0.17,17,
cross_database_transfer,bindingdb_to_chembl_pair_scaffold_purged,rich_scalars_only,2,bindingdb_raw,chembl_raw,P49841,Glycogen synthase kinase-3 beta,142,0.3944,0.693,0.7689,57,1.0282,0.4165,0.4695,-0.064,0.3944,0.489,0.5,1.2679,0.5,1,0.5,1.2679,0.3548,4,0.4667,1.1833,0.3087,7,0.42,21,0.38,38,
cross_database_transfer,bindingdb_to_chembl_pair_scaffold_purged,extratrees_scalars,2,bindingdb_raw,chembl_raw,P35367,Histamine H1 receptor,594,0.2138,0.5546,0.7773,168,1.1364,0.3936,0.7489,0.3341,0.2138,0.4292,0.0,0.0,0.0,0,0.4333,2.0268,0.1634,13,0.4667,2.1827,0.1984,28,0.48,24,0.45,45,
cross_database_transfer,bindingdb_to_chembl_pair_scaffold_purged,extratrees_scalars,2,bindingdb_raw,chembl_raw,P41143,Delta-type opioid receptor,816,0.5417,1.1043,0.808,188,1.7022,0.6553,0.5977,0.1407,0.5417,0.8083,0.8889,1.641,0.7412,8,0.8537,1.576,0.7302,35,0.8171,1.5084,0.6951,67,0.88,44,0.79,79,
cross_database_transfer,bindingdb_to_chembl_pair_scaffold_purged,extratrees_scalars,2,bindingdb_raw,chembl_raw,P31645,Sodium-dependent serotonin transporter,555,0.4306,0.8056,0.7754,122,1.3315,0.5183,0.6184,0.2032,0.4306,0.4958,0.3333,0.7741,0.2222,2,0.4286,0.9952,0.2002,12,0.5357,1.244,0.2569,30,0.5,25,0.59,59,
cross_database_transfer,bindingdb_to_chembl_pair_scaffold_purged,extratrees_scalars,2,bindingdb_raw,chembl_raw,P04150,Glucocorticoid receptor,945,0.3312,0.6039,0.7675,196,1.182,0.4899,0.646,0.2275,0.3312,0.5999,0.8,2.4153,0.7675,8,0.6042,1.8241,0.4396,29,0.6,1.8115,0.4012,57,0.6,30,0.59,59,
cross_database_transfer,bindingdb_to_chembl_pair_scaffold_purged,extratrees_scalars,2,bindingdb_raw,chembl_raw,P00734,Prothrombin,614,0.4935,0.9584,0.7957,257,1.1792,0.5072,0.5307,0.0032,0.4935,0.4771,0.2857,0.579,0.0765,2,0.4516,0.9151,0.203,14,0.4839,0.9805,0.2293,30,0.5,25,0.51,51,
cross_database_transfer,bindingdb_to_chembl_pair_scaffold_purged,extratrees_scalars,2,bindingdb_raw,chembl_raw,Q99720,Sigma non-opioid intracellular receptor 1,566,0.5265,0.9897,0.8008,182,1.4399,0.6449,0.6622,0.2176,0.5265,0.6586,0.5,0.9497,0.2778,3,0.6552,1.2444,0.4027,19,0.6842,1.2995,0.4416,39,0.66,33,0.68,68,
cross_database_transfer,bindingdb_to_chembl_pair_scaffold_purged,extratrees_scalars,2,bindingdb_raw,chembl_raw,P42336,"Phosphatidylinositol 4,5-bisphosphate 3-kinase catalytic subunit alpha isoform",405,0.2716,0.4686,0.7647,206,1.2099,0.3207,0.5433,0.0658,0.2716,0.3506,0.4,1.4727,0.28,2,0.381,1.4026,0.1753,8,0.3171,1.1674,0.1317,13,0.36,18,0.32,32,
cross_database_transfer,bindingdb_to_chembl_pair_scaffold_purged,extratrees_scalars,2,bindingdb_raw,chembl_raw,P08908,5-hydroxytryptamine receptor 1A,541,0.4362,0.7408,0.7941,129,1.5046,0.5303,0.5988,0.182,0.4362,0.5962,0.5,1.1462,0.2389,3,0.5714,1.3099,0.3546,16,0.6,1.3754,0.3636,33,0.6,30,0.58,58,
cross_database_transfer,bindingdb_to_chembl_pair_scaffold_purged,extratrees_scalars,2,bindingdb_raw,chembl_raw,P41145,Kappa-type opioid receptor,853,0.5252,1.0234,0.7852,217,1.449,0.6633,0.6338,0.2015,0.5252,0.7994,0.7778,1.4809,0.6565,7,0.8837,1.6826,0.7684,38,0.7674,1.4612,0.6562,66,0.86,43,0.75,75,
cross_database_transfer,bindingdb_to_chembl_pair_scaffold_purged,extratrees_scalars,2,bindingdb_raw,chembl_raw,P10275,Androgen receptor,462,0.3182,0.5444,0.7923,114,1.2489,0.372,0.5808,0.1074,0.3182,0.3614,0.2,0.6286,0.2,1,0.375,1.1786,0.144,9,0.4043,1.2705,0.1614,19,0.4,20,0.37,37,
cross_database_transfer,bindingdb_to_chembl_pair_scaffold_purged,extratrees_scalars,2,bindingdb_raw,chembl_raw,P35462,D(3) dopamine receptor,462,0.4286,0.7298,0.7745,154,1.0758,0.4892,0.5895,0.0907,0.4286,0.4697,0.2,0.4667,0.1,1,0.4583,1.0694,0.2036,11,0.4681,1.0922,0.2127,22,0.5,25,0.53,53,
cross_database_transfer,bindingdb_to_chembl_pair_scaffold_purged,extratrees_scalars,2,bindingdb_raw,chembl_raw,P23458,Tyrosine-protein kinase JAK1,1128,0.1667,0.3723,0.7479,568,1.0133,0.4423,0.8215,0.2498,0.1667,0.5285,0.25,1.5,0.0972,3,0.5263,3.1579,0.2395,30,0.5752,3.4513,0.2927,65,0.56,28,0.58,58,
cross_database_transfer,bindingdb_to_chembl_pair_scaffold_purged,extratrees_scalars,2,bindingdb_raw,chembl_raw,P35372,Mu-type opioid receptor,682,0.3724,0.7457,0.7991,218,1.2331,0.5696,0.6783,0.295,0.3724,0.7029,0.7143,1.9179,0.5425,5,0.7429,1.9946,0.5542,26,0.6812,1.8289,0.5086,47,0.76,38,0.65,65,
cross_database_transfer,bindingdb_to_chembl_pair_scaffold_purged,extratrees_scalars,2,bindingdb_raw,chembl_raw,Q01959,Sodium-dependent dopamine transporter,400,0.2675,0.5029,0.7795,78,1.2375,0.3651,0.6295,0.1548,0.2675,0.4086,0.0,0.0,0.0,0,0.4,1.4953,0.1393,8,0.475,1.7757,0.1981,19,0.44,22,0.39,39,
cross_database_transfer,bindingdb_to_chembl_pair_scaffold_purged,extratrees_scalars,2,bindingdb_raw,chembl_raw,P00742,Coagulation factor X,723,0.4869,0.9307,0.7869,204,1.1245,0.5461,0.5996,0.1032,0.4869,0.5303,0.375,0.7702,0.325,3,0.5676,1.1658,0.3088,21,0.5479,1.1255,0.3038,40,0.56,28,0.53,53,
cross_database_transfer,bindingdb_to_chembl_pair_scaffold_purged,extratrees_scalars,2,bindingdb_raw,chembl_raw,O43614,Orexin receptor type 2,388,0.5747,1.0255,0.7649,165,1.2294,0.6624,0.5736,0.2145,0.5747,0.7491,1.0,1.7399,1.0,4,0.8,1.3919,0.6957,16,0.7692,1.3384,0.6207,30,0.7,35,0.74,74,
cross_database_transfer,bindingdb_to_chembl_pair_scaffold_purged,extratrees_scalars,2,bindingdb_raw,chembl_raw,O60674,Tyrosine-protein kinase JAK2,153,0.1699,0.3494,0.7688,74,1.0131,0.3643,0.7093,0.2116,0.1699,0.4213,1.0,5.8846,1.0,2,0.375,2.2067,0.3125,3,0.375,2.2067,0.2263,6,0.28,14,0.23,23,
cross_database_transfer,bindingdb_to_chembl_pair_scaffold_purged,extratrees_scalars,2,bindingdb_raw,chembl_raw,P21917,D(4) dopamine receptor,329,0.4195,0.7517,0.7839,130,1.0547,0.4217,0.5028,-0.0363,0.4195,0.4012,0.25,0.596,0.0625,1,0.4118,0.9817,0.1386,7,0.4545,1.0837,0.1854,15,0.42,21,0.4,40,
cross_database_transfer,bindingdb_to_chembl_pair_scaffold_purged,extratrees_scalars,2,bindingdb_raw,chembl_raw,Q9Y5N1,Histamine H3 receptor,742,0.3261,0.5884,0.7886,300,1.1078,0.4365,0.6153,0.1506,0.3261,0.5229,0.5,1.5331,0.3839,4,0.6053,1.8558,0.3496,23,0.52,1.5944,0.3032,39,0.6,30,0.48,48,
cross_database_transfer,bindingdb_to_chembl_pair_scaffold_purged,extratrees_scalars,2,bindingdb_raw,chembl_raw,P00519,Tyrosine-protein kinase ABL1,174,0.1897,0.3512,0.7743,78,1.1437,0.1903,0.4298,0.0356,0.1897,0.1806,0.5,2.6364,0.25,1,0.1111,0.5859,0.0556,1,0.2222,1.1717,0.0592,4,0.18,9,0.16,16,
cross_database_transfer,bindingdb_to_chembl_pair_scaffold_purged,extratrees_scalars,2,bindingdb_raw,chembl_raw,Q9HAZ1,Dual specificity protein kinase CLK4,91,0.2527,0.5,0.7623,52,1.0,0.297,0.5141,-0.0722,0.2527,0.3465,0.0,0.0,0.0,0,0.4,1.5826,0.18,2,0.3,1.187,0.14,3,0.26,13,0.2527,23,
cross_database_transfer,bindingdb_to_chembl_pair_scaffold_purged,extratrees_scalars,2,bindingdb_raw,chembl_raw,P11309,Serine/threonine-protein kinase pim-1,120,0.1667,0.2984,0.7712,62,1.075,0.2451,0.663,0.0855,0.1667,0.2025,0.5,3.0,0.25,1,0.1667,1.0,0.0833,1,0.1667,1.0,0.0602,2,0.28,14,0.2,20,
cross_database_transfer,bindingdb_to_chembl_pair_scaffold_purged,extratrees_scalars,2,bindingdb_raw,chembl_raw,P49841,Glycogen synthase kinase-3 beta,142,0.3944,0.693,0.7689,57,1.0282,0.5366,0.5878,0.2348,0.3944,0.685,1.0,2.5357,1.0,2,0.75,1.9018,0.5914,6,0.7333,1.8595,0.5716,11,0.48,24,0.42,42,
cross_database_transfer,bindingdb_to_chembl_scaffold_purged,ecfp_absdiff_xgb,0,bindingdb_raw,chembl_raw,P35367,Histamine H1 receptor,594,0.2138,0.5546,0.7773,168,1.1364,0.2347,0.4813,-0.0374,0.2138,0.2457,0.3333,1.5591,0.3333,2,0.2,0.9354,0.1027,6,0.2333,1.0913,0.0874,14,0.26,13,0.19,19,
cross_database_transfer,bindingdb_to_chembl_scaffold_purged,ecfp_absdiff_xgb,0,bindingdb_raw,chembl_raw,P41143,Delta-type opioid receptor,816,0.5417,1.1043,0.808,188,1.7022,0.5762,0.5432,0.1176,0.5417,0.6246,0.5556,1.0256,0.4218,5,0.6341,1.1707,0.4004,26,0.622,1.1482,0.396,51,0.66,33,0.64,64,
cross_database_transfer,bindingdb_to_chembl_scaffold_purged,ecfp_absdiff_xgb,0,bindingdb_raw,chembl_raw,P31645,Sodium-dependent serotonin transporter,555,0.4306,0.8056,0.7754,122,1.3315,0.4442,0.5046,-0.093,0.4306,0.3685,0.6667,1.5481,0.4528,4,0.3571,0.8293,0.2065,10,0.3214,0.7464,0.1466,18,0.28,14,0.35,35,
cross_database_transfer,bindingdb_to_chembl_scaffold_purged,ecfp_absdiff_xgb,0,bindingdb_raw,chembl_raw,P04150,Glucocorticoid receptor,945,0.3312,0.6039,0.7675,196,1.182,0.3498,0.4965,0.0302,0.3312,0.4233,0.3,0.9058,0.1022,3,0.5208,1.5725,0.2161,25,0.4421,1.3348,0.1938,42,0.5,25,0.42,42,
cross_database_transfer,bindingdb_to_chembl_scaffold_purged,ecfp_absdiff_xgb,0,bindingdb_raw,chembl_raw,P00734,Prothrombin,614,0.4935,0.9584,0.7957,257,1.1792,0.5265,0.518,0.0747,0.4935,0.6241,0.4286,0.8685,0.2755,3,0.6129,1.242,0.3879,19,0.6774,1.3727,0.4447,42,0.68,34,0.58,58,
cross_database_transfer,bindingdb_to_chembl_scaffold_purged,ecfp_absdiff_xgb,0,bindingdb_raw,chembl_raw,Q99720,Sigma non-opioid intracellular receptor 1,566,0.5265,0.9897,0.8008,182,1.4399,0.5296,0.4842,0.053,0.5265,0.5698,0.6667,1.2662,0.5139,4,0.5862,1.1134,0.4091,17,0.5088,0.9663,0.3176,29,0.52,26,0.55,55,
cross_database_transfer,bindingdb_to_chembl_scaffold_purged,ecfp_absdiff_xgb,0,bindingdb_raw,chembl_raw,P42336,"Phosphatidylinositol 4,5-bisphosphate 3-kinase catalytic subunit alpha isoform",405,0.2716,0.4686,0.7647,206,1.2099,0.3353,0.6093,0.17,0.2716,0.3118,0.6,2.2091,0.2867,3,0.2381,0.8766,0.0902,5,0.3659,1.347,0.1203,15,0.36,18,0.4,40,
cross_database_transfer,bindingdb_to_chembl_scaffold_purged,ecfp_absdiff_xgb,0,bindingdb_raw,chembl_raw,P08908,5-hydroxytryptamine receptor 1A,541,0.4362,0.7408,0.7941,129,1.5046,0.4238,0.4149,-0.1885,0.4362,0.362,0.5,1.1462,0.5,3,0.3571,0.8187,0.218,10,0.3636,0.8336,0.1784,20,0.36,18,0.27,27,
cross_database_transfer,bindingdb_to_chembl_scaffold_purged,ecfp_absdiff_xgb,0,bindingdb_raw,chembl_raw,P41145,Kappa-type opioid receptor,853,0.5252,1.0234,0.7852,217,1.449,0.5616,0.5377,0.0641,0.5252,0.602,0.4444,0.8462,0.2339,4,0.6512,1.2398,0.38,28,0.6163,1.1734,0.3648,53,0.6,30,0.65,65,
cross_database_transfer,bindingdb_to_chembl_scaffold_purged,ecfp_absdiff_xgb,0,bindingdb_raw,chembl_raw,P10275,Androgen receptor,462,0.3182,0.5444,0.7923,114,1.2489,0.35,0.562,0.0876,0.3182,0.3093,0.6,1.8857,0.4533,3,0.2917,0.9167,0.1523,7,0.2766,0.8693,0.1122,13,0.3,15,0.4,40,
cross_database_transfer,bindingdb_to_chembl_scaffold_purged,ecfp_absdiff_xgb,0,bindingdb_raw,chembl_raw,P35462,D(3) dopamine receptor,462,0.4286,0.7298,0.7745,154,1.0758,0.4445,0.5285,0.0698,0.4286,0.4039,0.4,0.9333,0.28,2,0.4167,0.9722,0.2198,10,0.383,0.8936,0.177,18,0.36,18,0.43,43,
cross_database_transfer,bindingdb_to_chembl_scaffold_purged,ecfp_absdiff_xgb,0,bindingdb_raw,chembl_raw,P23458,Tyrosine-protein kinase JAK1,1128,0.1667,0.3723,0.7479,568,1.0133,0.2163,0.5734,0.054,0.1667,0.2733,0.1667,1.0,0.0259,2,0.3509,2.1053,0.0892,20,0.292,1.7522,0.0865,33,0.26,13,0.31,31,
cross_database_transfer,bindingdb_to_chembl_scaffold_purged,ecfp_absdiff_xgb,0,bindingdb_raw,chembl_raw,P35372,Mu-type opioid receptor,682,0.3724,0.7457,0.7991,218,1.2331,0.4226,0.5536,0.1457,0.3724,0.5172,0.1429,0.3836,0.0204,1,0.5143,1.3809,0.2207,18,0.5652,1.5176,0.2883,39,0.6,30,0.56,56,
cross_database_transfer,bindingdb_to_chembl_scaffold_purged,ecfp_absdiff_xgb,0,bindingdb_raw,chembl_raw,Q01959,Sodium-dependent dopamine transporter,400,0.2675,0.5029,0.7795,78,1.2375,0.3047,0.5366,0.099,0.2675,0.354,0.5,1.8692,0.25,2,0.4,1.4953,0.1956,8,0.325,1.215,0.1372,13,0.36,18,0.27,27,
cross_database_transfer,bindingdb_to_chembl_scaffold_purged,ecfp_absdiff_xgb,0,bindingdb_raw,chembl_raw,P00742,Coagulation factor X,723,0.4869,0.9307,0.7869,204,1.1245,0.626,0.6548,0.1836,0.4869,0.7727,0.875,1.7972,0.7228,7,0.8649,1.7764,0.7265,32,0.8082,1.6601,0.6739,59,0.84,42,0.7,70,
cross_database_transfer,bindingdb_to_chembl_scaffold_purged,ecfp_absdiff_xgb,0,bindingdb_raw,chembl_raw,O43614,Orexin receptor type 2,388,0.5747,1.0255,0.7649,165,1.2294,0.6184,0.5456,0.0759,0.5747,0.7076,1.0,1.7399,1.0,4,0.75,1.3049,0.6308,15,0.6667,1.1599,0.5206,26,0.66,33,0.65,65,
cross_database_transfer,bindingdb_to_chembl_scaffold_purged,ecfp_absdiff_xgb,0,bindingdb_raw,chembl_raw,O60674,Tyrosine-protein kinase JAK2,153,0.1699,0.3494,0.7688,74,1.0131,0.3047,0.5736,0.1295,0.1699,0.4431,1.0,5.8846,1.0,2,0.375,2.2067,0.325,3,0.375,2.2067,0.2528,6,0.2,10,0.17,17,
cross_database_transfer,bindingdb_to_chembl_scaffold_purged,ecfp_absdiff_xgb,0,bindingdb_raw,chembl_raw,P21917,D(4) dopamine receptor,329,0.4195,0.7517,0.7839,130,1.0547,0.4252,0.4673,-0.0198,0.4195,0.4549,0.5,1.192,0.2083,2,0.4706,1.1219,0.2618,8,0.3939,0.9392,0.2083,13,0.38,19,0.44,44,
cross_database_transfer,bindingdb_to_chembl_scaffold_purged,ecfp_absdiff_xgb,0,bindingdb_raw,chembl_raw,Q9Y5N1,Histamine H3 receptor,742,0.3261,0.5884,0.7886,300,1.1078,0.4314,0.6064,0.1477,0.3261,0.5589,0.75,2.2996,0.4872,6,0.6579,2.0172,0.4915,25,0.48,1.4717,0.3268,36,0.54,27,0.47,47,
cross_database_transfer,bindingdb_to_chembl_scaffold_purged,ecfp_absdiff_xgb,0,bindingdb_raw,chembl_raw,P00519,Tyrosine-protein kinase ABL1,174,0.1897,0.3512,0.7743,78,1.1437,0.2598,0.5364,0.0851,0.1897,0.3704,0.5,2.6364,0.25,1,0.4444,2.3434,0.2266,4,0.3333,1.7576,0.1689,6,0.2,10,0.2,20,
cross_database_transfer,bindingdb_to_chembl_scaffold_purged,ecfp_absdiff_xgb,0,bindingdb_raw,chembl_raw,Q9HAZ1,Dual specificity protein kinase CLK4,91,0.2527,0.5,0.7623,52,1.0,0.2569,0.4552,-0.088,0.2527,0.279,0.0,0.0,0.0,0,0.4,1.5826,0.1467,2,0.3,1.187,0.1233,3,0.28,14,0.2527,23,
cross_database_transfer,bindingdb_to_chembl_scaffold_purged,ecfp_absdiff_xgb,0,bindingdb_raw,chembl_raw,P11309,Serine/threonine-protein kinase pim-1,120,0.1667,0.2984,0.7712,62,1.075,0.2901,0.5448,0.0239,0.1667,0.3882,0.5,3.0,0.5,1,0.3333,2.0,0.25,2,0.4167,2.5,0.2208,5,0.18,9,0.17,17,
cross_database_transfer,bindingdb_to_chembl_scaffold_purged,ecfp_absdiff_xgb,0,bindingdb_raw,chembl_raw,P49841,Glycogen synthase kinase-3 beta,142,0.3944,0.693,0.7689,57,1.0282,0.383,0.4046,-0.0782,0.3944,0.3802,0.5,1.2679,0.5,1,0.25,0.6339,0.2083,2,0.4,1.0143,0.2236,6,0.32,16,0.35,35,
cross_database_transfer,bindingdb_to_chembl_scaffold_purged,rich_diff_scalars,0,bindingdb_raw,chembl_raw,P35367,Histamine H1 receptor,594,0.2138,0.5546,0.7773,168,1.1364,0.3792,0.7451,0.3239,0.2138,0.4022,0.0,0.0,0.0,0,0.4,1.8709,0.1496,12,0.4333,2.0268,0.1726,26,0.4,20,0.41,41,
cross_database_transfer,bindingdb_to_chembl_scaffold_purged,rich_diff_scalars,0,bindingdb_raw,chembl_raw,P41143,Delta-type opioid receptor,816,0.5417,1.1043,0.808,188,1.7022,0.6151,0.5887,0.1468,0.5417,0.6518,0.6667,1.2308,0.4292,6,0.6585,1.2158,0.4876,27,0.5976,1.1032,0.4098,49,0.64,32,0.62,62,
cross_database_transfer,bindingdb_to_chembl_scaffold_purged,rich_diff_scalars,0,bindingdb_raw,chembl_raw,P31645,Sodium-dependent serotonin transporter,555,0.4306,0.8056,0.7754,122,1.3315,0.569,0.6324,0.2237,0.4306,0.652,0.8333,1.9351,0.8333,5,0.6786,1.5758,0.51,19,0.625,1.4514,0.4375,35,0.66,33,0.67,67,
cross_database_transfer,bindingdb_to_chembl_scaffold_purged,rich_diff_scalars,0,bindingdb_raw,chembl_raw,P04150,Glucocorticoid receptor,945,0.3312,0.6039,0.7675,196,1.182,0.4663,0.6273,0.1585,0.3312,0.5727,0.7,2.1134,0.5909,7,0.6458,1.9499,0.4577,31,0.5368,1.6208,0.3529,51,0.62,31,0.54,54,
cross_database_transfer,bindingdb_to_chembl_scaffold_purged,rich_diff_scalars,0,bindingdb_raw,chembl_raw,P00734,Prothrombin,614,0.4935,0.9584,0.7957,257,1.1792,0.5321,0.5318,0.03,0.4935,0.578,0.8571,1.7369,0.701,6,0.5484,1.1113,0.3988,17,0.5806,1.1766,0.3757,36,0.58,29,0.53,53,
cross_database_transfer,bindingdb_to_chembl_scaffold_purged,rich_diff_scalars,0,bindingdb_raw,chembl_raw,Q99720,Sigma non-opioid intracellular receptor 1,566,0.5265,0.9897,0.8008,182,1.4399,0.6995,0.6754,0.2776,0.5265,0.8411,1.0,1.8993,1.0,6,0.8966,1.7028,0.8514,26,0.8421,1.5994,0.7706,48,0.88,44,0.7,70,
cross_database_transfer,bindingdb_to_chembl_scaffold_purged,rich_diff_scalars,0,bindingdb_raw,chembl_raw,P42336,"Phosphatidylinositol 4,5-bisphosphate 3-kinase catalytic subunit alpha isoform",405,0.2716,0.4686,0.7647,206,1.2099,0.336,0.5683,0.131,0.2716,0.3873,0.4,1.4727,0.2,2,0.381,1.4026,0.1553,8,0.439,1.6164,0.18,18,0.42,21,0.33,33,
cross_database_transfer,bindingdb_to_chembl_scaffold_purged,rich_diff_scalars,0,bindingdb_raw,chembl_raw,P08908,5-hydroxytryptamine receptor 1A,541,0.4362,0.7408,0.7941,129,1.5046,0.5764,0.6671,0.3199,0.4362,0.6375,0.8333,1.9103,0.5917,5,0.7143,1.6374,0.5572,20,0.5818,1.3337,0.4169,32,0.58,29,0.58,58,
cross_database_transfer,bindingdb_to_chembl_scaffold_purged,rich_diff_scalars,0,bindingdb_raw,chembl_raw,P41145,Kappa-type opioid receptor,853,0.5252,1.0234,0.7852,217,1.449,0.5946,0.5468,0.0487,0.5252,0.7182,0.8889,1.6925,0.8627,8,0.814,1.5498,0.7266,35,0.6744,1.2841,0.5539,58,0.8,40,0.65,65,
cross_database_transfer,bindingdb_to_chembl_scaffold_purged,rich_diff_scalars,0,bindingdb_raw,chembl_raw,P10275,Androgen receptor,462,0.3182,0.5444,0.7923,114,1.2489,0.3692,0.5585,-0.0074,0.3182,0.3732,0.4,1.2571,0.1467,2,0.375,1.1786,0.1361,9,0.3404,1.0699,0.1261,16,0.36,18,0.41,41,
cross_database_transfer,bindingdb_to_chembl_scaffold_purged,rich_diff_scalars,0,bindingdb_raw,chembl_raw,P35462,D(3) dopamine receptor,462,0.4286,0.7298,0.7745,154,1.0758,0.537,0.6091,0.1162,0.4286,0.6388,0.6,1.4,0.2867,3,0.7083,1.6528,0.4896,17,0.617,1.4397,0.4163,29,0.6,30,0.59,59,
cross_database_transfer,bindingdb_to_chembl_scaffold_purged,rich_diff_scalars,0,bindingdb_raw,chembl_raw,P23458,Tyrosine-protein kinase JAK1,1128,0.1667,0.3723,0.7479,568,1.0133,0.3288,0.6512,0.1917,0.1667,0.4816,0.4167,2.5,0.2741,5,0.5789,3.4737,0.3155,33,0.4513,2.708,0.2483,51,0.56,28,0.51,51,
cross_database_transfer,bindingdb_to_chembl_scaffold_purged,rich_diff_scalars,0,bindingdb_raw,chembl_raw,P35372,Mu-type opioid receptor,682,0.3724,0.7457,0.7991,218,1.2331,0.5698,0.6928,0.2525,0.3724,0.6978,0.8571,2.3015,0.701,6,0.7429,1.9946,0.5584,26,0.7101,1.9068,0.5278,49,0.74,37,0.65,65,
cross_database_transfer,bindingdb_to_chembl_scaffold_purged,rich_diff_scalars,0,bindingdb_raw,chembl_raw,Q01959,Sodium-dependent dopamine transporter,400,0.2675,0.5029,0.7795,78,1.2375,0.3744,0.6147,0.1653,0.2675,0.4673,0.25,0.9346,0.0625,1,0.55,2.0561,0.2488,11,0.5,1.8692,0.2438,20,0.48,24,0.4,40,
cross_database_transfer,bindingdb_to_chembl_scaffold_purged,rich_diff_scalars,0,bindingdb_raw,chembl_raw,P00742,Coagulation factor X,723,0.4869,0.9307,0.7869,204,1.1245,0.6157,0.627,0.1538,0.4869,0.7186,1.0,2.054,1.0,8,0.8108,1.6654,0.679,30,0.6575,1.3506,0.5209,48,0.72,36,0.67,67,
cross_database_transfer,bindingdb_to_chembl_scaffold_purged,rich_diff_scalars,0,bindingdb_raw,chembl_raw,O43614,Orexin receptor type 2,388,0.5747,1.0255,0.7649,165,1.2294,0.6108,0.5362,-0.0142,0.5747,0.5909,0.75,1.3049,0.4792,3,0.55,0.957,0.3191,11,0.5897,1.0261,0.346,23,0.58,29,0.69,69,
cross_database_transfer,bindingdb_to_chembl_scaffold_purged,rich_diff_scalars,0,bindingdb_raw,chembl_raw,O60674,Tyrosine-protein kinase JAK2,153,0.1699,0.3494,0.7688,74,1.0131,0.3354,0.6142,0.069,0.1699,0.456,1.0,5.8846,1.0,2,0.375,2.2067,0.325,3,0.4375,2.5745,0.2816,7,0.22,11,0.18,18,
cross_database_transfer,bindingdb_to_chembl_scaffold_purged,rich_diff_scalars,0,bindingdb_raw,chembl_raw,P21917,D(4) dopamine receptor,329,0.4195,0.7517,0.7839,130,1.0547,0.4183,0.4862,-0.0284,0.4195,0.4011,0.25,0.596,0.125,1,0.2941,0.7012,0.1119,5,0.4545,1.0837,0.1832,15,0.46,23,0.41,41,
cross_database_transfer,bindingdb_to_chembl_scaffold_purged,rich_diff_scalars,0,bindingdb_raw,chembl_raw,Q9Y5N1,Histamine H3 receptor,742,0.3261,0.5884,0.7886,300,1.1078,0.4474,0.6311,0.157,0.3261,0.5348,0.5,1.5331,0.3661,4,0.5526,1.6944,0.3164,21,0.5467,1.6761,0.3129,41,0.56,28,0.56,56,
cross_database_transfer,bindingdb_to_chembl_scaffold_purged,rich_diff_scalars,0,bindingdb_raw,chembl_raw,P00519,Tyrosine-protein kinase ABL1,174,0.1897,0.3512,0.7743,78,1.1437,0.2018,0.3746,-0.2066,0.1897,0.2405,0.5,2.6364,0.5,1,0.2222,1.1717,0.1852,2,0.1667,0.8788,0.1037,3,0.16,8,0.12,12,
cross_database_transfer,bindingdb_to_chembl_scaffold_purged,rich_diff_scalars,0,bindingdb_raw,chembl_raw,Q9HAZ1,Dual specificity protein kinase CLK4,91,0.2527,0.5,0.7623,52,1.0,0.2865,0.5841,0.1138,0.2527,0.1094,0.0,0.0,0.0,0,0.0,0.0,0.0,0,0.1,0.3957,0.0167,1,0.28,14,0.2527,23,
cross_database_transfer,bindingdb_to_chembl_scaffold_purged,rich_diff_scalars,0,bindingdb_raw,chembl_raw,P11309,Serine/threonine-protein kinase pim-1,120,0.1667,0.2984,0.7712,62,1.075,0.2345,0.5525,0.0716,0.1667,0.2028,0.5,3.0,0.5,1,0.1667,1.0,0.1667,1,0.1667,1.0,0.0985,2,0.22,11,0.17,17,
cross_database_transfer,bindingdb_to_chembl_scaffold_purged,rich_diff_scalars,0,bindingdb_raw,chembl_raw,P49841,Glycogen synthase kinase-3 beta,142,0.3944,0.693,0.7689,57,1.0282,0.4244,0.4907,-0.0013,0.3944,0.5089,0.5,1.2679,0.25,1,0.5,1.2679,0.3229,4,0.4667,1.1833,0.2804,7,0.4,20,0.39,39,
cross_database_transfer,bindingdb_to_chembl_scaffold_purged,rich_scalars_only,0,bindingdb_raw,chembl_raw,P35367,Histamine H1 receptor,594,0.2138,0.5546,0.7773,168,1.1364,0.3899,0.7483,0.332,0.2138,0.4166,0.5,2.3386,0.2333,3,0.4,1.8709,0.1464,12,0.5,2.3386,0.2094,30,0.46,23,0.44,44,
cross_database_transfer,bindingdb_to_chembl_scaffold_purged,rich_scalars_only,0,bindingdb_raw,chembl_raw,P41143,Delta-type opioid receptor,816,0.5417,1.1043,0.808,188,1.7022,0.6032,0.5912,0.1562,0.5417,0.559,0.4444,0.8205,0.3272,4,0.4634,0.8555,0.243,19,0.6098,1.1257,0.3286,50,0.5,25,0.63,63,
cross_database_transfer,bindingdb_to_chembl_scaffold_purged,rich_scalars_only,0,bindingdb_raw,chembl_raw,P31645,Sodium-dependent serotonin transporter,555,0.4306,0.8056,0.7754,122,1.3315,0.5954,0.6658,0.272,0.4306,0.6761,0.8333,1.9351,0.7722,5,0.6429,1.4928,0.4874,18,0.6964,1.6172,0.5007,39,0.68,34,0.64,64,
cross_database_transfer,bindingdb_to_chembl_scaffold_purged,rich_scalars_only,0,bindingdb_raw,chembl_raw,P04150,Glucocorticoid receptor,945,0.3312,0.6039,0.7675,196,1.182,0.4631,0.6258,0.1606,0.3312,0.5651,0.7,2.1134,0.62,7,0.5417,1.6354,0.4027,26,0.5684,1.7162,0.3695,54,0.56,28,0.56,56,
cross_database_transfer,bindingdb_to_chembl_scaffold_purged,rich_scalars_only,0,bindingdb_raw,chembl_raw,P00734,Prothrombin,614,0.4935,0.9584,0.7957,257,1.1792,0.5183,0.5104,0.0264,0.4935,0.5676,0.7143,1.4474,0.402,5,0.5484,1.1113,0.3507,17,0.5323,1.0786,0.3196,33,0.56,28,0.55,55,
cross_database_transfer,bindingdb_to_chembl_scaffold_purged,rich_scalars_only,0,bindingdb_raw,chembl_raw,Q99720,Sigma non-opioid intracellular receptor 1,566,0.5265,0.9897,0.8008,182,1.4399,0.6657,0.6619,0.1695,0.5265,0.7322,0.8333,1.5828,0.8056,5,0.7931,1.5064,0.6741,23,0.6667,1.2662,0.5412,38,0.68,34,0.65,65,
cross_database_transfer,bindingdb_to_chembl_scaffold_purged,rich_scalars_only,0,bindingdb_raw,chembl_raw,P42336,"Phosphatidylinositol 4,5-bisphosphate 3-kinase catalytic subunit alpha isoform",405,0.2716,0.4686,0.7647,206,1.2099,0.3345,0.5605,0.1018,0.2716,0.3835,0.4,1.4727,0.13,2,0.3333,1.2273,0.1304,7,0.4146,1.5266,0.1667,17,0.42,21,0.38,38,
cross_database_transfer,bindingdb_to_chembl_scaffold_purged,rich_scalars_only,0,bindingdb_raw,chembl_raw,P08908,5-hydroxytryptamine receptor 1A,541,0.4362,0.7408,0.7941,129,1.5046,0.5669,0.6624,0.2335,0.4362,0.6243,0.6667,1.5282,0.5139,4,0.6786,1.5555,0.4918,19,0.6,1.3754,0.4108,33,0.62,31,0.58,58,
cross_database_transfer,bindingdb_to_chembl_scaffold_purged,rich_scalars_only,0,bindingdb_raw,chembl_raw,P41145,Kappa-type opioid receptor,853,0.5252,1.0234,0.7852,217,1.449,0.585,0.551,0.0653,0.5252,0.6666,0.7778,1.4809,0.6846,7,0.6744,1.2841,0.5261,29,0.6744,1.2841,0.492,58,0.66,33,0.65,65,
cross_database_transfer,bindingdb_to_chembl_scaffold_purged,rich_scalars_only,0,bindingdb_raw,chembl_raw,P10275,Androgen receptor,462,0.3182,0.5444,0.7923,114,1.2489,0.3594,0.5368,0.0267,0.3182,0.3582,0.6,1.8857,0.4833,3,0.2083,0.6548,0.1215,5,0.4043,1.2705,0.1694,19,0.4,20,0.42,42,
cross_database_transfer,bindingdb_to_chembl_scaffold_purged,rich_scalars_only,0,bindingdb_raw,chembl_raw,P35462,D(3) dopamine receptor,462,0.4286,0.7298,0.7745,154,1.0758,0.5184,0.5954,0.095,0.4286,0.6005,0.6,1.4,0.2867,3,0.625,1.4583,0.386,15,0.5745,1.3404,0.3528,27,0.58,29,0.57,57,
cross_database_transfer,bindingdb_to_chembl_scaffold_purged,rich_scalars_only,0,bindingdb_raw,chembl_raw,P23458,Tyrosine-protein kinase JAK1,1128,0.1667,0.3723,0.7479,568,1.0133,0.319,0.6438,0.1756,0.1667,0.4657,0.5833,3.5,0.3916,7,0.4912,2.9474,0.2739,28,0.469,2.8142,0.2492,53,0.48,24,0.5,50,
cross_database_transfer,bindingdb_to_chembl_scaffold_purged,rich_scalars_only,0,bindingdb_raw,chembl_raw,P35372,Mu-type opioid receptor,682,0.3724,0.7457,0.7991,218,1.2331,0.5784,0.7037,0.2724,0.3724,0.7124,0.7143,1.9179,0.5425,5,0.8,2.148,0.6102,28,0.6957,1.8679,0.535,48,0.8,40,0.65,65,
cross_database_transfer,bindingdb_to_chembl_scaffold_purged,rich_scalars_only,0,bindingdb_raw,chembl_raw,Q01959,Sodium-dependent dopamine transporter,400,0.2675,0.5029,0.7795,78,1.2375,0.3582,0.5914,0.0508,0.2675,0.4592,0.25,0.9346,0.125,1,0.55,2.0561,0.3065,11,0.425,1.5888,0.2254,17,0.42,21,0.36,36,
cross_database_transfer,bindingdb_to_chembl_scaffold_purged,rich_scalars_only,0,bindingdb_raw,chembl_raw,P00742,Coagulation factor X,723,0.4869,0.9307,0.7869,204,1.1245,0.5953,0.6051,0.159,0.4869,0.6679,1.0,2.054,1.0,8,0.5946,1.2213,0.5087,22,0.6027,1.238,0.4502,44,0.64,32,0.67,67,
cross_database_transfer,bindingdb_to_chembl_scaffold_purged,rich_scalars_only,0,bindingdb_raw,chembl_raw,O43614,Orexin receptor type 2,388,0.5747,1.0255,0.7649,165,1.2294,0.6011,0.52,-0.0188,0.5747,0.5793,0.75,1.3049,0.4792,3,0.5,0.87,0.32,10,0.5897,1.0261,0.3437,23,0.56,28,0.7,70,
cross_database_transfer,bindingdb_to_chembl_scaffold_purged,rich_scalars_only,0,bindingdb_raw,chembl_raw,O60674,Tyrosine-protein kinase JAK2,153,0.1699,0.3494,0.7688,74,1.0131,0.3672,0.6469,0.0851,0.1699,0.4712,1.0,5.8846,1.0,2,0.5,2.9423,0.4271,4,0.375,2.2067,0.2593,6,0.28,14,0.19,19,
cross_database_transfer,bindingdb_to_chembl_scaffold_purged,rich_scalars_only,0,bindingdb_raw,chembl_raw,P21917,D(4) dopamine receptor,329,0.4195,0.7517,0.7839,130,1.0547,0.4255,0.4877,-0.0815,0.4195,0.4598,0.0,0.0,0.0,0,0.5294,1.2621,0.2481,9,0.4848,1.1559,0.2312,16,0.46,23,0.42,42,
cross_database_transfer,bindingdb_to_chembl_scaffold_purged,rich_scalars_only,0,bindingdb_raw,chembl_raw,Q9Y5N1,Histamine H3 receptor,742,0.3261,0.5884,0.7886,300,1.1078,0.4358,0.6366,0.1648,0.3261,0.4881,0.375,1.1498,0.1994,3,0.5,1.5331,0.2337,19,0.52,1.5944,0.2587,39,0.5,25,0.49,49,
cross_database_transfer,bindingdb_to_chembl_scaffold_purged,rich_scalars_only,0,bindingdb_raw,chembl_raw,P00519,Tyrosine-protein kinase ABL1,174,0.1897,0.3512,0.7743,78,1.1437,0.2129,0.3865,-0.0493,0.1897,0.241,1.0,5.2727,1.0,2,0.2222,1.1717,0.2222,2,0.1667,0.8788,0.1204,3,0.16,8,0.13,13,
cross_database_transfer,bindingdb_to_chembl_scaffold_purged,rich_scalars_only,0,bindingdb_raw,chembl_raw,Q9HAZ1,Dual specificity protein kinase CLK4,91,0.2527,0.5,0.7623,52,1.0,0.2497,0.515,-0.0213,0.2527,0.0398,0.0,0.0,0.0,0,0.0,0.0,0.0,0,0.0,0.0,0.0,0,0.26,13,0.2527,23,
cross_database_transfer,bindingdb_to_chembl_scaffold_purged,rich_scalars_only,0,bindingdb_raw,chembl_raw,P11309,Serine/threonine-protein kinase pim-1,120,0.1667,0.2984,0.7712,62,1.075,0.2056,0.5675,0.0716,0.1667,0.1792,0.0,0.0,0.0,0,0.1667,1.0,0.0556,1,0.1667,1.0,0.0463,2,0.24,12,0.17,17,
cross_database_transfer,bindingdb_to_chembl_scaffold_purged,rich_scalars_only,0,bindingdb_raw,chembl_raw,P49841,Glycogen synthase kinase-3 beta,142,0.3944,0.693,0.7689,57,1.0282,0.4309,0.4956,0.0351,0.3944,0.5136,0.5,1.2679,0.5,1,0.375,0.9509,0.3021,3,0.6,1.5214,0.3744,9,0.36,18,0.4,40,
cross_database_transfer,bindingdb_to_chembl_scaffold_purged,extratrees_scalars,0,bindingdb_raw,chembl_raw,P35367,Histamine H1 receptor,594,0.2138,0.5546,0.7773,168,1.1364,0.353,0.6981,0.1716,0.2138,0.4177,0.1667,0.7795,0.0833,1,0.5333,2.4945,0.2794,16,0.35,1.637,0.171,21,0.36,18,0.34,34,
cross_database_transfer,bindingdb_to_chembl_scaffold_purged,extratrees_scalars,0,bindingdb_raw,chembl_raw,P41143,Delta-type opioid receptor,816,0.5417,1.1043,0.808,188,1.7022,0.65,0.5906,0.1505,0.5417,0.7865,0.8889,1.641,0.7783,8,0.8537,1.576,0.7618,35,0.7561,1.3959,0.6385,62,0.82,41,0.77,77,
cross_database_transfer,bindingdb_to_chembl_scaffold_purged,extratrees_scalars,0,bindingdb_raw,chembl_raw,P31645,Sodium-dependent serotonin transporter,555,0.4306,0.8056,0.7754,122,1.3315,0.4914,0.5788,0.0993,0.4306,0.4837,0.5,1.1611,0.3167,3,0.5,1.1611,0.2544,14,0.4464,1.0367,0.2239,25,0.5,25,0.54,54,
cross_database_transfer,bindingdb_to_chembl_scaffold_purged,extratrees_scalars,0,bindingdb_raw,chembl_raw,P04150,Glucocorticoid receptor,945,0.3312,0.6039,0.7675,196,1.182,0.4551,0.6421,0.1904,0.3312,0.5239,0.5,1.5096,0.3151,5,0.5625,1.6983,0.3065,27,0.5158,1.5573,0.2839,49,0.58,29,0.51,51,
cross_database_transfer,bindingdb_to_chembl_scaffold_purged,extratrees_scalars,0,bindingdb_raw,chembl_raw,P00734,Prothrombin,614,0.4935,0.9584,0.7957,257,1.1792,0.5052,0.5136,-0.0282,0.4935,0.5089,0.5714,1.1579,0.3554,4,0.5484,1.1113,0.3181,17,0.5161,1.0459,0.2819,32,0.5,25,0.47,47,
cross_database_transfer,bindingdb_to_chembl_scaffold_purged,extratrees_scalars,0,bindingdb_raw,chembl_raw,Q99720,Sigma non-opioid intracellular receptor 1,566,0.5265,0.9897,0.8008,182,1.4399,0.629,0.6442,0.2105,0.5265,0.6303,0.6667,1.2662,0.4611,4,0.6552,1.2444,0.4066,19,0.6491,1.2329,0.4178,37,0.66,33,0.62,62,
cross_database_transfer,bindingdb_to_chembl_scaffold_purged,extratrees_scalars,0,bindingdb_raw,chembl_raw,P42336,"Phosphatidylinositol 4,5-bisphosphate 3-kinase catalytic subunit alpha isoform",405,0.2716,0.4686,0.7647,206,1.2099,0.3261,0.5422,0.0681,0.2716,0.3613,0.6,2.2091,0.55,3,0.3333,1.2273,0.2113,7,0.3415,1.2572,0.1678,14,0.32,16,0.33,33,
cross_database_transfer,bindingdb_to_chembl_scaffold_purged,extratrees_scalars,0,bindingdb_raw,chembl_raw,P08908,5-hydroxytryptamine receptor 1A,541,0.4362,0.7408,0.7941,129,1.5046,0.5388,0.6144,0.1697,0.4362,0.609,0.5,1.1462,0.2667,3,0.6786,1.5555,0.4245,19,0.6,1.3754,0.3736,33,0.6,30,0.59,59,
cross_database_transfer,bindingdb_to_chembl_scaffold_purged,extratrees_scalars,0,bindingdb_raw,chembl_raw,P41145,Kappa-type opioid receptor,853,0.5252,1.0234,0.7852,217,1.449,0.6315,0.5862,0.0909,0.5252,0.7762,0.6667,1.2693,0.5509,6,0.8372,1.5941,0.7019,36,0.7791,1.4834,0.6437,67,0.82,41,0.73,73,
cross_database_transfer,bindingdb_to_chembl_scaffold_purged,extratrees_scalars,0,bindingdb_raw,chembl_raw,P10275,Androgen receptor,462,0.3182,0.5444,0.7923,114,1.2489,0.3403,0.542,0.08,0.3182,0.299,0.0,0.0,0.0,0,0.2917,0.9167,0.077,7,0.2979,0.9362,0.0878,14,0.32,16,0.34,34,
cross_database_transfer,bindingdb_to_chembl_scaffold_purged,extratrees_scalars,0,bindingdb_raw,chembl_raw,P35462,D(3) dopamine receptor,462,0.4286,0.7298,0.7745,154,1.0758,0.5108,0.5709,0.1111,0.4286,0.5992,0.8,1.8667,0.6433,4,0.625,1.4583,0.4627,15,0.5532,1.2908,0.3675,26,0.56,28,0.58,58,
cross_database_transfer,bindingdb_to_chembl_scaffold_purged,extratrees_scalars,0,bindingdb_raw,chembl_raw,P23458,Tyrosine-protein kinase JAK1,1128,0.1667,0.3723,0.7479,568,1.0133,0.3565,0.6843,0.2546,0.1667,0.4996,0.5833,3.5,0.3938,7,0.5789,3.4737,0.358,33,0.4602,2.7611,0.2667,52,0.58,29,0.48,48,
cross_database_transfer,bindingdb_to_chembl_scaffold_purged,extratrees_scalars,0,bindingdb_raw,chembl_raw,P35372,Mu-type opioid receptor,682,0.3724,0.7457,0.7991,218,1.2331,0.5568,0.6532,0.2185,0.3724,0.7195,0.8571,2.3015,0.8129,6,0.8,2.148,0.6793,28,0.6957,1.8679,0.5613,48,0.74,37,0.67,67,
cross_database_transfer,bindingdb_to_chembl_scaffold_purged,extratrees_scalars,0,bindingdb_raw,chembl_raw,Q01959,Sodium-dependent dopamine transporter,400,0.2675,0.5029,0.7795,78,1.2375,0.3373,0.587,0.1153,0.2675,0.3788,0.25,0.9346,0.125,1,0.45,1.6822,0.1772,9,0.375,1.4019,0.1495,15,0.38,19,0.37,37,
cross_database_transfer,bindingdb_to_chembl_scaffold_purged,extratrees_scalars,0,bindingdb_raw,chembl_raw,P00742,Coagulation factor X,723,0.4869,0.9307,0.7869,204,1.1245,0.5174,0.5151,0.0064,0.4869,0.5826,0.75,1.5405,0.7321,6,0.6216,1.2768,0.4735,23,0.5342,1.0973,0.3677,39,0.58,29,0.53,53,
cross_database_transfer,bindingdb_to_chembl_scaffold_purged,extratrees_scalars,0,bindingdb_raw,chembl_raw,O43614,Orexin receptor type 2,388,0.5747,1.0255,0.7649,165,1.2294,0.6143,0.5096,0.0632,0.5747,0.6823,0.75,1.3049,0.75,3,0.7,1.2179,0.6122,14,0.6154,1.0707,0.4791,24,0.6,30,0.64,64,
cross_database_transfer,bindingdb_to_chembl_scaffold_purged,extratrees_scalars,0,bindingdb_raw,chembl_raw,O60674,Tyrosine-protein kinase JAK2,153,0.1699,0.3494,0.7688,74,1.0131,0.3505,0.675,0.2489,0.1699,0.4194,0.5,2.9423,0.5,1,0.375,2.2067,0.2708,3,0.4375,2.5745,0.2368,7,0.3,15,0.2,20,
cross_database_transfer,bindingdb_to_chembl_scaffold_purged,extratrees_scalars,0,bindingdb_raw,chembl_raw,P21917,D(4) dopamine receptor,329,0.4195,0.7517,0.7839,130,1.0547,0.4117,0.491,-0.0247,0.4195,0.37,0.25,0.596,0.0833,1,0.2941,0.7012,0.1145,5,0.3636,0.8669,0.1373,12,0.44,22,0.41,41,
cross_database_transfer,bindingdb_to_chembl_scaffold_purged,extratrees_scalars,0,bindingdb_raw,chembl_raw,Q9Y5N1,Histamine H3 receptor,742,0.3261,0.5884,0.7886,300,1.1078,0.4368,0.6347,0.1676,0.3261,0.512,0.125,0.3833,0.0312,1,0.5526,1.6944,0.2635,21,0.56,1.717,0.2898,42,0.56,28,0.53,53,
cross_database_transfer,bindingdb_to_chembl_scaffold_purged,extratrees_scalars,0,bindingdb_raw,chembl_raw,P00519,Tyrosine-protein kinase ABL1,174,0.1897,0.3512,0.7743,78,1.1437,0.2186,0.4343,0.012,0.1897,0.267,0.5,2.6364,0.5,1,0.2222,1.1717,0.1852,2,0.2222,1.1717,0.1184,4,0.14,7,0.16,16,
cross_database_transfer,bindingdb_to_chembl_scaffold_purged,extratrees_scalars,0,bindingdb_raw,chembl_raw,Q9HAZ1,Dual specificity protein kinase CLK4,91,0.2527,0.5,0.7623,52,1.0,0.3888,0.5646,0.1204,0.2527,0.5057,1.0,3.9565,1.0,1,0.4,1.5826,0.3333,2,0.5,1.9783,0.3222,5,0.28,14,0.2527,23,
cross_database_transfer,bindingdb_to_chembl_scaffold_purged,extratrees_scalars,0,bindingdb_raw,chembl_raw,P11309,Serine/threonine-protein kinase pim-1,120,0.1667,0.2984,0.7712,62,1.075,0.1908,0.5685,-0.0155,0.1667,0.1142,0.0,0.0,0.0,0,0.1667,1.0,0.0333,1,0.0833,0.5,0.0167,1,0.22,11,0.19,19,
cross_database_transfer,bindingdb_to_chembl_scaffold_purged,extratrees_scalars,0,bindingdb_raw,chembl_raw,P49841,Glycogen synthase kinase-3 beta,142,0.3944,0.693,0.7689,57,1.0282,0.5335,0.5741,0.2253,0.3944,0.7098,1.0,2.5357,1.0,2,0.75,1.9018,0.6863,6,0.6667,1.6905,0.5444,10,0.46,23,0.41,41,
cross_database_transfer,bindingdb_to_chembl_scaffold_purged,ecfp_absdiff_xgb,1,bindingdb_raw,chembl_raw,P35367,Histamine H1 receptor,594,0.2138,0.5546,0.7773,168,1.1364,0.2311,0.4915,-0.0025,0.2138,0.2667,0.3333,1.5591,0.1944,2,0.3667,1.715,0.1445,11,0.25,1.1693,0.0888,15,0.24,12,0.2,20,
cross_database_transfer,bindingdb_to_chembl_scaffold_purged,ecfp_absdiff_xgb,1,bindingdb_raw,chembl_raw,P41143,Delta-type opioid receptor,816,0.5417,1.1043,0.808,188,1.7022,0.5879,0.5757,0.1338,0.5417,0.6199,0.4444,0.8205,0.3192,4,0.6341,1.1707,0.3793,26,0.622,1.1482,0.3802,51,0.66,33,0.66,66,
cross_database_transfer,bindingdb_to_chembl_scaffold_purged,ecfp_absdiff_xgb,1,bindingdb_raw,chembl_raw,P31645,Sodium-dependent serotonin transporter,555,0.4306,0.8056,0.7754,122,1.3315,0.4423,0.5052,-0.0869,0.4306,0.352,0.5,1.1611,0.2056,3,0.2857,0.6635,0.1408,8,0.375,0.8708,0.1447,21,0.34,17,0.34,34,
cross_database_transfer,bindingdb_to_chembl_scaffold_purged,ecfp_absdiff_xgb,1,bindingdb_raw,chembl_raw,P04150,Glucocorticoid receptor,945,0.3312,0.6039,0.7675,196,1.182,0.3496,0.5044,0.0556,0.3312,0.4077,0.4,1.2077,0.154,4,0.4792,1.4467,0.2035,23,0.3789,1.1441,0.1631,36,0.5,25,0.37,37,
cross_database_transfer,bindingdb_to_chembl_scaffold_purged,ecfp_absdiff_xgb,1,bindingdb_raw,chembl_raw,P00734,Prothrombin,614,0.4935,0.9584,0.7957,257,1.1792,0.5234,0.5315,0.0649,0.4935,0.6141,0.5714,1.1579,0.2816,4,0.6452,1.3074,0.3894,20,0.6452,1.3074,0.4059,40,0.64,32,0.58,58,
cross_database_transfer,bindingdb_to_chembl_scaffold_purged,ecfp_absdiff_xgb,1,bindingdb_raw,chembl_raw,Q99720,Sigma non-opioid intracellular receptor 1,566,0.5265,0.9897,0.8008,182,1.4399,0.5374,0.5068,0.031,0.5265,0.5668,0.6667,1.2662,0.5361,4,0.5517,1.0479,0.3437,16,0.5263,0.9996,0.3166,30,0.6,30,0.58,58,
cross_database_transfer,bindingdb_to_chembl_scaffold_purged,ecfp_absdiff_xgb,1,bindingdb_raw,chembl_raw,P42336,"Phosphatidylinositol 4,5-bisphosphate 3-kinase catalytic subunit alpha isoform",405,0.2716,0.4686,0.7647,206,1.2099,0.3614,0.6242,0.1949,0.2716,0.3982,0.6,2.2091,0.42,3,0.381,1.4026,0.2199,8,0.3659,1.347,0.1785,15,0.36,18,0.43,43,
cross_database_transfer,bindingdb_to_chembl_scaffold_purged,ecfp_absdiff_xgb,1,bindingdb_raw,chembl_raw,P08908,5-hydroxytryptamine receptor 1A,541,0.4362,0.7408,0.7941,129,1.5046,0.4526,0.4994,-0.0868,0.4362,0.36,0.6667,1.5282,0.6667,4,0.2857,0.655,0.1994,8,0.3273,0.7502,0.1626,18,0.34,17,0.34,34,
cross_database_transfer,bindingdb_to_chembl_scaffold_purged,ecfp_absdiff_xgb,1,bindingdb_raw,chembl_raw,P41145,Kappa-type opioid receptor,853,0.5252,1.0234,0.7852,217,1.449,0.5626,0.5252,0.0632,0.5252,0.637,0.5556,1.0578,0.2242,5,0.6512,1.2398,0.4141,28,0.6628,1.262,0.4233,57,0.6,30,0.65,65,
cross_database_transfer,bindingdb_to_chembl_scaffold_purged,ecfp_absdiff_xgb,1,bindingdb_raw,chembl_raw,P10275,Androgen receptor,462,0.3182,0.5444,0.7923,114,1.2489,0.3288,0.5259,-0.0062,0.3182,0.2803,0.4,1.2571,0.3,2,0.2083,0.6548,0.1141,5,0.2979,0.9362,0.1074,14,0.28,14,0.34,34,
cross_database_transfer,bindingdb_to_chembl_scaffold_purged,ecfp_absdiff_xgb,1,bindingdb_raw,chembl_raw,P35462,D(3) dopamine receptor,462,0.4286,0.7298,0.7745,154,1.0758,0.4476,0.5417,0.0282,0.4286,0.4091,0.0,0.0,0.0,0,0.4167,0.9722,0.1825,10,0.4468,1.0426,0.1932,21,0.42,21,0.43,43,
cross_database_transfer,bindingdb_to_chembl_scaffold_purged,ecfp_absdiff_xgb,1,bindingdb_raw,chembl_raw,P23458,Tyrosine-protein kinase JAK1,1128,0.1667,0.3723,0.7479,568,1.0133,0.2525,0.5711,0.0446,0.1667,0.3735,0.5833,3.5,0.3194,7,0.5088,3.0526,0.2585,29,0.3097,1.8584,0.1497,35,0.48,24,0.34,34,
cross_database_transfer,bindingdb_to_chembl_scaffold_purged,ecfp_absdiff_xgb,1,bindingdb_raw,chembl_raw,P35372,Mu-type opioid receptor,682,0.3724,0.7457,0.7991,218,1.2331,0.4442,0.5812,0.1573,0.3724,0.5698,0.1429,0.3836,0.0204,1,0.6286,1.6877,0.3206,22,0.6087,1.6344,0.3454,42,0.64,32,0.61,61,
cross_database_transfer,bindingdb_to_chembl_scaffold_purged,ecfp_absdiff_xgb,1,bindingdb_raw,chembl_raw,Q01959,Sodium-dependent dopamine transporter,400,0.2675,0.5029,0.7795,78,1.2375,0.2797,0.5389,0.0606,0.2675,0.2392,0.25,0.9346,0.0625,1,0.2,0.7477,0.0415,4,0.25,0.9346,0.06,10,0.28,14,0.31,31,
cross_database_transfer,bindingdb_to_chembl_scaffold_purged,ecfp_absdiff_xgb,1,bindingdb_raw,chembl_raw,P00742,Coagulation factor X,723,0.4869,0.9307,0.7869,204,1.1245,0.6398,0.6855,0.2335,0.4869,0.7735,0.75,1.5405,0.5914,6,0.7838,1.6099,0.6423,29,0.7808,1.6038,0.6318,57,0.82,41,0.76,76,
cross_database_transfer,bindingdb_to_chembl_scaffold_purged,ecfp_absdiff_xgb,1,bindingdb_raw,chembl_raw,O43614,Orexin receptor type 2,388,0.5747,1.0255,0.7649,165,1.2294,0.6183,0.5545,0.0413,0.5747,0.6657,0.5,0.87,0.375,2,0.75,1.3049,0.5408,15,0.6667,1.1599,0.4771,26,0.6,30,0.63,63,
cross_database_transfer,bindingdb_to_chembl_scaffold_purged,ecfp_absdiff_xgb,1,bindingdb_raw,chembl_raw,O60674,Tyrosine-protein kinase JAK2,153,0.1699,0.3494,0.7688,74,1.0131,0.3106,0.5436,0.0644,0.1699,0.4616,1.0,5.8846,1.0,2,0.5,2.9423,0.4583,4,0.375,2.2067,0.2841,6,0.18,9,0.19,19,
cross_database_transfer,bindingdb_to_chembl_scaffold_purged,ecfp_absdiff_xgb,1,bindingdb_raw,chembl_raw,P21917,D(4) dopamine receptor,329,0.4195,0.7517,0.7839,130,1.0547,0.416,0.4713,-0.0812,0.4195,0.3332,0.0,0.0,0.0,0,0.3529,0.8414,0.0939,6,0.3939,0.9392,0.1335,13,0.34,17,0.42,42,
cross_database_transfer,bindingdb_to_chembl_scaffold_purged,ecfp_absdiff_xgb,1,bindingdb_raw,chembl_raw,Q9Y5N1,Histamine H3 receptor,742,0.3261,0.5884,0.7886,300,1.1078,0.4132,0.5538,0.0722,0.3261,0.5884,0.75,2.2996,0.5851,6,0.7632,2.3399,0.5931,29,0.52,1.5944,0.3811,39,0.64,32,0.47,47,
cross_database_transfer,bindingdb_to_chembl_scaffold_purged,ecfp_absdiff_xgb,1,bindingdb_raw,chembl_raw,P00519,Tyrosine-protein kinase ABL1,174,0.1897,0.3512,0.7743,78,1.1437,0.2604,0.5986,0.1362,0.1897,0.3324,0.5,2.6364,0.25,1,0.3333,1.7576,0.129,3,0.3333,1.7576,0.1335,6,0.3,15,0.24,24,
cross_database_transfer,bindingdb_to_chembl_scaffold_purged,ecfp_absdiff_xgb,1,bindingdb_raw,chembl_raw,Q9HAZ1,Dual specificity protein kinase CLK4,91,0.2527,0.5,0.7623,52,1.0,0.266,0.4568,-0.088,0.2527,0.2558,0.0,0.0,0.0,0,0.4,1.5826,0.13,2,0.3,1.187,0.115,3,0.22,11,0.2527,23,
cross_database_transfer,bindingdb_to_chembl_scaffold_purged,ecfp_absdiff_xgb,1,bindingdb_raw,chembl_raw,P11309,Serine/threonine-protein kinase pim-1,120,0.1667,0.2984,0.7712,62,1.075,0.2521,0.5928,0.1282,0.1667,0.287,0.5,3.0,0.25,1,0.1667,1.0,0.0833,1,0.3333,2.0,0.116,4,0.24,12,0.18,18,
cross_database_transfer,bindingdb_to_chembl_scaffold_purged,ecfp_absdiff_xgb,1,bindingdb_raw,chembl_raw,P49841,Glycogen synthase kinase-3 beta,142,0.3944,0.693,0.7689,57,1.0282,0.459,0.5723,0.2383,0.3944,0.4894,0.5,1.2679,0.25,1,0.5,1.2679,0.3042,4,0.4,1.0143,0.2164,6,0.52,26,0.39,39,
cross_database_transfer,bindingdb_to_chembl_scaffold_purged,rich_diff_scalars,1,bindingdb_raw,chembl_raw,P35367,Histamine H1 receptor,594,0.2138,0.5546,0.7773,168,1.1364,0.3628,0.7318,0.2931,0.2138,0.3453,0.5,2.3386,0.3194,3,0.2667,1.2472,0.1176,8,0.3667,1.715,0.1365,22,0.36,18,0.37,37,
cross_database_transfer,bindingdb_to_chembl_scaffold_purged,rich_diff_scalars,1,bindingdb_raw,chembl_raw,P41143,Delta-type opioid receptor,816,0.5417,1.1043,0.808,188,1.7022,0.6197,0.5926,0.1631,0.5417,0.6578,1.0,1.8462,1.0,9,0.5854,1.0807,0.5425,24,0.5732,1.0582,0.4378,47,0.6,30,0.6,60,
cross_database_transfer,bindingdb_to_chembl_scaffold_purged,rich_diff_scalars,1,bindingdb_raw,chembl_raw,P31645,Sodium-dependent serotonin transporter,555,0.4306,0.8056,0.7754,122,1.3315,0.5788,0.6442,0.2077,0.4306,0.6589,0.6667,1.5481,0.6111,4,0.6786,1.5758,0.464,19,0.6607,1.5343,0.4587,37,0.72,36,0.67,67,
cross_database_transfer,bindingdb_to_chembl_scaffold_purged,rich_diff_scalars,1,bindingdb_raw,chembl_raw,P04150,Glucocorticoid receptor,945,0.3312,0.6039,0.7675,196,1.182,0.4748,0.6277,0.1374,0.3312,0.6089,0.6,1.8115,0.4572,6,0.6458,1.9499,0.4454,31,0.5895,1.7797,0.3948,56,0.64,32,0.6,60,
cross_database_transfer,bindingdb_to_chembl_scaffold_purged,rich_diff_scalars,1,bindingdb_raw,chembl_raw,P00734,Prothrombin,614,0.4935,0.9584,0.7957,257,1.1792,0.5253,0.5321,0.0542,0.4935,0.5462,0.5714,1.1579,0.3952,4,0.5484,1.1113,0.326,17,0.5161,1.0459,0.2942,32,0.54,27,0.55,55,
cross_database_transfer,bindingdb_to_chembl_scaffold_purged,rich_diff_scalars,1,bindingdb_raw,chembl_raw,Q99720,Sigma non-opioid intracellular receptor 1,566,0.5265,0.9897,0.8008,182,1.4399,0.674,0.6709,0.1858,0.5265,0.7184,1.0,1.8993,1.0,6,0.6897,1.3099,0.6148,20,0.7018,1.3329,0.5435,40,0.68,34,0.71,71,
cross_database_transfer,bindingdb_to_chembl_scaffold_purged,rich_diff_scalars,1,bindingdb_raw,chembl_raw,P42336,"Phosphatidylinositol 4,5-bisphosphate 3-kinase catalytic subunit alpha isoform",405,0.2716,0.4686,0.7647,206,1.2099,0.3373,0.5651,0.0945,0.2716,0.3589,0.4,1.4727,0.4,2,0.3333,1.2273,0.1723,7,0.3902,1.4368,0.1739,16,0.34,17,0.36,36,
cross_database_transfer,bindingdb_to_chembl_scaffold_purged,rich_diff_scalars,1,bindingdb_raw,chembl_raw,P08908,5-hydroxytryptamine receptor 1A,541,0.4362,0.7408,0.7941,129,1.5046,0.5601,0.666,0.2013,0.4362,0.5849,0.6667,1.5282,0.5139,4,0.6071,1.3918,0.412,17,0.5636,1.2921,0.3568,31,0.54,27,0.55,55,
cross_database_transfer,bindingdb_to_chembl_scaffold_purged,rich_diff_scalars,1,bindingdb_raw,chembl_raw,P41145,Kappa-type opioid receptor,853,0.5252,1.0234,0.7852,217,1.449,0.5876,0.5576,0.0806,0.5252,0.6559,0.8889,1.6925,0.7783,8,0.6744,1.2841,0.5317,29,0.6395,1.2177,0.4627,55,0.66,33,0.62,62,
cross_database_transfer,bindingdb_to_chembl_scaffold_purged,rich_diff_scalars,1,bindingdb_raw,chembl_raw,P10275,Androgen receptor,462,0.3182,0.5444,0.7923,114,1.2489,0.3619,0.5553,0.0076,0.3182,0.3323,0.2,0.6286,0.05,1,0.2917,0.9167,0.0791,7,0.3617,1.1368,0.1105,17,0.38,19,0.43,43,
cross_database_transfer,bindingdb_to_chembl_scaffold_purged,rich_diff_scalars,1,bindingdb_raw,chembl_raw,P35462,D(3) dopamine receptor,462,0.4286,0.7298,0.7745,154,1.0758,0.551,0.6178,0.1387,0.4286,0.6543,0.8,1.8667,0.8,4,0.75,1.75,0.6095,18,0.617,1.4397,0.468,29,0.58,29,0.58,58,
cross_database_transfer,bindingdb_to_chembl_scaffold_purged,rich_diff_scalars,1,bindingdb_raw,chembl_raw,P23458,Tyrosine-protein kinase JAK1,1128,0.1667,0.3723,0.7479,568,1.0133,0.3338,0.6608,0.1866,0.1667,0.4825,0.4167,2.5,0.287,5,0.5439,3.2632,0.2934,31,0.469,2.8142,0.2532,53,0.56,28,0.51,51,
cross_database_transfer,bindingdb_to_chembl_scaffold_purged,rich_diff_scalars,1,bindingdb_raw,chembl_raw,P35372,Mu-type opioid receptor,682,0.3724,0.7457,0.7991,218,1.2331,0.5841,0.7012,0.2681,0.3724,0.727,0.8571,2.3015,0.701,6,0.7429,1.9946,0.6066,26,0.7246,1.9457,0.5655,50,0.74,37,0.67,67,
cross_database_transfer,bindingdb_to_chembl_scaffold_purged,rich_diff_scalars,1,bindingdb_raw,chembl_raw,Q01959,Sodium-dependent dopamine transporter,400,0.2675,0.5029,0.7795,78,1.2375,0.3764,0.6185,0.1814,0.2675,0.4535,0.5,1.8692,0.375,2,0.4,1.4953,0.2233,8,0.5,1.8692,0.2538,20,0.48,24,0.38,38,
cross_database_transfer,bindingdb_to_chembl_scaffold_purged,rich_diff_scalars,1,bindingdb_raw,chembl_raw,P00742,Coagulation factor X,723,0.4869,0.9307,0.7869,204,1.1245,0.5979,0.6206,0.1859,0.4869,0.6533,0.875,1.7972,0.7957,7,0.6216,1.2768,0.4676,23,0.6438,1.3224,0.4478,47,0.66,33,0.65,65,
cross_database_transfer,bindingdb_to_chembl_scaffold_purged,rich_diff_scalars,1,bindingdb_raw,chembl_raw,O43614,Orexin receptor type 2,388,0.5747,1.0255,0.7649,165,1.2294,0.6181,0.5363,0.0374,0.5747,0.6072,0.75,1.3049,0.75,3,0.5,0.87,0.3512,10,0.6154,1.0707,0.3879,24,0.64,32,0.69,69,
cross_database_transfer,bindingdb_to_chembl_scaffold_purged,rich_diff_scalars,1,bindingdb_raw,chembl_raw,O60674,Tyrosine-protein kinase JAK2,153,0.1699,0.3494,0.7688,74,1.0131,0.3013,0.6275,0.0868,0.1699,0.3949,0.5,2.9423,0.25,1,0.5,2.9423,0.2286,4,0.5,2.9423,0.2255,8,0.26,13,0.2,20,
cross_database_transfer,bindingdb_to_chembl_scaffold_purged,rich_diff_scalars,1,bindingdb_raw,chembl_raw,P21917,D(4) dopamine receptor,329,0.4195,0.7517,0.7839,130,1.0547,0.4313,0.4926,-0.059,0.4195,0.4893,0.25,0.596,0.0625,1,0.5294,1.2621,0.2669,9,0.5152,1.2282,0.2662,17,0.44,22,0.44,44,
cross_database_transfer,bindingdb_to_chembl_scaffold_purged,rich_diff_scalars,1,bindingdb_raw,chembl_raw,Q9Y5N1,Histamine H3 receptor,742,0.3261,0.5884,0.7886,300,1.1078,0.4432,0.6407,0.2037,0.3261,0.489,0.25,0.7665,0.25,2,0.5,1.5331,0.2427,19,0.52,1.5944,0.2653,39,0.54,27,0.52,52,
cross_database_transfer,bindingdb_to_chembl_scaffold_purged,rich_diff_scalars,1,bindingdb_raw,chembl_raw,P00519,Tyrosine-protein kinase ABL1,174,0.1897,0.3512,0.7743,78,1.1437,0.217,0.377,-0.1502,0.1897,0.2804,1.0,5.2727,1.0,2,0.3333,1.7576,0.2639,3,0.2222,1.1717,0.1443,4,0.16,8,0.14,14,
cross_database_transfer,bindingdb_to_chembl_scaffold_purged,rich_diff_scalars,1,bindingdb_raw,chembl_raw,Q9HAZ1,Dual specificity protein kinase CLK4,91,0.2527,0.5,0.7623,52,1.0,0.2864,0.5847,0.1439,0.2527,0.1417,0.0,0.0,0.0,0,0.2,0.7913,0.05,1,0.1,0.3957,0.025,1,0.28,14,0.2527,23,
cross_database_transfer,bindingdb_to_chembl_scaffold_purged,rich_diff_scalars,1,bindingdb_raw,chembl_raw,P11309,Serine/threonine-protein kinase pim-1,120,0.1667,0.2984,0.7712,62,1.075,0.2372,0.5475,0.0239,0.1667,0.2464,0.5,3.0,0.5,1,0.1667,1.0,0.1667,1,0.25,1.5,0.128,3,0.22,11,0.17,17,
cross_database_transfer,bindingdb_to_chembl_scaffold_purged,rich_diff_scalars,1,bindingdb_raw,chembl_raw,P49841,Glycogen synthase kinase-3 beta,142,0.3944,0.693,0.7689,57,1.0282,0.4145,0.4832,-0.0205,0.3944,0.444,0.5,1.2679,0.5,1,0.5,1.2679,0.3646,4,0.4,1.0143,0.2468,6,0.36,18,0.4,40,
cross_database_transfer,bindingdb_to_chembl_scaffold_purged,rich_scalars_only,1,bindingdb_raw,chembl_raw,P35367,Histamine H1 receptor,594,0.2138,0.5546,0.7773,168,1.1364,0.3533,0.7295,0.2938,0.2138,0.3248,0.5,2.3386,0.2056,3,0.3,1.4031,0.0984,9,0.3,1.4031,0.0944,18,0.3,15,0.38,38,
cross_database_transfer,bindingdb_to_chembl_scaffold_purged,rich_scalars_only,1,bindingdb_raw,chembl_raw,P41143,Delta-type opioid receptor,816,0.5417,1.1043,0.808,188,1.7022,0.6037,0.5869,0.1552,0.5417,0.5982,0.5556,1.0256,0.3488,5,0.5366,0.9906,0.3106,22,0.622,1.1482,0.3717,51,0.6,30,0.59,59,
cross_database_transfer,bindingdb_to_chembl_scaffold_purged,rich_scalars_only,1,bindingdb_raw,chembl_raw,P31645,Sodium-dependent serotonin transporter,555,0.4306,0.8056,0.7754,122,1.3315,0.5788,0.6542,0.1861,0.4306,0.6215,0.8333,1.9351,0.8056,5,0.5714,1.327,0.4,16,0.6429,1.4928,0.4223,36,0.66,33,0.65,65,
cross_database_transfer,bindingdb_to_chembl_scaffold_purged,rich_scalars_only,1,bindingdb_raw,chembl_raw,P04150,Glucocorticoid receptor,945,0.3312,0.6039,0.7675,196,1.182,0.4964,0.6455,0.1712,0.3312,0.6219,0.9,2.7173,0.8154,9,0.6875,2.0757,0.5255,33,0.6,1.8115,0.4203,57,0.68,34,0.59,59,
cross_database_transfer,bindingdb_to_chembl_scaffold_purged,rich_scalars_only,1,bindingdb_raw,chembl_raw,P00734,Prothrombin,614,0.4935,0.9584,0.7957,257,1.1792,0.5081,0.5118,0.0159,0.4935,0.5259,0.4286,0.8685,0.1762,3,0.5484,1.1113,0.3063,17,0.5161,1.0459,0.2758,32,0.5,25,0.52,52,
cross_database_transfer,bindingdb_to_chembl_scaffold_purged,rich_scalars_only,1,bindingdb_raw,chembl_raw,Q99720,Sigma non-opioid intracellular receptor 1,566,0.5265,0.9897,0.8008,182,1.4399,0.6682,0.6619,0.1978,0.5265,0.7638,0.6667,1.2662,0.4889,4,0.7931,1.5064,0.6317,23,0.7895,1.4995,0.6428,45,0.86,43,0.66,66,
cross_database_transfer,bindingdb_to_chembl_scaffold_purged,rich_scalars_only,1,bindingdb_raw,chembl_raw,P42336,"Phosphatidylinositol 4,5-bisphosphate 3-kinase catalytic subunit alpha isoform",405,0.2716,0.4686,0.7647,206,1.2099,0.3281,0.5546,0.048,0.2716,0.3605,0.4,1.4727,0.1667,2,0.2857,1.0519,0.1068,6,0.4146,1.5266,0.1531,17,0.42,21,0.35,35,
cross_database_transfer,bindingdb_to_chembl_scaffold_purged,rich_scalars_only,1,bindingdb_raw,chembl_raw,P08908,5-hydroxytryptamine receptor 1A,541,0.4362,0.7408,0.7941,129,1.5046,0.5466,0.6577,0.306,0.4362,0.548,0.6667,1.5282,0.5139,4,0.5357,1.2281,0.3659,15,0.4909,1.1253,0.3033,27,0.5,25,0.54,54,
cross_database_transfer,bindingdb_to_chembl_scaffold_purged,rich_scalars_only,1,bindingdb_raw,chembl_raw,P41145,Kappa-type opioid receptor,853,0.5252,1.0234,0.7852,217,1.449,0.6029,0.5589,0.0623,0.5252,0.7244,0.7778,1.4809,0.7253,7,0.7907,1.5055,0.6698,34,0.6977,1.3284,0.5646,60,0.78,39,0.66,66,
cross_database_transfer,bindingdb_to_chembl_scaffold_purged,rich_scalars_only,1,bindingdb_raw,chembl_raw,P10275,Androgen receptor,462,0.3182,0.5444,0.7923,114,1.2489,0.3343,0.5236,0.0029,0.3182,0.3067,0.0,0.0,0.0,0,0.2917,0.9167,0.0831,7,0.3191,1.003,0.0986,15,0.32,16,0.34,34,
cross_database_transfer,bindingdb_to_chembl_scaffold_purged,rich_scalars_only,1,bindingdb_raw,chembl_raw,P35462,D(3) dopamine receptor,462,0.4286,0.7298,0.7745,154,1.0758,0.5223,0.6119,0.1201,0.4286,0.5763,0.2,0.4667,0.05,1,0.6667,1.5556,0.3346,16,0.617,1.4397,0.3556,29,0.6,30,0.57,57,
cross_database_transfer,bindingdb_to_chembl_scaffold_purged,rich_scalars_only,1,bindingdb_raw,chembl_raw,P23458,Tyrosine-protein kinase JAK1,1128,0.1667,0.3723,0.7479,568,1.0133,0.3305,0.6465,0.1902,0.1667,0.4807,0.6667,4.0,0.4527,8,0.5263,3.1579,0.3046,30,0.4779,2.8673,0.2633,54,0.5,25,0.51,51,
cross_database_transfer,bindingdb_to_chembl_scaffold_purged,rich_scalars_only,1,bindingdb_raw,chembl_raw,P35372,Mu-type opioid receptor,682,0.3724,0.7457,0.7991,218,1.2331,0.5907,0.7081,0.2886,0.3724,0.713,1.0,2.685,1.0,7,0.7429,1.9946,0.6333,26,0.6957,1.8679,0.5448,48,0.7,35,0.64,64,
cross_database_transfer,bindingdb_to_chembl_scaffold_purged,rich_scalars_only,1,bindingdb_raw,chembl_raw,Q01959,Sodium-dependent dopamine transporter,400,0.2675,0.5029,0.7795,78,1.2375,0.3551,0.5999,0.1248,0.2675,0.4262,0.5,1.8692,0.25,2,0.5,1.8692,0.2759,10,0.375,1.4019,0.1914,15,0.36,18,0.34,34,
cross_database_transfer,bindingdb_to_chembl_scaffold_purged,rich_scalars_only,1,bindingdb_raw,chembl_raw,P00742,Coagulation factor X,723,0.4869,0.9307,0.7869,204,1.1245,0.5753,0.585,0.0917,0.4869,0.6491,1.0,2.054,1.0,8,0.6216,1.2768,0.4988,23,0.6301,1.2943,0.4568,46,0.66,33,0.62,62,
cross_database_transfer,bindingdb_to_chembl_scaffold_purged,rich_scalars_only,1,bindingdb_raw,chembl_raw,O43614,Orexin receptor type 2,388,0.5747,1.0255,0.7649,165,1.2294,0.6102,0.5302,-0.0114,0.5747,0.6082,0.5,0.87,0.2917,2,0.55,0.957,0.3279,11,0.6154,1.0707,0.3725,24,0.64,32,0.69,69,
cross_database_transfer,bindingdb_to_chembl_scaffold_purged,rich_scalars_only,1,bindingdb_raw,chembl_raw,O60674,Tyrosine-protein kinase JAK2,153,0.1699,0.3494,0.7688,74,1.0131,0.3876,0.6554,0.1127,0.1699,0.5158,1.0,5.8846,1.0,2,0.5,2.9423,0.4583,4,0.4375,2.5745,0.3225,7,0.26,13,0.2,20,
cross_database_transfer,bindingdb_to_chembl_scaffold_purged,rich_scalars_only,1,bindingdb_raw,chembl_raw,P21917,D(4) dopamine receptor,329,0.4195,0.7517,0.7839,130,1.0547,0.4217,0.4847,-0.0531,0.4195,0.4166,0.25,0.596,0.25,1,0.4118,0.9817,0.2059,7,0.3939,0.9392,0.1841,13,0.46,23,0.42,42,
cross_database_transfer,bindingdb_to_chembl_scaffold_purged,rich_scalars_only,1,bindingdb_raw,chembl_raw,Q9Y5N1,Histamine H3 receptor,742,0.3261,0.5884,0.7886,300,1.1078,0.4586,0.6564,0.2072,0.3261,0.5155,0.5,1.5331,0.4583,4,0.5526,1.6944,0.3129,21,0.52,1.5944,0.2885,39,0.54,27,0.52,52,
cross_database_transfer,bindingdb_to_chembl_scaffold_purged,rich_scalars_only,1,bindingdb_raw,chembl_raw,P00519,Tyrosine-protein kinase ABL1,174,0.1897,0.3512,0.7743,78,1.1437,0.2167,0.3802,-0.0971,0.1897,0.2763,1.0,5.2727,1.0,2,0.2222,1.1717,0.2222,2,0.2222,1.1717,0.1402,4,0.12,6,0.16,16,
cross_database_transfer,bindingdb_to_chembl_scaffold_purged,rich_scalars_only,1,bindingdb_raw,chembl_raw,Q9HAZ1,Dual specificity protein kinase CLK4,91,0.2527,0.5,0.7623,52,1.0,0.2815,0.5678,0.1185,0.2527,0.1111,0.0,0.0,0.0,0,0.0,0.0,0.0,0,0.1,0.3957,0.0167,1,0.28,14,0.2527,23,
cross_database_transfer,bindingdb_to_chembl_scaffold_purged,rich_scalars_only,1,bindingdb_raw,chembl_raw,P11309,Serine/threonine-protein kinase pim-1,120,0.1667,0.2984,0.7712,62,1.075,0.208,0.54,0.0565,0.1667,0.2152,0.5,3.0,0.25,1,0.1667,1.0,0.0833,1,0.1667,1.0,0.0655,2,0.22,11,0.16,16,
cross_database_transfer,bindingdb_to_chembl_scaffold_purged,rich_scalars_only,1,bindingdb_raw,chembl_raw,P49841,Glycogen synthase kinase-3 beta,142,0.3944,0.693,0.7689,57,1.0282,0.4194,0.488,0.03,0.3944,0.4817,0.5,1.2679,0.25,1,0.5,1.2679,0.2923,4,0.4667,1.1833,0.2682,7,0.4,20,0.4,40,
cross_database_transfer,bindingdb_to_chembl_scaffold_purged,extratrees_scalars,1,bindingdb_raw,chembl_raw,P35367,Histamine H1 receptor,594,0.2138,0.5546,0.7773,168,1.1364,0.3108,0.6863,0.2023,0.2138,0.2752,0.0,0.0,0.0,0,0.2333,1.0913,0.0412,7,0.3333,1.5591,0.0871,20,0.32,16,0.35,35,
cross_database_transfer,bindingdb_to_chembl_scaffold_purged,extratrees_scalars,1,bindingdb_raw,chembl_raw,P41143,Delta-type opioid receptor,816,0.5417,1.1043,0.808,188,1.7022,0.645,0.6037,0.1635,0.5417,0.7493,0.8889,1.641,0.8468,8,0.8049,1.4859,0.7235,33,0.6829,1.2608,0.5752,56,0.8,40,0.67,67,
cross_database_transfer,bindingdb_to_chembl_scaffold_purged,extratrees_scalars,1,bindingdb_raw,chembl_raw,P31645,Sodium-dependent serotonin transporter,555,0.4306,0.8056,0.7754,122,1.3315,0.5179,0.5514,0.1336,0.4306,0.663,0.8333,1.9351,0.5917,5,0.75,1.7416,0.5543,21,0.6429,1.4928,0.4628,36,0.64,32,0.54,54,
cross_database_transfer,bindingdb_to_chembl_scaffold_purged,extratrees_scalars,1,bindingdb_raw,chembl_raw,P04150,Glucocorticoid receptor,945,0.3312,0.6039,0.7675,196,1.182,0.447,0.6402,0.2114,0.3312,0.5014,0.6,1.8115,0.3589,6,0.5208,1.5725,0.3095,25,0.4737,1.4301,0.2615,45,0.52,26,0.48,48,
cross_database_transfer,bindingdb_to_chembl_scaffold_purged,extratrees_scalars,1,bindingdb_raw,chembl_raw,P00734,Prothrombin,614,0.4935,0.9584,0.7957,257,1.1792,0.5247,0.5384,0.0592,0.4935,0.5256,0.5714,1.1579,0.2578,4,0.5806,1.1766,0.3106,18,0.5484,1.1113,0.2946,34,0.54,27,0.5,50,
cross_database_transfer,bindingdb_to_chembl_scaffold_purged,extratrees_scalars,1,bindingdb_raw,chembl_raw,Q99720,Sigma non-opioid intracellular receptor 1,566,0.5265,0.9897,0.8008,182,1.4399,0.6315,0.6191,0.1689,0.5265,0.7176,0.8333,1.5828,0.7306,5,0.7931,1.5064,0.6901,23,0.6491,1.2329,0.5242,37,0.68,34,0.61,61,
cross_database_transfer,bindingdb_to_chembl_scaffold_purged,extratrees_scalars,1,bindingdb_raw,chembl_raw,P42336,"Phosphatidylinositol 4,5-bisphosphate 3-kinase catalytic subunit alpha isoform",405,0.2716,0.4686,0.7647,206,1.2099,0.3008,0.5306,0.0027,0.2716,0.3004,0.4,1.4727,0.3,2,0.2857,1.0519,0.1336,6,0.3415,1.2572,0.1289,14,0.32,16,0.25,25,
cross_database_transfer,bindingdb_to_chembl_scaffold_purged,extratrees_scalars,1,bindingdb_raw,chembl_raw,P08908,5-hydroxytryptamine receptor 1A,541,0.4362,0.7408,0.7941,129,1.5046,0.5532,0.6019,0.1323,0.4362,0.6736,0.8333,1.9103,0.7306,5,0.6786,1.5555,0.5378,19,0.6545,1.5005,0.4842,36,0.66,33,0.6,60,
cross_database_transfer,bindingdb_to_chembl_scaffold_purged,extratrees_scalars,1,bindingdb_raw,chembl_raw,P41145,Kappa-type opioid receptor,853,0.5252,1.0234,0.7852,217,1.449,0.6303,0.5813,0.1327,0.5252,0.7623,0.7778,1.4809,0.7531,7,0.7674,1.4612,0.6275,33,0.7907,1.5055,0.6371,68,0.78,39,0.78,78,
cross_database_transfer,bindingdb_to_chembl_scaffold_purged,extratrees_scalars,1,bindingdb_raw,chembl_raw,P10275,Androgen receptor,462,0.3182,0.5444,0.7923,114,1.2489,0.3609,0.5575,0.0685,0.3182,0.3669,0.0,0.0,0.0,0,0.4583,1.4405,0.1632,11,0.4043,1.2705,0.1508,19,0.42,21,0.41,41,
cross_database_transfer,bindingdb_to_chembl_scaffold_purged,extratrees_scalars,1,bindingdb_raw,chembl_raw,P35462,D(3) dopamine receptor,462,0.4286,0.7298,0.7745,154,1.0758,0.5264,0.5828,0.1094,0.4286,0.6289,1.0,2.3333,1.0,5,0.625,1.4583,0.5136,15,0.6383,1.4894,0.4603,30,0.62,31,0.53,53,
cross_database_transfer,bindingdb_to_chembl_scaffold_purged,extratrees_scalars,1,bindingdb_raw,chembl_raw,P23458,Tyrosine-protein kinase JAK1,1128,0.1667,0.3723,0.7479,568,1.0133,0.3415,0.6704,0.2786,0.1667,0.4759,0.6667,4.0,0.5012,8,0.5088,3.0526,0.2912,29,0.4779,2.8673,0.257,54,0.54,27,0.5,50,
cross_database_transfer,bindingdb_to_chembl_scaffold_purged,extratrees_scalars,1,bindingdb_raw,chembl_raw,P35372,Mu-type opioid receptor,682,0.3724,0.7457,0.7991,218,1.2331,0.5419,0.64,0.1933,0.3724,0.6937,0.7143,1.9179,0.6735,5,0.7429,1.9946,0.6045,26,0.6957,1.8679,0.532,48,0.7,35,0.64,64,
cross_database_transfer,bindingdb_to_chembl_scaffold_purged,extratrees_scalars,1,bindingdb_raw,chembl_raw,Q01959,Sodium-dependent dopamine transporter,400,0.2675,0.5029,0.7795,78,1.2375,0.3097,0.5635,0.0881,0.2675,0.2887,0.25,0.9346,0.125,1,0.35,1.3084,0.118,7,0.25,0.9346,0.0826,10,0.26,13,0.37,37,
cross_database_transfer,bindingdb_to_chembl_scaffold_purged,extratrees_scalars,1,bindingdb_raw,chembl_raw,P00742,Coagulation factor X,723,0.4869,0.9307,0.7869,204,1.1245,0.5122,0.5389,0.0382,0.4869,0.5016,0.625,1.2837,0.4204,5,0.4595,0.9437,0.2732,17,0.4658,0.9566,0.2518,34,0.48,24,0.5,50,
cross_database_transfer,bindingdb_to_chembl_scaffold_purged,extratrees_scalars,1,bindingdb_raw,chembl_raw,O43614,Orexin receptor type 2,388,0.5747,1.0255,0.7649,165,1.2294,0.6364,0.5649,0.0301,0.5747,0.6974,1.0,1.7399,1.0,4,0.7,1.2179,0.5982,14,0.6667,1.1599,0.5224,26,0.66,33,0.6,60,
cross_database_transfer,bindingdb_to_chembl_scaffold_purged,extratrees_scalars,1,bindingdb_raw,chembl_raw,O60674,Tyrosine-protein kinase JAK2,153,0.1699,0.3494,0.7688,74,1.0131,0.3445,0.6387,0.1553,0.1699,0.4361,0.5,2.9423,0.5,1,0.375,2.2067,0.2833,3,0.375,2.2067,0.2152,6,0.28,14,0.19,19,
cross_database_transfer,bindingdb_to_chembl_scaffold_purged,extratrees_scalars,1,bindingdb_raw,chembl_raw,P21917,D(4) dopamine receptor,329,0.4195,0.7517,0.7839,130,1.0547,0.4171,0.4885,-0.0195,0.4195,0.3889,0.25,0.596,0.0833,1,0.2941,0.7012,0.1109,5,0.3939,0.9392,0.1491,13,0.46,23,0.42,42,
cross_database_transfer,bindingdb_to_chembl_scaffold_purged,extratrees_scalars,1,bindingdb_raw,chembl_raw,Q9Y5N1,Histamine H3 receptor,742,0.3261,0.5884,0.7886,300,1.1078,0.4206,0.635,0.1301,0.3261,0.4269,0.25,0.7665,0.1458,2,0.3684,1.1296,0.1348,14,0.48,1.4717,0.2061,36,0.46,23,0.49,49,
cross_database_transfer,bindingdb_to_chembl_scaffold_purged,extratrees_scalars,1,bindingdb_raw,chembl_raw,P00519,Tyrosine-protein kinase ABL1,174,0.1897,0.3512,0.7743,78,1.1437,0.2215,0.4369,-0.059,0.1897,0.2819,0.5,2.6364,0.5,1,0.3333,1.7576,0.2269,3,0.2222,1.1717,0.1305,4,0.1,5,0.19,19,
cross_database_transfer,bindingdb_to_chembl_scaffold_purged,extratrees_scalars,1,bindingdb_raw,chembl_raw,Q9HAZ1,Dual specificity protein kinase CLK4,91,0.2527,0.5,0.7623,52,1.0,0.2887,0.4974,-0.0038,0.2527,0.2597,1.0,3.9565,1.0,1,0.2,0.7913,0.2,1,0.2,0.7913,0.1222,2,0.26,13,0.2527,23,
cross_database_transfer,bindingdb_to_chembl_scaffold_purged,extratrees_scalars,1,bindingdb_raw,chembl_raw,P11309,Serine/threonine-protein kinase pim-1,120,0.1667,0.2984,0.7712,62,1.075,0.2246,0.6045,0.1763,0.1667,0.1799,0.0,0.0,0.0,0,0.1667,1.0,0.0333,1,0.25,1.5,0.0561,3,0.2,10,0.18,18,
cross_database_transfer,bindingdb_to_chembl_scaffold_purged,extratrees_scalars,1,bindingdb_raw,chembl_raw,P49841,Glycogen synthase kinase-3 beta,142,0.3944,0.693,0.7689,57,1.0282,0.49,0.57,0.1344,0.3944,0.5625,1.0,2.5357,1.0,2,0.5,1.2679,0.475,4,0.4667,1.1833,0.343,7,0.5,25,0.41,41,
cross_database_transfer,bindingdb_to_chembl_scaffold_purged,ecfp_absdiff_xgb,2,bindingdb_raw,chembl_raw,P35367,Histamine H1 receptor,594,0.2138,0.5546,0.7773,168,1.1364,0.2261,0.4862,-0.0575,0.2138,0.2273,0.3333,1.5591,0.2333,2,0.2667,1.2472,0.0982,8,0.2333,1.0913,0.0743,14,0.24,12,0.17,17,
cross_database_transfer,bindingdb_to_chembl_scaffold_purged,ecfp_absdiff_xgb,2,bindingdb_raw,chembl_raw,P41143,Delta-type opioid receptor,816,0.5417,1.1043,0.808,188,1.7022,0.5811,0.562,0.105,0.5417,0.619,0.4444,0.8205,0.2346,4,0.5854,1.0807,0.3156,24,0.6707,1.2383,0.4053,55,0.66,33,0.66,66,
cross_database_transfer,bindingdb_to_chembl_scaffold_purged,ecfp_absdiff_xgb,2,bindingdb_raw,chembl_raw,P31645,Sodium-dependent serotonin transporter,555,0.4306,0.8056,0.7754,122,1.3315,0.4308,0.4869,-0.0819,0.4306,0.3422,0.3333,0.7741,0.1944,2,0.2857,0.6635,0.1372,8,0.3393,0.7879,0.1305,19,0.3,15,0.36,36,
cross_database_transfer,bindingdb_to_chembl_scaffold_purged,ecfp_absdiff_xgb,2,bindingdb_raw,chembl_raw,P04150,Glucocorticoid receptor,945,0.3312,0.6039,0.7675,196,1.182,0.3541,0.5082,0.048,0.3312,0.4251,0.4,1.2077,0.1362,4,0.5208,1.5725,0.2184,25,0.4211,1.2712,0.1837,40,0.52,26,0.43,43,
cross_database_transfer,bindingdb_to_chembl_scaffold_purged,ecfp_absdiff_xgb,2,bindingdb_raw,chembl_raw,P00734,Prothrombin,614,0.4935,0.9584,0.7957,257,1.1792,0.5196,0.5167,0.0466,0.4935,0.6123,0.5714,1.1579,0.3531,4,0.6774,1.3727,0.4358,21,0.629,1.2747,0.4099,39,0.66,33,0.57,57,
cross_database_transfer,bindingdb_to_chembl_scaffold_purged,ecfp_absdiff_xgb,2,bindingdb_raw,chembl_raw,Q99720,Sigma non-opioid intracellular receptor 1,566,0.5265,0.9897,0.8008,182,1.4399,0.5355,0.5018,0.0096,0.5265,0.5651,0.6667,1.2662,0.5139,4,0.5862,1.1134,0.3961,17,0.4912,0.933,0.3043,28,0.5,25,0.61,61,
cross_database_transfer,bindingdb_to_chembl_scaffold_purged,ecfp_absdiff_xgb,2,bindingdb_raw,chembl_raw,P42336,"Phosphatidylinositol 4,5-bisphosphate 3-kinase catalytic subunit alpha isoform",405,0.2716,0.4686,0.7647,206,1.2099,0.3444,0.6099,0.2241,0.2716,0.3528,0.4,1.4727,0.1667,2,0.2857,1.0519,0.1342,6,0.3415,1.2572,0.1315,14,0.34,17,0.4,40,
cross_database_transfer,bindingdb_to_chembl_scaffold_purged,ecfp_absdiff_xgb,2,bindingdb_raw,chembl_raw,P08908,5-hydroxytryptamine receptor 1A,541,0.4362,0.7408,0.7941,129,1.5046,0.4197,0.4331,-0.1981,0.4362,0.3356,0.6667,1.5282,0.5917,4,0.3214,0.7368,0.2122,9,0.3273,0.7502,0.1601,18,0.32,16,0.23,23,
cross_database_transfer,bindingdb_to_chembl_scaffold_purged,ecfp_absdiff_xgb,2,bindingdb_raw,chembl_raw,P41145,Kappa-type opioid receptor,853,0.5252,1.0234,0.7852,217,1.449,0.5684,0.5289,0.0777,0.5252,0.6773,0.5556,1.0578,0.3131,5,0.7209,1.3727,0.4917,31,0.6512,1.2398,0.4592,56,0.76,38,0.64,64,
cross_database_transfer,bindingdb_to_chembl_scaffold_purged,ecfp_absdiff_xgb,2,bindingdb_raw,chembl_raw,P10275,Androgen receptor,462,0.3182,0.5444,0.7923,114,1.2489,0.3343,0.5294,-0.0385,0.3182,0.3053,0.2,0.6286,0.2,1,0.2917,0.9167,0.1293,7,0.2979,0.9362,0.1129,14,0.28,14,0.35,35,
cross_database_transfer,bindingdb_to_chembl_scaffold_purged,ecfp_absdiff_xgb,2,bindingdb_raw,chembl_raw,P35462,D(3) dopamine receptor,462,0.4286,0.7298,0.7745,154,1.0758,0.4375,0.5175,-0.0269,0.4286,0.3658,0.2,0.4667,0.2,1,0.375,0.875,0.1606,9,0.4043,0.9433,0.1591,19,0.42,21,0.41,41,
cross_database_transfer,bindingdb_to_chembl_scaffold_purged,ecfp_absdiff_xgb,2,bindingdb_raw,chembl_raw,P23458,Tyrosine-protein kinase JAK1,1128,0.1667,0.3723,0.7479,568,1.0133,0.2066,0.5487,-0.0242,0.1667,0.2769,0.25,1.5,0.069,3,0.2807,1.6842,0.0807,16,0.2832,1.6991,0.0878,32,0.3,15,0.31,31,
cross_database_transfer,bindingdb_to_chembl_scaffold_purged,ecfp_absdiff_xgb,2,bindingdb_raw,chembl_raw,P35372,Mu-type opioid receptor,682,0.3724,0.7457,0.7991,218,1.2331,0.4479,0.5857,0.1715,0.3724,0.5588,0.0,0.0,0.0,0,0.6,1.611,0.2966,21,0.5942,1.5955,0.3294,41,0.6,30,0.56,56,
cross_database_transfer,bindingdb_to_chembl_scaffold_purged,ecfp_absdiff_xgb,2,bindingdb_raw,chembl_raw,Q01959,Sodium-dependent dopamine transporter,400,0.2675,0.5029,0.7795,78,1.2375,0.2921,0.5432,0.0643,0.2675,0.302,0.25,0.9346,0.125,1,0.3,1.1215,0.1258,6,0.25,0.9346,0.0897,10,0.26,13,0.28,28,
cross_database_transfer,bindingdb_to_chembl_scaffold_purged,ecfp_absdiff_xgb,2,bindingdb_raw,chembl_raw,P00742,Coagulation factor X,723,0.4869,0.9307,0.7869,204,1.1245,0.6467,0.686,0.2638,0.4869,0.7827,0.875,1.7972,0.7228,7,0.8378,1.7209,0.7232,31,0.7808,1.6038,0.6547,57,0.8,40,0.73,73,
cross_database_transfer,bindingdb_to_chembl_scaffold_purged,ecfp_absdiff_xgb,2,bindingdb_raw,chembl_raw,O43614,Orexin receptor type 2,388,0.5747,1.0255,0.7649,165,1.2294,0.6307,0.5661,0.1954,0.5747,0.7031,0.75,1.3049,0.6042,3,0.7,1.2179,0.5404,14,0.6923,1.2046,0.5073,27,0.66,33,0.73,73,
cross_database_transfer,bindingdb_to_chembl_scaffold_purged,ecfp_absdiff_xgb,2,bindingdb_raw,chembl_raw,O60674,Tyrosine-protein kinase JAK2,153,0.1699,0.3494,0.7688,74,1.0131,0.309,0.5981,0.1616,0.1699,0.4307,1.0,5.8846,1.0,2,0.5,2.9423,0.3875,4,0.375,2.2067,0.2448,6,0.22,11,0.19,19,
cross_database_transfer,bindingdb_to_chembl_scaffold_purged,ecfp_absdiff_xgb,2,bindingdb_raw,chembl_raw,P21917,D(4) dopamine receptor,329,0.4195,0.7517,0.7839,130,1.0547,0.4274,0.5056,0.0649,0.4195,0.3932,0.25,0.596,0.0625,1,0.4118,0.9817,0.1413,7,0.3939,0.9392,0.1539,13,0.44,22,0.45,45,
cross_database_transfer,bindingdb_to_chembl_scaffold_purged,ecfp_absdiff_xgb,2,bindingdb_raw,chembl_raw,Q9Y5N1,Histamine H3 receptor,742,0.3261,0.5884,0.7886,300,1.1078,0.4253,0.5687,0.0941,0.3261,0.5754,0.75,2.2996,0.5509,6,0.7105,2.1786,0.5621,27,0.4667,1.4309,0.3509,35,0.6,30,0.41,41,
cross_database_transfer,bindingdb_to_chembl_scaffold_purged,ecfp_absdiff_xgb,2,bindingdb_raw,chembl_raw,P00519,Tyrosine-protein kinase ABL1,174,0.1897,0.3512,0.7743,78,1.1437,0.2693,0.6007,0.1377,0.1897,0.3812,0.5,2.6364,0.25,1,0.3333,1.7576,0.1772,3,0.3333,1.7576,0.1617,6,0.28,14,0.25,25,
cross_database_transfer,bindingdb_to_chembl_scaffold_purged,ecfp_absdiff_xgb,2,bindingdb_raw,chembl_raw,Q9HAZ1,Dual specificity protein kinase CLK4,91,0.2527,0.5,0.7623,52,1.0,0.2691,0.4341,-0.1385,0.2527,0.2548,0.0,0.0,0.0,0,0.4,1.5826,0.13,2,0.3,1.187,0.115,3,0.26,13,0.2527,23,
cross_database_transfer,bindingdb_to_chembl_scaffold_purged,ecfp_absdiff_xgb,2,bindingdb_raw,chembl_raw,P11309,Serine/threonine-protein kinase pim-1,120,0.1667,0.2984,0.7712,62,1.075,0.2623,0.6048,0.1348,0.1667,0.3185,0.5,3.0,0.25,1,0.3333,2.0,0.1667,2,0.25,1.5,0.1042,3,0.22,11,0.18,18,
cross_database_transfer,bindingdb_to_chembl_scaffold_purged,ecfp_absdiff_xgb,2,bindingdb_raw,chembl_raw,P49841,Glycogen synthase kinase-3 beta,142,0.3944,0.693,0.7689,57,1.0282,0.4229,0.5257,0.059,0.3944,0.4186,0.5,1.2679,0.5,1,0.375,0.9509,0.2619,3,0.4,1.0143,0.2184,6,0.36,18,0.41,41,
cross_database_transfer,bindingdb_to_chembl_scaffold_purged,rich_diff_scalars,2,bindingdb_raw,chembl_raw,P35367,Histamine H1 receptor,594,0.2138,0.5546,0.7773,168,1.1364,0.3228,0.7006,0.2752,0.2138,0.304,0.3333,1.5591,0.1111,2,0.3333,1.5591,0.1023,10,0.3,1.4031,0.0938,18,0.32,16,0.31,31,
cross_database_transfer,bindingdb_to_chembl_scaffold_purged,rich_diff_scalars,2,bindingdb_raw,chembl_raw,P41143,Delta-type opioid receptor,816,0.5417,1.1043,0.808,188,1.7022,0.5997,0.5935,0.1626,0.5417,0.5436,0.2222,0.4103,0.1358,2,0.5122,0.9456,0.2321,21,0.5854,1.0807,0.3018,48,0.54,27,0.61,61,
cross_database_transfer,bindingdb_to_chembl_scaffold_purged,rich_diff_scalars,2,bindingdb_raw,chembl_raw,P31645,Sodium-dependent serotonin transporter,555,0.4306,0.8056,0.7754,122,1.3315,0.6343,0.6913,0.2736,0.4306,0.7361,0.6667,1.5481,0.6111,4,0.7143,1.6587,0.531,20,0.8036,1.866,0.6128,45,0.78,39,0.7,70,
cross_database_transfer,bindingdb_to_chembl_scaffold_purged,rich_diff_scalars,2,bindingdb_raw,chembl_raw,P04150,Glucocorticoid receptor,945,0.3312,0.6039,0.7675,196,1.182,0.4545,0.6266,0.1371,0.3312,0.5338,0.6,1.8115,0.4648,6,0.5625,1.6983,0.3655,27,0.5053,1.5255,0.2931,48,0.54,27,0.51,51,
cross_database_transfer,bindingdb_to_chembl_scaffold_purged,rich_diff_scalars,2,bindingdb_raw,chembl_raw,P00734,Prothrombin,614,0.4935,0.9584,0.7957,257,1.1792,0.5095,0.5235,0.0777,0.4935,0.4932,0.2857,0.579,0.1429,2,0.5161,1.0459,0.2433,16,0.5,1.0132,0.2482,31,0.52,26,0.52,52,
cross_database_transfer,bindingdb_to_chembl_scaffold_purged,rich_diff_scalars,2,bindingdb_raw,chembl_raw,Q99720,Sigma non-opioid intracellular receptor 1,566,0.5265,0.9897,0.8008,182,1.4399,0.6912,0.6805,0.2642,0.5265,0.782,1.0,1.8993,1.0,6,0.8621,1.6374,0.8017,25,0.6842,1.2995,0.598,39,0.7,35,0.71,71,
cross_database_transfer,bindingdb_to_chembl_scaffold_purged,rich_diff_scalars,2,bindingdb_raw,chembl_raw,P42336,"Phosphatidylinositol 4,5-bisphosphate 3-kinase catalytic subunit alpha isoform",405,0.2716,0.4686,0.7647,206,1.2099,0.3352,0.5669,0.126,0.2716,0.3448,0.4,1.4727,0.28,2,0.1905,0.7013,0.1041,4,0.4146,1.5266,0.1648,17,0.38,19,0.36,36,
cross_database_transfer,bindingdb_to_chembl_scaffold_purged,rich_diff_scalars,2,bindingdb_raw,chembl_raw,P08908,5-hydroxytryptamine receptor 1A,541,0.4362,0.7408,0.7941,129,1.5046,0.5698,0.6669,0.2999,0.4362,0.6133,0.8333,1.9103,0.7306,5,0.6071,1.3918,0.4769,17,0.5818,1.3337,0.4002,32,0.56,28,0.58,58,
cross_database_transfer,bindingdb_to_chembl_scaffold_purged,rich_diff_scalars,2,bindingdb_raw,chembl_raw,P41145,Kappa-type opioid receptor,853,0.5252,1.0234,0.7852,217,1.449,0.5842,0.5489,0.0664,0.5252,0.6761,0.7778,1.4809,0.6287,7,0.7209,1.3727,0.5749,31,0.6744,1.2841,0.4977,58,0.7,35,0.64,64,
cross_database_transfer,bindingdb_to_chembl_scaffold_purged,rich_diff_scalars,2,bindingdb_raw,chembl_raw,P10275,Androgen receptor,462,0.3182,0.5444,0.7923,114,1.2489,0.3716,0.5452,0.0048,0.3182,0.417,0.4,1.2571,0.28,2,0.375,1.1786,0.2,9,0.383,1.2036,0.1827,18,0.38,19,0.38,38,
cross_database_transfer,bindingdb_to_chembl_scaffold_purged,rich_diff_scalars,2,bindingdb_raw,chembl_raw,P35462,D(3) dopamine receptor,462,0.4286,0.7298,0.7745,154,1.0758,0.54,0.6034,0.145,0.4286,0.6534,1.0,2.3333,1.0,5,0.6667,1.5556,0.5455,16,0.6596,1.539,0.4903,31,0.64,32,0.54,54,
cross_database_transfer,bindingdb_to_chembl_scaffold_purged,rich_diff_scalars,2,bindingdb_raw,chembl_raw,P23458,Tyrosine-protein kinase JAK1,1128,0.1667,0.3723,0.7479,568,1.0133,0.3225,0.6495,0.2037,0.1667,0.4664,0.4167,2.5,0.2539,5,0.5614,3.3684,0.3102,32,0.4248,2.5487,0.2246,48,0.56,28,0.43,43,
cross_database_transfer,bindingdb_to_chembl_scaffold_purged,rich_diff_scalars,2,bindingdb_raw,chembl_raw,P35372,Mu-type opioid receptor,682,0.3724,0.7457,0.7991,218,1.2331,0.5696,0.6941,0.2459,0.3724,0.6794,0.7143,1.9179,0.5071,5,0.7429,1.9946,0.5479,26,0.6522,1.7511,0.4674,45,0.68,34,0.64,64,
cross_database_transfer,bindingdb_to_chembl_scaffold_purged,rich_diff_scalars,2,bindingdb_raw,chembl_raw,Q01959,Sodium-dependent dopamine transporter,400,0.2675,0.5029,0.7795,78,1.2375,0.4052,0.6449,0.2181,0.2675,0.5204,0.5,1.8692,0.2917,2,0.55,2.0561,0.3276,11,0.5,1.8692,0.2877,20,0.48,24,0.39,39,
cross_database_transfer,bindingdb_to_chembl_scaffold_purged,rich_diff_scalars,2,bindingdb_raw,chembl_raw,P00742,Coagulation factor X,723,0.4869,0.9307,0.7869,204,1.1245,0.5697,0.5743,0.1025,0.4869,0.6619,0.875,1.7972,0.8415,7,0.6757,1.3878,0.555,25,0.6164,1.2662,0.4642,45,0.66,33,0.61,61,
cross_database_transfer,bindingdb_to_chembl_scaffold_purged,rich_diff_scalars,2,bindingdb_raw,chembl_raw,O43614,Orexin receptor type 2,388,0.5747,1.0255,0.7649,165,1.2294,0.6097,0.5407,0.0495,0.5747,0.5749,0.75,1.3049,0.6042,3,0.5,0.87,0.2857,10,0.5897,1.0261,0.3462,23,0.62,31,0.66,66,
cross_database_transfer,bindingdb_to_chembl_scaffold_purged,rich_diff_scalars,2,bindingdb_raw,chembl_raw,O60674,Tyrosine-protein kinase JAK2,153,0.1699,0.3494,0.7688,74,1.0131,0.2769,0.609,0.0868,0.1699,0.3485,0.0,0.0,0.0,0,0.5,2.9423,0.2077,4,0.3125,1.8389,0.1234,5,0.26,13,0.18,18,
cross_database_transfer,bindingdb_to_chembl_scaffold_purged,rich_diff_scalars,2,bindingdb_raw,chembl_raw,P21917,D(4) dopamine receptor,329,0.4195,0.7517,0.7839,130,1.0547,0.4269,0.4959,-0.0368,0.4195,0.4455,0.25,0.596,0.125,1,0.4118,0.9817,0.2013,7,0.4545,1.0837,0.2085,15,0.48,24,0.4,40,
cross_database_transfer,bindingdb_to_chembl_scaffold_purged,rich_diff_scalars,2,bindingdb_raw,chembl_raw,Q9Y5N1,Histamine H3 receptor,742,0.3261,0.5884,0.7886,300,1.1078,0.449,0.6494,0.2195,0.3261,0.4993,0.25,0.7665,0.1562,2,0.5,1.5331,0.2428,19,0.5067,1.5535,0.2564,38,0.52,26,0.51,51,
cross_database_transfer,bindingdb_to_chembl_scaffold_purged,rich_diff_scalars,2,bindingdb_raw,chembl_raw,P00519,Tyrosine-protein kinase ABL1,174,0.1897,0.3512,0.7743,78,1.1437,0.2149,0.3786,-0.0915,0.1897,0.266,1.0,5.2727,1.0,2,0.3333,1.7576,0.2593,3,0.1667,0.8788,0.1296,3,0.14,7,0.14,14,
cross_database_transfer,bindingdb_to_chembl_scaffold_purged,rich_diff_scalars,2,bindingdb_raw,chembl_raw,Q9HAZ1,Dual specificity protein kinase CLK4,91,0.2527,0.5,0.7623,52,1.0,0.2919,0.6017,0.1927,0.2527,0.0637,0.0,0.0,0.0,0,0.0,0.0,0.0,0,0.1,0.3957,0.01,1,0.34,17,0.2527,23,
cross_database_transfer,bindingdb_to_chembl_scaffold_purged,rich_diff_scalars,2,bindingdb_raw,chembl_raw,P11309,Serine/threonine-protein kinase pim-1,120,0.1667,0.2984,0.7712,62,1.075,0.2363,0.5505,0.0791,0.1667,0.2334,0.5,3.0,0.5,1,0.1667,1.0,0.1667,1,0.1667,1.0,0.1071,2,0.24,12,0.16,16,
cross_database_transfer,bindingdb_to_chembl_scaffold_purged,rich_diff_scalars,2,bindingdb_raw,chembl_raw,P49841,Glycogen synthase kinase-3 beta,142,0.3944,0.693,0.7689,57,1.0282,0.4135,0.4826,0.0704,0.3944,0.4927,0.5,1.2679,0.25,1,0.625,1.5848,0.3704,5,0.4667,1.1833,0.2887,7,0.36,18,0.41,41,
cross_database_transfer,bindingdb_to_chembl_scaffold_purged,rich_scalars_only,2,bindingdb_raw,chembl_raw,P35367,Histamine H1 receptor,594,0.2138,0.5546,0.7773,168,1.1364,0.4064,0.7489,0.2946,0.2138,0.4646,0.6667,3.1181,0.4306,4,0.4333,2.0268,0.231,13,0.5167,2.4165,0.258,31,0.5,25,0.4,40,
cross_database_transfer,bindingdb_to_chembl_scaffold_purged,rich_scalars_only,2,bindingdb_raw,chembl_raw,P41143,Delta-type opioid receptor,816,0.5417,1.1043,0.808,188,1.7022,0.6292,0.6007,0.1783,0.5417,0.6667,0.8889,1.641,0.7412,8,0.6341,1.1707,0.5084,26,0.6463,1.1932,0.4594,53,0.6,30,0.65,65,
cross_database_transfer,bindingdb_to_chembl_scaffold_purged,rich_scalars_only,2,bindingdb_raw,chembl_raw,P31645,Sodium-dependent serotonin transporter,555,0.4306,0.8056,0.7754,122,1.3315,0.5769,0.6465,0.2199,0.4306,0.6552,0.6667,1.5481,0.6111,4,0.6071,1.4099,0.416,17,0.7143,1.6587,0.4896,40,0.74,37,0.64,64,
cross_database_transfer,bindingdb_to_chembl_scaffold_purged,rich_scalars_only,2,bindingdb_raw,chembl_raw,P04150,Glucocorticoid receptor,945,0.3312,0.6039,0.7675,196,1.182,0.4773,0.6448,0.1912,0.3312,0.561,0.7,2.1134,0.6115,7,0.5833,1.7612,0.3813,28,0.5474,1.6526,0.3333,52,0.6,30,0.55,55,
cross_database_transfer,bindingdb_to_chembl_scaffold_purged,rich_scalars_only,2,bindingdb_raw,chembl_raw,P00734,Prothrombin,614,0.4935,0.9584,0.7957,257,1.1792,0.5115,0.5073,0.054,0.4935,0.5482,0.2857,0.579,0.1122,2,0.5806,1.1766,0.3273,18,0.5161,1.0459,0.2898,32,0.56,28,0.52,52,
cross_database_transfer,bindingdb_to_chembl_scaffold_purged,rich_scalars_only,2,bindingdb_raw,chembl_raw,Q99720,Sigma non-opioid intracellular receptor 1,566,0.5265,0.9897,0.8008,182,1.4399,0.6733,0.6742,0.2504,0.5265,0.7316,1.0,1.8993,1.0,6,0.6897,1.3099,0.6224,20,0.7193,1.3662,0.576,41,0.72,36,0.7,70,
cross_database_transfer,bindingdb_to_chembl_scaffold_purged,rich_scalars_only,2,bindingdb_raw,chembl_raw,P42336,"Phosphatidylinositol 4,5-bisphosphate 3-kinase catalytic subunit alpha isoform",405,0.2716,0.4686,0.7647,206,1.2099,0.3337,0.5599,0.1026,0.2716,0.3756,0.4,1.4727,0.2333,2,0.3333,1.2273,0.1376,7,0.4634,1.7062,0.1908,19,0.4,20,0.36,36,
cross_database_transfer,bindingdb_to_chembl_scaffold_purged,rich_scalars_only,2,bindingdb_raw,chembl_raw,P08908,5-hydroxytryptamine receptor 1A,541,0.4362,0.7408,0.7941,129,1.5046,0.5765,0.6608,0.2799,0.4362,0.6648,0.8333,1.9103,0.8333,5,0.7143,1.6374,0.596,20,0.6545,1.5005,0.4957,36,0.64,32,0.58,58,
cross_database_transfer,bindingdb_to_chembl_scaffold_purged,rich_scalars_only,2,bindingdb_raw,chembl_raw,P41145,Kappa-type opioid receptor,853,0.5252,1.0234,0.7852,217,1.449,0.6026,0.5573,0.0585,0.5252,0.7179,1.0,1.904,1.0,9,0.814,1.5498,0.7268,35,0.6512,1.2398,0.5417,56,0.78,39,0.65,65,
cross_database_transfer,bindingdb_to_chembl_scaffold_purged,rich_scalars_only,2,bindingdb_raw,chembl_raw,P10275,Androgen receptor,462,0.3182,0.5444,0.7923,114,1.2489,0.3617,0.5571,0.0173,0.3182,0.3296,0.0,0.0,0.0,0,0.2917,0.9167,0.0673,7,0.3617,1.1368,0.112,17,0.38,19,0.4,40,
cross_database_transfer,bindingdb_to_chembl_scaffold_purged,rich_scalars_only,2,bindingdb_raw,chembl_raw,P35462,D(3) dopamine receptor,462,0.4286,0.7298,0.7745,154,1.0758,0.5345,0.6133,0.1162,0.4286,0.6196,0.6,1.4,0.2867,3,0.6667,1.5556,0.4478,16,0.5745,1.3404,0.3755,27,0.56,28,0.61,61,
cross_database_transfer,bindingdb_to_chembl_scaffold_purged,rich_scalars_only,2,bindingdb_raw,chembl_raw,P23458,Tyrosine-protein kinase JAK1,1128,0.1667,0.3723,0.7479,568,1.0133,0.311,0.6517,0.168,0.1667,0.4398,0.4167,2.5,0.2965,5,0.4561,2.7368,0.2293,26,0.4425,2.6549,0.221,50,0.48,24,0.47,47,
cross_database_transfer,bindingdb_to_chembl_scaffold_purged,rich_scalars_only,2,bindingdb_raw,chembl_raw,P35372,Mu-type opioid receptor,682,0.3724,0.7457,0.7991,218,1.2331,0.5834,0.6985,0.2762,0.3724,0.7218,0.8571,2.3015,0.701,6,0.7429,1.9946,0.5979,26,0.6957,1.8679,0.5436,48,0.78,39,0.67,67,
cross_database_transfer,bindingdb_to_chembl_scaffold_purged,rich_scalars_only,2,bindingdb_raw,chembl_raw,Q01959,Sodium-dependent dopamine transporter,400,0.2675,0.5029,0.7795,78,1.2375,0.3748,0.6202,0.1434,0.2675,0.4571,0.5,1.8692,0.25,2,0.55,2.0561,0.293,11,0.475,1.7757,0.2412,19,0.44,22,0.4,40,
cross_database_transfer,bindingdb_to_chembl_scaffold_purged,rich_scalars_only,2,bindingdb_raw,chembl_raw,P00742,Coagulation factor X,723,0.4869,0.9307,0.7869,204,1.1245,0.5623,0.5717,0.0855,0.4869,0.6256,0.875,1.7972,0.8594,7,0.5946,1.2213,0.414,22,0.6438,1.3224,0.4318,47,0.7,35,0.63,63,
cross_database_transfer,bindingdb_to_chembl_scaffold_purged,rich_scalars_only,2,bindingdb_raw,chembl_raw,O43614,Orexin receptor type 2,388,0.5747,1.0255,0.7649,165,1.2294,0.6161,0.5324,0.0192,0.5747,0.6218,0.75,1.3049,0.6875,3,0.6,1.0439,0.4363,12,0.5897,1.0261,0.391,23,0.62,31,0.7,70,
cross_database_transfer,bindingdb_to_chembl_scaffold_purged,rich_scalars_only,2,bindingdb_raw,chembl_raw,O60674,Tyrosine-protein kinase JAK2,153,0.1699,0.3494,0.7688,74,1.0131,0.267,0.6233,0.0675,0.1699,0.3136,0.0,0.0,0.0,0,0.375,2.2067,0.1138,3,0.375,2.2067,0.1357,6,0.24,12,0.19,19,
cross_database_transfer,bindingdb_to_chembl_scaffold_purged,rich_scalars_only,2,bindingdb_raw,chembl_raw,P21917,D(4) dopamine receptor,329,0.4195,0.7517,0.7839,130,1.0547,0.423,0.4878,-0.0748,0.4195,0.4345,0.5,1.192,0.2083,2,0.3529,0.8414,0.1617,6,0.4545,1.0837,0.2005,15,0.48,24,0.42,42,
cross_database_transfer,bindingdb_to_chembl_scaffold_purged,rich_scalars_only,2,bindingdb_raw,chembl_raw,Q9Y5N1,Histamine H3 receptor,742,0.3261,0.5884,0.7886,300,1.1078,0.4589,0.6496,0.1842,0.3261,0.5297,0.625,1.9163,0.5246,5,0.5263,1.6137,0.3114,20,0.56,1.717,0.3212,42,0.56,28,0.53,53,
cross_database_transfer,bindingdb_to_chembl_scaffold_purged,rich_scalars_only,2,bindingdb_raw,chembl_raw,P00519,Tyrosine-protein kinase ABL1,174,0.1897,0.3512,0.7743,78,1.1437,0.2085,0.3592,-0.1576,0.1897,0.2582,1.0,5.2727,1.0,2,0.2222,1.1717,0.2222,2,0.2222,1.1717,0.1354,4,0.12,6,0.11,11,
cross_database_transfer,bindingdb_to_chembl_scaffold_purged,rich_scalars_only,2,bindingdb_raw,chembl_raw,Q9HAZ1,Dual specificity protein kinase CLK4,91,0.2527,0.5,0.7623,52,1.0,0.2581,0.5377,0.0851,0.2527,0.0646,0.0,0.0,0.0,0,0.0,0.0,0.0,0,0.1,0.3957,0.0125,1,0.28,14,0.2527,23,
cross_database_transfer,bindingdb_to_chembl_scaffold_purged,rich_scalars_only,2,bindingdb_raw,chembl_raw,P11309,Serine/threonine-protein kinase pim-1,120,0.1667,0.2984,0.7712,62,1.075,0.2027,0.539,0.0938,0.1667,0.2116,0.0,0.0,0.0,0,0.3333,2.0,0.1111,2,0.1667,1.0,0.0556,2,0.18,9,0.17,17,
cross_database_transfer,bindingdb_to_chembl_scaffold_purged,rich_scalars_only,2,bindingdb_raw,chembl_raw,P49841,Glycogen synthase kinase-3 beta,142,0.3944,0.693,0.7689,57,1.0282,0.4222,0.5002,0.0566,0.3944,0.487,0.5,1.2679,0.25,1,0.5,1.2679,0.311,4,0.4667,1.1833,0.2853,7,0.42,21,0.42,42,
cross_database_transfer,bindingdb_to_chembl_scaffold_purged,extratrees_scalars,2,bindingdb_raw,chembl_raw,P35367,Histamine H1 receptor,594,0.2138,0.5546,0.7773,168,1.1364,0.3751,0.7104,0.1787,0.2138,0.4412,0.8333,3.8976,0.5917,5,0.4667,2.1827,0.3107,14,0.35,1.637,0.2061,21,0.42,21,0.31,31,
cross_database_transfer,bindingdb_to_chembl_scaffold_purged,extratrees_scalars,2,bindingdb_raw,chembl_raw,P41143,Delta-type opioid receptor,816,0.5417,1.1043,0.808,188,1.7022,0.6477,0.5874,0.151,0.5417,0.7849,1.0,1.8462,1.0,9,0.8537,1.576,0.7614,35,0.7561,1.3959,0.6462,62,0.86,43,0.75,75,
cross_database_transfer,bindingdb_to_chembl_scaffold_purged,extratrees_scalars,2,bindingdb_raw,chembl_raw,P31645,Sodium-dependent serotonin transporter,555,0.4306,0.8056,0.7754,122,1.3315,0.5353,0.6209,0.1703,0.4306,0.5483,0.3333,0.7741,0.25,2,0.5357,1.244,0.267,15,0.5714,1.327,0.3066,32,0.56,28,0.62,62,
cross_database_transfer,bindingdb_to_chembl_scaffold_purged,extratrees_scalars,2,bindingdb_raw,chembl_raw,P04150,Glucocorticoid receptor,945,0.3312,0.6039,0.7675,196,1.182,0.4377,0.6405,0.2176,0.3312,0.4575,0.4,1.2077,0.2111,4,0.4583,1.3838,0.2099,22,0.4526,1.3666,0.2125,43,0.48,24,0.47,47,
cross_database_transfer,bindingdb_to_chembl_scaffold_purged,extratrees_scalars,2,bindingdb_raw,chembl_raw,P00734,Prothrombin,614,0.4935,0.9584,0.7957,257,1.1792,0.5171,0.5297,0.0349,0.4935,0.5129,0.5714,1.1579,0.2578,4,0.4839,0.9805,0.2411,15,0.5161,1.0459,0.2621,32,0.52,26,0.52,52,
cross_database_transfer,bindingdb_to_chembl_scaffold_purged,extratrees_scalars,2,bindingdb_raw,chembl_raw,Q99720,Sigma non-opioid intracellular receptor 1,566,0.5265,0.9897,0.8008,182,1.4399,0.6286,0.6514,0.2423,0.5265,0.5953,0.6667,1.2662,0.5444,4,0.5517,1.0479,0.3477,16,0.614,1.1663,0.373,35,0.62,31,0.64,64,
cross_database_transfer,bindingdb_to_chembl_scaffold_purged,extratrees_scalars,2,bindingdb_raw,chembl_raw,P42336,"Phosphatidylinositol 4,5-bisphosphate 3-kinase catalytic subunit alpha isoform",405,0.2716,0.4686,0.7647,206,1.2099,0.2752,0.5108,0.0658,0.2716,0.2058,0.0,0.0,0.0,0,0.2381,0.8766,0.0416,5,0.2195,0.8082,0.0458,9,0.2,10,0.31,31,
cross_database_transfer,bindingdb_to_chembl_scaffold_purged,extratrees_scalars,2,bindingdb_raw,chembl_raw,P08908,5-hydroxytryptamine receptor 1A,541,0.4362,0.7408,0.7941,129,1.5046,0.5378,0.6235,0.1716,0.4362,0.5747,0.3333,0.7641,0.3333,2,0.6071,1.3918,0.3597,17,0.5636,1.2921,0.3422,31,0.56,28,0.56,56,
cross_database_transfer,bindingdb_to_chembl_scaffold_purged,extratrees_scalars,2,bindingdb_raw,chembl_raw,P41145,Kappa-type opioid receptor,853,0.5252,1.0234,0.7852,217,1.449,0.6196,0.5721,0.1289,0.5252,0.768,0.7778,1.4809,0.4825,7,0.8372,1.5941,0.6592,36,0.814,1.5498,0.6533,70,0.84,42,0.77,77,
cross_database_transfer,bindingdb_to_chembl_scaffold_purged,extratrees_scalars,2,bindingdb_raw,chembl_raw,P10275,Androgen receptor,462,0.3182,0.5444,0.7923,114,1.2489,0.3889,0.5866,0.126,0.3182,0.3903,0.0,0.0,0.0,0,0.375,1.1786,0.1004,9,0.4894,1.538,0.1904,23,0.52,26,0.44,44,
cross_database_transfer,bindingdb_to_chembl_scaffold_purged,extratrees_scalars,2,bindingdb_raw,chembl_raw,P35462,D(3) dopamine receptor,462,0.4286,0.7298,0.7745,154,1.0758,0.5112,0.5875,0.1519,0.4286,0.5297,0.8,1.8667,0.8,4,0.4583,1.0694,0.3221,11,0.5319,1.2411,0.3156,25,0.52,26,0.55,55,
cross_database_transfer,bindingdb_to_chembl_scaffold_purged,extratrees_scalars,2,bindingdb_raw,chembl_raw,P23458,Tyrosine-protein kinase JAK1,1128,0.1667,0.3723,0.7479,568,1.0133,0.3253,0.6726,0.2371,0.1667,0.4403,0.5833,3.5,0.4056,7,0.4386,2.6316,0.2307,25,0.4248,2.5487,0.2109,48,0.42,21,0.45,45,
cross_database_transfer,bindingdb_to_chembl_scaffold_purged,extratrees_scalars,2,bindingdb_raw,chembl_raw,P35372,Mu-type opioid receptor,682,0.3724,0.7457,0.7991,218,1.2331,0.5392,0.6493,0.2394,0.3724,0.6835,0.8571,2.3015,0.8571,6,0.7714,2.0713,0.6366,27,0.6667,1.79,0.5215,46,0.72,36,0.59,59,
cross_database_transfer,bindingdb_to_chembl_scaffold_purged,extratrees_scalars,2,bindingdb_raw,chembl_raw,Q01959,Sodium-dependent dopamine transporter,400,0.2675,0.5029,0.7795,78,1.2375,0.3474,0.589,0.1707,0.2675,0.399,0.5,1.8692,0.2083,2,0.45,1.6822,0.1852,9,0.375,1.4019,0.1635,15,0.38,19,0.41,41,
cross_database_transfer,bindingdb_to_chembl_scaffold_purged,extratrees_scalars,2,bindingdb_raw,chembl_raw,P00742,Coagulation factor X,723,0.4869,0.9307,0.7869,204,1.1245,0.5226,0.5366,-0.0218,0.4869,0.5705,0.75,1.5405,0.6551,6,0.5946,1.2213,0.4051,22,0.6027,1.238,0.3769,44,0.54,27,0.57,57,
cross_database_transfer,bindingdb_to_chembl_scaffold_purged,extratrees_scalars,2,bindingdb_raw,chembl_raw,O43614,Orexin receptor type 2,388,0.5747,1.0255,0.7649,165,1.2294,0.6337,0.5395,0.0659,0.5747,0.7417,1.0,1.7399,1.0,4,0.85,1.4789,0.7498,17,0.6923,1.2046,0.5758,27,0.68,34,0.63,63,
cross_database_transfer,bindingdb_to_chembl_scaffold_purged,extratrees_scalars,2,bindingdb_raw,chembl_raw,O60674,Tyrosine-protein kinase JAK2,153,0.1699,0.3494,0.7688,74,1.0131,0.439,0.6887,0.1757,0.1699,0.595,1.0,5.8846,1.0,2,0.625,3.6779,0.5781,5,0.5,2.9423,0.4056,8,0.26,13,0.22,22,
cross_database_transfer,bindingdb_to_chembl_scaffold_purged,extratrees_scalars,2,bindingdb_raw,chembl_raw,P21917,D(4) dopamine receptor,329,0.4195,0.7517,0.7839,130,1.0547,0.4069,0.4881,0.037,0.4195,0.3255,0.25,0.596,0.125,1,0.2353,0.561,0.0853,4,0.303,0.7224,0.1017,10,0.4,20,0.43,43,
cross_database_transfer,bindingdb_to_chembl_scaffold_purged,extratrees_scalars,2,bindingdb_raw,chembl_raw,Q9Y5N1,Histamine H3 receptor,742,0.3261,0.5884,0.7886,300,1.1078,0.4099,0.6073,0.1315,0.3261,0.4595,0.375,1.1498,0.151,3,0.4474,1.3717,0.1935,17,0.4933,1.5126,0.2251,37,0.48,24,0.5,50,
cross_database_transfer,bindingdb_to_chembl_scaffold_purged,extratrees_scalars,2,bindingdb_raw,chembl_raw,P00519,Tyrosine-protein kinase ABL1,174,0.1897,0.3512,0.7743,78,1.1437,0.23,0.5053,0.0864,0.1897,0.2756,0.0,0.0,0.0,0,0.2222,1.1717,0.0926,2,0.2778,1.4646,0.0932,5,0.24,12,0.19,19,
cross_database_transfer,bindingdb_to_chembl_scaffold_purged,extratrees_scalars,2,bindingdb_raw,chembl_raw,Q9HAZ1,Dual specificity protein kinase CLK4,91,0.2527,0.5,0.7623,52,1.0,0.3657,0.5582,0.1684,0.2527,0.4784,0.0,0.0,0.0,0,0.6,2.3739,0.32,3,0.5,1.9783,0.2822,5,0.24,12,0.2527,23,
cross_database_transfer,bindingdb_to_chembl_scaffold_purged,extratrees_scalars,2,bindingdb_raw,chembl_raw,P11309,Serine/threonine-protein kinase pim-1,120,0.1667,0.2984,0.7712,62,1.075,0.2058,0.5755,0.0913,0.1667,0.1871,0.0,0.0,0.0,0,0.3333,2.0,0.0972,2,0.1667,1.0,0.0486,2,0.2,10,0.19,19,
cross_database_transfer,bindingdb_to_chembl_scaffold_purged,extratrees_scalars,2,bindingdb_raw,chembl_raw,P49841,Glycogen synthase kinase-3 beta,142,0.3944,0.693,0.7689,57,1.0282,0.464,0.5434,0.0572,0.3944,0.5486,1.0,2.5357,1.0,2,0.625,1.5848,0.4746,5,0.6,1.5214,0.4064,9,0.4,20,0.43,43,
prospective_temporal,chembl_future_after_2005_future_only,ecfp_absdiff_xgb,0,chembl_raw,chembl_raw,P35367,Histamine H1 receptor,396,0.1616,0.4532,0.7745,117,1.1338,0.1816,0.4741,0.0025,0.1616,0.1144,0.5,3.0938,0.5,2,0.1,0.6188,0.1,2,0.05,0.3094,0.05,2,0.04,2,0.12,12,2005.0
prospective_temporal,chembl_future_after_2005_future_only,ecfp_absdiff_xgb,0,chembl_raw,chembl_raw,P42336,"Phosphatidylinositol 4,5-bisphosphate 3-kinase catalytic subunit alpha isoform",405,0.2716,0.4686,0.7647,206,1.2099,0.2945,0.5102,0.0463,0.2716,0.2776,0.6,2.2091,0.4833,3,0.2857,1.0519,0.1653,6,0.2195,0.8082,0.104,9,0.2,10,0.28,28,2005.0
prospective_temporal,chembl_future_after_2005_future_only,ecfp_absdiff_xgb,0,chembl_raw,chembl_raw,P10275,Androgen receptor,337,0.3591,0.5987,0.8042,84,1.2611,0.3647,0.4675,-0.0682,0.3591,0.4194,0.75,2.0888,0.4792,3,0.4118,1.1468,0.2668,7,0.3529,0.983,0.1975,12,0.36,18,0.35,35,2005.0
prospective_temporal,chembl_future_after_2005_future_only,ecfp_absdiff_xgb,0,chembl_raw,chembl_raw,P23458,Tyrosine-protein kinase JAK1,1128,0.1667,0.3723,0.7479,568,1.0133,0.18,0.5259,0.0591,0.1667,0.1579,0.25,1.5,0.0672,3,0.0877,0.5263,0.0188,5,0.1593,0.9558,0.0247,18,0.1,5,0.12,12,2005.0
prospective_temporal,chembl_future_after_2005_future_only,ecfp_absdiff_xgb,0,chembl_raw,chembl_raw,P35372,Mu-type opioid receptor,109,0.6055,1.0582,0.8013,69,1.4862,0.6997,0.6032,0.1956,0.6055,0.7808,1.0,1.6515,1.0,2,0.6667,1.101,0.5917,4,0.8182,1.3512,0.6737,9,0.66,33,0.62,62,2005.0
prospective_temporal,chembl_future_after_2005_future_only,ecfp_absdiff_xgb,0,chembl_raw,chembl_raw,Q01959,Sodium-dependent dopamine transporter,283,0.258,0.4945,0.7827,63,1.2686,0.2783,0.4573,-0.1195,0.258,0.4042,0.6667,2.5845,0.5556,2,0.3333,1.2922,0.2067,5,0.4828,1.8715,0.2517,14,0.28,14,0.22,22,2005.0
prospective_temporal,chembl_future_after_2005_future_only,ecfp_absdiff_xgb,0,chembl_raw,chembl_raw,P31645,Sodium-dependent serotonin transporter,285,0.3368,0.5894,0.7726,80,1.2772,0.3305,0.4731,0.0322,0.3368,0.1427,0.0,0.0,0.0,0,0.1333,0.3958,0.0158,2,0.1379,0.4095,0.0194,4,0.26,13,0.34,34,2005.0
prospective_temporal,chembl_future_after_2005_future_only,ecfp_absdiff_xgb,0,chembl_raw,chembl_raw,P41145,Kappa-type opioid receptor,112,0.3929,0.7146,0.7909,63,1.4732,0.4638,0.5867,0.036,0.3929,0.5077,0.5,1.2727,0.25,1,0.5,1.2727,0.2944,3,0.4167,1.0606,0.2469,5,0.46,23,0.39,39,2005.0
prospective_temporal,chembl_future_after_2005_future_only,ecfp_absdiff_xgb,0,chembl_raw,chembl_raw,P04150,Glucocorticoid receptor,719,0.2851,0.5136,0.7688,165,1.178,0.3176,0.5723,0.1244,0.2851,0.2682,0.0,0.0,0.0,0,0.2222,0.7794,0.0438,8,0.3194,1.1204,0.0806,23,0.24,12,0.32,32,2005.0
prospective_temporal,chembl_future_after_2005_future_only,ecfp_absdiff_xgb,0,chembl_raw,chembl_raw,O43614,Orexin receptor type 2,387,0.5762,1.0279,0.7648,164,1.23,0.6023,0.5472,0.0948,0.5762,0.4943,0.5,0.8677,0.2083,2,0.5,0.8677,0.2454,10,0.5128,0.89,0.2482,20,0.52,26,0.55,55,2005.0
prospective_temporal,chembl_future_after_2005_future_only,ecfp_absdiff_xgb,0,chembl_raw,chembl_raw,O60674,Tyrosine-protein kinase JAK2,34,0.4706,0.9193,0.7884,17,1.0588,0.6594,0.5556,-0.038,0.4706,0.9644,1.0,2.125,1.0,1,1.0,2.125,1.0,2,1.0,2.125,1.0,4,0.4706,16,0.4706,16,2005.0
prospective_temporal,chembl_future_after_2005_future_only,ecfp_absdiff_xgb,0,chembl_raw,chembl_raw,Q9Y5N1,Histamine H3 receptor,109,0.5138,0.9594,0.7969,62,1.4404,0.6515,0.6546,0.2976,0.5138,0.7598,1.0,1.9464,1.0,2,0.8333,1.622,0.8056,5,0.6364,1.2386,0.581,7,0.62,31,0.55,55,2005.0
prospective_temporal,chembl_future_after_2005_future_only,ecfp_absdiff_xgb,0,chembl_raw,chembl_raw,P49841,Glycogen synthase kinase-3 beta,56,0.3929,0.6494,0.7622,19,1.0714,0.3473,0.4111,-0.1309,0.3929,0.0982,0.0,0.0,0.0,0,0.0,0.0,0.0,0,0.1667,0.4242,0.0333,1,0.4,20,0.3929,22,2005.0
prospective_temporal,chembl_future_after_2005_future_only,ecfp_absdiff_xgb,0,chembl_raw,chembl_raw,P00519,Tyrosine-protein kinase ABL1,90,0.3444,0.6056,0.7745,35,1.2778,0.5325,0.7488,0.3531,0.3444,0.5642,0.0,0.0,0.0,0,0.6,1.7419,0.2867,3,0.6667,1.9355,0.396,6,0.52,26,0.3444,31,2005.0
prospective_temporal,chembl_future_after_2005_future_only,ecfp_absdiff_xgb,0,chembl_raw,chembl_raw,P11309,Serine/threonine-protein kinase pim-1,53,0.2264,0.4304,0.756,26,1.1698,0.4384,0.6596,0.0513,0.2264,0.6396,1.0,4.4167,1.0,1,0.6667,2.9444,0.6667,2,0.5,2.2083,0.4167,3,0.24,12,0.2264,12,2005.0
prospective_temporal,chembl_future_after_2005_future_only,rich_diff_scalars,0,chembl_raw,chembl_raw,P35367,Histamine H1 receptor,396,0.1616,0.4532,0.7745,117,1.1338,0.237,0.6399,0.0642,0.1616,0.2255,0.25,1.5469,0.0625,1,0.15,0.9281,0.0333,3,0.225,1.3922,0.0518,9,0.24,12,0.28,28,2005.0
prospective_temporal,chembl_future_after_2005_future_only,rich_diff_scalars,0,chembl_raw,chembl_raw,P42336,"Phosphatidylinositol 4,5-bisphosphate 3-kinase catalytic subunit alpha isoform",405,0.2716,0.4686,0.7647,206,1.2099,0.2815,0.5396,0.0039,0.2716,0.2207,0.0,0.0,0.0,0,0.1905,0.7013,0.0333,4,0.2683,0.9878,0.0596,11,0.28,14,0.25,25,2005.0
prospective_temporal,chembl_future_after_2005_future_only,rich_diff_scalars,0,chembl_raw,chembl_raw,P10275,Androgen receptor,337,0.3591,0.5987,0.8042,84,1.2611,0.3764,0.5039,0.0087,0.3591,0.4109,0.5,1.3926,0.2083,2,0.4118,1.1468,0.1975,7,0.4118,1.1468,0.1952,14,0.36,18,0.36,36,2005.0
prospective_temporal,chembl_future_after_2005_future_only,rich_diff_scalars,0,chembl_raw,chembl_raw,P23458,Tyrosine-protein kinase JAK1,1128,0.1667,0.3723,0.7479,568,1.0133,0.316,0.6883,0.202,0.1667,0.4219,0.1667,1.0,0.0972,2,0.4561,2.7368,0.1936,26,0.4248,2.5487,0.1865,48,0.44,22,0.45,45,2005.0
prospective_temporal,chembl_future_after_2005_future_only,rich_diff_scalars,0,chembl_raw,chembl_raw,P35372,Mu-type opioid receptor,109,0.6055,1.0582,0.8013,69,1.4862,0.7142,0.6487,0.2225,0.6055,0.6941,1.0,1.6515,1.0,2,0.6667,1.101,0.5917,4,0.6364,1.051,0.4919,7,0.7,35,0.63,63,2005.0
prospective_temporal,chembl_future_after_2005_future_only,rich_diff_scalars,0,chembl_raw,chembl_raw,Q01959,Sodium-dependent dopamine transporter,283,0.258,0.4945,0.7827,63,1.2686,0.4187,0.7024,0.2701,0.258,0.4403,0.3333,1.2922,0.3333,1,0.4667,1.8091,0.2324,7,0.4828,1.8715,0.2371,14,0.42,21,0.42,42,2005.0
prospective_temporal,chembl_future_after_2005_future_only,rich_diff_scalars,0,chembl_raw,chembl_raw,P31645,Sodium-dependent serotonin transporter,285,0.3368,0.5894,0.7726,80,1.2772,0.609,0.7031,0.302,0.3368,0.7606,1.0,2.9688,1.0,3,0.8667,2.5729,0.7287,13,0.7241,2.1498,0.5875,21,0.76,38,0.54,54,2005.0
prospective_temporal,chembl_future_after_2005_future_only,rich_diff_scalars,0,chembl_raw,chembl_raw,P41145,Kappa-type opioid receptor,112,0.3929,0.7146,0.7909,63,1.4732,0.6213,0.6908,0.249,0.3929,0.7529,1.0,2.5455,1.0,2,0.8333,2.1212,0.7306,5,0.75,1.9091,0.6307,9,0.58,29,0.41,41,2005.0
prospective_temporal,chembl_future_after_2005_future_only,rich_diff_scalars,0,chembl_raw,chembl_raw,P04150,Glucocorticoid receptor,719,0.2851,0.5136,0.7688,165,1.178,0.4487,0.6286,0.1943,0.2851,0.6062,0.875,3.0689,0.8415,7,0.7222,2.5331,0.5641,26,0.5972,2.0946,0.4313,43,0.62,31,0.51,51,2005.0
prospective_temporal,chembl_future_after_2005_future_only,rich_diff_scalars,0,chembl_raw,chembl_raw,O43614,Orexin receptor type 2,387,0.5762,1.0279,0.7648,164,1.23,0.6212,0.5482,-0.0205,0.5762,0.5988,0.5,0.8677,0.4167,2,0.5,0.8677,0.3089,10,0.6154,1.068,0.3663,24,0.64,32,0.7,70,2005.0
prospective_temporal,chembl_future_after_2005_future_only,rich_diff_scalars,0,chembl_raw,chembl_raw,O60674,Tyrosine-protein kinase JAK2,34,0.4706,0.9193,0.7884,17,1.0588,0.9075,0.8941,0.5864,0.4706,0.9979,1.0,2.125,1.0,1,1.0,2.125,1.0,2,1.0,2.125,1.0,4,0.4706,16,0.4706,16,2005.0
prospective_temporal,chembl_future_after_2005_future_only,rich_diff_scalars,0,chembl_raw,chembl_raw,Q9Y5N1,Histamine H3 receptor,109,0.5138,0.9594,0.7969,62,1.4404,0.5557,0.5955,-0.0585,0.5138,0.4707,0.5,0.9732,0.25,1,0.6667,1.2976,0.3778,4,0.4545,0.8847,0.2629,5,0.58,29,0.54,54,2005.0
prospective_temporal,chembl_future_after_2005_future_only,rich_diff_scalars,0,chembl_raw,chembl_raw,P49841,Glycogen synthase kinase-3 beta,56,0.3929,0.6494,0.7622,19,1.0714,0.4442,0.5107,-0.1529,0.3929,0.4708,1.0,2.5455,1.0,1,0.6667,1.697,0.5556,2,0.3333,0.8485,0.2778,2,0.4,20,0.3929,22,2005.0
prospective_temporal,chembl_future_after_2005_future_only,rich_diff_scalars,0,chembl_raw,chembl_raw,P00519,Tyrosine-protein kinase ABL1,90,0.3444,0.6056,0.7745,35,1.2778,0.5029,0.6326,0.1259,0.3444,0.6511,1.0,2.9032,1.0,1,0.6,1.7419,0.55,3,0.6667,1.9355,0.5423,6,0.42,21,0.3444,31,2005.0
prospective_temporal,chembl_future_after_2005_future_only,rich_diff_scalars,0,chembl_raw,chembl_raw,P11309,Serine/threonine-protein kinase pim-1,53,0.2264,0.4304,0.756,26,1.1698,0.3411,0.6382,0.1107,0.2264,0.3182,0.0,0.0,0.0,0,0.3333,1.4722,0.1667,1,0.3333,1.4722,0.15,2,0.24,12,0.2264,12,2005.0
prospective_temporal,chembl_future_after_2005_future_only,rich_scalars_only,0,chembl_raw,chembl_raw,P35367,Histamine H1 receptor,396,0.1616,0.4532,0.7745,117,1.1338,0.2057,0.5916,0.0122,0.1616,0.1136,0.0,0.0,0.0,0,0.05,0.3094,0.0033,1,0.125,0.7734,0.0122,5,0.16,8,0.26,26,2005.0
prospective_temporal,chembl_future_after_2005_future_only,rich_scalars_only,0,chembl_raw,chembl_raw,P42336,"Phosphatidylinositol 4,5-bisphosphate 3-kinase catalytic subunit alpha isoform",405,0.2716,0.4686,0.7647,206,1.2099,0.3128,0.5324,0.0079,0.2716,0.3628,0.6,2.2091,0.4533,3,0.381,1.4026,0.2138,8,0.3902,1.4368,0.1823,16,0.32,16,0.29,29,2005.0
prospective_temporal,chembl_future_after_2005_future_only,rich_scalars_only,0,chembl_raw,chembl_raw,P10275,Androgen receptor,337,0.3591,0.5987,0.8042,84,1.2611,0.3572,0.4994,-0.0227,0.3591,0.3454,0.25,0.6963,0.0833,1,0.4118,1.1468,0.1595,7,0.3235,0.9011,0.1244,11,0.34,17,0.31,31,2005.0
prospective_temporal,chembl_future_after_2005_future_only,rich_scalars_only,0,chembl_raw,chembl_raw,P23458,Tyrosine-protein kinase JAK1,1128,0.1667,0.3723,0.7479,568,1.0133,0.3428,0.7208,0.1567,0.1667,0.4405,0.1667,1.0,0.075,2,0.4737,2.8421,0.2,27,0.4425,2.6549,0.1938,50,0.48,24,0.43,43,2005.0
prospective_temporal,chembl_future_after_2005_future_only,rich_scalars_only,0,chembl_raw,chembl_raw,P35372,Mu-type opioid receptor,109,0.6055,1.0582,0.8013,69,1.4862,0.6896,0.6135,0.2645,0.6055,0.6989,0.5,0.8258,0.5,1,0.6667,1.101,0.5139,4,0.7273,1.2011,0.5275,8,0.66,33,0.6,60,2005.0
prospective_temporal,chembl_future_after_2005_future_only,rich_scalars_only,0,chembl_raw,chembl_raw,Q01959,Sodium-dependent dopamine transporter,283,0.258,0.4945,0.7827,63,1.2686,0.4428,0.7171,0.2863,0.258,0.4961,0.0,0.0,0.0,0,0.5333,2.0676,0.2554,8,0.5517,2.1389,0.273,16,0.52,26,0.44,44,2005.0
prospective_temporal,chembl_future_after_2005_future_only,rich_scalars_only,0,chembl_raw,chembl_raw,P31645,Sodium-dependent serotonin transporter,285,0.3368,0.5894,0.7726,80,1.2772,0.6386,0.7274,0.2783,0.3368,0.8113,1.0,2.9688,1.0,3,0.8667,2.5729,0.8,13,0.7586,2.2522,0.6707,22,0.72,36,0.56,56,2005.0
prospective_temporal,chembl_future_after_2005_future_only,rich_scalars_only,0,chembl_raw,chembl_raw,P41145,Kappa-type opioid receptor,112,0.3929,0.7146,0.7909,63,1.4732,0.6199,0.7004,0.3136,0.3929,0.7284,1.0,2.5455,1.0,2,0.6667,1.697,0.5444,4,0.8333,2.1212,0.6634,10,0.54,27,0.4,40,2005.0
prospective_temporal,chembl_future_after_2005_future_only,rich_scalars_only,0,chembl_raw,chembl_raw,P04150,Glucocorticoid receptor,719,0.2851,0.5136,0.7688,165,1.178,0.4187,0.5966,0.1748,0.2851,0.5514,0.75,2.6305,0.7113,6,0.5833,2.0459,0.4538,21,0.4722,1.6562,0.3263,34,0.56,28,0.51,51,2005.0
prospective_temporal,chembl_future_after_2005_future_only,rich_scalars_only,0,chembl_raw,chembl_raw,O43614,Orexin receptor type 2,387,0.5762,1.0279,0.7648,164,1.23,0.6408,0.587,0.0296,0.5762,0.6356,0.75,1.3016,0.6875,3,0.5,0.8677,0.3205,10,0.7179,1.2459,0.4613,28,0.72,36,0.68,68,2005.0
prospective_temporal,chembl_future_after_2005_future_only,rich_scalars_only,0,chembl_raw,chembl_raw,O60674,Tyrosine-protein kinase JAK2,34,0.4706,0.9193,0.7884,17,1.0588,0.8168,0.8299,0.4677,0.4706,0.9523,1.0,2.125,1.0,1,1.0,2.125,1.0,2,1.0,2.125,1.0,4,0.4706,16,0.4706,16,2005.0
prospective_temporal,chembl_future_after_2005_future_only,rich_scalars_only,0,chembl_raw,chembl_raw,Q9Y5N1,Histamine H3 receptor,109,0.5138,0.9594,0.7969,62,1.4404,0.5376,0.5578,0.0211,0.5138,0.4148,0.5,0.9732,0.25,1,0.3333,0.6488,0.1389,2,0.4545,0.8847,0.2107,5,0.56,28,0.51,51,2005.0
prospective_temporal,chembl_future_after_2005_future_only,rich_scalars_only,0,chembl_raw,chembl_raw,P49841,Glycogen synthase kinase-3 beta,56,0.3929,0.6494,0.7622,19,1.0714,0.449,0.5247,-0.0149,0.3929,0.4405,1.0,2.5455,1.0,1,0.3333,0.8485,0.3333,1,0.3333,0.8485,0.2333,2,0.38,19,0.3929,22,2005.0
prospective_temporal,chembl_future_after_2005_future_only,rich_scalars_only,0,chembl_raw,chembl_raw,P00519,Tyrosine-protein kinase ABL1,90,0.3444,0.6056,0.7745,35,1.2778,0.4984,0.6192,0.1841,0.3444,0.6061,1.0,2.9032,1.0,1,0.6,1.7419,0.6,3,0.4444,1.2903,0.3968,4,0.42,21,0.3444,31,2005.0
prospective_temporal,chembl_future_after_2005_future_only,rich_scalars_only,0,chembl_raw,chembl_raw,P11309,Serine/threonine-protein kinase pim-1,53,0.2264,0.4304,0.756,26,1.1698,0.3246,0.6504,0.1107,0.2264,0.2388,0.0,0.0,0.0,0,0.3333,1.4722,0.1111,1,0.3333,1.4722,0.1222,2,0.24,12,0.2264,12,2005.0
prospective_temporal,chembl_future_after_2005_future_only,extratrees_scalars,0,chembl_raw,chembl_raw,P35367,Histamine H1 receptor,396,0.1616,0.4532,0.7745,117,1.1338,0.176,0.4511,0.013,0.1616,0.2489,0.25,1.5469,0.0833,1,0.25,1.5469,0.0713,5,0.25,1.5469,0.0709,10,0.26,13,0.17,17,2005.0
prospective_temporal,chembl_future_after_2005_future_only,extratrees_scalars,0,chembl_raw,chembl_raw,P42336,"Phosphatidylinositol 4,5-bisphosphate 3-kinase catalytic subunit alpha isoform",405,0.2716,0.4686,0.7647,206,1.2099,0.3017,0.5332,0.0796,0.2716,0.3217,0.4,1.4727,0.18,2,0.3333,1.2273,0.144,7,0.3171,1.1674,0.1202,13,0.3,15,0.32,32,2005.0
prospective_temporal,chembl_future_after_2005_future_only,extratrees_scalars,0,chembl_raw,chembl_raw,P10275,Androgen receptor,337,0.3591,0.5987,0.8042,84,1.2611,0.3707,0.5196,0.0652,0.3591,0.3388,0.25,0.6963,0.125,1,0.3529,0.983,0.1494,6,0.2941,0.8192,0.1192,10,0.28,14,0.4,40,2005.0
prospective_temporal,chembl_future_after_2005_future_only,extratrees_scalars,0,chembl_raw,chembl_raw,P23458,Tyrosine-protein kinase JAK1,1128,0.1667,0.3723,0.7479,568,1.0133,0.3608,0.6839,0.2125,0.1667,0.4943,0.6667,4.0,0.5473,8,0.5965,3.5789,0.3996,34,0.4071,2.4425,0.2578,46,0.56,28,0.43,43,2005.0
prospective_temporal,chembl_future_after_2005_future_only,extratrees_scalars,0,chembl_raw,chembl_raw,P35372,Mu-type opioid receptor,109,0.6055,1.0582,0.8013,69,1.4862,0.7472,0.6298,0.0932,0.6055,0.9231,1.0,1.6515,1.0,2,1.0,1.6515,1.0,6,0.9091,1.5014,0.9008,10,0.64,32,0.61,61,2005.0
prospective_temporal,chembl_future_after_2005_future_only,extratrees_scalars,0,chembl_raw,chembl_raw,Q01959,Sodium-dependent dopamine transporter,283,0.258,0.4945,0.7827,63,1.2686,0.3724,0.6423,0.1372,0.258,0.4351,0.6667,2.5845,0.6667,2,0.5333,2.0676,0.3563,8,0.3793,1.4705,0.2306,11,0.28,14,0.34,34,2005.0
prospective_temporal,chembl_future_after_2005_future_only,extratrees_scalars,0,chembl_raw,chembl_raw,P31645,Sodium-dependent serotonin transporter,285,0.3368,0.5894,0.7726,80,1.2772,0.5432,0.6084,0.1651,0.3368,0.7986,1.0,2.9688,1.0,3,0.9333,2.7708,0.9333,14,0.7241,2.1498,0.6906,21,0.58,29,0.45,45,2005.0
prospective_temporal,chembl_future_after_2005_future_only,extratrees_scalars,0,chembl_raw,chembl_raw,P41145,Kappa-type opioid receptor,112,0.3929,0.7146,0.7909,63,1.4732,0.6389,0.6735,0.2672,0.3929,0.8576,1.0,2.5455,1.0,2,1.0,2.5455,1.0,6,0.75,1.9091,0.722,9,0.52,26,0.4,40,2005.0
prospective_temporal,chembl_future_after_2005_future_only,extratrees_scalars,0,chembl_raw,chembl_raw,P04150,Glucocorticoid receptor,719,0.2851,0.5136,0.7688,165,1.178,0.3768,0.5826,0.1046,0.2851,0.4827,0.5,1.7537,0.3423,4,0.5556,1.9485,0.3632,20,0.4306,1.5101,0.253,31,0.48,24,0.39,39,2005.0
prospective_temporal,chembl_future_after_2005_future_only,extratrees_scalars,0,chembl_raw,chembl_raw,O43614,Orexin receptor type 2,387,0.5762,1.0279,0.7648,164,1.23,0.703,0.6303,0.1372,0.5762,0.8433,1.0,1.7354,1.0,4,0.9,1.5619,0.8768,18,0.7949,1.3794,0.7398,31,0.78,39,0.69,69,2005.0
prospective_temporal,chembl_future_after_2005_future_only,extratrees_scalars,0,chembl_raw,chembl_raw,O60674,Tyrosine-protein kinase JAK2,34,0.4706,0.9193,0.7884,17,1.0588,0.7202,0.7222,0.2917,0.4706,0.8791,1.0,2.125,1.0,1,1.0,2.125,1.0,2,0.75,1.5938,0.75,3,0.4706,16,0.4706,16,2005.0
prospective_temporal,chembl_future_after_2005_future_only,extratrees_scalars,0,chembl_raw,chembl_raw,Q9Y5N1,Histamine H3 receptor,109,0.5138,0.9594,0.7969,62,1.4404,0.7376,0.7148,0.2714,0.5138,0.9304,1.0,1.9464,1.0,2,1.0,1.9464,1.0,6,0.9091,1.7695,0.9091,10,0.66,33,0.56,56,2005.0
prospective_temporal,chembl_future_after_2005_future_only,extratrees_scalars,0,chembl_raw,chembl_raw,P49841,Glycogen synthase kinase-3 beta,56,0.3929,0.6494,0.7622,19,1.0714,0.4781,0.6123,0.0276,0.3929,0.3046,0.0,0.0,0.0,0,0.3333,0.8485,0.1111,1,0.3333,0.8485,0.1222,2,0.4,20,0.3929,22,2005.0
prospective_temporal,chembl_future_after_2005_future_only,extratrees_scalars,0,chembl_raw,chembl_raw,P00519,Tyrosine-protein kinase ABL1,90,0.3444,0.6056,0.7745,35,1.2778,0.547,0.6069,0.3008,0.3444,0.802,1.0,2.9032,1.0,1,1.0,2.9032,1.0,5,0.6667,1.9355,0.6667,6,0.36,18,0.3444,31,2005.0
prospective_temporal,chembl_future_after_2005_future_only,extratrees_scalars,0,chembl_raw,chembl_raw,P11309,Serine/threonine-protein kinase pim-1,53,0.2264,0.4304,0.756,26,1.1698,0.3802,0.6606,0.1155,0.2264,0.4024,0.0,0.0,0.0,0,0.6667,2.9444,0.3889,2,0.3333,1.4722,0.1944,2,0.24,12,0.2264,12,2005.0
prospective_temporal,chembl_future_after_2005_future_only,ecfp_absdiff_xgb,1,chembl_raw,chembl_raw,P35367,Histamine H1 receptor,396,0.1616,0.4532,0.7745,117,1.1338,0.1802,0.472,0.0003,0.1616,0.1181,0.5,3.0938,0.5,2,0.1,0.6188,0.1,2,0.075,0.4641,0.0519,3,0.06,3,0.12,12,2005.0
prospective_temporal,chembl_future_after_2005_future_only,ecfp_absdiff_xgb,1,chembl_raw,chembl_raw,P42336,"Phosphatidylinositol 4,5-bisphosphate 3-kinase catalytic subunit alpha isoform",405,0.2716,0.4686,0.7647,206,1.2099,0.2947,0.5139,0.0891,0.2716,0.2552,0.6,2.2091,0.42,3,0.2381,0.8766,0.1431,5,0.1707,0.6286,0.0871,7,0.2,10,0.25,25,2005.0
prospective_temporal,chembl_future_after_2005_future_only,ecfp_absdiff_xgb,1,chembl_raw,chembl_raw,P10275,Androgen receptor,337,0.3591,0.5987,0.8042,84,1.2611,0.3502,0.4727,-0.0503,0.3591,0.3535,0.25,0.6963,0.0625,1,0.3529,0.983,0.1403,6,0.3235,0.9011,0.1271,11,0.34,17,0.38,38,2005.0
prospective_temporal,chembl_future_after_2005_future_only,ecfp_absdiff_xgb,1,chembl_raw,chembl_raw,P23458,Tyrosine-protein kinase JAK1,1128,0.1667,0.3723,0.7479,568,1.0133,0.1797,0.5333,0.0871,0.1667,0.1556,0.0,0.0,0.0,0,0.1579,0.9474,0.0294,9,0.115,0.6903,0.0196,13,0.18,9,0.12,12,2005.0
prospective_temporal,chembl_future_after_2005_future_only,ecfp_absdiff_xgb,1,chembl_raw,chembl_raw,P35372,Mu-type opioid receptor,109,0.6055,1.0582,0.8013,69,1.4862,0.6613,0.5995,0.2221,0.6055,0.6839,1.0,1.6515,1.0,2,0.6667,1.101,0.5917,4,0.5455,0.9008,0.4483,6,0.68,34,0.62,62,2005.0
prospective_temporal,chembl_future_after_2005_future_only,ecfp_absdiff_xgb,1,chembl_raw,chembl_raw,Q01959,Sodium-dependent dopamine transporter,283,0.258,0.4945,0.7827,63,1.2686,0.2884,0.4679,-0.109,0.258,0.426,0.6667,2.5845,0.6667,2,0.4,1.5507,0.2522,6,0.4828,1.8715,0.2641,14,0.3,15,0.24,24,2005.0
prospective_temporal,chembl_future_after_2005_future_only,ecfp_absdiff_xgb,1,chembl_raw,chembl_raw,P31645,Sodium-dependent serotonin transporter,285,0.3368,0.5894,0.7726,80,1.2772,0.3356,0.5033,0.0565,0.3368,0.1614,0.0,0.0,0.0,0,0.0667,0.1979,0.0044,1,0.2069,0.6142,0.0318,6,0.3,15,0.36,36,2005.0
prospective_temporal,chembl_future_after_2005_future_only,ecfp_absdiff_xgb,1,chembl_raw,chembl_raw,P41145,Kappa-type opioid receptor,112,0.3929,0.7146,0.7909,63,1.4732,0.4623,0.6028,0.1013,0.3929,0.4127,0.5,1.2727,0.5,1,0.5,1.2727,0.3167,3,0.3333,0.8485,0.1886,4,0.52,26,0.41,41,2005.0
prospective_temporal,chembl_future_after_2005_future_only,ecfp_absdiff_xgb,1,chembl_raw,chembl_raw,P04150,Glucocorticoid receptor,719,0.2851,0.5136,0.7688,165,1.178,0.3183,0.5751,0.1027,0.2851,0.2456,0.25,0.8768,0.0812,2,0.1667,0.5846,0.0444,6,0.2361,0.8281,0.0546,17,0.16,8,0.3,30,2005.0
prospective_temporal,chembl_future_after_2005_future_only,ecfp_absdiff_xgb,1,chembl_raw,chembl_raw,O43614,Orexin receptor type 2,387,0.5762,1.0279,0.7648,164,1.23,0.5934,0.5402,0.0872,0.5762,0.4859,0.25,0.4339,0.25,1,0.4,0.6942,0.2111,8,0.5128,0.89,0.2465,20,0.58,29,0.58,58,2005.0
prospective_temporal,chembl_future_after_2005_future_only,ecfp_absdiff_xgb,1,chembl_raw,chembl_raw,O60674,Tyrosine-protein kinase JAK2,34,0.4706,0.9193,0.7884,17,1.0588,0.5288,0.5313,0.1482,0.4706,0.4858,0.0,0.0,0.0,0,0.5,1.0625,0.25,1,0.75,1.5938,0.4792,3,0.4706,16,0.4706,16,2005.0
prospective_temporal,chembl_future_after_2005_future_only,ecfp_absdiff_xgb,1,chembl_raw,chembl_raw,Q9Y5N1,Histamine H3 receptor,109,0.5138,0.9594,0.7969,62,1.4404,0.6569,0.675,0.2304,0.5138,0.7638,1.0,1.9464,1.0,2,0.8333,1.622,0.8056,5,0.6364,1.2386,0.581,7,0.66,33,0.55,55,2005.0
prospective_temporal,chembl_future_after_2005_future_only,ecfp_absdiff_xgb,1,chembl_raw,chembl_raw,P49841,Glycogen synthase kinase-3 beta,56,0.3929,0.6494,0.7622,19,1.0714,0.3595,0.4566,-0.0131,0.3929,0.077,0.0,0.0,0.0,0,0.0,0.0,0.0,0,0.1667,0.4242,0.0278,1,0.4,20,0.3929,22,2005.0
prospective_temporal,chembl_future_after_2005_future_only,ecfp_absdiff_xgb,1,chembl_raw,chembl_raw,P00519,Tyrosine-protein kinase ABL1,90,0.3444,0.6056,0.7745,35,1.2778,0.5993,0.7578,0.3399,0.3444,0.7894,1.0,2.9032,1.0,1,1.0,2.9032,1.0,5,0.6667,1.9355,0.6389,6,0.54,27,0.3444,31,2005.0
prospective_temporal,chembl_future_after_2005_future_only,ecfp_absdiff_xgb,1,chembl_raw,chembl_raw,P11309,Serine/threonine-protein kinase pim-1,53,0.2264,0.4304,0.756,26,1.1698,0.3615,0.5965,0.0017,0.2264,0.476,1.0,4.4167,1.0,1,0.3333,1.4722,0.3333,1,0.5,2.2083,0.3333,3,0.24,12,0.2264,12,2005.0
prospective_temporal,chembl_future_after_2005_future_only,rich_diff_scalars,1,chembl_raw,chembl_raw,P35367,Histamine H1 receptor,396,0.1616,0.4532,0.7745,117,1.1338,0.2248,0.5876,0.1267,0.1616,0.2297,0.5,3.0938,0.25,2,0.2,1.2375,0.0683,4,0.225,1.3922,0.0596,9,0.28,14,0.25,25,2005.0
prospective_temporal,chembl_future_after_2005_future_only,rich_diff_scalars,1,chembl_raw,chembl_raw,P42336,"Phosphatidylinositol 4,5-bisphosphate 3-kinase catalytic subunit alpha isoform",405,0.2716,0.4686,0.7647,206,1.2099,0.2891,0.5367,0.0227,0.2716,0.2821,0.0,0.0,0.0,0,0.381,1.4026,0.1318,8,0.2195,0.8082,0.0734,9,0.24,12,0.27,27,2005.0
prospective_temporal,chembl_future_after_2005_future_only,rich_diff_scalars,1,chembl_raw,chembl_raw,P10275,Androgen receptor,337,0.3591,0.5987,0.8042,84,1.2611,0.3573,0.4844,-0.0356,0.3591,0.3746,0.5,1.3926,0.25,2,0.4118,1.1468,0.1958,7,0.4118,1.1468,0.1826,14,0.32,16,0.28,28,2005.0
prospective_temporal,chembl_future_after_2005_future_only,rich_diff_scalars,1,chembl_raw,chembl_raw,P23458,Tyrosine-protein kinase JAK1,1128,0.1667,0.3723,0.7479,568,1.0133,0.3271,0.7059,0.1276,0.1667,0.4139,0.25,1.5,0.1167,3,0.4211,2.5263,0.1801,24,0.3982,2.3894,0.1675,45,0.44,22,0.38,38,2005.0
prospective_temporal,chembl_future_after_2005_future_only,rich_diff_scalars,1,chembl_raw,chembl_raw,P35372,Mu-type opioid receptor,109,0.6055,1.0582,0.8013,69,1.4862,0.7126,0.636,0.169,0.6055,0.7231,1.0,1.6515,1.0,2,0.6667,1.101,0.6333,4,0.6364,1.051,0.5207,7,0.7,35,0.61,61,2005.0
prospective_temporal,chembl_future_after_2005_future_only,rich_diff_scalars,1,chembl_raw,chembl_raw,Q01959,Sodium-dependent dopamine transporter,283,0.258,0.4945,0.7827,63,1.2686,0.4041,0.6944,0.3009,0.258,0.4224,0.3333,1.2922,0.1111,1,0.4,1.5507,0.1459,6,0.5517,2.1389,0.245,16,0.44,22,0.45,45,2005.0
prospective_temporal,chembl_future_after_2005_future_only,rich_diff_scalars,1,chembl_raw,chembl_raw,P31645,Sodium-dependent serotonin transporter,285,0.3368,0.5894,0.7726,80,1.2772,0.6116,0.7075,0.3109,0.3368,0.778,1.0,2.9688,1.0,3,0.8667,2.5729,0.8091,13,0.6897,2.0474,0.6007,20,0.72,36,0.56,56,2005.0
prospective_temporal,chembl_future_after_2005_future_only,rich_diff_scalars,1,chembl_raw,chembl_raw,P41145,Kappa-type opioid receptor,112,0.3929,0.7146,0.7909,63,1.4732,0.5646,0.6766,0.2903,0.3929,0.5787,1.0,2.5455,1.0,2,0.5,1.2727,0.4333,3,0.5,1.2727,0.3514,6,0.6,30,0.39,39,2005.0
prospective_temporal,chembl_future_after_2005_future_only,rich_diff_scalars,1,chembl_raw,chembl_raw,P04150,Glucocorticoid receptor,719,0.2851,0.5136,0.7688,165,1.178,0.4437,0.6074,0.1906,0.2851,0.6078,1.0,3.5073,1.0,8,0.6389,2.2408,0.5674,23,0.5556,1.9485,0.4245,40,0.6,30,0.52,52,2005.0
prospective_temporal,chembl_future_after_2005_future_only,rich_diff_scalars,1,chembl_raw,chembl_raw,O43614,Orexin receptor type 2,387,0.5762,1.0279,0.7648,164,1.23,0.6092,0.5508,0.0057,0.5762,0.5865,0.75,1.3016,0.6042,3,0.55,0.9545,0.3583,11,0.5641,0.979,0.3502,22,0.62,31,0.6,60,2005.0
prospective_temporal,chembl_future_after_2005_future_only,rich_diff_scalars,1,chembl_raw,chembl_raw,O60674,Tyrosine-protein kinase JAK2,34,0.4706,0.9193,0.7884,17,1.0588,0.8816,0.8767,0.4708,0.4706,0.9948,1.0,2.125,1.0,1,1.0,2.125,1.0,2,1.0,2.125,1.0,4,0.4706,16,0.4706,16,2005.0
prospective_temporal,chembl_future_after_2005_future_only,rich_diff_scalars,1,chembl_raw,chembl_raw,Q9Y5N1,Histamine H3 receptor,109,0.5138,0.9594,0.7969,62,1.4404,0.54,0.5539,-0.0373,0.5138,0.4859,0.5,0.9732,0.25,1,0.5,0.9732,0.2667,3,0.5455,1.0617,0.3025,6,0.54,27,0.52,52,2005.0
prospective_temporal,chembl_future_after_2005_future_only,rich_diff_scalars,1,chembl_raw,chembl_raw,P49841,Glycogen synthase kinase-3 beta,56,0.3929,0.6494,0.7622,19,1.0714,0.4109,0.4793,-0.0829,0.3929,0.3998,1.0,2.5455,1.0,1,0.3333,0.8485,0.3333,1,0.3333,0.8485,0.2333,2,0.4,20,0.3929,22,2005.0
prospective_temporal,chembl_future_after_2005_future_only,rich_diff_scalars,1,chembl_raw,chembl_raw,P00519,Tyrosine-protein kinase ABL1,90,0.3444,0.6056,0.7745,35,1.2778,0.4885,0.684,0.0494,0.3444,0.4943,1.0,2.9032,1.0,1,0.6,1.7419,0.4533,3,0.4444,1.2903,0.3012,4,0.46,23,0.3444,31,2005.0
prospective_temporal,chembl_future_after_2005_future_only,rich_diff_scalars,1,chembl_raw,chembl_raw,P11309,Serine/threonine-protein kinase pim-1,53,0.2264,0.4304,0.756,26,1.1698,0.3812,0.6789,0.2459,0.2264,0.3682,0.0,0.0,0.0,0,0.3333,1.4722,0.1667,1,0.3333,1.4722,0.1667,2,0.24,12,0.2264,12,2005.0
prospective_temporal,chembl_future_after_2005_future_only,rich_scalars_only,1,chembl_raw,chembl_raw,P35367,Histamine H1 receptor,396,0.1616,0.4532,0.7745,117,1.1338,0.1868,0.5537,-0.0145,0.1616,0.1088,0.25,1.5469,0.125,1,0.05,0.3094,0.025,1,0.075,0.4641,0.0159,3,0.14,7,0.19,19,2005.0
prospective_temporal,chembl_future_after_2005_future_only,rich_scalars_only,1,chembl_raw,chembl_raw,P42336,"Phosphatidylinositol 4,5-bisphosphate 3-kinase catalytic subunit alpha isoform",405,0.2716,0.4686,0.7647,206,1.2099,0.2863,0.5201,0.0051,0.2716,0.2762,0.2,0.7364,0.1,1,0.3333,1.2273,0.1196,7,0.2195,0.8082,0.0736,9,0.26,13,0.29,29,2005.0
prospective_temporal,chembl_future_after_2005_future_only,rich_scalars_only,1,chembl_raw,chembl_raw,P10275,Androgen receptor,337,0.3591,0.5987,0.8042,84,1.2611,0.3467,0.4888,0.0168,0.3591,0.3032,0.25,0.6963,0.0625,1,0.3529,0.983,0.1416,6,0.2647,0.7372,0.0933,9,0.32,16,0.3,30,2005.0
prospective_temporal,chembl_future_after_2005_future_only,rich_scalars_only,1,chembl_raw,chembl_raw,P23458,Tyrosine-protein kinase JAK1,1128,0.1667,0.3723,0.7479,568,1.0133,0.3035,0.6608,0.1946,0.1667,0.3907,0.1667,1.0,0.0655,2,0.4561,2.7368,0.172,26,0.3805,2.2832,0.149,43,0.46,23,0.41,41,2005.0
prospective_temporal,chembl_future_after_2005_future_only,rich_scalars_only,1,chembl_raw,chembl_raw,P35372,Mu-type opioid receptor,109,0.6055,1.0582,0.8013,69,1.4862,0.685,0.5976,0.131,0.6055,0.6854,0.5,0.8258,0.5,1,0.6667,1.101,0.5139,4,0.7273,1.2011,0.5432,8,0.7,35,0.6,60,2005.0
prospective_temporal,chembl_future_after_2005_future_only,rich_scalars_only,1,chembl_raw,chembl_raw,Q01959,Sodium-dependent dopamine transporter,283,0.258,0.4945,0.7827,63,1.2686,0.4353,0.724,0.2831,0.258,0.4619,0.3333,1.2922,0.1667,1,0.4667,1.8091,0.2054,7,0.4828,1.8715,0.2234,14,0.48,24,0.47,47,2005.0
prospective_temporal,chembl_future_after_2005_future_only,rich_scalars_only,1,chembl_raw,chembl_raw,P31645,Sodium-dependent serotonin transporter,285,0.3368,0.5894,0.7726,80,1.2772,0.6334,0.7146,0.2819,0.3368,0.8265,1.0,2.9688,1.0,3,0.8667,2.5729,0.8366,13,0.7586,2.2522,0.6998,22,0.74,37,0.55,55,2005.0
prospective_temporal,chembl_future_after_2005_future_only,rich_scalars_only,1,chembl_raw,chembl_raw,P41145,Kappa-type opioid receptor,112,0.3929,0.7146,0.7909,63,1.4732,0.6075,0.6965,0.309,0.3929,0.7123,1.0,2.5455,1.0,2,0.6667,1.697,0.6111,4,0.6667,1.697,0.5479,8,0.54,27,0.41,41,2005.0
prospective_temporal,chembl_future_after_2005_future_only,rich_scalars_only,1,chembl_raw,chembl_raw,P04150,Glucocorticoid receptor,719,0.2851,0.5136,0.7688,165,1.178,0.416,0.5736,0.1515,0.2851,0.5783,0.875,3.0689,0.8207,7,0.6667,2.3382,0.5323,24,0.5,1.7537,0.3659,36,0.6,30,0.49,49,2005.0
prospective_temporal,chembl_future_after_2005_future_only,rich_scalars_only,1,chembl_raw,chembl_raw,O43614,Orexin receptor type 2,387,0.5762,1.0279,0.7648,164,1.23,0.6392,0.5766,0.0726,0.5762,0.6749,0.75,1.3016,0.6042,3,0.7,1.2148,0.4834,14,0.7179,1.2459,0.503,28,0.66,33,0.68,68,2005.0
prospective_temporal,chembl_future_after_2005_future_only,rich_scalars_only,1,chembl_raw,chembl_raw,O60674,Tyrosine-protein kinase JAK2,34,0.4706,0.9193,0.7884,17,1.0588,0.8727,0.875,0.4677,0.4706,0.991,1.0,2.125,1.0,1,1.0,2.125,1.0,2,1.0,2.125,1.0,4,0.4706,16,0.4706,16,2005.0
prospective_temporal,chembl_future_after_2005_future_only,rich_scalars_only,1,chembl_raw,chembl_raw,Q9Y5N1,Histamine H3 receptor,109,0.5138,0.9594,0.7969,62,1.4404,0.5248,0.5468,-0.0784,0.5138,0.4096,0.5,0.9732,0.25,1,0.5,0.9732,0.2333,3,0.4545,0.8847,0.2232,5,0.58,29,0.53,53,2005.0
prospective_temporal,chembl_future_after_2005_future_only,rich_scalars_only,1,chembl_raw,chembl_raw,P49841,Glycogen synthase kinase-3 beta,56,0.3929,0.6494,0.7622,19,1.0714,0.4128,0.486,-0.1194,0.3929,0.3801,1.0,2.5455,1.0,1,0.3333,0.8485,0.3333,1,0.3333,0.8485,0.2333,2,0.4,20,0.3929,22,2005.0
prospective_temporal,chembl_future_after_2005_future_only,rich_scalars_only,1,chembl_raw,chembl_raw,P00519,Tyrosine-protein kinase ABL1,90,0.3444,0.6056,0.7745,35,1.2778,0.492,0.6301,0.1812,0.3444,0.555,1.0,2.9032,1.0,1,0.6,1.7419,0.4533,3,0.5556,1.6129,0.3877,5,0.44,22,0.3444,31,2005.0
prospective_temporal,chembl_future_after_2005_future_only,rich_scalars_only,1,chembl_raw,chembl_raw,P11309,Serine/threonine-protein kinase pim-1,53,0.2264,0.4304,0.756,26,1.1698,0.3298,0.6789,0.1107,0.2264,0.1762,0.0,0.0,0.0,0,0.3333,1.4722,0.1111,1,0.1667,0.7361,0.0556,1,0.24,12,0.2264,12,2005.0
prospective_temporal,chembl_future_after_2005_future_only,extratrees_scalars,1,chembl_raw,chembl_raw,P35367,Histamine H1 receptor,396,0.1616,0.4532,0.7745,117,1.1338,0.1769,0.4213,-0.0026,0.1616,0.2648,0.5,3.0938,0.2083,2,0.35,2.1656,0.1276,7,0.225,1.3922,0.0766,9,0.22,11,0.16,16,2005.0
prospective_temporal,chembl_future_after_2005_future_only,extratrees_scalars,1,chembl_raw,chembl_raw,P42336,"Phosphatidylinositol 4,5-bisphosphate 3-kinase catalytic subunit alpha isoform",405,0.2716,0.4686,0.7647,206,1.2099,0.2713,0.5022,-0.0314,0.2716,0.2357,0.4,1.4727,0.2,2,0.2381,0.8766,0.0856,5,0.2683,0.9878,0.0784,11,0.22,11,0.28,28,2005.0
prospective_temporal,chembl_future_after_2005_future_only,extratrees_scalars,1,chembl_raw,chembl_raw,P10275,Androgen receptor,337,0.3591,0.5987,0.8042,84,1.2611,0.4552,0.5759,0.1344,0.3591,0.5421,0.75,2.0888,0.75,3,0.5294,1.4745,0.4086,9,0.5,1.3926,0.3317,17,0.5,25,0.45,45,2005.0
prospective_temporal,chembl_future_after_2005_future_only,extratrees_scalars,1,chembl_raw,chembl_raw,P23458,Tyrosine-protein kinase JAK1,1128,0.1667,0.3723,0.7479,568,1.0133,0.2927,0.6446,0.2021,0.1667,0.398,0.5,3.0,0.2997,6,0.4211,2.5263,0.2184,24,0.3451,2.0708,0.161,39,0.42,21,0.35,35,2005.0
prospective_temporal,chembl_future_after_2005_future_only,extratrees_scalars,1,chembl_raw,chembl_raw,P35372,Mu-type opioid receptor,109,0.6055,1.0582,0.8013,69,1.4862,0.7315,0.624,0.2382,0.6055,0.8991,1.0,1.6515,1.0,2,1.0,1.6515,1.0,6,0.9091,1.5014,0.9008,10,0.7,35,0.61,61,2005.0
prospective_temporal,chembl_future_after_2005_future_only,extratrees_scalars,1,chembl_raw,chembl_raw,Q01959,Sodium-dependent dopamine transporter,283,0.258,0.4945,0.7827,63,1.2686,0.4319,0.7123,0.2633,0.258,0.476,0.6667,2.5845,0.5556,2,0.4,1.5507,0.2462,6,0.4828,1.8715,0.2579,14,0.48,24,0.4,40,2005.0
prospective_temporal,chembl_future_after_2005_future_only,extratrees_scalars,1,chembl_raw,chembl_raw,P31645,Sodium-dependent serotonin transporter,285,0.3368,0.5894,0.7726,80,1.2772,0.6151,0.692,0.3313,0.3368,0.8232,1.0,2.9688,1.0,3,0.9333,2.7708,0.9333,14,0.7241,2.1498,0.6891,21,0.66,33,0.58,58,2005.0
prospective_temporal,chembl_future_after_2005_future_only,extratrees_scalars,1,chembl_raw,chembl_raw,P41145,Kappa-type opioid receptor,112,0.3929,0.7146,0.7909,63,1.4732,0.6359,0.6711,0.2533,0.3929,0.8502,1.0,2.5455,1.0,2,1.0,2.5455,1.0,6,0.8333,2.1212,0.7772,10,0.56,28,0.38,38,2005.0
prospective_temporal,chembl_future_after_2005_future_only,extratrees_scalars,1,chembl_raw,chembl_raw,P04150,Glucocorticoid receptor,719,0.2851,0.5136,0.7688,165,1.178,0.4227,0.5844,0.1391,0.2851,0.5907,1.0,3.5073,1.0,8,0.6667,2.3382,0.5706,24,0.5278,1.8511,0.4017,38,0.58,29,0.47,47,2005.0
prospective_temporal,chembl_future_after_2005_future_only,extratrees_scalars,1,chembl_raw,chembl_raw,O43614,Orexin receptor type 2,387,0.5762,1.0279,0.7648,164,1.23,0.6495,0.6097,0.107,0.5762,0.6611,0.5,0.8677,0.5,2,0.7,1.2148,0.5152,14,0.6667,1.157,0.4701,26,0.6,30,0.66,66,2005.0
prospective_temporal,chembl_future_after_2005_future_only,extratrees_scalars,1,chembl_raw,chembl_raw,O60674,Tyrosine-protein kinase JAK2,34,0.4706,0.9193,0.7884,17,1.0588,0.7908,0.7778,0.2282,0.4706,0.9702,1.0,2.125,1.0,1,1.0,2.125,1.0,2,1.0,2.125,1.0,4,0.4706,16,0.4706,16,2005.0
prospective_temporal,chembl_future_after_2005_future_only,extratrees_scalars,1,chembl_raw,chembl_raw,Q9Y5N1,Histamine H3 receptor,109,0.5138,0.9594,0.7969,62,1.4404,0.7401,0.7067,0.2366,0.5138,0.9329,1.0,1.9464,1.0,2,1.0,1.9464,1.0,6,0.9091,1.7695,0.8917,10,0.64,32,0.56,56,2005.0
prospective_temporal,chembl_future_after_2005_future_only,extratrees_scalars,1,chembl_raw,chembl_raw,P49841,Glycogen synthase kinase-3 beta,56,0.3929,0.6494,0.7622,19,1.0714,0.4676,0.6016,0.0255,0.3929,0.3431,0.0,0.0,0.0,0,0.3333,0.8485,0.1667,1,0.3333,0.8485,0.15,2,0.42,21,0.3929,22,2005.0
prospective_temporal,chembl_future_after_2005_future_only,extratrees_scalars,1,chembl_raw,chembl_raw,P00519,Tyrosine-protein kinase ABL1,90,0.3444,0.6056,0.7745,35,1.2778,0.4136,0.5063,0.023,0.3444,0.5256,1.0,2.9032,1.0,1,0.6,1.7419,0.55,3,0.3333,0.9677,0.3056,3,0.32,16,0.3444,31,2005.0
prospective_temporal,chembl_future_after_2005_future_only,extratrees_scalars,1,chembl_raw,chembl_raw,P11309,Serine/threonine-protein kinase pim-1,53,0.2264,0.4304,0.756,26,1.1698,0.3131,0.6667,-0.0545,0.2264,0.142,0.0,0.0,0.0,0,0.0,0.0,0.0,0,0.1667,0.7361,0.0417,1,0.24,12,0.2264,12,2005.0
prospective_temporal,chembl_future_after_2005_future_only,ecfp_absdiff_xgb,2,chembl_raw,chembl_raw,P35367,Histamine H1 receptor,396,0.1616,0.4532,0.7745,117,1.1338,0.1754,0.4549,-0.0415,0.1616,0.1113,0.5,3.0938,0.5,2,0.1,0.6188,0.1,2,0.05,0.3094,0.05,2,0.04,2,0.1,10,2005.0
prospective_temporal,chembl_future_after_2005_future_only,ecfp_absdiff_xgb,2,chembl_raw,chembl_raw,P42336,"Phosphatidylinositol 4,5-bisphosphate 3-kinase catalytic subunit alpha isoform",405,0.2716,0.4686,0.7647,206,1.2099,0.2912,0.516,0.0549,0.2716,0.2668,0.8,2.9455,0.6433,4,0.2381,0.8766,0.1657,5,0.1951,0.7184,0.1019,8,0.2,10,0.27,27,2005.0
prospective_temporal,chembl_future_after_2005_future_only,ecfp_absdiff_xgb,2,chembl_raw,chembl_raw,P10275,Androgen receptor,337,0.3591,0.5987,0.8042,84,1.2611,0.3748,0.4919,-0.0137,0.3591,0.4302,0.5,1.3926,0.2083,2,0.4118,1.1468,0.2351,7,0.4118,1.1468,0.2118,14,0.34,17,0.34,34,2005.0
prospective_temporal,chembl_future_after_2005_future_only,ecfp_absdiff_xgb,2,chembl_raw,chembl_raw,P23458,Tyrosine-protein kinase JAK1,1128,0.1667,0.3723,0.7479,568,1.0133,0.1786,0.528,0.009,0.1667,0.1688,0.1667,1.0,0.0256,2,0.1228,0.7368,0.0244,7,0.1416,0.8496,0.0231,16,0.14,7,0.15,15,2005.0
prospective_temporal,chembl_future_after_2005_future_only,ecfp_absdiff_xgb,2,chembl_raw,chembl_raw,P35372,Mu-type opioid receptor,109,0.6055,1.0582,0.8013,69,1.4862,0.6873,0.6011,0.1508,0.6055,0.7953,1.0,1.6515,1.0,2,0.6667,1.101,0.5917,4,0.8182,1.3512,0.6737,9,0.68,34,0.61,61,2005.0
prospective_temporal,chembl_future_after_2005_future_only,ecfp_absdiff_xgb,2,chembl_raw,chembl_raw,Q01959,Sodium-dependent dopamine transporter,283,0.258,0.4945,0.7827,63,1.2686,0.2908,0.4709,-0.1202,0.258,0.451,0.6667,2.5845,0.5556,2,0.4667,1.8091,0.2707,7,0.5172,2.0052,0.2742,15,0.4,20,0.28,28,2005.0
prospective_temporal,chembl_future_after_2005_future_only,ecfp_absdiff_xgb,2,chembl_raw,chembl_raw,P31645,Sodium-dependent serotonin transporter,285,0.3368,0.5894,0.7726,80,1.2772,0.3209,0.4602,-0.034,0.3368,0.1255,0.0,0.0,0.0,0,0.0667,0.1979,0.0044,1,0.1724,0.5119,0.0238,5,0.2,10,0.32,32,2005.0
prospective_temporal,chembl_future_after_2005_future_only,ecfp_absdiff_xgb,2,chembl_raw,chembl_raw,P41145,Kappa-type opioid receptor,112,0.3929,0.7146,0.7909,63,1.4732,0.4542,0.5739,0.0197,0.3929,0.4335,0.5,1.2727,0.5,1,0.3333,0.8485,0.2333,2,0.4167,1.0606,0.2228,5,0.48,24,0.4,40,2005.0
prospective_temporal,chembl_future_after_2005_future_only,ecfp_absdiff_xgb,2,chembl_raw,chembl_raw,P04150,Glucocorticoid receptor,719,0.2851,0.5136,0.7688,165,1.178,0.2974,0.5382,0.0596,0.2851,0.2437,0.0,0.0,0.0,0,0.2222,0.7794,0.0477,8,0.2778,0.9743,0.0636,20,0.2,10,0.31,31,2005.0
prospective_temporal,chembl_future_after_2005_future_only,ecfp_absdiff_xgb,2,chembl_raw,chembl_raw,O43614,Orexin receptor type 2,387,0.5762,1.0279,0.7648,164,1.23,0.6031,0.5524,0.0945,0.5762,0.5296,0.5,0.8677,0.375,2,0.4,0.6942,0.2001,8,0.6154,1.068,0.3315,24,0.58,29,0.59,59,2005.0
prospective_temporal,chembl_future_after_2005_future_only,ecfp_absdiff_xgb,2,chembl_raw,chembl_raw,O60674,Tyrosine-protein kinase JAK2,34,0.4706,0.9193,0.7884,17,1.0588,0.5687,0.4948,-0.1029,0.4706,0.8568,1.0,2.125,1.0,1,1.0,2.125,1.0,2,0.75,1.5938,0.75,3,0.4706,16,0.4706,16,2005.0
prospective_temporal,chembl_future_after_2005_future_only,ecfp_absdiff_xgb,2,chembl_raw,chembl_raw,Q9Y5N1,Histamine H3 receptor,109,0.5138,0.9594,0.7969,62,1.4404,0.638,0.6622,0.2425,0.5138,0.7147,1.0,1.9464,1.0,2,0.8333,1.622,0.7306,5,0.6364,1.2386,0.5471,7,0.62,31,0.55,55,2005.0
prospective_temporal,chembl_future_after_2005_future_only,ecfp_absdiff_xgb,2,chembl_raw,chembl_raw,P49841,Glycogen synthase kinase-3 beta,56,0.3929,0.6494,0.7622,19,1.0714,0.3421,0.4205,-0.0576,0.3929,0.0647,0.0,0.0,0.0,0,0.0,0.0,0.0,0,0.1667,0.4242,0.0278,1,0.38,19,0.3929,22,2005.0
prospective_temporal,chembl_future_after_2005_future_only,ecfp_absdiff_xgb,2,chembl_raw,chembl_raw,P00519,Tyrosine-protein kinase ABL1,90,0.3444,0.6056,0.7745,35,1.2778,0.5472,0.7597,0.4,0.3444,0.596,0.0,0.0,0.0,0,0.6,1.7419,0.32,3,0.6667,1.9355,0.4146,6,0.54,27,0.3444,31,2005.0
prospective_temporal,chembl_future_after_2005_future_only,ecfp_absdiff_xgb,2,chembl_raw,chembl_raw,P11309,Serine/threonine-protein kinase pim-1,53,0.2264,0.4304,0.756,26,1.1698,0.4041,0.6575,0.1004,0.2264,0.4953,1.0,4.4167,1.0,1,0.3333,1.4722,0.3333,1,0.5,2.2083,0.3333,3,0.24,12,0.2264,12,2005.0
prospective_temporal,chembl_future_after_2005_future_only,rich_diff_scalars,2,chembl_raw,chembl_raw,P35367,Histamine H1 receptor,396,0.1616,0.4532,0.7745,117,1.1338,0.2645,0.6291,0.1183,0.1616,0.3173,0.25,1.5469,0.25,1,0.3,1.8562,0.1423,6,0.3,1.8562,0.1185,12,0.28,14,0.28,28,2005.0
prospective_temporal,chembl_future_after_2005_future_only,rich_diff_scalars,2,chembl_raw,chembl_raw,P42336,"Phosphatidylinositol 4,5-bisphosphate 3-kinase catalytic subunit alpha isoform",405,0.2716,0.4686,0.7647,206,1.2099,0.3011,0.5366,0.0192,0.2716,0.3426,0.4,1.4727,0.13,2,0.4286,1.5779,0.1895,9,0.3171,1.1674,0.1336,13,0.3,15,0.25,25,2005.0
prospective_temporal,chembl_future_after_2005_future_only,rich_diff_scalars,2,chembl_raw,chembl_raw,P10275,Androgen receptor,337,0.3591,0.5987,0.8042,84,1.2611,0.379,0.4758,-0.0311,0.3591,0.4686,0.5,1.3926,0.4167,2,0.5294,1.4745,0.3819,9,0.3824,1.0649,0.2593,13,0.28,14,0.29,29,2005.0
prospective_temporal,chembl_future_after_2005_future_only,rich_diff_scalars,2,chembl_raw,chembl_raw,P23458,Tyrosine-protein kinase JAK1,1128,0.1667,0.3723,0.7479,568,1.0133,0.3444,0.6928,0.1528,0.1667,0.4539,0.5833,3.5,0.4159,7,0.4561,2.7368,0.258,26,0.4425,2.6549,0.2272,50,0.48,24,0.45,45,2005.0
prospective_temporal,chembl_future_after_2005_future_only,rich_diff_scalars,2,chembl_raw,chembl_raw,P35372,Mu-type opioid receptor,109,0.6055,1.0582,0.8013,69,1.4862,0.7098,0.6512,0.2382,0.6055,0.7058,0.5,0.8258,0.5,1,0.6667,1.101,0.5139,4,0.7273,1.2011,0.5502,8,0.72,36,0.62,62,2005.0
prospective_temporal,chembl_future_after_2005_future_only,rich_diff_scalars,2,chembl_raw,chembl_raw,Q01959,Sodium-dependent dopamine transporter,283,0.258,0.4945,0.7827,63,1.2686,0.4087,0.6836,0.2363,0.258,0.4779,0.0,0.0,0.0,0,0.5333,2.0676,0.2427,8,0.5517,2.1389,0.2779,16,0.4,20,0.39,39,2005.0
prospective_temporal,chembl_future_after_2005_future_only,rich_diff_scalars,2,chembl_raw,chembl_raw,P31645,Sodium-dependent serotonin transporter,285,0.3368,0.5894,0.7726,80,1.2772,0.64,0.7104,0.3137,0.3368,0.8371,1.0,2.9688,1.0,3,1.0,2.9688,1.0,15,0.7586,2.2522,0.7063,22,0.74,37,0.56,56,2005.0
prospective_temporal,chembl_future_after_2005_future_only,rich_diff_scalars,2,chembl_raw,chembl_raw,P41145,Kappa-type opioid receptor,112,0.3929,0.7146,0.7909,63,1.4732,0.5906,0.6892,0.2863,0.3929,0.6911,1.0,2.5455,1.0,2,0.6667,1.697,0.6333,4,0.6667,1.697,0.5456,8,0.54,27,0.41,41,2005.0
prospective_temporal,chembl_future_after_2005_future_only,rich_diff_scalars,2,chembl_raw,chembl_raw,P04150,Glucocorticoid receptor,719,0.2851,0.5136,0.7688,165,1.178,0.4111,0.6019,0.2078,0.2851,0.5231,0.625,2.1921,0.6042,5,0.4722,1.6562,0.3263,17,0.5417,1.8998,0.3233,39,0.52,26,0.52,52,2005.0
prospective_temporal,chembl_future_after_2005_future_only,rich_diff_scalars,2,chembl_raw,chembl_raw,O43614,Orexin receptor type 2,387,0.5762,1.0279,0.7648,164,1.23,0.6252,0.5674,-0.0472,0.5762,0.5914,0.75,1.3016,0.6042,3,0.5,0.8677,0.337,10,0.5897,1.0235,0.3548,23,0.66,33,0.66,66,2005.0
prospective_temporal,chembl_future_after_2005_future_only,rich_diff_scalars,2,chembl_raw,chembl_raw,O60674,Tyrosine-protein kinase JAK2,34,0.4706,0.9193,0.7884,17,1.0588,0.8647,0.8681,0.4677,0.4706,0.9902,1.0,2.125,1.0,1,1.0,2.125,1.0,2,1.0,2.125,1.0,4,0.4706,16,0.4706,16,2005.0
prospective_temporal,chembl_future_after_2005_future_only,rich_diff_scalars,2,chembl_raw,chembl_raw,Q9Y5N1,Histamine H3 receptor,109,0.5138,0.9594,0.7969,62,1.4404,0.5554,0.5948,-0.1015,0.5138,0.4431,0.5,0.9732,0.25,1,0.5,0.9732,0.2778,3,0.4545,0.8847,0.2292,5,0.6,30,0.53,53,2005.0
prospective_temporal,chembl_future_after_2005_future_only,rich_diff_scalars,2,chembl_raw,chembl_raw,P49841,Glycogen synthase kinase-3 beta,56,0.3929,0.6494,0.7622,19,1.0714,0.4621,0.5247,-0.1529,0.3929,0.5387,1.0,2.5455,1.0,1,0.6667,1.697,0.6667,2,0.3333,0.8485,0.3333,2,0.4,20,0.3929,22,2005.0
prospective_temporal,chembl_future_after_2005_future_only,rich_diff_scalars,2,chembl_raw,chembl_raw,P00519,Tyrosine-protein kinase ABL1,90,0.3444,0.6056,0.7745,35,1.2778,0.5108,0.6774,0.208,0.3444,0.5914,1.0,2.9032,1.0,1,0.6,1.7419,0.55,3,0.5556,1.6129,0.4414,5,0.48,24,0.3444,31,2005.0
prospective_temporal,chembl_future_after_2005_future_only,rich_diff_scalars,2,chembl_raw,chembl_raw,P11309,Serine/threonine-protein kinase pim-1,53,0.2264,0.4304,0.756,26,1.1698,0.3947,0.6728,0.1678,0.2264,0.4138,0.0,0.0,0.0,0,0.6667,2.9444,0.3889,2,0.3333,1.4722,0.1944,2,0.24,12,0.2264,12,2005.0
prospective_temporal,chembl_future_after_2005_future_only,rich_scalars_only,2,chembl_raw,chembl_raw,P35367,Histamine H1 receptor,396,0.1616,0.4532,0.7745,117,1.1338,0.2012,0.5917,0.0088,0.1616,0.1108,0.0,0.0,0.0,0,0.0,0.0,0.0,0,0.1,0.6188,0.0095,4,0.12,6,0.24,24,2005.0
prospective_temporal,chembl_future_after_2005_future_only,rich_scalars_only,2,chembl_raw,chembl_raw,P42336,"Phosphatidylinositol 4,5-bisphosphate 3-kinase catalytic subunit alpha isoform",405,0.2716,0.4686,0.7647,206,1.2099,0.2944,0.541,0.0038,0.2716,0.2919,0.4,1.4727,0.2,2,0.2381,0.8766,0.0948,5,0.2927,1.0776,0.1018,12,0.28,14,0.27,27,2005.0
prospective_temporal,chembl_future_after_2005_future_only,rich_scalars_only,2,chembl_raw,chembl_raw,P10275,Androgen receptor,337,0.3591,0.5987,0.8042,84,1.2611,0.3589,0.5038,0.0079,0.3591,0.3497,0.25,0.6963,0.0625,1,0.3529,0.983,0.1291,6,0.3529,0.983,0.1402,12,0.3,15,0.31,31,2005.0
prospective_temporal,chembl_future_after_2005_future_only,rich_scalars_only,2,chembl_raw,chembl_raw,P23458,Tyrosine-protein kinase JAK1,1128,0.1667,0.3723,0.7479,568,1.0133,0.3318,0.6845,0.1975,0.1667,0.4545,0.3333,2.0,0.1477,4,0.4912,2.9474,0.24,28,0.4513,2.708,0.217,51,0.48,24,0.46,46,2005.0
prospective_temporal,chembl_future_after_2005_future_only,rich_scalars_only,2,chembl_raw,chembl_raw,P35372,Mu-type opioid receptor,109,0.6055,1.0582,0.8013,69,1.4862,0.6958,0.5997,0.2001,0.6055,0.7208,0.5,0.8258,0.5,1,0.6667,1.101,0.5139,4,0.7273,1.2011,0.5432,8,0.66,33,0.59,59,2005.0
prospective_temporal,chembl_future_after_2005_future_only,rich_scalars_only,2,chembl_raw,chembl_raw,Q01959,Sodium-dependent dopamine transporter,283,0.258,0.4945,0.7827,63,1.2686,0.4322,0.7118,0.3036,0.258,0.4752,0.3333,1.2922,0.1667,1,0.4667,1.8091,0.1991,7,0.5862,2.2726,0.2933,17,0.48,24,0.43,43,2005.0
prospective_temporal,chembl_future_after_2005_future_only,rich_scalars_only,2,chembl_raw,chembl_raw,P31645,Sodium-dependent serotonin transporter,285,0.3368,0.5894,0.7726,80,1.2772,0.6283,0.7177,0.2819,0.3368,0.8029,1.0,2.9688,1.0,3,0.8667,2.5729,0.827,13,0.7241,2.1498,0.659,21,0.7,35,0.57,57,2005.0
prospective_temporal,chembl_future_after_2005_future_only,rich_scalars_only,2,chembl_raw,chembl_raw,P41145,Kappa-type opioid receptor,112,0.3929,0.7146,0.7909,63,1.4732,0.649,0.7204,0.2863,0.3929,0.7856,1.0,2.5455,1.0,2,0.8333,2.1212,0.7306,5,0.8333,2.1212,0.7139,10,0.56,28,0.41,41,2005.0
prospective_temporal,chembl_future_after_2005_future_only,rich_scalars_only,2,chembl_raw,chembl_raw,P04150,Glucocorticoid receptor,719,0.2851,0.5136,0.7688,165,1.178,0.4208,0.6029,0.2136,0.2851,0.543,0.625,2.1921,0.6042,5,0.5278,1.8511,0.3865,19,0.5,1.7537,0.3217,36,0.54,27,0.51,51,2005.0
prospective_temporal,chembl_future_after_2005_future_only,rich_scalars_only,2,chembl_raw,chembl_raw,O43614,Orexin receptor type 2,387,0.5762,1.0279,0.7648,164,1.23,0.6512,0.5907,0.0897,0.5762,0.6818,0.75,1.3016,0.6875,3,0.6,1.0413,0.4292,12,0.6923,1.2014,0.4841,27,0.72,36,0.67,67,2005.0
prospective_temporal,chembl_future_after_2005_future_only,rich_scalars_only,2,chembl_raw,chembl_raw,O60674,Tyrosine-protein kinase JAK2,34,0.4706,0.9193,0.7884,17,1.0588,0.885,0.8819,0.4677,0.4706,0.9945,1.0,2.125,1.0,1,1.0,2.125,1.0,2,1.0,2.125,1.0,4,0.4706,16,0.4706,16,2005.0
prospective_temporal,chembl_future_after_2005_future_only,rich_scalars_only,2,chembl_raw,chembl_raw,Q9Y5N1,Histamine H3 receptor,109,0.5138,0.9594,0.7969,62,1.4404,0.5096,0.4852,-0.0784,0.5138,0.4447,0.5,0.9732,0.5,1,0.5,0.9732,0.3611,3,0.3636,0.7078,0.2424,4,0.56,28,0.5,50,2005.0
prospective_temporal,chembl_future_after_2005_future_only,rich_scalars_only,2,chembl_raw,chembl_raw,P49841,Glycogen synthase kinase-3 beta,56,0.3929,0.6494,0.7622,19,1.0714,0.4631,0.5154,-0.0296,0.3929,0.5509,1.0,2.5455,1.0,1,0.6667,1.697,0.6667,2,0.3333,0.8485,0.3333,2,0.4,20,0.3929,22,2005.0
prospective_temporal,chembl_future_after_2005_future_only,rich_scalars_only,2,chembl_raw,chembl_raw,P00519,Tyrosine-protein kinase ABL1,90,0.3444,0.6056,0.7745,35,1.2778,0.4816,0.623,0.1841,0.3444,0.5495,1.0,2.9032,1.0,1,0.6,1.7419,0.55,3,0.4444,1.2903,0.3611,4,0.44,22,0.3444,31,2005.0
prospective_temporal,chembl_future_after_2005_future_only,rich_scalars_only,2,chembl_raw,chembl_raw,P11309,Serine/threonine-protein kinase pim-1,53,0.2264,0.4304,0.756,26,1.1698,0.3017,0.6179,0.0305,0.2264,0.1916,0.0,0.0,0.0,0,0.0,0.0,0.0,0,0.3333,1.4722,0.1083,2,0.24,12,0.2264,12,2005.0
prospective_temporal,chembl_future_after_2005_future_only,extratrees_scalars,2,chembl_raw,chembl_raw,P35367,Histamine H1 receptor,396,0.1616,0.4532,0.7745,117,1.1338,0.1606,0.4779,-0.0329,0.1616,0.1431,0.25,1.5469,0.0833,1,0.1,0.6188,0.0219,2,0.175,1.0828,0.031,7,0.16,8,0.13,13,2005.0
prospective_temporal,chembl_future_after_2005_future_only,extratrees_scalars,2,chembl_raw,chembl_raw,P42336,"Phosphatidylinositol 4,5-bisphosphate 3-kinase catalytic subunit alpha isoform",405,0.2716,0.4686,0.7647,206,1.2099,0.2978,0.5398,0.0472,0.2716,0.2955,0.2,0.7364,0.05,1,0.2857,1.0519,0.0906,6,0.2927,1.0776,0.0899,12,0.32,16,0.3,30,2005.0
prospective_temporal,chembl_future_after_2005_future_only,extratrees_scalars,2,chembl_raw,chembl_raw,P10275,Androgen receptor,337,0.3591,0.5987,0.8042,84,1.2611,0.3884,0.5356,0.0917,0.3591,0.409,0.5,1.3926,0.25,2,0.4706,1.3106,0.2503,8,0.3529,0.983,0.1755,12,0.34,17,0.36,36,2005.0
prospective_temporal,chembl_future_after_2005_future_only,extratrees_scalars,2,chembl_raw,chembl_raw,P23458,Tyrosine-protein kinase JAK1,1128,0.1667,0.3723,0.7479,568,1.0133,0.3119,0.676,0.1908,0.1667,0.4111,0.4167,2.5,0.3287,5,0.4561,2.7368,0.2389,26,0.3805,2.2832,0.184,43,0.44,22,0.39,39,2005.0
prospective_temporal,chembl_future_after_2005_future_only,extratrees_scalars,2,chembl_raw,chembl_raw,P35372,Mu-type opioid receptor,109,0.6055,1.0582,0.8013,69,1.4862,0.7652,0.6522,0.1159,0.6055,0.9387,1.0,1.6515,1.0,2,1.0,1.6515,1.0,6,0.9091,1.5014,0.9008,10,0.7,35,0.61,61,2005.0
prospective_temporal,chembl_future_after_2005_future_only,extratrees_scalars,2,chembl_raw,chembl_raw,Q01959,Sodium-dependent dopamine transporter,283,0.258,0.4945,0.7827,63,1.2686,0.4335,0.6746,0.2339,0.258,0.5357,0.6667,2.5845,0.5556,2,0.5333,2.0676,0.3517,8,0.5172,2.0052,0.3119,15,0.52,26,0.38,38,2005.0
prospective_temporal,chembl_future_after_2005_future_only,extratrees_scalars,2,chembl_raw,chembl_raw,P31645,Sodium-dependent serotonin transporter,285,0.3368,0.5894,0.7726,80,1.2772,0.5697,0.6332,0.2322,0.3368,0.8173,1.0,2.9688,1.0,3,0.9333,2.7708,0.9333,14,0.7586,2.2522,0.716,22,0.62,31,0.47,47,2005.0
prospective_temporal,chembl_future_after_2005_future_only,extratrees_scalars,2,chembl_raw,chembl_raw,P41145,Kappa-type opioid receptor,112,0.3929,0.7146,0.7909,63,1.4732,0.6453,0.6852,0.2628,0.3929,0.8494,1.0,2.5455,1.0,2,0.8333,2.1212,0.8333,5,0.8333,2.1212,0.7858,10,0.58,29,0.39,39,2005.0
prospective_temporal,chembl_future_after_2005_future_only,extratrees_scalars,2,chembl_raw,chembl_raw,P04150,Glucocorticoid receptor,719,0.2851,0.5136,0.7688,165,1.178,0.4065,0.5891,0.1195,0.2851,0.5354,1.0,3.5073,1.0,8,0.5833,2.0459,0.5166,21,0.4444,1.5588,0.334,32,0.5,25,0.42,42,2005.0
prospective_temporal,chembl_future_after_2005_future_only,extratrees_scalars,2,chembl_raw,chembl_raw,O43614,Orexin receptor type 2,387,0.5762,1.0279,0.7648,164,1.23,0.6556,0.6124,0.1347,0.5762,0.6397,0.75,1.3016,0.75,3,0.55,0.9545,0.4006,11,0.641,1.1125,0.4332,25,0.64,32,0.68,68,2005.0
prospective_temporal,chembl_future_after_2005_future_only,extratrees_scalars,2,chembl_raw,chembl_raw,O60674,Tyrosine-protein kinase JAK2,34,0.4706,0.9193,0.7884,17,1.0588,0.7637,0.7569,0.4708,0.4706,0.9421,1.0,2.125,1.0,1,1.0,2.125,1.0,2,1.0,2.125,1.0,4,0.4706,16,0.4706,16,2005.0
prospective_temporal,chembl_future_after_2005_future_only,extratrees_scalars,2,chembl_raw,chembl_raw,Q9Y5N1,Histamine H3 receptor,109,0.5138,0.9594,0.7969,62,1.4404,0.7105,0.6986,0.2495,0.5138,0.8242,0.5,0.9732,0.5,1,0.8333,1.622,0.675,5,0.9091,1.7695,0.7709,10,0.64,32,0.55,55,2005.0
prospective_temporal,chembl_future_after_2005_future_only,extratrees_scalars,2,chembl_raw,chembl_raw,P49841,Glycogen synthase kinase-3 beta,56,0.3929,0.6494,0.7622,19,1.0714,0.4411,0.5628,-0.0149,0.3929,0.3333,0.0,0.0,0.0,0,0.3333,0.8485,0.1111,1,0.5,1.2727,0.2222,3,0.4,20,0.3929,22,2005.0
prospective_temporal,chembl_future_after_2005_future_only,extratrees_scalars,2,chembl_raw,chembl_raw,P00519,Tyrosine-protein kinase ABL1,90,0.3444,0.6056,0.7745,35,1.2778,0.4536,0.6107,0.076,0.3444,0.5264,0.0,0.0,0.0,0,0.8,2.3226,0.5433,4,0.4444,1.2903,0.3019,4,0.44,22,0.3444,31,2005.0
prospective_temporal,chembl_future_after_2005_future_only,extratrees_scalars,2,chembl_raw,chembl_raw,P11309,Serine/threonine-protein kinase pim-1,53,0.2264,0.4304,0.756,26,1.1698,0.3666,0.6524,0.0238,0.2264,0.3929,0.0,0.0,0.0,0,0.6667,2.9444,0.3889,2,0.3333,1.4722,0.1944,2,0.24,12,0.2264,12,2005.0
prospective_temporal,chembl_future_after_2005_scaffold_source_purged,ecfp_absdiff_xgb,0,chembl_raw,chembl_raw,P35367,Histamine H1 receptor,396,0.1616,0.4532,0.7745,117,1.1338,0.1422,0.4409,-0.0842,0.1616,0.0213,0.0,0.0,0.0,0,0.0,0.0,0.0,0,0.0,0.0,0.0,0,0.0,0,0.1,10,2005.0
prospective_temporal,chembl_future_after_2005_scaffold_source_purged,ecfp_absdiff_xgb,0,chembl_raw,chembl_raw,P42336,"Phosphatidylinositol 4,5-bisphosphate 3-kinase catalytic subunit alpha isoform",405,0.2716,0.4686,0.7647,206,1.2099,0.2876,0.5198,-0.0595,0.2716,0.1746,0.2,0.7364,0.2,1,0.0476,0.1753,0.0476,1,0.2439,0.898,0.0642,10,0.24,12,0.23,23,2005.0
prospective_temporal,chembl_future_after_2005_scaffold_source_purged,ecfp_absdiff_xgb,0,chembl_raw,chembl_raw,P10275,Androgen receptor,337,0.3591,0.5987,0.8042,84,1.2611,0.3753,0.4913,0.0186,0.3591,0.4422,0.5,1.3926,0.5,2,0.4706,1.3106,0.3312,8,0.3824,1.0649,0.2247,13,0.38,19,0.4,40,2005.0
prospective_temporal,chembl_future_after_2005_scaffold_source_purged,ecfp_absdiff_xgb,0,chembl_raw,chembl_raw,P23458,Tyrosine-protein kinase JAK1,1128,0.1667,0.3723,0.7479,568,1.0133,0.2204,0.6015,0.0986,0.1667,0.258,0.25,1.5,0.0579,3,0.2982,1.7895,0.0864,17,0.2212,1.3274,0.0601,25,0.34,17,0.24,24,2005.0
prospective_temporal,chembl_future_after_2005_scaffold_source_purged,ecfp_absdiff_xgb,0,chembl_raw,chembl_raw,P35372,Mu-type opioid receptor,109,0.6055,1.0582,0.8013,69,1.4862,0.6276,0.5194,0.0835,0.6055,0.7171,1.0,1.6515,1.0,2,0.6667,1.101,0.5917,4,0.7273,1.2011,0.578,8,0.66,33,0.62,62,2005.0
prospective_temporal,chembl_future_after_2005_scaffold_source_purged,ecfp_absdiff_xgb,0,chembl_raw,chembl_raw,Q01959,Sodium-dependent dopamine transporter,283,0.258,0.4945,0.7827,63,1.2686,0.2663,0.4567,0.1211,0.258,0.3838,0.6667,2.5845,0.6667,2,0.4,1.5507,0.2948,6,0.3103,1.2031,0.1983,9,0.22,11,0.2,20,2005.0
prospective_temporal,chembl_future_after_2005_scaffold_source_purged,ecfp_absdiff_xgb,0,chembl_raw,chembl_raw,P31645,Sodium-dependent serotonin transporter,285,0.3368,0.5894,0.7726,80,1.2772,0.3112,0.4334,-0.131,0.3368,0.185,0.0,0.0,0.0,0,0.2,0.5938,0.0524,3,0.1379,0.4095,0.0326,4,0.22,11,0.27,27,2005.0
prospective_temporal,chembl_future_after_2005_scaffold_source_purged,ecfp_absdiff_xgb,0,chembl_raw,chembl_raw,P41145,Kappa-type opioid receptor,112,0.3929,0.7146,0.7909,63,1.4732,0.409,0.435,-0.0533,0.3929,0.4902,1.0,2.5455,1.0,2,0.5,1.2727,0.4167,3,0.4167,1.0606,0.308,5,0.32,16,0.36,36,2005.0
prospective_temporal,chembl_future_after_2005_scaffold_source_purged,ecfp_absdiff_xgb,0,chembl_raw,chembl_raw,P04150,Glucocorticoid receptor,719,0.2851,0.5136,0.7688,165,1.178,0.3211,0.5513,-0.014,0.2851,0.3175,0.125,0.4384,0.0625,1,0.3611,1.2665,0.1133,13,0.3333,1.1691,0.1178,24,0.38,19,0.29,29,2005.0
prospective_temporal,chembl_future_after_2005_scaffold_source_purged,ecfp_absdiff_xgb,0,chembl_raw,chembl_raw,O43614,Orexin receptor type 2,387,0.5762,1.0279,0.7648,164,1.23,0.5801,0.5084,-0.073,0.5762,0.5022,0.5,0.8677,0.2917,2,0.45,0.7809,0.2501,9,0.4872,0.8455,0.2484,19,0.52,26,0.6,60,2005.0
prospective_temporal,chembl_future_after_2005_scaffold_source_purged,ecfp_absdiff_xgb,0,chembl_raw,chembl_raw,O60674,Tyrosine-protein kinase JAK2,34,0.4706,0.9193,0.7884,17,1.0588,0.4346,0.4688,0.0327,0.4706,0.1423,0.0,0.0,0.0,0,0.0,0.0,0.0,0,0.25,0.5312,0.0625,1,0.4706,16,0.4706,16,2005.0
prospective_temporal,chembl_future_after_2005_scaffold_source_purged,ecfp_absdiff_xgb,0,chembl_raw,chembl_raw,Q9Y5N1,Histamine H3 receptor,109,0.5138,0.9594,0.7969,62,1.4404,0.5367,0.5143,0.0569,0.5138,0.6305,1.0,1.9464,1.0,2,0.8333,1.622,0.7722,5,0.4545,0.8847,0.4212,5,0.5,25,0.55,55,2005.0
prospective_temporal,chembl_future_after_2005_scaffold_source_purged,ecfp_absdiff_xgb,0,chembl_raw,chembl_raw,P49841,Glycogen synthase kinase-3 beta,56,0.3929,0.6494,0.7622,19,1.0714,0.4146,0.502,-0.1216,0.3929,0.2106,0.0,0.0,0.0,0,0.0,0.0,0.0,0,0.3333,0.8485,0.1083,2,0.38,19,0.3929,22,2005.0
prospective_temporal,chembl_future_after_2005_scaffold_source_purged,ecfp_absdiff_xgb,0,chembl_raw,chembl_raw,P00519,Tyrosine-protein kinase ABL1,90,0.3444,0.6056,0.7745,35,1.2778,0.5511,0.7695,0.1844,0.3444,0.5638,0.0,0.0,0.0,0,0.6,1.7419,0.32,3,0.6667,1.9355,0.3848,6,0.56,28,0.3444,31,2005.0
prospective_temporal,chembl_future_after_2005_scaffold_source_purged,ecfp_absdiff_xgb,0,chembl_raw,chembl_raw,P11309,Serine/threonine-protein kinase pim-1,53,0.2264,0.4304,0.756,26,1.1698,0.3278,0.5244,0.1868,0.2264,0.5471,1.0,4.4167,1.0,1,0.6667,2.9444,0.6667,2,0.3333,1.4722,0.3333,2,0.22,11,0.2264,12,2005.0
prospective_temporal,chembl_future_after_2005_scaffold_source_purged,rich_diff_scalars,0,chembl_raw,chembl_raw,P35367,Histamine H1 receptor,396,0.1616,0.4532,0.7745,117,1.1338,0.34,0.6644,0.2505,0.1616,0.4236,0.75,4.6406,0.6875,3,0.4,2.475,0.2734,8,0.325,2.0109,0.1817,13,0.4,20,0.3,30,2005.0
prospective_temporal,chembl_future_after_2005_scaffold_source_purged,rich_diff_scalars,0,chembl_raw,chembl_raw,P42336,"Phosphatidylinositol 4,5-bisphosphate 3-kinase catalytic subunit alpha isoform",405,0.2716,0.4686,0.7647,206,1.2099,0.3193,0.5375,0.0101,0.2716,0.3981,0.4,1.4727,0.1667,2,0.5238,1.9286,0.2731,11,0.3659,1.347,0.179,15,0.32,16,0.33,33,2005.0
prospective_temporal,chembl_future_after_2005_scaffold_source_purged,rich_diff_scalars,0,chembl_raw,chembl_raw,P10275,Androgen receptor,337,0.3591,0.5987,0.8042,84,1.2611,0.4107,0.5136,0.0469,0.3591,0.4612,1.0,2.7851,1.0,4,0.4706,1.3106,0.3586,8,0.3824,1.0649,0.2377,13,0.42,21,0.39,39,2005.0
prospective_temporal,chembl_future_after_2005_scaffold_source_purged,rich_diff_scalars,0,chembl_raw,chembl_raw,P23458,Tyrosine-protein kinase JAK1,1128,0.1667,0.3723,0.7479,568,1.0133,0.403,0.7805,0.2244,0.1667,0.4794,0.4167,2.5,0.2386,5,0.4561,2.7368,0.2141,26,0.469,2.8142,0.2219,53,0.42,21,0.48,48,2005.0
prospective_temporal,chembl_future_after_2005_scaffold_source_purged,rich_diff_scalars,0,chembl_raw,chembl_raw,P35372,Mu-type opioid receptor,109,0.6055,1.0582,0.8013,69,1.4862,0.6414,0.5546,0.0928,0.6055,0.5509,0.5,0.8258,0.5,1,0.3333,0.5505,0.2333,2,0.6364,1.051,0.3746,7,0.62,31,0.62,62,2005.0
prospective_temporal,chembl_future_after_2005_scaffold_source_purged,rich_diff_scalars,0,chembl_raw,chembl_raw,Q01959,Sodium-dependent dopamine transporter,283,0.258,0.4945,0.7827,63,1.2686,0.3366,0.6031,0.1807,0.258,0.3875,0.3333,1.2922,0.1111,1,0.4667,1.8091,0.2183,7,0.3103,1.2031,0.1423,9,0.32,16,0.31,31,2005.0
prospective_temporal,chembl_future_after_2005_scaffold_source_purged,rich_diff_scalars,0,chembl_raw,chembl_raw,P31645,Sodium-dependent serotonin transporter,285,0.3368,0.5894,0.7726,80,1.2772,0.3718,0.5564,0.1182,0.3368,0.3282,0.0,0.0,0.0,0,0.4,1.1875,0.141,6,0.2759,0.819,0.094,8,0.38,19,0.4,40,2005.0
prospective_temporal,chembl_future_after_2005_scaffold_source_purged,rich_diff_scalars,0,chembl_raw,chembl_raw,P41145,Kappa-type opioid receptor,112,0.3929,0.7146,0.7909,63,1.4732,0.387,0.4632,-0.0829,0.3929,0.3595,0.0,0.0,0.0,0,0.5,1.2727,0.2056,3,0.3333,0.8485,0.1398,4,0.36,18,0.39,39,2005.0
prospective_temporal,chembl_future_after_2005_scaffold_source_purged,rich_diff_scalars,0,chembl_raw,chembl_raw,P04150,Glucocorticoid receptor,719,0.2851,0.5136,0.7688,165,1.178,0.4469,0.6309,0.2234,0.2851,0.5962,0.75,2.6305,0.6979,6,0.6111,2.1434,0.4778,22,0.5694,1.9972,0.3997,41,0.62,31,0.54,54,2005.0
prospective_temporal,chembl_future_after_2005_scaffold_source_purged,rich_diff_scalars,0,chembl_raw,chembl_raw,O43614,Orexin receptor type 2,387,0.5762,1.0279,0.7648,164,1.23,0.6286,0.5872,0.0558,0.5762,0.5697,0.5,0.8677,0.375,2,0.45,0.7809,0.2608,9,0.6154,1.068,0.3481,24,0.66,33,0.64,64,2005.0
prospective_temporal,chembl_future_after_2005_scaffold_source_purged,rich_diff_scalars,0,chembl_raw,chembl_raw,O60674,Tyrosine-protein kinase JAK2,34,0.4706,0.9193,0.7884,17,1.0588,0.6065,0.6823,0.2888,0.4706,0.4026,0.0,0.0,0.0,0,0.5,1.0625,0.25,1,0.5,1.0625,0.25,2,0.4706,16,0.4706,16,2005.0
prospective_temporal,chembl_future_after_2005_scaffold_source_purged,rich_diff_scalars,0,chembl_raw,chembl_raw,Q9Y5N1,Histamine H3 receptor,109,0.5138,0.9594,0.7969,62,1.4404,0.5418,0.5773,0.0341,0.5138,0.3663,0.5,0.9732,0.5,1,0.1667,0.3244,0.1667,1,0.4545,0.8847,0.2216,5,0.56,28,0.56,56,2005.0
prospective_temporal,chembl_future_after_2005_scaffold_source_purged,rich_diff_scalars,0,chembl_raw,chembl_raw,P49841,Glycogen synthase kinase-3 beta,56,0.3929,0.6494,0.7622,19,1.0714,0.4655,0.508,-0.077,0.3929,0.6141,1.0,2.5455,1.0,1,0.6667,1.697,0.5556,2,0.6667,1.697,0.5139,4,0.38,19,0.3929,22,2005.0
prospective_temporal,chembl_future_after_2005_scaffold_source_purged,rich_diff_scalars,0,chembl_raw,chembl_raw,P00519,Tyrosine-protein kinase ABL1,90,0.3444,0.6056,0.7745,35,1.2778,0.4799,0.632,0.0514,0.3444,0.5583,1.0,2.9032,1.0,1,0.6,1.7419,0.6,3,0.3333,0.9677,0.3333,3,0.44,22,0.3444,31,2005.0
prospective_temporal,chembl_future_after_2005_scaffold_source_purged,rich_diff_scalars,0,chembl_raw,chembl_raw,P11309,Serine/threonine-protein kinase pim-1,53,0.2264,0.4304,0.756,26,1.1698,0.4284,0.6402,0.2606,0.2264,0.5178,1.0,4.4167,1.0,1,0.3333,1.4722,0.3333,1,0.5,2.2083,0.35,3,0.24,12,0.2264,12,2005.0
prospective_temporal,chembl_future_after_2005_scaffold_source_purged,rich_scalars_only,0,chembl_raw,chembl_raw,P35367,Histamine H1 receptor,396,0.1616,0.4532,0.7745,117,1.1338,0.1914,0.5573,0.0017,0.1616,0.1205,0.0,0.0,0.0,0,0.05,0.3094,0.0071,1,0.15,0.9281,0.0178,6,0.16,8,0.22,22,2005.0
prospective_temporal,chembl_future_after_2005_scaffold_source_purged,rich_scalars_only,0,chembl_raw,chembl_raw,P42336,"Phosphatidylinositol 4,5-bisphosphate 3-kinase catalytic subunit alpha isoform",405,0.2716,0.4686,0.7647,206,1.2099,0.2895,0.5208,-0.0006,0.2716,0.2906,0.4,1.4727,0.2333,2,0.2857,1.0519,0.1324,6,0.2439,0.898,0.0951,10,0.26,13,0.28,28,2005.0
prospective_temporal,chembl_future_after_2005_scaffold_source_purged,rich_scalars_only,0,chembl_raw,chembl_raw,P10275,Androgen receptor,337,0.3591,0.5987,0.8042,84,1.2611,0.3623,0.5184,-0.0302,0.3591,0.3326,0.0,0.0,0.0,0,0.4706,1.3106,0.1573,8,0.3529,0.983,0.1315,12,0.32,16,0.32,32,2005.0
prospective_temporal,chembl_future_after_2005_scaffold_source_purged,rich_scalars_only,0,chembl_raw,chembl_raw,P23458,Tyrosine-protein kinase JAK1,1128,0.1667,0.3723,0.7479,568,1.0133,0.3931,0.7562,0.1835,0.1667,0.4723,0.6667,4.0,0.4987,8,0.4386,2.6316,0.2441,25,0.4867,2.9204,0.2425,55,0.42,21,0.47,47,2005.0
prospective_temporal,chembl_future_after_2005_scaffold_source_purged,rich_scalars_only,0,chembl_raw,chembl_raw,P35372,Mu-type opioid receptor,109,0.6055,1.0582,0.8013,69,1.4862,0.6088,0.5354,0.0385,0.6055,0.4527,0.0,0.0,0.0,0,0.3333,0.5505,0.1389,2,0.5455,0.9008,0.2453,6,0.6,30,0.63,63,2005.0
prospective_temporal,chembl_future_after_2005_scaffold_source_purged,rich_scalars_only,0,chembl_raw,chembl_raw,Q01959,Sodium-dependent dopamine transporter,283,0.258,0.4945,0.7827,63,1.2686,0.4212,0.7063,0.3094,0.258,0.4968,0.3333,1.2922,0.1667,1,0.5333,2.0676,0.2544,8,0.5862,2.2726,0.3202,17,0.38,19,0.42,42,2005.0
prospective_temporal,chembl_future_after_2005_scaffold_source_purged,rich_scalars_only,0,chembl_raw,chembl_raw,P31645,Sodium-dependent serotonin transporter,285,0.3368,0.5894,0.7726,80,1.2772,0.3534,0.4869,0.0055,0.3368,0.3729,0.3333,0.9896,0.3333,1,0.3333,0.9896,0.1778,5,0.4138,1.2284,0.186,12,0.38,19,0.33,33,2005.0
prospective_temporal,chembl_future_after_2005_scaffold_source_purged,rich_scalars_only,0,chembl_raw,chembl_raw,P41145,Kappa-type opioid receptor,112,0.3929,0.7146,0.7909,63,1.4732,0.4021,0.5712,-0.0253,0.3929,0.1889,0.0,0.0,0.0,0,0.1667,0.4242,0.0278,1,0.3333,0.8485,0.0877,4,0.42,21,0.44,44,2005.0
prospective_temporal,chembl_future_after_2005_scaffold_source_purged,rich_scalars_only,0,chembl_raw,chembl_raw,P04150,Glucocorticoid receptor,719,0.2851,0.5136,0.7688,165,1.178,0.3533,0.5657,0.0861,0.2851,0.4288,0.5,1.7537,0.2798,4,0.4722,1.6562,0.2236,17,0.4028,1.4127,0.1859,29,0.46,23,0.42,42,2005.0
prospective_temporal,chembl_future_after_2005_scaffold_source_purged,rich_scalars_only,0,chembl_raw,chembl_raw,O43614,Orexin receptor type 2,387,0.5762,1.0279,0.7648,164,1.23,0.6243,0.5233,0.0334,0.5762,0.6976,1.0,1.7354,1.0,4,0.7,1.2148,0.6484,14,0.6667,1.157,0.5314,26,0.64,32,0.62,62,2005.0
prospective_temporal,chembl_future_after_2005_scaffold_source_purged,rich_scalars_only,0,chembl_raw,chembl_raw,O60674,Tyrosine-protein kinase JAK2,34,0.4706,0.9193,0.7884,17,1.0588,0.7688,0.7882,0.4714,0.4706,0.8579,1.0,2.125,1.0,1,1.0,2.125,1.0,2,0.75,1.5938,0.6875,3,0.4706,16,0.4706,16,2005.0
prospective_temporal,chembl_future_after_2005_scaffold_source_purged,rich_scalars_only,0,chembl_raw,chembl_raw,Q9Y5N1,Histamine H3 receptor,109,0.5138,0.9594,0.7969,62,1.4404,0.5513,0.5825,0.0018,0.5138,0.4327,0.5,0.9732,0.5,1,0.5,0.9732,0.3611,3,0.3636,0.7078,0.2424,4,0.62,31,0.54,54,2005.0
prospective_temporal,chembl_future_after_2005_scaffold_source_purged,rich_scalars_only,0,chembl_raw,chembl_raw,P49841,Glycogen synthase kinase-3 beta,56,0.3929,0.6494,0.7622,19,1.0714,0.4687,0.5909,0.1016,0.3929,0.409,1.0,2.5455,1.0,1,0.3333,0.8485,0.3333,1,0.3333,0.8485,0.2333,2,0.42,21,0.3929,22,2005.0
prospective_temporal,chembl_future_after_2005_scaffold_source_purged,rich_scalars_only,0,chembl_raw,chembl_raw,P00519,Tyrosine-protein kinase ABL1,90,0.3444,0.6056,0.7745,35,1.2778,0.4654,0.6389,0.1022,0.3444,0.4803,0.0,0.0,0.0,0,0.6,1.7419,0.3833,3,0.4444,1.2903,0.2765,4,0.48,24,0.3444,31,2005.0
prospective_temporal,chembl_future_after_2005_scaffold_source_purged,rich_scalars_only,0,chembl_raw,chembl_raw,P11309,Serine/threonine-protein kinase pim-1,53,0.2264,0.4304,0.756,26,1.1698,0.2998,0.5915,0.1353,0.2264,0.2548,0.0,0.0,0.0,0,0.3333,1.4722,0.1667,1,0.1667,0.7361,0.0833,1,0.24,12,0.2264,12,2005.0
prospective_temporal,chembl_future_after_2005_scaffold_source_purged,extratrees_scalars,0,chembl_raw,chembl_raw,P35367,Histamine H1 receptor,396,0.1616,0.4532,0.7745,117,1.1338,0.1999,0.557,0.0964,0.1616,0.2091,0.0,0.0,0.0,0,0.2,1.2375,0.034,4,0.225,1.3922,0.0494,9,0.22,11,0.2,20,2005.0
prospective_temporal,chembl_future_after_2005_scaffold_source_purged,extratrees_scalars,0,chembl_raw,chembl_raw,P42336,"Phosphatidylinositol 4,5-bisphosphate 3-kinase catalytic subunit alpha isoform",405,0.2716,0.4686,0.7647,206,1.2099,0.278,0.491,0.0283,0.2716,0.289,0.2,0.7364,0.04,1,0.3333,1.2273,0.1048,7,0.2683,0.9878,0.0828,11,0.3,15,0.29,29,2005.0
prospective_temporal,chembl_future_after_2005_scaffold_source_purged,extratrees_scalars,0,chembl_raw,chembl_raw,P10275,Androgen receptor,337,0.3591,0.5987,0.8042,84,1.2611,0.3734,0.5451,0.1208,0.3591,0.2686,0.25,0.6963,0.0625,1,0.2941,0.8192,0.1058,5,0.1765,0.4915,0.0606,6,0.28,14,0.39,39,2005.0
prospective_temporal,chembl_future_after_2005_scaffold_source_purged,extratrees_scalars,0,chembl_raw,chembl_raw,P23458,Tyrosine-protein kinase JAK1,1128,0.1667,0.3723,0.7479,568,1.0133,0.2834,0.6646,0.1557,0.1667,0.3531,0.5,3.0,0.2255,6,0.3158,1.8947,0.1293,18,0.3451,2.0708,0.1279,39,0.32,16,0.32,32,2005.0
prospective_temporal,chembl_future_after_2005_scaffold_source_purged,extratrees_scalars,0,chembl_raw,chembl_raw,P35372,Mu-type opioid receptor,109,0.6055,1.0582,0.8013,69,1.4862,0.6109,0.5014,0.0612,0.6055,0.5246,0.0,0.0,0.0,0,0.5,0.8258,0.2389,3,0.6364,1.051,0.3452,7,0.62,31,0.61,61,2005.0
prospective_temporal,chembl_future_after_2005_scaffold_source_purged,extratrees_scalars,0,chembl_raw,chembl_raw,Q01959,Sodium-dependent dopamine transporter,283,0.258,0.4945,0.7827,63,1.2686,0.3899,0.6966,0.2351,0.258,0.3763,0.3333,1.2922,0.1667,1,0.4,1.5507,0.1528,6,0.3793,1.4705,0.1438,11,0.44,22,0.4,40,2005.0
prospective_temporal,chembl_future_after_2005_scaffold_source_purged,extratrees_scalars,0,chembl_raw,chembl_raw,P31645,Sodium-dependent serotonin transporter,285,0.3368,0.5894,0.7726,80,1.2772,0.4337,0.6622,0.2194,0.3368,0.3253,0.3333,0.9896,0.1111,1,0.2,0.5938,0.0632,3,0.3448,1.0237,0.1056,10,0.48,24,0.49,49,2005.0
prospective_temporal,chembl_future_after_2005_scaffold_source_purged,extratrees_scalars,0,chembl_raw,chembl_raw,P41145,Kappa-type opioid receptor,112,0.3929,0.7146,0.7909,63,1.4732,0.3406,0.4415,-0.1559,0.3929,0.0462,0.0,0.0,0.0,0,0.0,0.0,0.0,0,0.0,0.0,0.0,0,0.34,17,0.42,42,2005.0
prospective_temporal,chembl_future_after_2005_scaffold_source_purged,extratrees_scalars,0,chembl_raw,chembl_raw,P04150,Glucocorticoid receptor,719,0.2851,0.5136,0.7688,165,1.178,0.343,0.5548,0.1062,0.2851,0.3984,0.25,0.8768,0.2083,2,0.3889,1.364,0.1738,14,0.4583,1.6075,0.1987,33,0.4,20,0.41,41,2005.0
prospective_temporal,chembl_future_after_2005_scaffold_source_purged,extratrees_scalars,0,chembl_raw,chembl_raw,O43614,Orexin receptor type 2,387,0.5762,1.0279,0.7648,164,1.23,0.641,0.5592,0.0947,0.5762,0.7355,1.0,1.7354,1.0,4,0.8,1.3883,0.6795,16,0.7179,1.2459,0.5822,28,0.72,36,0.64,64,2005.0
prospective_temporal,chembl_future_after_2005_scaffold_source_purged,extratrees_scalars,0,chembl_raw,chembl_raw,O60674,Tyrosine-protein kinase JAK2,34,0.4706,0.9193,0.7884,17,1.0588,0.7882,0.7639,0.3556,0.4706,0.9514,1.0,2.125,1.0,1,1.0,2.125,1.0,2,1.0,2.125,1.0,4,0.4706,16,0.4706,16,2005.0
prospective_temporal,chembl_future_after_2005_scaffold_source_purged,extratrees_scalars,0,chembl_raw,chembl_raw,Q9Y5N1,Histamine H3 receptor,109,0.5138,0.9594,0.7969,62,1.4404,0.5597,0.55,-0.0024,0.5138,0.5795,0.5,0.9732,0.25,1,0.6667,1.2976,0.4056,4,0.6364,1.2386,0.3985,7,0.5,25,0.54,54,2005.0
prospective_temporal,chembl_future_after_2005_scaffold_source_purged,extratrees_scalars,0,chembl_raw,chembl_raw,P49841,Glycogen synthase kinase-3 beta,56,0.3929,0.6494,0.7622,19,1.0714,0.5117,0.643,0.2037,0.3929,0.4087,0.0,0.0,0.0,0,0.3333,0.8485,0.1667,1,0.5,1.2727,0.2333,3,0.42,21,0.3929,22,2005.0
prospective_temporal,chembl_future_after_2005_scaffold_source_purged,extratrees_scalars,0,chembl_raw,chembl_raw,P00519,Tyrosine-protein kinase ABL1,90,0.3444,0.6056,0.7745,35,1.2778,0.4611,0.579,-0.0117,0.3444,0.6002,1.0,2.9032,1.0,1,0.8,2.3226,0.76,4,0.4444,1.2903,0.4222,4,0.38,19,0.3444,31,2005.0
prospective_temporal,chembl_future_after_2005_scaffold_source_purged,extratrees_scalars,0,chembl_raw,chembl_raw,P11309,Serine/threonine-protein kinase pim-1,53,0.2264,0.4304,0.756,26,1.1698,0.3455,0.6687,-0.0304,0.2264,0.3263,0.0,0.0,0.0,0,0.3333,1.4722,0.1667,1,0.3333,1.4722,0.1667,2,0.24,12,0.2264,12,2005.0
prospective_temporal,chembl_future_after_2005_scaffold_source_purged,ecfp_absdiff_xgb,1,chembl_raw,chembl_raw,P35367,Histamine H1 receptor,396,0.1616,0.4532,0.7745,117,1.1338,0.1462,0.4529,-0.0795,0.1616,0.0402,0.0,0.0,0.0,0,0.05,0.3094,0.0026,1,0.025,0.1547,0.0013,1,0.02,1,0.14,14,2005.0
prospective_temporal,chembl_future_after_2005_scaffold_source_purged,ecfp_absdiff_xgb,1,chembl_raw,chembl_raw,P42336,"Phosphatidylinositol 4,5-bisphosphate 3-kinase catalytic subunit alpha isoform",405,0.2716,0.4686,0.7647,206,1.2099,0.2761,0.5215,-0.0186,0.2716,0.1681,0.0,0.0,0.0,0,0.1429,0.526,0.0184,3,0.1951,0.7184,0.0312,8,0.26,13,0.25,25,2005.0
prospective_temporal,chembl_future_after_2005_scaffold_source_purged,ecfp_absdiff_xgb,1,chembl_raw,chembl_raw,P10275,Androgen receptor,337,0.3591,0.5987,0.8042,84,1.2611,0.3798,0.472,-0.0517,0.3591,0.4503,1.0,2.7851,1.0,4,0.5294,1.4745,0.4716,9,0.2941,0.8192,0.2447,10,0.28,14,0.36,36,2005.0
prospective_temporal,chembl_future_after_2005_scaffold_source_purged,ecfp_absdiff_xgb,1,chembl_raw,chembl_raw,P23458,Tyrosine-protein kinase JAK1,1128,0.1667,0.3723,0.7479,568,1.0133,0.214,0.5828,0.0037,0.1667,0.2403,0.1667,1.0,0.0222,2,0.2982,1.7895,0.0741,17,0.2124,1.2743,0.0531,24,0.26,13,0.22,22,2005.0
prospective_temporal,chembl_future_after_2005_scaffold_source_purged,ecfp_absdiff_xgb,1,chembl_raw,chembl_raw,P35372,Mu-type opioid receptor,109,0.6055,1.0582,0.8013,69,1.4862,0.6471,0.5335,0.0318,0.6055,0.7617,1.0,1.6515,1.0,2,0.8333,1.3763,0.7306,5,0.8182,1.3512,0.6845,9,0.6,30,0.62,62,2005.0
prospective_temporal,chembl_future_after_2005_scaffold_source_purged,ecfp_absdiff_xgb,1,chembl_raw,chembl_raw,Q01959,Sodium-dependent dopamine transporter,283,0.258,0.4945,0.7827,63,1.2686,0.2492,0.437,0.0305,0.258,0.3514,0.6667,2.5845,0.6667,2,0.3333,1.2922,0.2511,5,0.3103,1.2031,0.1765,9,0.26,13,0.18,18,2005.0
prospective_temporal,chembl_future_after_2005_scaffold_source_purged,ecfp_absdiff_xgb,1,chembl_raw,chembl_raw,P31645,Sodium-dependent serotonin transporter,285,0.3368,0.5894,0.7726,80,1.2772,0.3124,0.4286,-0.1419,0.3368,0.1742,0.0,0.0,0.0,0,0.2,0.5938,0.0484,3,0.1724,0.5119,0.0367,5,0.18,9,0.26,26,2005.0
prospective_temporal,chembl_future_after_2005_scaffold_source_purged,ecfp_absdiff_xgb,1,chembl_raw,chembl_raw,P41145,Kappa-type opioid receptor,112,0.3929,0.7146,0.7909,63,1.4732,0.3868,0.446,0.0255,0.3929,0.458,0.5,1.2727,0.25,1,0.5,1.2727,0.2778,3,0.4167,1.0606,0.2386,5,0.36,18,0.36,36,2005.0
prospective_temporal,chembl_future_after_2005_scaffold_source_purged,ecfp_absdiff_xgb,1,chembl_raw,chembl_raw,P04150,Glucocorticoid receptor,719,0.2851,0.5136,0.7688,165,1.178,0.3076,0.5355,-0.0634,0.2851,0.2479,0.125,0.4384,0.0312,1,0.1667,0.5846,0.0353,6,0.3056,1.0717,0.0765,22,0.24,12,0.29,29,2005.0
prospective_temporal,chembl_future_after_2005_scaffold_source_purged,ecfp_absdiff_xgb,1,chembl_raw,chembl_raw,O43614,Orexin receptor type 2,387,0.5762,1.0279,0.7648,164,1.23,0.5924,0.5267,-0.0716,0.5762,0.5609,0.5,0.8677,0.25,2,0.5,0.8677,0.2469,10,0.641,1.1125,0.359,25,0.6,30,0.66,66,2005.0
prospective_temporal,chembl_future_after_2005_scaffold_source_purged,ecfp_absdiff_xgb,1,chembl_raw,chembl_raw,O60674,Tyrosine-protein kinase JAK2,34,0.4706,0.9193,0.7884,17,1.0588,0.4451,0.474,0.0327,0.4706,0.1528,0.0,0.0,0.0,0,0.0,0.0,0.0,0,0.25,0.5312,0.0625,1,0.4706,16,0.4706,16,2005.0
prospective_temporal,chembl_future_after_2005_scaffold_source_purged,ecfp_absdiff_xgb,1,chembl_raw,chembl_raw,Q9Y5N1,Histamine H3 receptor,109,0.5138,0.9594,0.7969,62,1.4404,0.5304,0.4988,0.0055,0.5138,0.6284,1.0,1.9464,1.0,2,0.8333,1.622,0.7722,5,0.4545,0.8847,0.4212,5,0.5,25,0.54,54,2005.0
prospective_temporal,chembl_future_after_2005_scaffold_source_purged,ecfp_absdiff_xgb,1,chembl_raw,chembl_raw,P49841,Glycogen synthase kinase-3 beta,56,0.3929,0.6494,0.7622,19,1.0714,0.4043,0.49,-0.1528,0.3929,0.2072,0.0,0.0,0.0,0,0.0,0.0,0.0,0,0.3333,0.8485,0.1083,2,0.4,20,0.3929,22,2005.0
prospective_temporal,chembl_future_after_2005_scaffold_source_purged,ecfp_absdiff_xgb,1,chembl_raw,chembl_raw,P00519,Tyrosine-protein kinase ABL1,90,0.3444,0.6056,0.7745,35,1.2778,0.5476,0.7682,0.1387,0.3444,0.5288,0.0,0.0,0.0,0,0.6,1.7419,0.32,3,0.5556,1.6129,0.3107,5,0.54,27,0.3444,31,2005.0
prospective_temporal,chembl_future_after_2005_scaffold_source_purged,ecfp_absdiff_xgb,1,chembl_raw,chembl_raw,P11309,Serine/threonine-protein kinase pim-1,53,0.2264,0.4304,0.756,26,1.1698,0.3595,0.5935,0.2577,0.2264,0.5569,1.0,4.4167,1.0,1,0.6667,2.9444,0.6667,2,0.3333,1.4722,0.3333,2,0.2,10,0.2264,12,2005.0
prospective_temporal,chembl_future_after_2005_scaffold_source_purged,rich_diff_scalars,1,chembl_raw,chembl_raw,P35367,Histamine H1 receptor,396,0.1616,0.4532,0.7745,117,1.1338,0.3312,0.6438,0.2498,0.1616,0.4243,0.75,4.6406,0.75,3,0.4,2.475,0.2599,8,0.425,2.6297,0.2256,17,0.38,19,0.32,32,2005.0
prospective_temporal,chembl_future_after_2005_scaffold_source_purged,rich_diff_scalars,1,chembl_raw,chembl_raw,P42336,"Phosphatidylinositol 4,5-bisphosphate 3-kinase catalytic subunit alpha isoform",405,0.2716,0.4686,0.7647,206,1.2099,0.2932,0.5199,0.0267,0.2716,0.3106,0.4,1.4727,0.1467,2,0.3333,1.2273,0.1353,7,0.2927,1.0776,0.1047,12,0.26,13,0.28,28,2005.0
prospective_temporal,chembl_future_after_2005_scaffold_source_purged,rich_diff_scalars,1,chembl_raw,chembl_raw,P10275,Androgen receptor,337,0.3591,0.5987,0.8042,84,1.2611,0.4119,0.5201,0.027,0.3591,0.4594,0.75,2.0888,0.75,3,0.2941,0.8192,0.2562,5,0.4412,1.2287,0.2505,15,0.5,25,0.41,41,2005.0
prospective_temporal,chembl_future_after_2005_scaffold_source_purged,rich_diff_scalars,1,chembl_raw,chembl_raw,P23458,Tyrosine-protein kinase JAK1,1128,0.1667,0.3723,0.7479,568,1.0133,0.3452,0.7112,0.2214,0.1667,0.4371,0.1667,1.0,0.0972,2,0.4035,2.4211,0.1412,23,0.5221,3.1327,0.2249,59,0.36,18,0.51,51,2005.0
prospective_temporal,chembl_future_after_2005_scaffold_source_purged,rich_diff_scalars,1,chembl_raw,chembl_raw,P35372,Mu-type opioid receptor,109,0.6055,1.0582,0.8013,69,1.4862,0.6598,0.5608,0.0879,0.6055,0.6509,0.5,0.8258,0.5,1,0.6667,1.101,0.4611,4,0.7273,1.2011,0.5068,8,0.66,33,0.62,62,2005.0
prospective_temporal,chembl_future_after_2005_scaffold_source_purged,rich_diff_scalars,1,chembl_raw,chembl_raw,Q01959,Sodium-dependent dopamine transporter,283,0.258,0.4945,0.7827,63,1.2686,0.3319,0.6126,0.1086,0.258,0.3525,0.3333,1.2922,0.1111,1,0.4,1.5507,0.1588,6,0.3793,1.4705,0.146,11,0.34,17,0.31,31,2005.0
prospective_temporal,chembl_future_after_2005_scaffold_source_purged,rich_diff_scalars,1,chembl_raw,chembl_raw,P31645,Sodium-dependent serotonin transporter,285,0.3368,0.5894,0.7726,80,1.2772,0.3495,0.4999,0.0461,0.3368,0.3348,0.0,0.0,0.0,0,0.4667,1.3854,0.1605,7,0.3103,0.9213,0.1103,9,0.4,20,0.36,36,2005.0
prospective_temporal,chembl_future_after_2005_scaffold_source_purged,rich_diff_scalars,1,chembl_raw,chembl_raw,P41145,Kappa-type opioid receptor,112,0.3929,0.7146,0.7909,63,1.4732,0.3899,0.4803,0.0354,0.3929,0.305,0.0,0.0,0.0,0,0.3333,0.8485,0.1111,2,0.3333,0.8485,0.1146,4,0.4,20,0.39,39,2005.0
prospective_temporal,chembl_future_after_2005_scaffold_source_purged,rich_diff_scalars,1,chembl_raw,chembl_raw,P04150,Glucocorticoid receptor,719,0.2851,0.5136,0.7688,165,1.178,0.4197,0.6167,0.1823,0.2851,0.5365,0.875,3.0689,0.8207,7,0.5556,1.9485,0.4041,20,0.5,1.7537,0.3237,36,0.54,27,0.48,48,2005.0
prospective_temporal,chembl_future_after_2005_scaffold_source_purged,rich_diff_scalars,1,chembl_raw,chembl_raw,O43614,Orexin receptor type 2,387,0.5762,1.0279,0.7648,164,1.23,0.6177,0.5662,0.0466,0.5762,0.5814,0.75,1.3016,0.6042,3,0.5,0.8677,0.3309,10,0.6154,1.068,0.3718,24,0.62,31,0.62,62,2005.0
prospective_temporal,chembl_future_after_2005_scaffold_source_purged,rich_diff_scalars,1,chembl_raw,chembl_raw,O60674,Tyrosine-protein kinase JAK2,34,0.4706,0.9193,0.7884,17,1.0588,0.5999,0.6684,0.4097,0.4706,0.4016,0.0,0.0,0.0,0,0.5,1.0625,0.25,1,0.5,1.0625,0.25,2,0.4706,16,0.4706,16,2005.0
prospective_temporal,chembl_future_after_2005_scaffold_source_purged,rich_diff_scalars,1,chembl_raw,chembl_raw,Q9Y5N1,Histamine H3 receptor,109,0.5138,0.9594,0.7969,62,1.4404,0.549,0.5775,-0.0852,0.5138,0.4651,0.5,0.9732,0.5,1,0.5,0.9732,0.3333,3,0.4545,0.8847,0.2751,5,0.54,27,0.55,55,2005.0
prospective_temporal,chembl_future_after_2005_scaffold_source_purged,rich_diff_scalars,1,chembl_raw,chembl_raw,P49841,Glycogen synthase kinase-3 beta,56,0.3929,0.6494,0.7622,19,1.0714,0.4333,0.5114,-0.1131,0.3929,0.4354,1.0,2.5455,1.0,1,0.3333,0.8485,0.3333,1,0.3333,0.8485,0.2333,2,0.4,20,0.3929,22,2005.0
prospective_temporal,chembl_future_after_2005_scaffold_source_purged,rich_diff_scalars,1,chembl_raw,chembl_raw,P00519,Tyrosine-protein kinase ABL1,90,0.3444,0.6056,0.7745,35,1.2778,0.4842,0.6244,0.1812,0.3444,0.6051,1.0,2.9032,1.0,1,0.8,2.3226,0.71,4,0.4444,1.2903,0.3944,4,0.42,21,0.3444,31,2005.0
prospective_temporal,chembl_future_after_2005_scaffold_source_purged,rich_diff_scalars,1,chembl_raw,chembl_raw,P11309,Serine/threonine-protein kinase pim-1,53,0.2264,0.4304,0.756,26,1.1698,0.3712,0.6646,0.2335,0.2264,0.3549,0.0,0.0,0.0,0,0.3333,1.4722,0.1667,1,0.3333,1.4722,0.1667,2,0.24,12,0.2264,12,2005.0
prospective_temporal,chembl_future_after_2005_scaffold_source_purged,rich_scalars_only,1,chembl_raw,chembl_raw,P35367,Histamine H1 receptor,396,0.1616,0.4532,0.7745,117,1.1338,0.2099,0.5889,-0.0207,0.1616,0.1932,0.5,3.0938,0.2083,2,0.2,1.2375,0.0715,4,0.175,1.0828,0.0492,7,0.16,8,0.15,15,2005.0
prospective_temporal,chembl_future_after_2005_scaffold_source_purged,rich_scalars_only,1,chembl_raw,chembl_raw,P42336,"Phosphatidylinositol 4,5-bisphosphate 3-kinase catalytic subunit alpha isoform",405,0.2716,0.4686,0.7647,206,1.2099,0.2772,0.5112,0.0094,0.2716,0.2157,0.2,0.7364,0.2,1,0.1905,0.7013,0.0733,4,0.2439,0.898,0.0734,10,0.24,12,0.24,24,2005.0
prospective_temporal,chembl_future_after_2005_scaffold_source_purged,rich_scalars_only,1,chembl_raw,chembl_raw,P10275,Androgen receptor,337,0.3591,0.5987,0.8042,84,1.2611,0.37,0.5281,0.0503,0.3591,0.3417,0.0,0.0,0.0,0,0.4118,1.1468,0.133,7,0.4118,1.1468,0.1554,14,0.3,15,0.34,34,2005.0
prospective_temporal,chembl_future_after_2005_scaffold_source_purged,rich_scalars_only,1,chembl_raw,chembl_raw,P23458,Tyrosine-protein kinase JAK1,1128,0.1667,0.3723,0.7479,568,1.0133,0.357,0.7626,0.1766,0.1667,0.4186,0.25,1.5,0.1181,3,0.4035,2.4211,0.1731,23,0.3982,2.3894,0.1666,45,0.38,19,0.37,37,2005.0
prospective_temporal,chembl_future_after_2005_scaffold_source_purged,rich_scalars_only,1,chembl_raw,chembl_raw,P35372,Mu-type opioid receptor,109,0.6055,1.0582,0.8013,69,1.4862,0.6052,0.4922,-0.0155,0.6055,0.5657,0.0,0.0,0.0,0,0.6667,1.101,0.35,4,0.6364,1.051,0.372,7,0.56,28,0.63,63,2005.0
prospective_temporal,chembl_future_after_2005_scaffold_source_purged,rich_scalars_only,1,chembl_raw,chembl_raw,Q01959,Sodium-dependent dopamine transporter,283,0.258,0.4945,0.7827,63,1.2686,0.4228,0.7079,0.2708,0.258,0.4811,0.3333,1.2922,0.1111,1,0.4667,1.8091,0.2348,7,0.4828,1.8715,0.2439,14,0.48,24,0.4,40,2005.0
prospective_temporal,chembl_future_after_2005_scaffold_source_purged,rich_scalars_only,1,chembl_raw,chembl_raw,P31645,Sodium-dependent serotonin transporter,285,0.3368,0.5894,0.7726,80,1.2772,0.3529,0.5041,0.0222,0.3368,0.3651,0.0,0.0,0.0,0,0.4,1.1875,0.1543,6,0.3103,0.9213,0.1216,9,0.38,19,0.34,34,2005.0
prospective_temporal,chembl_future_after_2005_scaffold_source_purged,rich_scalars_only,1,chembl_raw,chembl_raw,P41145,Kappa-type opioid receptor,112,0.3929,0.7146,0.7909,63,1.4732,0.4071,0.5431,0.0939,0.3929,0.2948,0.0,0.0,0.0,0,0.3333,0.8485,0.1222,2,0.25,0.6364,0.0924,3,0.48,24,0.41,41,2005.0
prospective_temporal,chembl_future_after_2005_scaffold_source_purged,rich_scalars_only,1,chembl_raw,chembl_raw,P04150,Glucocorticoid receptor,719,0.2851,0.5136,0.7688,165,1.178,0.3773,0.5805,0.1101,0.2851,0.458,0.75,2.6305,0.6417,6,0.4167,1.4614,0.2874,15,0.4722,1.6562,0.2598,34,0.42,21,0.46,46,2005.0
prospective_temporal,chembl_future_after_2005_scaffold_source_purged,rich_scalars_only,1,chembl_raw,chembl_raw,O43614,Orexin receptor type 2,387,0.5762,1.0279,0.7648,164,1.23,0.6191,0.5476,-0.0062,0.5762,0.6407,0.75,1.3016,0.75,3,0.65,1.128,0.5305,13,0.6154,1.068,0.4515,24,0.52,26,0.62,62,2005.0
prospective_temporal,chembl_future_after_2005_scaffold_source_purged,rich_scalars_only,1,chembl_raw,chembl_raw,O60674,Tyrosine-protein kinase JAK2,34,0.4706,0.9193,0.7884,17,1.0588,0.839,0.8264,0.5494,0.4706,0.9753,1.0,2.125,1.0,1,1.0,2.125,1.0,2,1.0,2.125,1.0,4,0.4706,16,0.4706,16,2005.0
prospective_temporal,chembl_future_after_2005_scaffold_source_purged,rich_scalars_only,1,chembl_raw,chembl_raw,Q9Y5N1,Histamine H3 receptor,109,0.5138,0.9594,0.7969,62,1.4404,0.534,0.5209,-0.0581,0.5138,0.508,1.0,1.9464,1.0,2,0.5,0.9732,0.4167,3,0.5455,1.0617,0.3627,6,0.5,25,0.55,55,2005.0
prospective_temporal,chembl_future_after_2005_scaffold_source_purged,rich_scalars_only,1,chembl_raw,chembl_raw,P49841,Glycogen synthase kinase-3 beta,56,0.3929,0.6494,0.7622,19,1.0714,0.4413,0.5167,-0.0422,0.3929,0.4524,1.0,2.5455,1.0,1,0.3333,0.8485,0.3333,1,0.3333,0.8485,0.25,2,0.4,20,0.3929,22,2005.0
prospective_temporal,chembl_future_after_2005_scaffold_source_purged,rich_scalars_only,1,chembl_raw,chembl_raw,P00519,Tyrosine-protein kinase ABL1,90,0.3444,0.6056,0.7745,35,1.2778,0.5223,0.6176,0.2666,0.3444,0.7158,1.0,2.9032,1.0,1,0.8,2.3226,0.71,4,0.7778,2.2581,0.6568,7,0.44,22,0.3444,31,2005.0
prospective_temporal,chembl_future_after_2005_scaffold_source_purged,rich_scalars_only,1,chembl_raw,chembl_raw,P11309,Serine/threonine-protein kinase pim-1,53,0.2264,0.4304,0.756,26,1.1698,0.3608,0.6565,0.0604,0.2264,0.3487,0.0,0.0,0.0,0,0.3333,1.4722,0.1667,1,0.5,2.2083,0.2333,3,0.22,11,0.2264,12,2005.0
prospective_temporal,chembl_future_after_2005_scaffold_source_purged,extratrees_scalars,1,chembl_raw,chembl_raw,P35367,Histamine H1 receptor,396,0.1616,0.4532,0.7745,117,1.1338,0.1492,0.4606,0.0122,0.1616,0.0971,0.0,0.0,0.0,0,0.05,0.3094,0.0026,1,0.15,0.9281,0.0158,6,0.18,9,0.15,15,2005.0
prospective_temporal,chembl_future_after_2005_scaffold_source_purged,extratrees_scalars,1,chembl_raw,chembl_raw,P42336,"Phosphatidylinositol 4,5-bisphosphate 3-kinase catalytic subunit alpha isoform",405,0.2716,0.4686,0.7647,206,1.2099,0.3597,0.5749,0.0821,0.2716,0.477,0.6,2.2091,0.2867,3,0.5714,2.1039,0.3645,12,0.4146,1.5266,0.2391,17,0.4,20,0.34,34,2005.0
prospective_temporal,chembl_future_after_2005_scaffold_source_purged,extratrees_scalars,1,chembl_raw,chembl_raw,P10275,Androgen receptor,337,0.3591,0.5987,0.8042,84,1.2611,0.3815,0.5228,0.0033,0.3591,0.395,0.25,0.6963,0.0625,1,0.4118,1.1468,0.1925,7,0.3824,1.0649,0.1692,13,0.34,17,0.39,39,2005.0
prospective_temporal,chembl_future_after_2005_scaffold_source_purged,extratrees_scalars,1,chembl_raw,chembl_raw,P23458,Tyrosine-protein kinase JAK1,1128,0.1667,0.3723,0.7479,568,1.0133,0.2993,0.6384,0.1394,0.1667,0.399,0.75,4.5,0.5604,9,0.4035,2.4211,0.2674,23,0.3274,1.9646,0.1809,37,0.46,23,0.34,34,2005.0
prospective_temporal,chembl_future_after_2005_scaffold_source_purged,extratrees_scalars,1,chembl_raw,chembl_raw,P35372,Mu-type opioid receptor,109,0.6055,1.0582,0.8013,69,1.4862,0.6432,0.5231,0.1029,0.6055,0.6091,0.5,0.8258,0.25,1,0.6667,1.101,0.4306,4,0.5455,0.9008,0.3349,6,0.66,33,0.58,58,2005.0
prospective_temporal,chembl_future_after_2005_scaffold_source_purged,extratrees_scalars,1,chembl_raw,chembl_raw,Q01959,Sodium-dependent dopamine transporter,283,0.258,0.4945,0.7827,63,1.2686,0.3732,0.6637,0.2065,0.258,0.386,0.3333,1.2922,0.1667,1,0.4,1.5507,0.197,6,0.3448,1.3368,0.1527,10,0.38,19,0.37,37,2005.0
prospective_temporal,chembl_future_after_2005_scaffold_source_purged,extratrees_scalars,1,chembl_raw,chembl_raw,P31645,Sodium-dependent serotonin transporter,285,0.3368,0.5894,0.7726,80,1.2772,0.3699,0.5438,-0.0326,0.3368,0.3764,0.6667,1.9792,0.5556,2,0.4,1.1875,0.2411,6,0.3448,1.0237,0.1781,10,0.32,16,0.32,32,2005.0
prospective_temporal,chembl_future_after_2005_scaffold_source_purged,extratrees_scalars,1,chembl_raw,chembl_raw,P41145,Kappa-type opioid receptor,112,0.3929,0.7146,0.7909,63,1.4732,0.3925,0.516,-0.0398,0.3929,0.2358,0.0,0.0,0.0,0,0.1667,0.4242,0.0278,1,0.3333,0.8485,0.093,4,0.38,19,0.42,42,2005.0
prospective_temporal,chembl_future_after_2005_scaffold_source_purged,extratrees_scalars,1,chembl_raw,chembl_raw,P04150,Glucocorticoid receptor,719,0.2851,0.5136,0.7688,165,1.178,0.3242,0.5488,0.0697,0.2851,0.3639,0.25,0.8768,0.0917,2,0.4167,1.4614,0.1579,15,0.3333,1.1691,0.1292,24,0.4,20,0.34,34,2005.0
prospective_temporal,chembl_future_after_2005_scaffold_source_purged,extratrees_scalars,1,chembl_raw,chembl_raw,O43614,Orexin receptor type 2,387,0.5762,1.0279,0.7648,164,1.23,0.6908,0.6412,0.1575,0.5762,0.7099,0.75,1.3016,0.75,3,0.6,1.0413,0.4715,12,0.7436,1.2904,0.5435,29,0.72,36,0.76,76,2005.0
prospective_temporal,chembl_future_after_2005_scaffold_source_purged,extratrees_scalars,1,chembl_raw,chembl_raw,O60674,Tyrosine-protein kinase JAK2,34,0.4706,0.9193,0.7884,17,1.0588,0.772,0.8056,0.349,0.4706,0.8806,1.0,2.125,1.0,1,1.0,2.125,1.0,2,0.75,1.5938,0.75,3,0.4706,16,0.4706,16,2005.0
prospective_temporal,chembl_future_after_2005_scaffold_source_purged,extratrees_scalars,1,chembl_raw,chembl_raw,Q9Y5N1,Histamine H3 receptor,109,0.5138,0.9594,0.7969,62,1.4404,0.5849,0.5665,0.0273,0.5138,0.686,1.0,1.9464,1.0,2,0.8333,1.622,0.7722,5,0.6364,1.2386,0.5336,7,0.54,27,0.54,54,2005.0
prospective_temporal,chembl_future_after_2005_scaffold_source_purged,extratrees_scalars,1,chembl_raw,chembl_raw,P49841,Glycogen synthase kinase-3 beta,56,0.3929,0.6494,0.7622,19,1.0714,0.4685,0.5508,0.0462,0.3929,0.473,1.0,2.5455,1.0,1,0.3333,0.8485,0.3333,1,0.3333,0.8485,0.25,2,0.42,21,0.3929,22,2005.0
prospective_temporal,chembl_future_after_2005_scaffold_source_purged,extratrees_scalars,1,chembl_raw,chembl_raw,P00519,Tyrosine-protein kinase ABL1,90,0.3444,0.6056,0.7745,35,1.2778,0.4198,0.5511,0.115,0.3444,0.4477,1.0,2.9032,1.0,1,0.4,1.1613,0.3333,2,0.3333,0.9677,0.2269,3,0.36,18,0.3444,31,2005.0
prospective_temporal,chembl_future_after_2005_scaffold_source_purged,extratrees_scalars,1,chembl_raw,chembl_raw,P11309,Serine/threonine-protein kinase pim-1,53,0.2264,0.4304,0.756,26,1.1698,0.2953,0.6484,0.1107,0.2264,0.0514,0.0,0.0,0.0,0,0.0,0.0,0.0,0,0.0,0.0,0.0,0,0.24,12,0.2264,12,2005.0
prospective_temporal,chembl_future_after_2005_scaffold_source_purged,ecfp_absdiff_xgb,2,chembl_raw,chembl_raw,P35367,Histamine H1 receptor,396,0.1616,0.4532,0.7745,117,1.1338,0.1429,0.4556,-0.0469,0.1616,0.0257,0.0,0.0,0.0,0,0.0,0.0,0.0,0,0.0,0.0,0.0,0,0.0,0,0.14,14,2005.0
prospective_temporal,chembl_future_after_2005_scaffold_source_purged,ecfp_absdiff_xgb,2,chembl_raw,chembl_raw,P42336,"Phosphatidylinositol 4,5-bisphosphate 3-kinase catalytic subunit alpha isoform",405,0.2716,0.4686,0.7647,206,1.2099,0.2858,0.5029,-0.102,0.2716,0.1619,0.2,0.7364,0.2,1,0.0952,0.3506,0.0536,2,0.1707,0.6286,0.0487,7,0.16,8,0.19,19,2005.0
prospective_temporal,chembl_future_after_2005_scaffold_source_purged,ecfp_absdiff_xgb,2,chembl_raw,chembl_raw,P10275,Androgen receptor,337,0.3591,0.5987,0.8042,84,1.2611,0.3771,0.4818,0.0427,0.3591,0.4733,1.0,2.7851,1.0,4,0.4706,1.3106,0.3915,8,0.4118,1.1468,0.2713,14,0.4,20,0.39,39,2005.0
prospective_temporal,chembl_future_after_2005_scaffold_source_purged,ecfp_absdiff_xgb,2,chembl_raw,chembl_raw,P23458,Tyrosine-protein kinase JAK1,1128,0.1667,0.3723,0.7479,568,1.0133,0.1981,0.5575,0.0754,0.1667,0.2338,0.0833,0.5,0.0139,1,0.2982,1.7895,0.0666,17,0.2301,1.3805,0.0539,26,0.26,13,0.23,23,2005.0
prospective_temporal,chembl_future_after_2005_scaffold_source_purged,ecfp_absdiff_xgb,2,chembl_raw,chembl_raw,P35372,Mu-type opioid receptor,109,0.6055,1.0582,0.8013,69,1.4862,0.6634,0.5659,0.074,0.6055,0.7689,1.0,1.6515,1.0,2,0.8333,1.3763,0.7306,5,0.8182,1.3512,0.6942,9,0.64,32,0.63,63,2005.0
prospective_temporal,chembl_future_after_2005_scaffold_source_purged,ecfp_absdiff_xgb,2,chembl_raw,chembl_raw,Q01959,Sodium-dependent dopamine transporter,283,0.258,0.4945,0.7827,63,1.2686,0.2423,0.4205,0.0355,0.258,0.3187,0.3333,1.2922,0.3333,1,0.3333,1.2922,0.2085,5,0.2414,0.9358,0.1323,7,0.2,10,0.19,19,2005.0
prospective_temporal,chembl_future_after_2005_scaffold_source_purged,ecfp_absdiff_xgb,2,chembl_raw,chembl_raw,P31645,Sodium-dependent serotonin transporter,285,0.3368,0.5894,0.7726,80,1.2772,0.3024,0.4231,-0.1536,0.3368,0.1159,0.0,0.0,0.0,0,0.1333,0.3958,0.0137,2,0.1379,0.4095,0.018,4,0.18,9,0.25,25,2005.0
prospective_temporal,chembl_future_after_2005_scaffold_source_purged,ecfp_absdiff_xgb,2,chembl_raw,chembl_raw,P41145,Kappa-type opioid receptor,112,0.3929,0.7146,0.7909,63,1.4732,0.4173,0.4789,0.0501,0.3929,0.5007,0.5,1.2727,0.5,1,0.5,1.2727,0.3778,3,0.4167,1.0606,0.2886,5,0.36,18,0.36,36,2005.0
prospective_temporal,chembl_future_after_2005_scaffold_source_purged,ecfp_absdiff_xgb,2,chembl_raw,chembl_raw,P04150,Glucocorticoid receptor,719,0.2851,0.5136,0.7688,165,1.178,0.317,0.5619,0.0379,0.2851,0.2694,0.25,0.8768,0.067,2,0.2222,0.7794,0.0629,8,0.25,0.8768,0.0633,18,0.18,9,0.34,34,2005.0
prospective_temporal,chembl_future_after_2005_scaffold_source_purged,ecfp_absdiff_xgb,2,chembl_raw,chembl_raw,O43614,Orexin receptor type 2,387,0.5762,1.0279,0.7648,164,1.23,0.5813,0.515,-0.0472,0.5762,0.5258,0.5,0.8677,0.25,2,0.5,0.8677,0.2443,10,0.5385,0.9345,0.2881,21,0.54,27,0.54,54,2005.0
prospective_temporal,chembl_future_after_2005_scaffold_source_purged,ecfp_absdiff_xgb,2,chembl_raw,chembl_raw,O60674,Tyrosine-protein kinase JAK2,34,0.4706,0.9193,0.7884,17,1.0588,0.4433,0.474,0.0327,0.4706,0.1528,0.0,0.0,0.0,0,0.0,0.0,0.0,0,0.25,0.5312,0.0625,1,0.4706,16,0.4706,16,2005.0
prospective_temporal,chembl_future_after_2005_scaffold_source_purged,ecfp_absdiff_xgb,2,chembl_raw,chembl_raw,Q9Y5N1,Histamine H3 receptor,109,0.5138,0.9594,0.7969,62,1.4404,0.5773,0.5964,0.1491,0.5138,0.7016,1.0,1.9464,1.0,2,0.8333,1.622,0.7722,5,0.6364,1.2386,0.553,7,0.6,30,0.55,55,2005.0
prospective_temporal,chembl_future_after_2005_scaffold_source_purged,ecfp_absdiff_xgb,2,chembl_raw,chembl_raw,P49841,Glycogen synthase kinase-3 beta,56,0.3929,0.6494,0.7622,19,1.0714,0.3853,0.4492,-0.1825,0.3929,0.2844,0.0,0.0,0.0,0,0.3333,0.8485,0.1667,1,0.3333,0.8485,0.1389,2,0.38,19,0.3929,22,2005.0
prospective_temporal,chembl_future_after_2005_scaffold_source_purged,ecfp_absdiff_xgb,2,chembl_raw,chembl_raw,P00519,Tyrosine-protein kinase ABL1,90,0.3444,0.6056,0.7745,35,1.2778,0.5424,0.7572,0.1022,0.3444,0.526,0.0,0.0,0.0,0,0.6,1.7419,0.32,3,0.5556,1.6129,0.303,5,0.56,28,0.3444,31,2005.0
prospective_temporal,chembl_future_after_2005_scaffold_source_purged,ecfp_absdiff_xgb,2,chembl_raw,chembl_raw,P11309,Serine/threonine-protein kinase pim-1,53,0.2264,0.4304,0.756,26,1.1698,0.3717,0.6128,0.2577,0.2264,0.567,1.0,4.4167,1.0,1,0.6667,2.9444,0.6667,2,0.3333,1.4722,0.3333,2,0.22,11,0.2264,12,2005.0
prospective_temporal,chembl_future_after_2005_scaffold_source_purged,rich_diff_scalars,2,chembl_raw,chembl_raw,P35367,Histamine H1 receptor,396,0.1616,0.4532,0.7745,117,1.1338,0.2842,0.6492,0.194,0.1616,0.3461,0.25,1.5469,0.0625,1,0.3,1.8562,0.1015,6,0.35,2.1656,0.1206,14,0.42,21,0.33,33,2005.0
prospective_temporal,chembl_future_after_2005_scaffold_source_purged,rich_diff_scalars,2,chembl_raw,chembl_raw,P42336,"Phosphatidylinositol 4,5-bisphosphate 3-kinase catalytic subunit alpha isoform",405,0.2716,0.4686,0.7647,206,1.2099,0.2801,0.5126,0.0085,0.2716,0.2783,0.0,0.0,0.0,0,0.381,1.4026,0.1177,8,0.2683,0.9878,0.0827,11,0.24,12,0.28,28,2005.0
prospective_temporal,chembl_future_after_2005_scaffold_source_purged,rich_diff_scalars,2,chembl_raw,chembl_raw,P10275,Androgen receptor,337,0.3591,0.5987,0.8042,84,1.2611,0.3901,0.4945,0.0777,0.3591,0.4114,1.0,2.7851,1.0,4,0.3529,0.983,0.2981,6,0.3529,0.983,0.2104,12,0.4,20,0.37,37,2005.0
prospective_temporal,chembl_future_after_2005_scaffold_source_purged,rich_diff_scalars,2,chembl_raw,chembl_raw,P23458,Tyrosine-protein kinase JAK1,1128,0.1667,0.3723,0.7479,568,1.0133,0.3435,0.7312,0.2513,0.1667,0.4219,0.3333,2.0,0.1,4,0.4211,2.5263,0.1446,24,0.4867,2.9204,0.1967,55,0.4,20,0.46,46,2005.0
prospective_temporal,chembl_future_after_2005_scaffold_source_purged,rich_diff_scalars,2,chembl_raw,chembl_raw,P35372,Mu-type opioid receptor,109,0.6055,1.0582,0.8013,69,1.4862,0.6974,0.6068,0.1472,0.6055,0.6981,0.5,0.8258,0.5,1,0.6667,1.101,0.4611,4,0.8182,1.3512,0.6024,9,0.68,34,0.62,62,2005.0
prospective_temporal,chembl_future_after_2005_scaffold_source_purged,rich_diff_scalars,2,chembl_raw,chembl_raw,Q01959,Sodium-dependent dopamine transporter,283,0.258,0.4945,0.7827,63,1.2686,0.3382,0.6128,0.0963,0.258,0.3754,0.3333,1.2922,0.1111,1,0.4667,1.8091,0.1812,7,0.3793,1.4705,0.1494,11,0.34,17,0.3,30,2005.0
prospective_temporal,chembl_future_after_2005_scaffold_source_purged,rich_diff_scalars,2,chembl_raw,chembl_raw,P31645,Sodium-dependent serotonin transporter,285,0.3368,0.5894,0.7726,80,1.2772,0.3481,0.5061,-0.0054,0.3368,0.3456,0.0,0.0,0.0,0,0.4,1.1875,0.1353,6,0.3448,1.0237,0.1261,10,0.38,19,0.34,34,2005.0
prospective_temporal,chembl_future_after_2005_scaffold_source_purged,rich_diff_scalars,2,chembl_raw,chembl_raw,P41145,Kappa-type opioid receptor,112,0.3929,0.7146,0.7909,63,1.4732,0.3877,0.494,-0.0524,0.3929,0.2651,0.0,0.0,0.0,0,0.1667,0.4242,0.0556,1,0.25,0.6364,0.0766,3,0.38,19,0.39,39,2005.0
prospective_temporal,chembl_future_after_2005_scaffold_source_purged,rich_diff_scalars,2,chembl_raw,chembl_raw,P04150,Glucocorticoid receptor,719,0.2851,0.5136,0.7688,165,1.178,0.426,0.6221,0.2061,0.2851,0.5489,0.75,2.6305,0.658,6,0.6111,2.1434,0.4594,22,0.4722,1.6562,0.3168,34,0.52,26,0.49,49,2005.0
prospective_temporal,chembl_future_after_2005_scaffold_source_purged,rich_diff_scalars,2,chembl_raw,chembl_raw,O43614,Orexin receptor type 2,387,0.5762,1.0279,0.7648,164,1.23,0.5996,0.5479,-0.0501,0.5762,0.5365,0.75,1.3016,0.6042,3,0.55,0.9545,0.3709,11,0.5128,0.89,0.3037,20,0.52,26,0.62,62,2005.0
prospective_temporal,chembl_future_after_2005_scaffold_source_purged,rich_diff_scalars,2,chembl_raw,chembl_raw,O60674,Tyrosine-protein kinase JAK2,34,0.4706,0.9193,0.7884,17,1.0588,0.532,0.5417,0.2888,0.4706,0.2904,0.0,0.0,0.0,0,0.0,0.0,0.0,0,0.5,1.0625,0.2083,2,0.4706,16,0.4706,16,2005.0
prospective_temporal,chembl_future_after_2005_scaffold_source_purged,rich_diff_scalars,2,chembl_raw,chembl_raw,Q9Y5N1,Histamine H3 receptor,109,0.5138,0.9594,0.7969,62,1.4404,0.5296,0.5539,-0.041,0.5138,0.4032,0.5,0.9732,0.5,1,0.3333,0.6488,0.2333,2,0.3636,0.7078,0.2026,4,0.5,25,0.56,56,2005.0
prospective_temporal,chembl_future_after_2005_scaffold_source_purged,rich_diff_scalars,2,chembl_raw,chembl_raw,P49841,Glycogen synthase kinase-3 beta,56,0.3929,0.6494,0.7622,19,1.0714,0.4546,0.5221,0.0256,0.3929,0.5154,1.0,2.5455,1.0,1,0.3333,0.8485,0.3333,1,0.5,1.2727,0.35,3,0.4,20,0.3929,22,2005.0
prospective_temporal,chembl_future_after_2005_scaffold_source_purged,rich_diff_scalars,2,chembl_raw,chembl_raw,P00519,Tyrosine-protein kinase ABL1,90,0.3444,0.6056,0.7745,35,1.2778,0.4972,0.6564,0.1304,0.3444,0.5592,1.0,2.9032,1.0,1,0.6,1.7419,0.52,3,0.4444,1.2903,0.3524,4,0.42,21,0.3444,31,2005.0
prospective_temporal,chembl_future_after_2005_scaffold_source_purged,rich_diff_scalars,2,chembl_raw,chembl_raw,P11309,Serine/threonine-protein kinase pim-1,53,0.2264,0.4304,0.756,26,1.1698,0.4044,0.6118,0.1353,0.2264,0.5052,1.0,4.4167,1.0,1,0.3333,1.4722,0.3333,1,0.5,2.2083,0.35,3,0.24,12,0.2264,12,2005.0
prospective_temporal,chembl_future_after_2005_scaffold_source_purged,rich_scalars_only,2,chembl_raw,chembl_raw,P35367,Histamine H1 receptor,396,0.1616,0.4532,0.7745,117,1.1338,0.2183,0.6321,0.0121,0.1616,0.1548,0.25,1.5469,0.0833,1,0.1,0.6188,0.0219,2,0.125,0.7734,0.0224,5,0.18,9,0.22,22,2005.0
prospective_temporal,chembl_future_after_2005_scaffold_source_purged,rich_scalars_only,2,chembl_raw,chembl_raw,P42336,"Phosphatidylinositol 4,5-bisphosphate 3-kinase catalytic subunit alpha isoform",405,0.2716,0.4686,0.7647,206,1.2099,0.2865,0.4725,-0.0326,0.2716,0.2851,0.8,2.9455,0.8,4,0.2381,0.8766,0.203,5,0.2439,0.898,0.1347,10,0.26,13,0.23,23,2005.0
prospective_temporal,chembl_future_after_2005_scaffold_source_purged,rich_scalars_only,2,chembl_raw,chembl_raw,P10275,Androgen receptor,337,0.3591,0.5987,0.8042,84,1.2611,0.3425,0.4877,-0.0034,0.3591,0.2247,0.0,0.0,0.0,0,0.1176,0.3277,0.0143,2,0.3235,0.9011,0.0778,11,0.3,15,0.32,32,2005.0
prospective_temporal,chembl_future_after_2005_scaffold_source_purged,rich_scalars_only,2,chembl_raw,chembl_raw,P23458,Tyrosine-protein kinase JAK1,1128,0.1667,0.3723,0.7479,568,1.0133,0.3378,0.721,0.1795,0.1667,0.423,0.3333,2.0,0.17,4,0.4211,2.5263,0.2035,24,0.3717,2.2301,0.1704,42,0.44,22,0.4,40,2005.0
prospective_temporal,chembl_future_after_2005_scaffold_source_purged,rich_scalars_only,2,chembl_raw,chembl_raw,P35372,Mu-type opioid receptor,109,0.6055,1.0582,0.8013,69,1.4862,0.6399,0.5349,0.0612,0.6055,0.5957,0.5,0.8258,0.5,1,0.6667,1.101,0.4611,4,0.5455,0.9008,0.3629,6,0.66,33,0.62,62,2005.0
prospective_temporal,chembl_future_after_2005_scaffold_source_purged,rich_scalars_only,2,chembl_raw,chembl_raw,Q01959,Sodium-dependent dopamine transporter,283,0.258,0.4945,0.7827,63,1.2686,0.4487,0.6996,0.2807,0.258,0.5662,0.6667,2.5845,0.3889,2,0.6,2.326,0.3731,9,0.5862,2.2726,0.368,17,0.46,23,0.43,43,2005.0
prospective_temporal,chembl_future_after_2005_scaffold_source_purged,rich_scalars_only,2,chembl_raw,chembl_raw,P31645,Sodium-dependent serotonin transporter,285,0.3368,0.5894,0.7726,80,1.2772,0.3703,0.5175,0.049,0.3368,0.4217,0.3333,0.9896,0.1667,1,0.5333,1.5833,0.2615,8,0.3793,1.1261,0.1791,11,0.4,20,0.35,35,2005.0
prospective_temporal,chembl_future_after_2005_scaffold_source_purged,rich_scalars_only,2,chembl_raw,chembl_raw,P41145,Kappa-type opioid receptor,112,0.3929,0.7146,0.7909,63,1.4732,0.4273,0.5134,-0.0092,0.3929,0.4188,1.0,2.5455,1.0,2,0.3333,0.8485,0.3333,2,0.3333,0.8485,0.2278,4,0.4,20,0.4,40,2005.0
prospective_temporal,chembl_future_after_2005_scaffold_source_purged,rich_scalars_only,2,chembl_raw,chembl_raw,P04150,Glucocorticoid receptor,719,0.2851,0.5136,0.7688,165,1.178,0.4223,0.6184,0.2031,0.2851,0.5234,0.875,3.0689,0.875,7,0.5,1.7537,0.3958,18,0.4722,1.6562,0.3066,34,0.46,23,0.5,50,2005.0
prospective_temporal,chembl_future_after_2005_scaffold_source_purged,rich_scalars_only,2,chembl_raw,chembl_raw,O43614,Orexin receptor type 2,387,0.5762,1.0279,0.7648,164,1.23,0.6716,0.6415,0.0604,0.5762,0.6604,0.75,1.3016,0.6875,3,0.7,1.2148,0.4965,14,0.5641,0.979,0.3963,22,0.66,33,0.7,70,2005.0
prospective_temporal,chembl_future_after_2005_scaffold_source_purged,rich_scalars_only,2,chembl_raw,chembl_raw,O60674,Tyrosine-protein kinase JAK2,34,0.4706,0.9193,0.7884,17,1.0588,0.7424,0.7812,0.5347,0.4706,0.7442,1.0,2.125,1.0,1,0.5,1.0625,0.5,1,0.75,1.5938,0.6042,3,0.4706,16,0.4706,16,2005.0
prospective_temporal,chembl_future_after_2005_scaffold_source_purged,rich_scalars_only,2,chembl_raw,chembl_raw,Q9Y5N1,Histamine H3 receptor,109,0.5138,0.9594,0.7969,62,1.4404,0.5349,0.567,0.0522,0.5138,0.3804,0.5,0.9732,0.25,1,0.3333,0.6488,0.1944,2,0.2727,0.5308,0.1333,3,0.54,27,0.54,54,2005.0
prospective_temporal,chembl_future_after_2005_scaffold_source_purged,rich_scalars_only,2,chembl_raw,chembl_raw,P49841,Glycogen synthase kinase-3 beta,56,0.3929,0.6494,0.7622,19,1.0714,0.4471,0.5247,-0.0056,0.3929,0.4508,1.0,2.5455,1.0,1,0.3333,0.8485,0.3333,1,0.3333,0.8485,0.25,2,0.4,20,0.3929,22,2005.0
prospective_temporal,chembl_future_after_2005_scaffold_source_purged,rich_scalars_only,2,chembl_raw,chembl_raw,P00519,Tyrosine-protein kinase ABL1,90,0.3444,0.6056,0.7745,35,1.2778,0.4742,0.5872,0.304,0.3444,0.6037,0.0,0.0,0.0,0,0.6,1.7419,0.3833,3,0.7778,2.2581,0.5362,7,0.42,21,0.3444,31,2005.0
prospective_temporal,chembl_future_after_2005_scaffold_source_purged,rich_scalars_only,2,chembl_raw,chembl_raw,P11309,Serine/threonine-protein kinase pim-1,53,0.2264,0.4304,0.756,26,1.1698,0.3265,0.628,0.1353,0.2264,0.283,0.0,0.0,0.0,0,0.3333,1.4722,0.1111,1,0.3333,1.4722,0.1389,2,0.24,12,0.2264,12,2005.0
prospective_temporal,chembl_future_after_2005_scaffold_source_purged,extratrees_scalars,2,chembl_raw,chembl_raw,P35367,Histamine H1 receptor,396,0.1616,0.4532,0.7745,117,1.1338,0.188,0.5132,0.0083,0.1616,0.2252,0.5,3.0938,0.25,2,0.2,1.2375,0.0833,4,0.2,1.2375,0.0631,8,0.2,10,0.18,18,2005.0
prospective_temporal,chembl_future_after_2005_scaffold_source_purged,extratrees_scalars,2,chembl_raw,chembl_raw,P42336,"Phosphatidylinositol 4,5-bisphosphate 3-kinase catalytic subunit alpha isoform",405,0.2716,0.4686,0.7647,206,1.2099,0.2783,0.5177,-0.014,0.2716,0.2349,0.2,0.7364,0.05,1,0.2381,0.8766,0.0617,5,0.2683,0.9878,0.0672,11,0.26,13,0.27,27,2005.0
prospective_temporal,chembl_future_after_2005_scaffold_source_purged,extratrees_scalars,2,chembl_raw,chembl_raw,P10275,Androgen receptor,337,0.3591,0.5987,0.8042,84,1.2611,0.3757,0.5187,0.0341,0.3591,0.3444,0.5,1.3926,0.25,2,0.4118,1.1468,0.1589,7,0.3529,0.983,0.1325,12,0.34,17,0.43,43,2005.0
prospective_temporal,chembl_future_after_2005_scaffold_source_purged,extratrees_scalars,2,chembl_raw,chembl_raw,P23458,Tyrosine-protein kinase JAK1,1128,0.1667,0.3723,0.7479,568,1.0133,0.3298,0.65,0.2221,0.1667,0.452,0.75,4.5,0.6894,9,0.5088,3.0526,0.3481,29,0.4071,2.4425,0.243,46,0.5,25,0.42,42,2005.0
prospective_temporal,chembl_future_after_2005_scaffold_source_purged,extratrees_scalars,2,chembl_raw,chembl_raw,P35372,Mu-type opioid receptor,109,0.6055,1.0582,0.8013,69,1.4862,0.6371,0.5657,0.1762,0.6055,0.4537,0.0,0.0,0.0,0,0.3333,0.5505,0.1389,2,0.5455,0.9008,0.2453,6,0.7,35,0.61,61,2005.0
prospective_temporal,chembl_future_after_2005_scaffold_source_purged,extratrees_scalars,2,chembl_raw,chembl_raw,Q01959,Sodium-dependent dopamine transporter,283,0.258,0.4945,0.7827,63,1.2686,0.4046,0.6745,0.1583,0.258,0.4944,0.6667,2.5845,0.5556,2,0.5333,2.0676,0.3552,8,0.4483,1.7378,0.2758,13,0.38,19,0.35,35,2005.0
prospective_temporal,chembl_future_after_2005_scaffold_source_purged,extratrees_scalars,2,chembl_raw,chembl_raw,P31645,Sodium-dependent serotonin transporter,285,0.3368,0.5894,0.7726,80,1.2772,0.4263,0.6067,0.1683,0.3368,0.4239,0.6667,1.9792,0.6667,2,0.4667,1.3854,0.3038,7,0.3448,1.0237,0.1968,10,0.42,21,0.46,46,2005.0
prospective_temporal,chembl_future_after_2005_scaffold_source_purged,extratrees_scalars,2,chembl_raw,chembl_raw,P41145,Kappa-type opioid receptor,112,0.3929,0.7146,0.7909,63,1.4732,0.3784,0.489,0.0287,0.3929,0.1942,0.0,0.0,0.0,0,0.1667,0.4242,0.0333,1,0.3333,0.8485,0.0838,4,0.38,19,0.37,37,2005.0
prospective_temporal,chembl_future_after_2005_scaffold_source_purged,extratrees_scalars,2,chembl_raw,chembl_raw,P04150,Glucocorticoid receptor,719,0.2851,0.5136,0.7688,165,1.178,0.3042,0.5282,0.0747,0.2851,0.2907,0.25,0.8768,0.067,2,0.2778,0.9743,0.0796,10,0.2917,1.023,0.0839,21,0.28,14,0.31,31,2005.0
prospective_temporal,chembl_future_after_2005_scaffold_source_purged,extratrees_scalars,2,chembl_raw,chembl_raw,O43614,Orexin receptor type 2,387,0.5762,1.0279,0.7648,164,1.23,0.6588,0.6025,0.1144,0.5762,0.703,0.5,0.8677,0.4167,2,0.75,1.3016,0.5479,15,0.7436,1.2904,0.5349,29,0.7,35,0.66,66,2005.0
prospective_temporal,chembl_future_after_2005_scaffold_source_purged,extratrees_scalars,2,chembl_raw,chembl_raw,O60674,Tyrosine-protein kinase JAK2,34,0.4706,0.9193,0.7884,17,1.0588,0.6731,0.7222,0.2917,0.4706,0.6141,1.0,2.125,1.0,1,0.5,1.0625,0.5,1,0.5,1.0625,0.375,2,0.4706,16,0.4706,16,2005.0
prospective_temporal,chembl_future_after_2005_scaffold_source_purged,extratrees_scalars,2,chembl_raw,chembl_raw,Q9Y5N1,Histamine H3 receptor,109,0.5138,0.9594,0.7969,62,1.4404,0.6134,0.5672,0.1196,0.5138,0.7874,1.0,1.9464,1.0,2,0.8333,1.622,0.8056,5,0.7273,1.4156,0.663,8,0.58,29,0.53,53,2005.0
prospective_temporal,chembl_future_after_2005_scaffold_source_purged,extratrees_scalars,2,chembl_raw,chembl_raw,P49841,Glycogen synthase kinase-3 beta,56,0.3929,0.6494,0.7622,19,1.0714,0.4234,0.4759,-0.0636,0.3929,0.4066,1.0,2.5455,1.0,1,0.3333,0.8485,0.3333,1,0.3333,0.8485,0.2333,2,0.38,19,0.3929,22,2005.0
prospective_temporal,chembl_future_after_2005_scaffold_source_purged,extratrees_scalars,2,chembl_raw,chembl_raw,P00519,Tyrosine-protein kinase ABL1,90,0.3444,0.6056,0.7745,35,1.2778,0.4724,0.5965,0.0875,0.3444,0.573,1.0,2.9032,1.0,1,0.6,1.7419,0.55,3,0.4444,1.2903,0.369,4,0.42,21,0.3444,31,2005.0
prospective_temporal,chembl_future_after_2005_scaffold_source_purged,extratrees_scalars,2,chembl_raw,chembl_raw,P11309,Serine/threonine-protein kinase pim-1,53,0.2264,0.4304,0.756,26,1.1698,0.373,0.7236,0.2459,0.2264,0.1992,0.0,0.0,0.0,0,0.0,0.0,0.0,0,0.3333,1.4722,0.0972,2,0.24,12,0.2264,12,2005.0
prospective_temporal,chembl_future_after_2010_future_only,ecfp_absdiff_xgb,0,chembl_raw,chembl_raw,P42336,"Phosphatidylinositol 4,5-bisphosphate 3-kinase catalytic subunit alpha isoform",405,0.2716,0.4686,0.7647,206,1.2099,0.2654,0.4693,0.0112,0.2716,0.181,0.4,1.4727,0.3,2,0.1429,0.526,0.081,3,0.1707,0.6286,0.0588,7,0.14,7,0.22,22,2010.0
prospective_temporal,chembl_future_after_2010_future_only,ecfp_absdiff_xgb,0,chembl_raw,chembl_raw,P23458,Tyrosine-protein kinase JAK1,1128,0.1667,0.3723,0.7479,568,1.0133,0.2784,0.5657,0.0482,0.1667,0.4256,0.8333,5.0,0.6217,10,0.4912,2.9474,0.3295,28,0.3363,2.0177,0.2067,38,0.48,24,0.37,37,2010.0
prospective_temporal,chembl_future_after_2010_future_only,ecfp_absdiff_xgb,0,chembl_raw,chembl_raw,O43614,Orexin receptor type 2,278,0.4928,0.8353,0.7662,140,1.259,0.5304,0.561,0.1408,0.4928,0.4442,0.3333,0.6764,0.1111,1,0.5,1.0146,0.2094,7,0.4286,0.8697,0.1908,12,0.52,26,0.54,54,2010.0
prospective_temporal,chembl_future_after_2010_future_only,ecfp_absdiff_xgb,0,chembl_raw,chembl_raw,P04150,Glucocorticoid receptor,201,0.3284,0.6074,0.7679,43,1.1741,0.4254,0.5777,0.1939,0.3284,0.472,1.0,3.0455,1.0,3,0.6364,1.938,0.4962,7,0.381,1.1602,0.28,8,0.28,14,0.39,39,2010.0
prospective_temporal,chembl_future_after_2010_future_only,ecfp_absdiff_xgb,0,chembl_raw,chembl_raw,P10275,Androgen receptor,113,0.3274,0.5126,0.8602,36,1.1681,0.3053,0.4339,-0.1204,0.3274,0.2689,0.0,0.0,0.0,0,0.3333,1.018,0.1389,2,0.1667,0.509,0.0694,2,0.34,17,0.33,33,2010.0
prospective_temporal,chembl_future_after_2010_future_only,ecfp_absdiff_xgb,0,chembl_raw,chembl_raw,P35367,Histamine H1 receptor,67,0.6418,1.6952,0.7583,30,1.4478,0.6725,0.4981,-0.0467,0.6418,0.8145,1.0,1.5581,1.0,1,0.75,1.1686,0.6875,3,0.8571,1.3355,0.7486,6,0.64,32,0.6418,43,2010.0
prospective_temporal,chembl_future_after_2010_future_only,ecfp_absdiff_xgb,0,chembl_raw,chembl_raw,P00519,Tyrosine-protein kinase ABL1,12,0.25,0.4742,0.7716,6,2.0833,0.7,0.8889,0.4082,0.25,0.9719,1.0,4.0,1.0,1,1.0,4.0,1.0,1,1.0,4.0,1.0,2,0.25,3,0.25,3,2010.0
prospective_temporal,chembl_future_after_2010_future_only,ecfp_absdiff_xgb,0,chembl_raw,chembl_raw,O60674,Tyrosine-protein kinase JAK2,17,0.3529,0.6332,0.8165,11,1.1176,0.3366,0.4545,-0.1124,0.3529,0.0209,0.0,0.0,0.0,0,0.0,0.0,0.0,0,0.0,0.0,0.0,0,0.3529,6,0.3529,6,2010.0
prospective_temporal,chembl_future_after_2010_future_only,ecfp_absdiff_xgb,0,chembl_raw,chembl_raw,P49841,Glycogen synthase kinase-3 beta,8,0.25,0.5302,0.7426,5,1.5,0.4,0.6667,0.4472,0.25,0.0764,0.0,0.0,0.0,0,0.0,0.0,0.0,0,0.0,0.0,0.0,0,0.25,2,0.25,2,2010.0
prospective_temporal,chembl_future_after_2010_future_only,ecfp_absdiff_xgb,0,chembl_raw,chembl_raw,P11309,Serine/threonine-protein kinase pim-1,5,0.4,0.5793,0.7666,5,1.4,0.7,0.5,-0.6124,0.4,0.982,1.0,2.5,1.0,1,1.0,2.5,1.0,1,1.0,2.5,1.0,1,0.4,2,0.4,2,2010.0
prospective_temporal,chembl_future_after_2010_future_only,rich_diff_scalars,0,chembl_raw,chembl_raw,P42336,"Phosphatidylinositol 4,5-bisphosphate 3-kinase catalytic subunit alpha isoform",405,0.2716,0.4686,0.7647,206,1.2099,0.2865,0.5082,0.0026,0.2716,0.2962,0.4,1.4727,0.13,2,0.3333,1.2273,0.1136,7,0.3171,1.1674,0.1042,13,0.28,14,0.29,29,2010.0
prospective_temporal,chembl_future_after_2010_future_only,rich_diff_scalars,0,chembl_raw,chembl_raw,P23458,Tyrosine-protein kinase JAK1,1128,0.1667,0.3723,0.7479,568,1.0133,0.3499,0.6939,0.2387,0.1667,0.468,0.75,4.5,0.5893,9,0.4737,2.8421,0.2929,27,0.4513,2.708,0.2462,51,0.52,26,0.48,48,2010.0
prospective_temporal,chembl_future_after_2010_future_only,rich_diff_scalars,0,chembl_raw,chembl_raw,O43614,Orexin receptor type 2,278,0.4928,0.8353,0.7662,140,1.259,0.6224,0.6908,0.0597,0.4928,0.5575,0.3333,0.6764,0.1111,1,0.5714,1.1595,0.2475,8,0.6071,1.232,0.321,17,0.64,32,0.68,68,2010.0
prospective_temporal,chembl_future_after_2010_future_only,rich_diff_scalars,0,chembl_raw,chembl_raw,P04150,Glucocorticoid receptor,201,0.3284,0.6074,0.7679,43,1.1741,0.4819,0.6429,0.1367,0.3284,0.5816,1.0,3.0455,1.0,3,0.5455,1.6612,0.5325,6,0.4762,1.4502,0.374,10,0.48,24,0.41,41,2010.0
prospective_temporal,chembl_future_after_2010_future_only,rich_diff_scalars,0,chembl_raw,chembl_raw,P10275,Androgen receptor,113,0.3274,0.5126,0.8602,36,1.1681,0.2891,0.4392,-0.0487,0.3274,0.1531,0.0,0.0,0.0,0,0.1667,0.509,0.0556,1,0.0833,0.2545,0.0278,1,0.24,12,0.33,33,2010.0
prospective_temporal,chembl_future_after_2010_future_only,rich_diff_scalars,0,chembl_raw,chembl_raw,P35367,Histamine H1 receptor,67,0.6418,1.6952,0.7583,30,1.4478,0.7704,0.7088,0.0163,0.6418,0.6591,1.0,1.5581,1.0,1,0.5,0.7791,0.375,2,0.7143,1.113,0.4973,5,0.74,37,0.6418,43,2010.0
prospective_temporal,chembl_future_after_2010_future_only,rich_diff_scalars,0,chembl_raw,chembl_raw,P00519,Tyrosine-protein kinase ABL1,12,0.25,0.4742,0.7716,6,2.0833,0.8095,0.8704,0.0,0.25,0.9709,1.0,4.0,1.0,1,1.0,4.0,1.0,1,1.0,4.0,1.0,2,0.25,3,0.25,3,2010.0
prospective_temporal,chembl_future_after_2010_future_only,rich_diff_scalars,0,chembl_raw,chembl_raw,O60674,Tyrosine-protein kinase JAK2,17,0.3529,0.6332,0.8165,11,1.1176,0.7468,0.8182,0.3039,0.3529,0.9145,1.0,2.8333,1.0,1,1.0,2.8333,1.0,1,1.0,2.8333,1.0,2,0.3529,6,0.3529,6,2010.0
prospective_temporal,chembl_future_after_2010_future_only,rich_diff_scalars,0,chembl_raw,chembl_raw,P49841,Glycogen synthase kinase-3 beta,8,0.25,0.5302,0.7426,5,1.5,0.75,0.8333,0.3333,0.25,0.9247,1.0,4.0,1.0,1,1.0,4.0,1.0,1,1.0,4.0,1.0,1,0.25,2,0.25,2,2010.0
prospective_temporal,chembl_future_after_2010_future_only,rich_diff_scalars,0,chembl_raw,chembl_raw,P11309,Serine/threonine-protein kinase pim-1,5,0.4,0.5793,0.7666,5,1.4,0.8333,0.8333,0.6124,0.4,0.9823,1.0,2.5,1.0,1,1.0,2.5,1.0,1,1.0,2.5,1.0,1,0.4,2,0.4,2,2010.0
prospective_temporal,chembl_future_after_2010_future_only,rich_scalars_only,0,chembl_raw,chembl_raw,P42336,"Phosphatidylinositol 4,5-bisphosphate 3-kinase catalytic subunit alpha isoform",405,0.2716,0.4686,0.7647,206,1.2099,0.2809,0.4888,0.0353,0.2716,0.3065,0.2,0.7364,0.04,1,0.2857,1.0519,0.0968,6,0.3171,1.1674,0.1056,13,0.32,16,0.28,28,2010.0
prospective_temporal,chembl_future_after_2010_future_only,rich_scalars_only,0,chembl_raw,chembl_raw,P23458,Tyrosine-protein kinase JAK1,1128,0.1667,0.3723,0.7479,568,1.0133,0.3623,0.7272,0.2073,0.1667,0.4627,0.4167,2.5,0.2345,5,0.4386,2.6316,0.2217,25,0.4425,2.6549,0.2096,50,0.48,24,0.44,44,2010.0
prospective_temporal,chembl_future_after_2010_future_only,rich_scalars_only,0,chembl_raw,chembl_raw,O43614,Orexin receptor type 2,278,0.4928,0.8353,0.7662,140,1.259,0.592,0.6543,0.0722,0.4928,0.5169,0.3333,0.6764,0.1111,1,0.5,1.0146,0.2039,7,0.5357,1.0871,0.2698,15,0.62,31,0.64,64,2010.0
prospective_temporal,chembl_future_after_2010_future_only,rich_scalars_only,0,chembl_raw,chembl_raw,P04150,Glucocorticoid receptor,201,0.3284,0.6074,0.7679,43,1.1741,0.4895,0.631,0.2199,0.3284,0.6077,0.6667,2.0303,0.6667,2,0.6364,1.938,0.498,7,0.5714,1.7403,0.4067,12,0.52,26,0.41,41,2010.0
prospective_temporal,chembl_future_after_2010_future_only,rich_scalars_only,0,chembl_raw,chembl_raw,P10275,Androgen receptor,113,0.3274,0.5126,0.8602,36,1.1681,0.334,0.5018,-0.0219,0.3274,0.2838,0.5,1.527,0.25,1,0.3333,1.018,0.1667,2,0.25,0.7635,0.1042,3,0.32,16,0.33,33,2010.0
prospective_temporal,chembl_future_after_2010_future_only,rich_scalars_only,0,chembl_raw,chembl_raw,P35367,Histamine H1 receptor,67,0.6418,1.6952,0.7583,30,1.4478,0.7641,0.7234,-0.0248,0.6418,0.6024,0.0,0.0,0.0,0,0.5,0.7791,0.2917,2,0.7143,1.113,0.4497,5,0.74,37,0.6418,43,2010.0
prospective_temporal,chembl_future_after_2010_future_only,rich_scalars_only,0,chembl_raw,chembl_raw,P00519,Tyrosine-protein kinase ABL1,12,0.25,0.4742,0.7716,6,2.0833,0.6429,0.7963,0.0,0.25,0.8222,1.0,4.0,1.0,1,1.0,4.0,1.0,1,0.5,2.0,0.5,1,0.25,3,0.25,3,2010.0
prospective_temporal,chembl_future_after_2010_future_only,rich_scalars_only,0,chembl_raw,chembl_raw,O60674,Tyrosine-protein kinase JAK2,17,0.3529,0.6332,0.8165,11,1.1176,0.6329,0.803,0.3337,0.3529,0.3021,0.0,0.0,0.0,0,0.0,0.0,0.0,0,0.5,1.4167,0.25,1,0.3529,6,0.3529,6,2010.0
prospective_temporal,chembl_future_after_2010_future_only,rich_scalars_only,0,chembl_raw,chembl_raw,P49841,Glycogen synthase kinase-3 beta,8,0.25,0.5302,0.7426,5,1.5,0.7,0.75,0.3333,0.25,0.9242,1.0,4.0,1.0,1,1.0,4.0,1.0,1,1.0,4.0,1.0,1,0.25,2,0.25,2,2010.0
prospective_temporal,chembl_future_after_2010_future_only,rich_scalars_only,0,chembl_raw,chembl_raw,P11309,Serine/threonine-protein kinase pim-1,5,0.4,0.5793,0.7666,5,1.4,1.0,1.0,0.6124,0.4,1.0,1.0,2.5,1.0,1,1.0,2.5,1.0,1,1.0,2.5,1.0,1,0.4,2,0.4,2,2010.0
prospective_temporal,chembl_future_after_2010_future_only,extratrees_scalars,0,chembl_raw,chembl_raw,P42336,"Phosphatidylinositol 4,5-bisphosphate 3-kinase catalytic subunit alpha isoform",405,0.2716,0.4686,0.7647,206,1.2099,0.2807,0.4987,0.0405,0.2716,0.2204,0.2,0.7364,0.2,1,0.0952,0.3506,0.0532,2,0.2683,0.9878,0.0765,11,0.28,14,0.32,32,2010.0
prospective_temporal,chembl_future_after_2010_future_only,extratrees_scalars,0,chembl_raw,chembl_raw,P23458,Tyrosine-protein kinase JAK1,1128,0.1667,0.3723,0.7479,568,1.0133,0.2134,0.5371,0.0468,0.1667,0.2927,0.5,3.0,0.2361,6,0.3158,1.8947,0.1497,18,0.2301,1.3805,0.0949,26,0.34,17,0.24,24,2010.0
prospective_temporal,chembl_future_after_2010_future_only,extratrees_scalars,0,chembl_raw,chembl_raw,O43614,Orexin receptor type 2,278,0.4928,0.8353,0.7662,140,1.259,0.6,0.6159,0.1771,0.4928,0.6463,0.6667,1.3528,0.5556,2,0.7143,1.4494,0.5122,10,0.6429,1.3045,0.443,18,0.58,29,0.61,61,2010.0
prospective_temporal,chembl_future_after_2010_future_only,extratrees_scalars,0,chembl_raw,chembl_raw,P04150,Glucocorticoid receptor,201,0.3284,0.6074,0.7679,43,1.1741,0.4301,0.5952,0.1494,0.3284,0.4992,0.3333,1.0152,0.1111,1,0.5455,1.6612,0.2642,6,0.5238,1.5952,0.2715,11,0.48,24,0.36,36,2010.0
prospective_temporal,chembl_future_after_2010_future_only,extratrees_scalars,0,chembl_raw,chembl_raw,P10275,Androgen receptor,113,0.3274,0.5126,0.8602,36,1.1681,0.2729,0.3841,-0.1852,0.3274,0.123,0.0,0.0,0.0,0,0.0,0.0,0.0,0,0.1667,0.509,0.0327,2,0.24,12,0.3,30,2010.0
prospective_temporal,chembl_future_after_2010_future_only,extratrees_scalars,0,chembl_raw,chembl_raw,P35367,Histamine H1 receptor,67,0.6418,1.6952,0.7583,30,1.4478,0.7344,0.6008,0.0937,0.6418,0.8349,1.0,1.5581,1.0,1,0.75,1.1686,0.75,3,0.7143,1.113,0.6619,5,0.68,34,0.6418,43,2010.0
prospective_temporal,chembl_future_after_2010_future_only,extratrees_scalars,0,chembl_raw,chembl_raw,P00519,Tyrosine-protein kinase ABL1,12,0.25,0.4742,0.7716,6,2.0833,0.5,0.4444,0.0,0.25,0.8166,1.0,4.0,1.0,1,1.0,4.0,1.0,1,0.5,2.0,0.5,1,0.25,3,0.25,3,2010.0
prospective_temporal,chembl_future_after_2010_future_only,extratrees_scalars,0,chembl_raw,chembl_raw,O60674,Tyrosine-protein kinase JAK2,17,0.3529,0.6332,0.8165,11,1.1176,0.538,0.7121,-0.1846,0.3529,0.242,0.0,0.0,0.0,0,0.0,0.0,0.0,0,0.5,1.4167,0.25,1,0.3529,6,0.3529,6,2010.0
prospective_temporal,chembl_future_after_2010_future_only,extratrees_scalars,0,chembl_raw,chembl_raw,P49841,Glycogen synthase kinase-3 beta,8,0.25,0.5302,0.7426,5,1.5,0.5833,0.8333,0.0,0.25,0.0821,0.0,0.0,0.0,0,0.0,0.0,0.0,0,0.0,0.0,0.0,0,0.25,2,0.25,2,2010.0
prospective_temporal,chembl_future_after_2010_future_only,extratrees_scalars,0,chembl_raw,chembl_raw,P11309,Serine/threonine-protein kinase pim-1,5,0.4,0.5793,0.7666,5,1.4,0.75,0.6667,0.0,0.4,0.982,1.0,2.5,1.0,1,1.0,2.5,1.0,1,1.0,2.5,1.0,1,0.4,2,0.4,2,2010.0
prospective_temporal,chembl_future_after_2010_future_only,ecfp_absdiff_xgb,1,chembl_raw,chembl_raw,P42336,"Phosphatidylinositol 4,5-bisphosphate 3-kinase catalytic subunit alpha isoform",405,0.2716,0.4686,0.7647,206,1.2099,0.2615,0.4561,0.0212,0.2716,0.1443,0.4,1.4727,0.28,2,0.0952,0.3506,0.0667,2,0.122,0.449,0.0422,5,0.14,7,0.21,21,2010.0
prospective_temporal,chembl_future_after_2010_future_only,ecfp_absdiff_xgb,1,chembl_raw,chembl_raw,P23458,Tyrosine-protein kinase JAK1,1128,0.1667,0.3723,0.7479,568,1.0133,0.238,0.5298,-0.0035,0.1667,0.3583,0.5,3.0,0.3438,6,0.4386,2.6316,0.2746,25,0.2655,1.5929,0.1525,30,0.48,24,0.29,29,2010.0
prospective_temporal,chembl_future_after_2010_future_only,ecfp_absdiff_xgb,1,chembl_raw,chembl_raw,O43614,Orexin receptor type 2,278,0.4928,0.8353,0.7662,140,1.259,0.5251,0.5607,0.1383,0.4928,0.4203,0.3333,0.6764,0.1667,1,0.4286,0.8697,0.1661,6,0.4286,0.8697,0.1808,12,0.5,25,0.59,59,2010.0
prospective_temporal,chembl_future_after_2010_future_only,ecfp_absdiff_xgb,1,chembl_raw,chembl_raw,P04150,Glucocorticoid receptor,201,0.3284,0.6074,0.7679,43,1.1741,0.437,0.5875,0.1722,0.3284,0.5265,1.0,3.0455,1.0,3,0.6364,1.938,0.5528,7,0.4286,1.3052,0.3414,9,0.34,17,0.36,36,2010.0
prospective_temporal,chembl_future_after_2010_future_only,ecfp_absdiff_xgb,1,chembl_raw,chembl_raw,P10275,Androgen receptor,113,0.3274,0.5126,0.8602,36,1.1681,0.3108,0.4474,-0.1237,0.3274,0.1903,0.0,0.0,0.0,0,0.0,0.0,0.0,0,0.25,0.7635,0.0605,3,0.34,17,0.33,33,2010.0
prospective_temporal,chembl_future_after_2010_future_only,ecfp_absdiff_xgb,1,chembl_raw,chembl_raw,P35367,Histamine H1 receptor,67,0.6418,1.6952,0.7583,30,1.4478,0.6791,0.4782,-0.1281,0.6418,0.8573,1.0,1.5581,1.0,1,0.75,1.1686,0.75,3,0.8571,1.3355,0.7844,6,0.6,30,0.6418,43,2010.0
prospective_temporal,chembl_future_after_2010_future_only,ecfp_absdiff_xgb,1,chembl_raw,chembl_raw,P00519,Tyrosine-protein kinase ABL1,12,0.25,0.4742,0.7716,6,2.0833,0.7,0.8889,0.4082,0.25,0.9719,1.0,4.0,1.0,1,1.0,4.0,1.0,1,1.0,4.0,1.0,2,0.25,3,0.25,3,2010.0
prospective_temporal,chembl_future_after_2010_future_only,ecfp_absdiff_xgb,1,chembl_raw,chembl_raw,O60674,Tyrosine-protein kinase JAK2,17,0.3529,0.6332,0.8165,11,1.1176,0.3366,0.4545,-0.1124,0.3529,0.0209,0.0,0.0,0.0,0,0.0,0.0,0.0,0,0.0,0.0,0.0,0,0.3529,6,0.3529,6,2010.0
prospective_temporal,chembl_future_after_2010_future_only,ecfp_absdiff_xgb,1,chembl_raw,chembl_raw,P49841,Glycogen synthase kinase-3 beta,8,0.25,0.5302,0.7426,5,1.5,0.5,0.8333,0.5774,0.25,1.0,1.0,4.0,1.0,1,1.0,4.0,1.0,1,1.0,4.0,1.0,1,0.25,2,0.25,2,2010.0
prospective_temporal,chembl_future_after_2010_future_only,ecfp_absdiff_xgb,1,chembl_raw,chembl_raw,P11309,Serine/threonine-protein kinase pim-1,5,0.4,0.5793,0.7666,5,1.4,0.7,0.5,-0.6124,0.4,0.982,1.0,2.5,1.0,1,1.0,2.5,1.0,1,1.0,2.5,1.0,1,0.4,2,0.4,2,2010.0
prospective_temporal,chembl_future_after_2010_future_only,rich_diff_scalars,1,chembl_raw,chembl_raw,P42336,"Phosphatidylinositol 4,5-bisphosphate 3-kinase catalytic subunit alpha isoform",405,0.2716,0.4686,0.7647,206,1.2099,0.2721,0.4905,-0.0244,0.2716,0.2504,0.2,0.7364,0.05,1,0.1905,0.7013,0.0467,4,0.2927,1.0776,0.0769,12,0.3,15,0.26,26,2010.0
prospective_temporal,chembl_future_after_2010_future_only,rich_diff_scalars,1,chembl_raw,chembl_raw,P23458,Tyrosine-protein kinase JAK1,1128,0.1667,0.3723,0.7479,568,1.0133,0.3193,0.6356,0.1908,0.1667,0.4485,0.6667,4.0,0.4787,8,0.4912,2.9474,0.3235,28,0.3894,2.3363,0.2199,44,0.54,27,0.4,40,2010.0
prospective_temporal,chembl_future_after_2010_future_only,rich_diff_scalars,1,chembl_raw,chembl_raw,O43614,Orexin receptor type 2,278,0.4928,0.8353,0.7662,140,1.259,0.6175,0.6735,0.1037,0.4928,0.6109,0.0,0.0,0.0,0,0.6429,1.3045,0.3357,9,0.7143,1.4494,0.438,20,0.62,31,0.66,66,2010.0
prospective_temporal,chembl_future_after_2010_future_only,rich_diff_scalars,1,chembl_raw,chembl_raw,P04150,Glucocorticoid receptor,201,0.3284,0.6074,0.7679,43,1.1741,0.4828,0.6529,0.1599,0.3284,0.573,1.0,3.0455,1.0,3,0.5455,1.6612,0.4649,6,0.4762,1.4502,0.3539,10,0.48,24,0.42,42,2010.0
prospective_temporal,chembl_future_after_2010_future_only,rich_diff_scalars,1,chembl_raw,chembl_raw,P10275,Androgen receptor,113,0.3274,0.5126,0.8602,36,1.1681,0.2739,0.4155,-0.1759,0.3274,0.0519,0.0,0.0,0.0,0,0.0,0.0,0.0,0,0.0,0.0,0.0,0,0.22,11,0.35,35,2010.0
prospective_temporal,chembl_future_after_2010_future_only,rich_diff_scalars,1,chembl_raw,chembl_raw,P35367,Histamine H1 receptor,67,0.6418,1.6952,0.7583,30,1.4478,0.7743,0.7248,-0.0745,0.6418,0.652,1.0,1.5581,1.0,1,0.5,0.7791,0.375,2,0.7143,1.113,0.4973,5,0.76,38,0.6418,43,2010.0
prospective_temporal,chembl_future_after_2010_future_only,rich_diff_scalars,1,chembl_raw,chembl_raw,P00519,Tyrosine-protein kinase ABL1,12,0.25,0.4742,0.7716,6,2.0833,0.7222,0.8704,0.0,0.25,0.8468,1.0,4.0,1.0,1,1.0,4.0,1.0,1,0.5,2.0,0.5,1,0.25,3,0.25,3,2010.0
prospective_temporal,chembl_future_after_2010_future_only,rich_diff_scalars,1,chembl_raw,chembl_raw,O60674,Tyrosine-protein kinase JAK2,17,0.3529,0.6332,0.8165,11,1.1176,0.7718,0.8409,0.3039,0.3529,0.9285,1.0,2.8333,1.0,1,1.0,2.8333,1.0,1,1.0,2.8333,1.0,2,0.3529,6,0.3529,6,2010.0
prospective_temporal,chembl_future_after_2010_future_only,rich_diff_scalars,1,chembl_raw,chembl_raw,P49841,Glycogen synthase kinase-3 beta,8,0.25,0.5302,0.7426,5,1.5,0.75,0.8333,0.3333,0.25,0.9247,1.0,4.0,1.0,1,1.0,4.0,1.0,1,1.0,4.0,1.0,1,0.25,2,0.25,2,2010.0
prospective_temporal,chembl_future_after_2010_future_only,rich_diff_scalars,1,chembl_raw,chembl_raw,P11309,Serine/threonine-protein kinase pim-1,5,0.4,0.5793,0.7666,5,1.4,0.7,0.5,0.6124,0.4,0.982,1.0,2.5,1.0,1,1.0,2.5,1.0,1,1.0,2.5,1.0,1,0.4,2,0.4,2,2010.0
prospective_temporal,chembl_future_after_2010_future_only,rich_scalars_only,1,chembl_raw,chembl_raw,P42336,"Phosphatidylinositol 4,5-bisphosphate 3-kinase catalytic subunit alpha isoform",405,0.2716,0.4686,0.7647,206,1.2099,0.3048,0.4918,0.0153,0.2716,0.3857,0.8,2.9455,0.5433,4,0.4286,1.5779,0.2646,9,0.3171,1.1674,0.1734,13,0.3,15,0.28,28,2010.0
prospective_temporal,chembl_future_after_2010_future_only,rich_scalars_only,1,chembl_raw,chembl_raw,P23458,Tyrosine-protein kinase JAK1,1128,0.1667,0.3723,0.7479,568,1.0133,0.317,0.6568,0.2006,0.1667,0.4459,0.6667,4.0,0.3992,8,0.4561,2.7368,0.2657,26,0.4248,2.5487,0.2166,48,0.5,25,0.41,41,2010.0
prospective_temporal,chembl_future_after_2010_future_only,rich_scalars_only,1,chembl_raw,chembl_raw,O43614,Orexin receptor type 2,278,0.4928,0.8353,0.7662,140,1.259,0.6043,0.6376,0.1429,0.4928,0.6056,0.3333,0.6764,0.1667,1,0.5714,1.1595,0.2654,8,0.7143,1.4494,0.428,20,0.64,32,0.64,64,2010.0
prospective_temporal,chembl_future_after_2010_future_only,rich_scalars_only,1,chembl_raw,chembl_raw,P04150,Glucocorticoid receptor,201,0.3284,0.6074,0.7679,43,1.1741,0.4858,0.6329,0.1456,0.3284,0.5907,1.0,3.0455,1.0,3,0.6364,1.938,0.4876,7,0.619,1.8853,0.4278,13,0.5,25,0.4,40,2010.0
prospective_temporal,chembl_future_after_2010_future_only,rich_scalars_only,1,chembl_raw,chembl_raw,P10275,Androgen receptor,113,0.3274,0.5126,0.8602,36,1.1681,0.3346,0.4938,-0.0491,0.3274,0.3159,0.5,1.527,0.25,1,0.3333,1.018,0.1389,2,0.3333,1.018,0.1422,4,0.34,17,0.33,33,2010.0
prospective_temporal,chembl_future_after_2010_future_only,rich_scalars_only,1,chembl_raw,chembl_raw,P35367,Histamine H1 receptor,67,0.6418,1.6952,0.7583,30,1.4478,0.7701,0.7355,-0.0745,0.6418,0.5855,1.0,1.5581,1.0,1,0.5,0.7791,0.375,2,0.5714,0.8904,0.3673,4,0.76,38,0.6418,43,2010.0
prospective_temporal,chembl_future_after_2010_future_only,rich_scalars_only,1,chembl_raw,chembl_raw,P00519,Tyrosine-protein kinase ABL1,12,0.25,0.4742,0.7716,6,2.0833,0.8095,0.8704,0.0,0.25,0.9709,1.0,4.0,1.0,1,1.0,4.0,1.0,1,1.0,4.0,1.0,2,0.25,3,0.25,3,2010.0
prospective_temporal,chembl_future_after_2010_future_only,rich_scalars_only,1,chembl_raw,chembl_raw,O60674,Tyrosine-protein kinase JAK2,17,0.3529,0.6332,0.8165,11,1.1176,0.6764,0.7879,0.3039,0.3529,0.7664,1.0,2.8333,1.0,1,1.0,2.8333,1.0,1,0.5,1.4167,0.5,1,0.3529,6,0.3529,6,2010.0
prospective_temporal,chembl_future_after_2010_future_only,rich_scalars_only,1,chembl_raw,chembl_raw,P49841,Glycogen synthase kinase-3 beta,8,0.25,0.5302,0.7426,5,1.5,0.7,0.75,0.3333,0.25,0.9242,1.0,4.0,1.0,1,1.0,4.0,1.0,1,1.0,4.0,1.0,1,0.25,2,0.25,2,2010.0
prospective_temporal,chembl_future_after_2010_future_only,rich_scalars_only,1,chembl_raw,chembl_raw,P11309,Serine/threonine-protein kinase pim-1,5,0.4,0.5793,0.7666,5,1.4,1.0,1.0,0.6124,0.4,1.0,1.0,2.5,1.0,1,1.0,2.5,1.0,1,1.0,2.5,1.0,1,0.4,2,0.4,2,2010.0
prospective_temporal,chembl_future_after_2010_future_only,extratrees_scalars,1,chembl_raw,chembl_raw,P42336,"Phosphatidylinositol 4,5-bisphosphate 3-kinase catalytic subunit alpha isoform",405,0.2716,0.4686,0.7647,206,1.2099,0.2913,0.5004,0.014,0.2716,0.2815,0.4,1.4727,0.4,2,0.2381,0.8766,0.1485,5,0.2439,0.898,0.1064,10,0.26,13,0.29,29,2010.0
prospective_temporal,chembl_future_after_2010_future_only,extratrees_scalars,1,chembl_raw,chembl_raw,P23458,Tyrosine-protein kinase JAK1,1128,0.1667,0.3723,0.7479,568,1.0133,0.3111,0.6458,0.1914,0.1667,0.4167,0.5833,3.5,0.544,7,0.4912,2.9474,0.2841,28,0.3805,2.2832,0.1996,43,0.48,24,0.4,40,2010.0
prospective_temporal,chembl_future_after_2010_future_only,extratrees_scalars,1,chembl_raw,chembl_raw,O43614,Orexin receptor type 2,278,0.4928,0.8353,0.7662,140,1.259,0.5645,0.6079,0.1522,0.4928,0.5049,0.3333,0.6764,0.1111,1,0.3571,0.7247,0.1295,5,0.5714,1.1595,0.2753,16,0.62,31,0.59,59,2010.0
prospective_temporal,chembl_future_after_2010_future_only,extratrees_scalars,1,chembl_raw,chembl_raw,P04150,Glucocorticoid receptor,201,0.3284,0.6074,0.7679,43,1.1741,0.4252,0.5887,0.0858,0.3284,0.4826,0.6667,2.0303,0.3889,2,0.4545,1.3843,0.2803,5,0.4762,1.4502,0.2608,10,0.46,23,0.41,41,2010.0
prospective_temporal,chembl_future_after_2010_future_only,extratrees_scalars,1,chembl_raw,chembl_raw,P10275,Androgen receptor,113,0.3274,0.5126,0.8602,36,1.1681,0.3574,0.5048,0.0024,0.3274,0.3947,0.5,1.527,0.5,1,0.5,1.527,0.4028,3,0.25,0.7635,0.2014,3,0.36,18,0.34,34,2010.0
prospective_temporal,chembl_future_after_2010_future_only,extratrees_scalars,1,chembl_raw,chembl_raw,P35367,Histamine H1 receptor,67,0.6418,1.6952,0.7583,30,1.4478,0.7648,0.6492,0.1117,0.6418,0.8662,1.0,1.5581,1.0,1,1.0,1.5581,1.0,4,0.8571,1.3355,0.8129,6,0.7,35,0.6418,43,2010.0
prospective_temporal,chembl_future_after_2010_future_only,extratrees_scalars,1,chembl_raw,chembl_raw,P00519,Tyrosine-protein kinase ABL1,12,0.25,0.4742,0.7716,6,2.0833,0.5,0.4444,0.5222,0.25,0.8166,1.0,4.0,1.0,1,1.0,4.0,1.0,1,0.5,2.0,0.5,1,0.25,3,0.25,3,2010.0
prospective_temporal,chembl_future_after_2010_future_only,extratrees_scalars,1,chembl_raw,chembl_raw,O60674,Tyrosine-protein kinase JAK2,17,0.3529,0.6332,0.8165,11,1.1176,0.36,0.4545,-0.2697,0.3529,0.0665,0.0,0.0,0.0,0,0.0,0.0,0.0,0,0.0,0.0,0.0,0,0.3529,6,0.3529,6,2010.0
prospective_temporal,chembl_future_after_2010_future_only,extratrees_scalars,1,chembl_raw,chembl_raw,P49841,Glycogen synthase kinase-3 beta,8,0.25,0.5302,0.7426,5,1.5,1.0,1.0,1.0,0.25,1.0,1.0,4.0,1.0,1,1.0,4.0,1.0,1,1.0,4.0,1.0,1,0.25,2,0.25,2,2010.0
prospective_temporal,chembl_future_after_2010_future_only,extratrees_scalars,1,chembl_raw,chembl_raw,P11309,Serine/threonine-protein kinase pim-1,5,0.4,0.5793,0.7666,5,1.4,0.8333,0.8333,0.6124,0.4,0.9823,1.0,2.5,1.0,1,1.0,2.5,1.0,1,1.0,2.5,1.0,1,0.4,2,0.4,2,2010.0
prospective_temporal,chembl_future_after_2010_future_only,ecfp_absdiff_xgb,2,chembl_raw,chembl_raw,P42336,"Phosphatidylinositol 4,5-bisphosphate 3-kinase catalytic subunit alpha isoform",405,0.2716,0.4686,0.7647,206,1.2099,0.2543,0.4597,-0.0273,0.2716,0.1581,0.4,1.4727,0.28,2,0.0952,0.3506,0.0667,2,0.1951,0.7184,0.0571,8,0.16,8,0.2,20,2010.0
prospective_temporal,chembl_future_after_2010_future_only,ecfp_absdiff_xgb,2,chembl_raw,chembl_raw,P23458,Tyrosine-protein kinase JAK1,1128,0.1667,0.3723,0.7479,568,1.0133,0.2268,0.5546,0.0365,0.1667,0.3376,0.5,3.0,0.2269,6,0.4211,2.5263,0.1892,24,0.292,1.7522,0.1232,33,0.36,18,0.3,30,2010.0
prospective_temporal,chembl_future_after_2010_future_only,ecfp_absdiff_xgb,2,chembl_raw,chembl_raw,O43614,Orexin receptor type 2,278,0.4928,0.8353,0.7662,140,1.259,0.5175,0.5605,0.1208,0.4928,0.3853,0.3333,0.6764,0.1667,1,0.3571,0.7247,0.1284,5,0.3571,0.7247,0.133,10,0.54,27,0.54,54,2010.0
prospective_temporal,chembl_future_after_2010_future_only,ecfp_absdiff_xgb,2,chembl_raw,chembl_raw,P04150,Glucocorticoid receptor,201,0.3284,0.6074,0.7679,43,1.1741,0.4332,0.571,0.179,0.3284,0.4943,1.0,3.0455,1.0,3,0.5455,1.6612,0.4687,6,0.381,1.1602,0.3026,8,0.24,12,0.4,40,2010.0
prospective_temporal,chembl_future_after_2010_future_only,ecfp_absdiff_xgb,2,chembl_raw,chembl_raw,P10275,Androgen receptor,113,0.3274,0.5126,0.8602,36,1.1681,0.311,0.4506,-0.037,0.3274,0.1578,0.0,0.0,0.0,0,0.0,0.0,0.0,0,0.25,0.7635,0.0479,3,0.34,17,0.32,32,2010.0
prospective_temporal,chembl_future_after_2010_future_only,ecfp_absdiff_xgb,2,chembl_raw,chembl_raw,P35367,Histamine H1 receptor,67,0.6418,1.6952,0.7583,30,1.4478,0.6702,0.4772,-0.069,0.6418,0.8441,1.0,1.5581,1.0,1,1.0,1.5581,1.0,4,0.7143,1.113,0.6735,5,0.6,30,0.6418,43,2010.0
prospective_temporal,chembl_future_after_2010_future_only,ecfp_absdiff_xgb,2,chembl_raw,chembl_raw,P00519,Tyrosine-protein kinase ABL1,12,0.25,0.4742,0.7716,6,2.0833,0.7333,0.9259,0.6831,0.25,0.9764,1.0,4.0,1.0,1,1.0,4.0,1.0,1,1.0,4.0,1.0,2,0.25,3,0.25,3,2010.0
prospective_temporal,chembl_future_after_2010_future_only,ecfp_absdiff_xgb,2,chembl_raw,chembl_raw,O60674,Tyrosine-protein kinase JAK2,17,0.3529,0.6332,0.8165,11,1.1176,0.3085,0.3939,-0.3039,0.3529,0.0063,0.0,0.0,0.0,0,0.0,0.0,0.0,0,0.0,0.0,0.0,0,0.3529,6,0.3529,6,2010.0
prospective_temporal,chembl_future_after_2010_future_only,ecfp_absdiff_xgb,2,chembl_raw,chembl_raw,P49841,Glycogen synthase kinase-3 beta,8,0.25,0.5302,0.7426,5,1.5,0.4,0.75,0.4472,0.25,1.0,1.0,4.0,1.0,1,1.0,4.0,1.0,1,1.0,4.0,1.0,1,0.25,2,0.25,2,2010.0
prospective_temporal,chembl_future_after_2010_future_only,ecfp_absdiff_xgb,2,chembl_raw,chembl_raw,P11309,Serine/threonine-protein kinase pim-1,5,0.4,0.5793,0.7666,5,1.4,0.7,0.5,-0.6124,0.4,0.982,1.0,2.5,1.0,1,1.0,2.5,1.0,1,1.0,2.5,1.0,1,0.4,2,0.4,2,2010.0
prospective_temporal,chembl_future_after_2010_future_only,rich_diff_scalars,2,chembl_raw,chembl_raw,P42336,"Phosphatidylinositol 4,5-bisphosphate 3-kinase catalytic subunit alpha isoform",405,0.2716,0.4686,0.7647,206,1.2099,0.2762,0.5,0.0267,0.2716,0.238,0.0,0.0,0.0,0,0.2381,0.8766,0.0429,5,0.2683,0.9878,0.0652,11,0.28,14,0.29,29,2010.0
prospective_temporal,chembl_future_after_2010_future_only,rich_diff_scalars,2,chembl_raw,chembl_raw,P23458,Tyrosine-protein kinase JAK1,1128,0.1667,0.3723,0.7479,568,1.0133,0.3009,0.6281,0.1926,0.1667,0.4249,0.75,4.5,0.5313,9,0.4737,2.8421,0.268,27,0.3628,2.177,0.1878,41,0.46,23,0.39,39,2010.0
prospective_temporal,chembl_future_after_2010_future_only,rich_diff_scalars,2,chembl_raw,chembl_raw,O43614,Orexin receptor type 2,278,0.4928,0.8353,0.7662,140,1.259,0.6254,0.6765,0.1037,0.4928,0.6281,0.0,0.0,0.0,0,0.6429,1.3045,0.3268,9,0.75,1.5219,0.4643,21,0.7,35,0.63,63,2010.0
prospective_temporal,chembl_future_after_2010_future_only,rich_diff_scalars,2,chembl_raw,chembl_raw,P04150,Glucocorticoid receptor,201,0.3284,0.6074,0.7679,43,1.1741,0.4896,0.6678,0.1531,0.3284,0.5481,1.0,3.0455,1.0,3,0.5455,1.6612,0.46,6,0.4762,1.4502,0.3311,10,0.54,27,0.42,42,2010.0
prospective_temporal,chembl_future_after_2010_future_only,rich_diff_scalars,2,chembl_raw,chembl_raw,P10275,Androgen receptor,113,0.3274,0.5126,0.8602,36,1.1681,0.3227,0.498,-0.049,0.3274,0.207,0.0,0.0,0.0,0,0.1667,0.509,0.0556,1,0.1667,0.509,0.0516,2,0.32,16,0.35,35,2010.0
prospective_temporal,chembl_future_after_2010_future_only,rich_diff_scalars,2,chembl_raw,chembl_raw,P35367,Histamine H1 receptor,67,0.6418,1.6952,0.7583,30,1.4478,0.7692,0.7224,0.0163,0.6418,0.6469,1.0,1.5581,1.0,1,0.5,0.7791,0.375,2,0.7143,1.113,0.4973,5,0.76,38,0.6418,43,2010.0
prospective_temporal,chembl_future_after_2010_future_only,rich_diff_scalars,2,chembl_raw,chembl_raw,P00519,Tyrosine-protein kinase ABL1,12,0.25,0.4742,0.7716,6,2.0833,0.7222,0.8704,0.0,0.25,0.8468,1.0,4.0,1.0,1,1.0,4.0,1.0,1,0.5,2.0,0.5,1,0.25,3,0.25,3,2010.0
prospective_temporal,chembl_future_after_2010_future_only,rich_diff_scalars,2,chembl_raw,chembl_raw,O60674,Tyrosine-protein kinase JAK2,17,0.3529,0.6332,0.8165,11,1.1176,0.7202,0.75,0.4609,0.3529,0.9268,1.0,2.8333,1.0,1,1.0,2.8333,1.0,1,1.0,2.8333,1.0,2,0.3529,6,0.3529,6,2010.0
prospective_temporal,chembl_future_after_2010_future_only,rich_diff_scalars,2,chembl_raw,chembl_raw,P49841,Glycogen synthase kinase-3 beta,8,0.25,0.5302,0.7426,5,1.5,0.7,0.75,0.3333,0.25,0.9242,1.0,4.0,1.0,1,1.0,4.0,1.0,1,1.0,4.0,1.0,1,0.25,2,0.25,2,2010.0
prospective_temporal,chembl_future_after_2010_future_only,rich_diff_scalars,2,chembl_raw,chembl_raw,P11309,Serine/threonine-protein kinase pim-1,5,0.4,0.5793,0.7666,5,1.4,0.7,0.5,0.6124,0.4,0.982,1.0,2.5,1.0,1,1.0,2.5,1.0,1,1.0,2.5,1.0,1,0.4,2,0.4,2,2010.0
prospective_temporal,chembl_future_after_2010_future_only,rich_scalars_only,2,chembl_raw,chembl_raw,P42336,"Phosphatidylinositol 4,5-bisphosphate 3-kinase catalytic subunit alpha isoform",405,0.2716,0.4686,0.7647,206,1.2099,0.2892,0.5131,0.0607,0.2716,0.2884,0.2,0.7364,0.1,1,0.2857,1.0519,0.0808,6,0.3902,1.4368,0.1262,16,0.36,18,0.27,27,2010.0
prospective_temporal,chembl_future_after_2010_future_only,rich_scalars_only,2,chembl_raw,chembl_raw,P23458,Tyrosine-protein kinase JAK1,1128,0.1667,0.3723,0.7479,568,1.0133,0.4001,0.7153,0.2226,0.1667,0.5343,0.75,4.5,0.5693,9,0.5263,3.1579,0.3731,30,0.4956,2.9735,0.3065,56,0.54,27,0.5,50,2010.0
prospective_temporal,chembl_future_after_2010_future_only,rich_scalars_only,2,chembl_raw,chembl_raw,O43614,Orexin receptor type 2,278,0.4928,0.8353,0.7662,140,1.259,0.6088,0.6635,0.03,0.4928,0.5691,0.3333,0.6764,0.1111,1,0.6429,1.3045,0.3351,9,0.5714,1.1595,0.3121,16,0.66,33,0.63,63,2010.0
prospective_temporal,chembl_future_after_2010_future_only,rich_scalars_only,2,chembl_raw,chembl_raw,P04150,Glucocorticoid receptor,201,0.3284,0.6074,0.7679,43,1.1741,0.5277,0.636,0.2159,0.3284,0.7292,1.0,3.0455,1.0,3,0.8182,2.4917,0.752,9,0.6667,2.0303,0.5791,14,0.5,25,0.37,37,2010.0
prospective_temporal,chembl_future_after_2010_future_only,rich_scalars_only,2,chembl_raw,chembl_raw,P10275,Androgen receptor,113,0.3274,0.5126,0.8602,36,1.1681,0.3156,0.4931,-0.0356,0.3274,0.1662,0.0,0.0,0.0,0,0.1667,0.509,0.0417,1,0.1667,0.509,0.0375,2,0.36,18,0.34,34,2010.0
prospective_temporal,chembl_future_after_2010_future_only,rich_scalars_only,2,chembl_raw,chembl_raw,P35367,Histamine H1 receptor,67,0.6418,1.6952,0.7583,30,1.4478,0.7523,0.7263,-0.0745,0.6418,0.5516,0.0,0.0,0.0,0,0.5,0.7791,0.25,2,0.5714,0.8904,0.3238,4,0.74,37,0.6418,43,2010.0
prospective_temporal,chembl_future_after_2010_future_only,rich_scalars_only,2,chembl_raw,chembl_raw,P00519,Tyrosine-protein kinase ABL1,12,0.25,0.4742,0.7716,6,2.0833,0.6429,0.7963,0.5222,0.25,0.8222,1.0,4.0,1.0,1,1.0,4.0,1.0,1,0.5,2.0,0.5,1,0.25,3,0.25,3,2010.0
prospective_temporal,chembl_future_after_2010_future_only,rich_scalars_only,2,chembl_raw,chembl_raw,O60674,Tyrosine-protein kinase JAK2,17,0.3529,0.6332,0.8165,11,1.1176,0.6994,0.7727,0.3039,0.3529,0.9084,1.0,2.8333,1.0,1,1.0,2.8333,1.0,1,1.0,2.8333,1.0,2,0.3529,6,0.3529,6,2010.0
prospective_temporal,chembl_future_after_2010_future_only,rich_scalars_only,2,chembl_raw,chembl_raw,P49841,Glycogen synthase kinase-3 beta,8,0.25,0.5302,0.7426,5,1.5,0.75,0.8333,0.3333,0.25,0.9247,1.0,4.0,1.0,1,1.0,4.0,1.0,1,1.0,4.0,1.0,1,0.25,2,0.25,2,2010.0
prospective_temporal,chembl_future_after_2010_future_only,rich_scalars_only,2,chembl_raw,chembl_raw,P11309,Serine/threonine-protein kinase pim-1,5,0.4,0.5793,0.7666,5,1.4,1.0,1.0,0.6124,0.4,1.0,1.0,2.5,1.0,1,1.0,2.5,1.0,1,1.0,2.5,1.0,1,0.4,2,0.4,2,2010.0
prospective_temporal,chembl_future_after_2010_future_only,extratrees_scalars,2,chembl_raw,chembl_raw,P42336,"Phosphatidylinositol 4,5-bisphosphate 3-kinase catalytic subunit alpha isoform",405,0.2716,0.4686,0.7647,206,1.2099,0.2927,0.5028,0.03,0.2716,0.3132,0.4,1.4727,0.28,2,0.3333,1.2273,0.1354,7,0.3415,1.2572,0.1259,14,0.36,18,0.32,32,2010.0
prospective_temporal,chembl_future_after_2010_future_only,extratrees_scalars,2,chembl_raw,chembl_raw,P23458,Tyrosine-protein kinase JAK1,1128,0.1667,0.3723,0.7479,568,1.0133,0.2391,0.5858,0.0597,0.1667,0.291,0.5,3.0,0.381,6,0.2982,1.7895,0.1583,17,0.2301,1.3805,0.1001,26,0.28,14,0.24,24,2010.0
prospective_temporal,chembl_future_after_2010_future_only,extratrees_scalars,2,chembl_raw,chembl_raw,O43614,Orexin receptor type 2,278,0.4928,0.8353,0.7662,140,1.259,0.6168,0.6109,0.0813,0.4928,0.7462,1.0,2.0292,1.0,3,0.7857,1.5944,0.6624,11,0.75,1.5219,0.6023,21,0.68,34,0.57,57,2010.0
prospective_temporal,chembl_future_after_2010_future_only,extratrees_scalars,2,chembl_raw,chembl_raw,P04150,Glucocorticoid receptor,201,0.3284,0.6074,0.7679,43,1.1741,0.4783,0.6141,0.2001,0.3284,0.6358,0.6667,2.0303,0.3889,2,0.7273,2.2149,0.4765,8,0.6667,2.0303,0.4669,14,0.44,22,0.39,39,2010.0
prospective_temporal,chembl_future_after_2010_future_only,extratrees_scalars,2,chembl_raw,chembl_raw,P10275,Androgen receptor,113,0.3274,0.5126,0.8602,36,1.1681,0.2904,0.4378,-0.0688,0.3274,0.1047,0.0,0.0,0.0,0,0.0,0.0,0.0,0,0.1667,0.509,0.0243,2,0.3,15,0.3,30,2010.0
prospective_temporal,chembl_future_after_2010_future_only,extratrees_scalars,2,chembl_raw,chembl_raw,P35367,Histamine H1 receptor,67,0.6418,1.6952,0.7583,30,1.4478,0.7045,0.6366,-0.0129,0.6418,0.5691,1.0,1.5581,1.0,1,0.5,0.7791,0.375,2,0.5714,0.8904,0.3816,4,0.72,36,0.6418,43,2010.0
prospective_temporal,chembl_future_after_2010_future_only,extratrees_scalars,2,chembl_raw,chembl_raw,P00519,Tyrosine-protein kinase ABL1,12,0.25,0.4742,0.7716,6,2.0833,0.6429,0.7778,0.5222,0.25,0.8222,1.0,4.0,1.0,1,1.0,4.0,1.0,1,0.5,2.0,0.5,1,0.25,3,0.25,3,2010.0
prospective_temporal,chembl_future_after_2010_future_only,extratrees_scalars,2,chembl_raw,chembl_raw,O60674,Tyrosine-protein kinase JAK2,17,0.3529,0.6332,0.8165,11,1.1176,0.5582,0.7121,-0.1846,0.3529,0.2875,0.0,0.0,0.0,0,0.0,0.0,0.0,0,0.5,1.4167,0.25,1,0.3529,6,0.3529,6,2010.0
prospective_temporal,chembl_future_after_2010_future_only,extratrees_scalars,2,chembl_raw,chembl_raw,P49841,Glycogen synthase kinase-3 beta,8,0.25,0.5302,0.7426,5,1.5,0.75,0.8333,0.0,0.25,0.9247,1.0,4.0,1.0,1,1.0,4.0,1.0,1,1.0,4.0,1.0,1,0.25,2,0.25,2,2010.0
prospective_temporal,chembl_future_after_2010_future_only,extratrees_scalars,2,chembl_raw,chembl_raw,P11309,Serine/threonine-protein kinase pim-1,5,0.4,0.5793,0.7666,5,1.4,0.8333,0.8333,0.6124,0.4,0.9823,1.0,2.5,1.0,1,1.0,2.5,1.0,1,1.0,2.5,1.0,1,0.4,2,0.4,2,2010.0
prospective_temporal,chembl_future_after_2010_scaffold_source_purged,ecfp_absdiff_xgb,0,chembl_raw,chembl_raw,P42336,"Phosphatidylinositol 4,5-bisphosphate 3-kinase catalytic subunit alpha isoform",405,0.2716,0.4686,0.7647,206,1.2099,0.2546,0.4487,-0.0397,0.2716,0.1319,0.2,0.7364,0.2,1,0.0952,0.3506,0.0522,2,0.1463,0.5388,0.0395,6,0.14,7,0.21,21,2010.0
prospective_temporal,chembl_future_after_2010_scaffold_source_purged,ecfp_absdiff_xgb,0,chembl_raw,chembl_raw,P23458,Tyrosine-protein kinase JAK1,1128,0.1667,0.3723,0.7479,568,1.0133,0.2344,0.5254,-0.0067,0.1667,0.3595,0.4167,2.5,0.3712,5,0.4561,2.7368,0.2708,26,0.292,1.7522,0.1584,33,0.52,26,0.32,32,2010.0
prospective_temporal,chembl_future_after_2010_scaffold_source_purged,ecfp_absdiff_xgb,0,chembl_raw,chembl_raw,O43614,Orexin receptor type 2,278,0.4928,0.8353,0.7662,140,1.259,0.5113,0.5371,0.0687,0.4928,0.4242,0.3333,0.6764,0.1111,1,0.4286,0.8697,0.1893,6,0.3929,0.7972,0.17,11,0.46,23,0.48,48,2010.0
prospective_temporal,chembl_future_after_2010_scaffold_source_purged,ecfp_absdiff_xgb,0,chembl_raw,chembl_raw,P04150,Glucocorticoid receptor,201,0.3284,0.6074,0.7679,43,1.1741,0.4507,0.5909,0.2155,0.3284,0.5813,1.0,3.0455,1.0,3,0.7273,2.2149,0.6911,8,0.4286,1.3052,0.3906,9,0.28,14,0.38,38,2010.0
prospective_temporal,chembl_future_after_2010_scaffold_source_purged,ecfp_absdiff_xgb,0,chembl_raw,chembl_raw,P10275,Androgen receptor,113,0.3274,0.5126,0.8602,36,1.1681,0.3418,0.4874,0.0073,0.3274,0.319,0.0,0.0,0.0,0,0.3333,1.018,0.1389,2,0.3333,1.018,0.1199,4,0.32,16,0.33,33,2010.0
prospective_temporal,chembl_future_after_2010_scaffold_source_purged,ecfp_absdiff_xgb,0,chembl_raw,chembl_raw,P35367,Histamine H1 receptor,67,0.6418,1.6952,0.7583,30,1.4478,0.6823,0.5111,-0.0065,0.6418,0.8111,1.0,1.5581,1.0,1,0.75,1.1686,0.75,3,0.7143,1.113,0.6259,5,0.6,30,0.6418,43,2010.0
prospective_temporal,chembl_future_after_2010_scaffold_source_purged,ecfp_absdiff_xgb,0,chembl_raw,chembl_raw,P00519,Tyrosine-protein kinase ABL1,12,0.25,0.4742,0.7716,6,2.0833,0.7,0.8889,0.4082,0.25,0.9719,1.0,4.0,1.0,1,1.0,4.0,1.0,1,1.0,4.0,1.0,2,0.25,3,0.25,3,2010.0
prospective_temporal,chembl_future_after_2010_scaffold_source_purged,ecfp_absdiff_xgb,0,chembl_raw,chembl_raw,O60674,Tyrosine-protein kinase JAK2,17,0.3529,0.6332,0.8165,11,1.1176,0.3366,0.4545,-0.1124,0.3529,0.0209,0.0,0.0,0.0,0,0.0,0.0,0.0,0,0.0,0.0,0.0,0,0.3529,6,0.3529,6,2010.0
prospective_temporal,chembl_future_after_2010_scaffold_source_purged,ecfp_absdiff_xgb,0,chembl_raw,chembl_raw,P49841,Glycogen synthase kinase-3 beta,8,0.25,0.5302,0.7426,5,1.5,0.4,0.75,0.4472,0.25,1.0,1.0,4.0,1.0,1,1.0,4.0,1.0,1,1.0,4.0,1.0,1,0.25,2,0.25,2,2010.0
prospective_temporal,chembl_future_after_2010_scaffold_source_purged,ecfp_absdiff_xgb,0,chembl_raw,chembl_raw,P11309,Serine/threonine-protein kinase pim-1,5,0.4,0.5793,0.7666,5,1.4,0.7,0.5,-0.6124,0.4,0.982,1.0,2.5,1.0,1,1.0,2.5,1.0,1,1.0,2.5,1.0,1,0.4,2,0.4,2,2010.0
prospective_temporal,chembl_future_after_2010_scaffold_source_purged,rich_diff_scalars,0,chembl_raw,chembl_raw,P42336,"Phosphatidylinositol 4,5-bisphosphate 3-kinase catalytic subunit alpha isoform",405,0.2716,0.4686,0.7647,206,1.2099,0.2792,0.4988,0.0657,0.2716,0.268,0.2,0.7364,0.04,1,0.2857,1.0519,0.0779,6,0.2927,1.0776,0.0812,12,0.3,15,0.32,32,2010.0
prospective_temporal,chembl_future_after_2010_scaffold_source_purged,rich_diff_scalars,0,chembl_raw,chembl_raw,P23458,Tyrosine-protein kinase JAK1,1128,0.1667,0.3723,0.7479,568,1.0133,0.2788,0.635,0.1568,0.1667,0.3945,0.3333,2.0,0.1583,4,0.4386,2.6316,0.2123,25,0.354,2.1239,0.165,40,0.46,23,0.39,39,2010.0
prospective_temporal,chembl_future_after_2010_scaffold_source_purged,rich_diff_scalars,0,chembl_raw,chembl_raw,O43614,Orexin receptor type 2,278,0.4928,0.8353,0.7662,140,1.259,0.6248,0.6871,0.0932,0.4928,0.5752,0.6667,1.3528,0.3889,2,0.5714,1.1595,0.3068,8,0.6071,1.232,0.3396,17,0.64,32,0.65,65,2010.0
prospective_temporal,chembl_future_after_2010_scaffold_source_purged,rich_diff_scalars,0,chembl_raw,chembl_raw,P04150,Glucocorticoid receptor,201,0.3284,0.6074,0.7679,43,1.1741,0.522,0.6783,0.2576,0.3284,0.6289,1.0,3.0455,1.0,3,0.6364,1.938,0.4962,7,0.5714,1.7403,0.4209,12,0.56,28,0.43,43,2010.0
prospective_temporal,chembl_future_after_2010_scaffold_source_purged,rich_diff_scalars,0,chembl_raw,chembl_raw,P10275,Androgen receptor,113,0.3274,0.5126,0.8602,36,1.1681,0.2742,0.3954,-0.1794,0.3274,0.1315,0.0,0.0,0.0,0,0.0,0.0,0.0,0,0.25,0.7635,0.0517,3,0.18,9,0.33,33,2010.0
prospective_temporal,chembl_future_after_2010_scaffold_source_purged,rich_diff_scalars,0,chembl_raw,chembl_raw,P35367,Histamine H1 receptor,67,0.6418,1.6952,0.7583,30,1.4478,0.7789,0.7214,-0.0248,0.6418,0.6958,1.0,1.5581,1.0,1,0.5,0.7791,0.4167,2,0.7143,1.113,0.5211,5,0.74,37,0.6418,43,2010.0
prospective_temporal,chembl_future_after_2010_scaffold_source_purged,rich_diff_scalars,0,chembl_raw,chembl_raw,P00519,Tyrosine-protein kinase ABL1,12,0.25,0.4742,0.7716,6,2.0833,0.8095,0.8704,0.5222,0.25,0.9709,1.0,4.0,1.0,1,1.0,4.0,1.0,1,1.0,4.0,1.0,2,0.25,3,0.25,3,2010.0
prospective_temporal,chembl_future_after_2010_scaffold_source_purged,rich_diff_scalars,0,chembl_raw,chembl_raw,O60674,Tyrosine-protein kinase JAK2,17,0.3529,0.6332,0.8165,11,1.1176,0.7202,0.7727,0.3039,0.3529,0.9268,1.0,2.8333,1.0,1,1.0,2.8333,1.0,1,1.0,2.8333,1.0,2,0.3529,6,0.3529,6,2010.0
prospective_temporal,chembl_future_after_2010_scaffold_source_purged,rich_diff_scalars,0,chembl_raw,chembl_raw,P49841,Glycogen synthase kinase-3 beta,8,0.25,0.5302,0.7426,5,1.5,0.8333,0.9167,0.3333,0.25,0.9304,1.0,4.0,1.0,1,1.0,4.0,1.0,1,1.0,4.0,1.0,1,0.25,2,0.25,2,2010.0
prospective_temporal,chembl_future_after_2010_scaffold_source_purged,rich_diff_scalars,0,chembl_raw,chembl_raw,P11309,Serine/threonine-protein kinase pim-1,5,0.4,0.5793,0.7666,5,1.4,0.7,0.5,0.6124,0.4,0.982,1.0,2.5,1.0,1,1.0,2.5,1.0,1,1.0,2.5,1.0,1,0.4,2,0.4,2,2010.0
prospective_temporal,chembl_future_after_2010_scaffold_source_purged,rich_scalars_only,0,chembl_raw,chembl_raw,P42336,"Phosphatidylinositol 4,5-bisphosphate 3-kinase catalytic subunit alpha isoform",405,0.2716,0.4686,0.7647,206,1.2099,0.2769,0.4941,0.0226,0.2716,0.2489,0.2,0.7364,0.05,1,0.2381,0.8766,0.0482,5,0.3171,1.1674,0.0844,13,0.26,13,0.3,30,2010.0
prospective_temporal,chembl_future_after_2010_scaffold_source_purged,rich_scalars_only,0,chembl_raw,chembl_raw,P23458,Tyrosine-protein kinase JAK1,1128,0.1667,0.3723,0.7479,568,1.0133,0.3142,0.6455,0.1755,0.1667,0.434,0.75,4.5,0.5669,9,0.4737,2.8421,0.305,27,0.3717,2.2301,0.2057,42,0.52,26,0.37,37,2010.0
prospective_temporal,chembl_future_after_2010_scaffold_source_purged,rich_scalars_only,0,chembl_raw,chembl_raw,O43614,Orexin receptor type 2,278,0.4928,0.8353,0.7662,140,1.259,0.5988,0.6643,0.0182,0.4928,0.5283,0.0,0.0,0.0,0,0.4286,0.8697,0.1672,6,0.6071,1.232,0.3056,17,0.62,31,0.65,65,2010.0
prospective_temporal,chembl_future_after_2010_scaffold_source_purged,rich_scalars_only,0,chembl_raw,chembl_raw,P04150,Glucocorticoid receptor,201,0.3284,0.6074,0.7679,43,1.1741,0.4989,0.6327,0.2507,0.3284,0.6332,1.0,3.0455,1.0,3,0.7273,2.2149,0.6596,8,0.5238,1.5952,0.4237,11,0.52,26,0.39,39,2010.0
prospective_temporal,chembl_future_after_2010_scaffold_source_purged,rich_scalars_only,0,chembl_raw,chembl_raw,P10275,Androgen receptor,113,0.3274,0.5126,0.8602,36,1.1681,0.3162,0.4847,-0.0379,0.3274,0.2027,0.0,0.0,0.0,0,0.1667,0.509,0.0556,1,0.1667,0.509,0.0463,2,0.34,17,0.32,32,2010.0
prospective_temporal,chembl_future_after_2010_scaffold_source_purged,rich_scalars_only,0,chembl_raw,chembl_raw,P35367,Histamine H1 receptor,67,0.6418,1.6952,0.7583,30,1.4478,0.7644,0.7248,0.0569,0.6418,0.6422,0.0,0.0,0.0,0,0.75,1.1686,0.4792,3,0.7143,1.113,0.4711,5,0.76,38,0.6418,43,2010.0
prospective_temporal,chembl_future_after_2010_scaffold_source_purged,rich_scalars_only,0,chembl_raw,chembl_raw,P00519,Tyrosine-protein kinase ABL1,12,0.25,0.4742,0.7716,6,2.0833,0.7917,0.8333,0.0,0.25,0.9709,1.0,4.0,1.0,1,1.0,4.0,1.0,1,1.0,4.0,1.0,2,0.25,3,0.25,3,2010.0
prospective_temporal,chembl_future_after_2010_scaffold_source_purged,rich_scalars_only,0,chembl_raw,chembl_raw,O60674,Tyrosine-protein kinase JAK2,17,0.3529,0.6332,0.8165,11,1.1176,0.7255,0.7879,0.3039,0.3529,0.9141,1.0,2.8333,1.0,1,1.0,2.8333,1.0,1,1.0,2.8333,1.0,2,0.3529,6,0.3529,6,2010.0
prospective_temporal,chembl_future_after_2010_scaffold_source_purged,rich_scalars_only,0,chembl_raw,chembl_raw,P49841,Glycogen synthase kinase-3 beta,8,0.25,0.5302,0.7426,5,1.5,0.8333,0.9167,0.3333,0.25,0.9304,1.0,4.0,1.0,1,1.0,4.0,1.0,1,1.0,4.0,1.0,1,0.25,2,0.25,2,2010.0
prospective_temporal,chembl_future_after_2010_scaffold_source_purged,rich_scalars_only,0,chembl_raw,chembl_raw,P11309,Serine/threonine-protein kinase pim-1,5,0.4,0.5793,0.7666,5,1.4,1.0,1.0,0.6124,0.4,1.0,1.0,2.5,1.0,1,1.0,2.5,1.0,1,1.0,2.5,1.0,1,0.4,2,0.4,2,2010.0
prospective_temporal,chembl_future_after_2010_scaffold_source_purged,extratrees_scalars,0,chembl_raw,chembl_raw,P42336,"Phosphatidylinositol 4,5-bisphosphate 3-kinase catalytic subunit alpha isoform",405,0.2716,0.4686,0.7647,206,1.2099,0.2817,0.5032,0.0039,0.2716,0.2743,0.0,0.0,0.0,0,0.2381,0.8766,0.0535,5,0.3415,1.2572,0.0959,14,0.3,15,0.3,30,2010.0
prospective_temporal,chembl_future_after_2010_scaffold_source_purged,extratrees_scalars,0,chembl_raw,chembl_raw,P23458,Tyrosine-protein kinase JAK1,1128,0.1667,0.3723,0.7479,568,1.0133,0.2509,0.5704,0.0844,0.1667,0.3293,0.6667,4.0,0.5329,8,0.2982,1.7895,0.1844,17,0.3009,1.8053,0.1378,34,0.32,16,0.31,31,2010.0
prospective_temporal,chembl_future_after_2010_scaffold_source_purged,extratrees_scalars,0,chembl_raw,chembl_raw,O43614,Orexin receptor type 2,278,0.4928,0.8353,0.7662,140,1.259,0.55,0.5791,0.0894,0.4928,0.5246,0.6667,1.3528,0.5556,2,0.4286,0.8697,0.3189,6,0.5,1.0146,0.2891,14,0.58,29,0.57,57,2010.0
prospective_temporal,chembl_future_after_2010_scaffold_source_purged,extratrees_scalars,0,chembl_raw,chembl_raw,P04150,Glucocorticoid receptor,201,0.3284,0.6074,0.7679,43,1.1741,0.5112,0.6172,0.1621,0.3284,0.7101,1.0,3.0455,1.0,3,0.8182,2.4917,0.7916,9,0.5714,1.7403,0.5282,12,0.48,24,0.41,41,2010.0
prospective_temporal,chembl_future_after_2010_scaffold_source_purged,extratrees_scalars,0,chembl_raw,chembl_raw,P10275,Androgen receptor,113,0.3274,0.5126,0.8602,36,1.1681,0.2614,0.3684,-0.1204,0.3274,0.0667,0.0,0.0,0.0,0,0.0,0.0,0.0,0,0.1667,0.509,0.0215,2,0.22,11,0.31,31,2010.0
prospective_temporal,chembl_future_after_2010_scaffold_source_purged,extratrees_scalars,0,chembl_raw,chembl_raw,P35367,Histamine H1 receptor,67,0.6418,1.6952,0.7583,30,1.4478,0.8154,0.7054,0.2122,0.6418,0.9225,1.0,1.5581,1.0,1,1.0,1.5581,1.0,4,0.8571,1.3355,0.8571,6,0.72,36,0.6418,43,2010.0
prospective_temporal,chembl_future_after_2010_scaffold_source_purged,extratrees_scalars,0,chembl_raw,chembl_raw,P00519,Tyrosine-protein kinase ABL1,12,0.25,0.4742,0.7716,6,2.0833,0.4773,0.3333,0.1111,0.25,0.8166,1.0,4.0,1.0,1,1.0,4.0,1.0,1,0.5,2.0,0.5,1,0.25,3,0.25,3,2010.0
prospective_temporal,chembl_future_after_2010_scaffold_source_purged,extratrees_scalars,0,chembl_raw,chembl_raw,O60674,Tyrosine-protein kinase JAK2,17,0.3529,0.6332,0.8165,11,1.1176,0.8016,0.8636,0.4944,0.3529,0.9328,1.0,2.8333,1.0,1,1.0,2.8333,1.0,1,1.0,2.8333,1.0,2,0.3529,6,0.3529,6,2010.0
prospective_temporal,chembl_future_after_2010_scaffold_source_purged,extratrees_scalars,0,chembl_raw,chembl_raw,P49841,Glycogen synthase kinase-3 beta,8,0.25,0.5302,0.7426,5,1.5,0.5833,0.8333,-0.2182,0.25,0.0821,0.0,0.0,0.0,0,0.0,0.0,0.0,0,0.0,0.0,0.0,0,0.25,2,0.25,2,2010.0
prospective_temporal,chembl_future_after_2010_scaffold_source_purged,extratrees_scalars,0,chembl_raw,chembl_raw,P11309,Serine/threonine-protein kinase pim-1,5,0.4,0.5793,0.7666,5,1.4,0.75,0.6667,0.6124,0.4,0.982,1.0,2.5,1.0,1,1.0,2.5,1.0,1,1.0,2.5,1.0,1,0.4,2,0.4,2,2010.0
prospective_temporal,chembl_future_after_2010_scaffold_source_purged,ecfp_absdiff_xgb,1,chembl_raw,chembl_raw,P42336,"Phosphatidylinositol 4,5-bisphosphate 3-kinase catalytic subunit alpha isoform",405,0.2716,0.4686,0.7647,206,1.2099,0.259,0.4606,-0.0111,0.2716,0.1959,0.2,0.7364,0.2,1,0.1905,0.7013,0.081,4,0.1707,0.6286,0.0569,7,0.18,9,0.2,20,2010.0
prospective_temporal,chembl_future_after_2010_scaffold_source_purged,ecfp_absdiff_xgb,1,chembl_raw,chembl_raw,P23458,Tyrosine-protein kinase JAK1,1128,0.1667,0.3723,0.7479,568,1.0133,0.2096,0.4931,-0.0604,0.1667,0.3001,0.5,3.0,0.2988,6,0.386,2.3158,0.1819,22,0.2212,1.3274,0.0983,25,0.44,22,0.23,23,2010.0
prospective_temporal,chembl_future_after_2010_scaffold_source_purged,ecfp_absdiff_xgb,1,chembl_raw,chembl_raw,O43614,Orexin receptor type 2,278,0.4928,0.8353,0.7662,140,1.259,0.5195,0.5504,0.1107,0.4928,0.4178,0.3333,0.6764,0.1111,1,0.3571,0.7247,0.1301,5,0.4643,0.9421,0.1904,13,0.48,24,0.53,53,2010.0
prospective_temporal,chembl_future_after_2010_scaffold_source_purged,ecfp_absdiff_xgb,1,chembl_raw,chembl_raw,P04150,Glucocorticoid receptor,201,0.3284,0.6074,0.7679,43,1.1741,0.4314,0.6059,0.1976,0.3284,0.4984,1.0,3.0455,1.0,3,0.6364,1.938,0.5329,7,0.381,1.1602,0.3003,8,0.34,17,0.37,37,2010.0
prospective_temporal,chembl_future_after_2010_scaffold_source_purged,ecfp_absdiff_xgb,1,chembl_raw,chembl_raw,P10275,Androgen receptor,113,0.3274,0.5126,0.8602,36,1.1681,0.3413,0.4824,0.023,0.3274,0.3376,0.5,1.527,0.25,1,0.5,1.527,0.2667,3,0.25,0.7635,0.1333,3,0.4,20,0.33,33,2010.0
prospective_temporal,chembl_future_after_2010_scaffold_source_purged,ecfp_absdiff_xgb,1,chembl_raw,chembl_raw,P35367,Histamine H1 receptor,67,0.6418,1.6952,0.7583,30,1.4478,0.6505,0.4612,-0.0872,0.6418,0.7279,1.0,1.5581,1.0,1,0.75,1.1686,0.6875,3,0.7143,1.113,0.5901,5,0.6,30,0.6418,43,2010.0
prospective_temporal,chembl_future_after_2010_scaffold_source_purged,ecfp_absdiff_xgb,1,chembl_raw,chembl_raw,P00519,Tyrosine-protein kinase ABL1,12,0.25,0.4742,0.7716,6,2.0833,0.7,0.8889,0.4082,0.25,0.9719,1.0,4.0,1.0,1,1.0,4.0,1.0,1,1.0,4.0,1.0,2,0.25,3,0.25,3,2010.0
prospective_temporal,chembl_future_after_2010_scaffold_source_purged,ecfp_absdiff_xgb,1,chembl_raw,chembl_raw,O60674,Tyrosine-protein kinase JAK2,17,0.3529,0.6332,0.8165,11,1.1176,0.3366,0.4545,-0.1124,0.3529,0.0664,0.0,0.0,0.0,0,0.0,0.0,0.0,0,0.0,0.0,0.0,0,0.3529,6,0.3529,6,2010.0
prospective_temporal,chembl_future_after_2010_scaffold_source_purged,ecfp_absdiff_xgb,1,chembl_raw,chembl_raw,P49841,Glycogen synthase kinase-3 beta,8,0.25,0.5302,0.7426,5,1.5,0.7,0.875,0.4472,0.25,1.0,1.0,4.0,1.0,1,1.0,4.0,1.0,1,1.0,4.0,1.0,1,0.25,2,0.25,2,2010.0
prospective_temporal,chembl_future_after_2010_scaffold_source_purged,ecfp_absdiff_xgb,1,chembl_raw,chembl_raw,P11309,Serine/threonine-protein kinase pim-1,5,0.4,0.5793,0.7666,5,1.4,0.7,0.5,-0.6124,0.4,0.982,1.0,2.5,1.0,1,1.0,2.5,1.0,1,1.0,2.5,1.0,1,0.4,2,0.4,2,2010.0
prospective_temporal,chembl_future_after_2010_scaffold_source_purged,rich_diff_scalars,1,chembl_raw,chembl_raw,P42336,"Phosphatidylinositol 4,5-bisphosphate 3-kinase catalytic subunit alpha isoform",405,0.2716,0.4686,0.7647,206,1.2099,0.3031,0.5203,0.0874,0.2716,0.3352,0.2,0.7364,0.04,1,0.3333,1.2273,0.1281,7,0.3171,1.1674,0.1138,13,0.3,15,0.33,33,2010.0
prospective_temporal,chembl_future_after_2010_scaffold_source_purged,rich_diff_scalars,1,chembl_raw,chembl_raw,P23458,Tyrosine-protein kinase JAK1,1128,0.1667,0.3723,0.7479,568,1.0133,0.3402,0.6608,0.2238,0.1667,0.4752,0.5833,3.5,0.3989,7,0.4737,2.8421,0.2722,27,0.4779,2.8673,0.2553,54,0.48,24,0.48,48,2010.0
prospective_temporal,chembl_future_after_2010_scaffold_source_purged,rich_diff_scalars,1,chembl_raw,chembl_raw,O43614,Orexin receptor type 2,278,0.4928,0.8353,0.7662,140,1.259,0.6391,0.6916,0.1154,0.4928,0.6042,0.0,0.0,0.0,0,0.5714,1.1595,0.2409,8,0.7143,1.4494,0.4073,20,0.76,38,0.66,66,2010.0
prospective_temporal,chembl_future_after_2010_scaffold_source_purged,rich_diff_scalars,1,chembl_raw,chembl_raw,P04150,Glucocorticoid receptor,201,0.3284,0.6074,0.7679,43,1.1741,0.5654,0.6778,0.2463,0.3284,0.7843,1.0,3.0455,1.0,3,0.9091,2.7686,0.9091,10,0.7619,2.3203,0.6937,16,0.52,26,0.41,41,2010.0
prospective_temporal,chembl_future_after_2010_scaffold_source_purged,rich_diff_scalars,1,chembl_raw,chembl_raw,P10275,Androgen receptor,113,0.3274,0.5126,0.8602,36,1.1681,0.3378,0.508,-0.0223,0.3274,0.1617,0.0,0.0,0.0,0,0.0,0.0,0.0,0,0.25,0.7635,0.0517,3,0.36,18,0.33,33,2010.0
prospective_temporal,chembl_future_after_2010_scaffold_source_purged,rich_diff_scalars,1,chembl_raw,chembl_raw,P35367,Histamine H1 receptor,67,0.6418,1.6952,0.7583,30,1.4478,0.7552,0.6967,0.0163,0.6418,0.6488,1.0,1.5581,1.0,1,0.5,0.7791,0.375,2,0.7143,1.113,0.4973,5,0.74,37,0.6418,43,2010.0
prospective_temporal,chembl_future_after_2010_scaffold_source_purged,rich_diff_scalars,1,chembl_raw,chembl_raw,P00519,Tyrosine-protein kinase ABL1,12,0.25,0.4742,0.7716,6,2.0833,0.7222,0.8704,0.5222,0.25,0.8468,1.0,4.0,1.0,1,1.0,4.0,1.0,1,0.5,2.0,0.5,1,0.25,3,0.25,3,2010.0
prospective_temporal,chembl_future_after_2010_scaffold_source_purged,rich_diff_scalars,1,chembl_raw,chembl_raw,O60674,Tyrosine-protein kinase JAK2,17,0.3529,0.6332,0.8165,11,1.1176,0.6994,0.7727,0.3039,0.3529,0.9127,1.0,2.8333,1.0,1,1.0,2.8333,1.0,1,1.0,2.8333,1.0,2,0.3529,6,0.3529,6,2010.0
prospective_temporal,chembl_future_after_2010_scaffold_source_purged,rich_diff_scalars,1,chembl_raw,chembl_raw,P49841,Glycogen synthase kinase-3 beta,8,0.25,0.5302,0.7426,5,1.5,0.8333,0.9167,0.3333,0.25,0.9304,1.0,4.0,1.0,1,1.0,4.0,1.0,1,1.0,4.0,1.0,1,0.25,2,0.25,2,2010.0
prospective_temporal,chembl_future_after_2010_scaffold_source_purged,rich_diff_scalars,1,chembl_raw,chembl_raw,P11309,Serine/threonine-protein kinase pim-1,5,0.4,0.5793,0.7666,5,1.4,0.7,0.5,0.6124,0.4,0.982,1.0,2.5,1.0,1,1.0,2.5,1.0,1,1.0,2.5,1.0,1,0.4,2,0.4,2,2010.0
prospective_temporal,chembl_future_after_2010_scaffold_source_purged,rich_scalars_only,1,chembl_raw,chembl_raw,P42336,"Phosphatidylinositol 4,5-bisphosphate 3-kinase catalytic subunit alpha isoform",405,0.2716,0.4686,0.7647,206,1.2099,0.3082,0.5168,0.0094,0.2716,0.385,0.2,0.7364,0.0667,1,0.4762,1.7532,0.1988,10,0.3902,1.4368,0.1673,16,0.4,20,0.29,29,2010.0
prospective_temporal,chembl_future_after_2010_scaffold_source_purged,rich_scalars_only,1,chembl_raw,chembl_raw,P23458,Tyrosine-protein kinase JAK1,1128,0.1667,0.3723,0.7479,568,1.0133,0.3413,0.6708,0.1447,0.1667,0.4555,0.8333,5.0,0.6519,10,0.4561,2.7368,0.2969,26,0.3894,2.3363,0.2218,44,0.46,23,0.41,41,2010.0
prospective_temporal,chembl_future_after_2010_scaffold_source_purged,rich_scalars_only,1,chembl_raw,chembl_raw,O43614,Orexin receptor type 2,278,0.4928,0.8353,0.7662,140,1.259,0.5891,0.6539,0.0813,0.4928,0.5276,0.0,0.0,0.0,0,0.6429,1.3045,0.2971,9,0.6071,1.232,0.3257,17,0.58,29,0.63,63,2010.0
prospective_temporal,chembl_future_after_2010_scaffold_source_purged,rich_scalars_only,1,chembl_raw,chembl_raw,P04150,Glucocorticoid receptor,201,0.3284,0.6074,0.7679,43,1.1741,0.5267,0.6467,0.2853,0.3284,0.6963,1.0,3.0455,1.0,3,0.7273,2.2149,0.6373,8,0.619,1.8853,0.5119,13,0.56,28,0.4,40,2010.0
prospective_temporal,chembl_future_after_2010_scaffold_source_purged,rich_scalars_only,1,chembl_raw,chembl_raw,P10275,Androgen receptor,113,0.3274,0.5126,0.8602,36,1.1681,0.3638,0.5249,-0.0666,0.3274,0.3384,0.5,1.527,0.25,1,0.3333,1.018,0.1944,2,0.25,0.7635,0.1329,3,0.4,20,0.32,32,2010.0
prospective_temporal,chembl_future_after_2010_scaffold_source_purged,rich_scalars_only,1,chembl_raw,chembl_raw,P35367,Histamine H1 receptor,67,0.6418,1.6952,0.7583,30,1.4478,0.756,0.7059,0.0163,0.6418,0.6583,1.0,1.5581,1.0,1,0.5,0.7791,0.4167,2,0.7143,1.113,0.5211,5,0.74,37,0.6418,43,2010.0
prospective_temporal,chembl_future_after_2010_scaffold_source_purged,rich_scalars_only,1,chembl_raw,chembl_raw,P00519,Tyrosine-protein kinase ABL1,12,0.25,0.4742,0.7716,6,2.0833,0.625,0.7593,0.0,0.25,0.8222,1.0,4.0,1.0,1,1.0,4.0,1.0,1,0.5,2.0,0.5,1,0.25,3,0.25,3,2010.0
prospective_temporal,chembl_future_after_2010_scaffold_source_purged,rich_scalars_only,1,chembl_raw,chembl_raw,O60674,Tyrosine-protein kinase JAK2,17,0.3529,0.6332,0.8165,11,1.1176,0.693,0.7576,0.1707,0.3529,0.9084,1.0,2.8333,1.0,1,1.0,2.8333,1.0,1,1.0,2.8333,1.0,2,0.3529,6,0.3529,6,2010.0
prospective_temporal,chembl_future_after_2010_scaffold_source_purged,rich_scalars_only,1,chembl_raw,chembl_raw,P49841,Glycogen synthase kinase-3 beta,8,0.25,0.5302,0.7426,5,1.5,0.7,0.75,0.3333,0.25,0.9242,1.0,4.0,1.0,1,1.0,4.0,1.0,1,1.0,4.0,1.0,1,0.25,2,0.25,2,2010.0
prospective_temporal,chembl_future_after_2010_scaffold_source_purged,rich_scalars_only,1,chembl_raw,chembl_raw,P11309,Serine/threonine-protein kinase pim-1,5,0.4,0.5793,0.7666,5,1.4,0.8333,0.8333,0.6124,0.4,0.9823,1.0,2.5,1.0,1,1.0,2.5,1.0,1,1.0,2.5,1.0,1,0.4,2,0.4,2,2010.0
prospective_temporal,chembl_future_after_2010_scaffold_source_purged,extratrees_scalars,1,chembl_raw,chembl_raw,P42336,"Phosphatidylinositol 4,5-bisphosphate 3-kinase catalytic subunit alpha isoform",405,0.2716,0.4686,0.7647,206,1.2099,0.3317,0.5508,0.0962,0.2716,0.3802,0.4,1.4727,0.28,2,0.381,1.4026,0.2193,8,0.3415,1.2572,0.1624,14,0.36,18,0.35,35,2010.0
prospective_temporal,chembl_future_after_2010_scaffold_source_purged,extratrees_scalars,1,chembl_raw,chembl_raw,P23458,Tyrosine-protein kinase JAK1,1128,0.1667,0.3723,0.7479,568,1.0133,0.325,0.6521,0.1804,0.1667,0.4455,0.75,4.5,0.534,9,0.4737,2.8421,0.3146,27,0.3805,2.2832,0.2174,43,0.52,26,0.39,39,2010.0
prospective_temporal,chembl_future_after_2010_scaffold_source_purged,extratrees_scalars,1,chembl_raw,chembl_raw,O43614,Orexin receptor type 2,278,0.4928,0.8353,0.7662,140,1.259,0.5222,0.5587,0.0071,0.4928,0.463,0.0,0.0,0.0,0,0.5,1.0146,0.1885,7,0.5357,1.0871,0.2504,15,0.5,25,0.54,54,2010.0
prospective_temporal,chembl_future_after_2010_scaffold_source_purged,extratrees_scalars,1,chembl_raw,chembl_raw,P04150,Glucocorticoid receptor,201,0.3284,0.6074,0.7679,43,1.1741,0.5228,0.6506,0.2216,0.3284,0.6878,1.0,3.0455,1.0,3,0.8182,2.4917,0.7351,9,0.5714,1.7403,0.4828,12,0.52,26,0.42,42,2010.0
prospective_temporal,chembl_future_after_2010_scaffold_source_purged,extratrees_scalars,1,chembl_raw,chembl_raw,P10275,Androgen receptor,113,0.3274,0.5126,0.8602,36,1.1681,0.2734,0.4122,-0.0666,0.3274,0.0274,0.0,0.0,0.0,0,0.0,0.0,0.0,0,0.0,0.0,0.0,0,0.28,14,0.31,31,2010.0
prospective_temporal,chembl_future_after_2010_scaffold_source_purged,extratrees_scalars,1,chembl_raw,chembl_raw,P35367,Histamine H1 receptor,67,0.6418,1.6952,0.7583,30,1.4478,0.7607,0.6415,0.0163,0.6418,0.818,1.0,1.5581,1.0,1,1.0,1.5581,1.0,4,0.5714,0.8904,0.5714,4,0.7,35,0.6418,43,2010.0
prospective_temporal,chembl_future_after_2010_scaffold_source_purged,extratrees_scalars,1,chembl_raw,chembl_raw,P00519,Tyrosine-protein kinase ABL1,12,0.25,0.4742,0.7716,6,2.0833,0.5119,0.4815,0.2582,0.25,0.8167,1.0,4.0,1.0,1,1.0,4.0,1.0,1,0.5,2.0,0.5,1,0.25,3,0.25,3,2010.0
prospective_temporal,chembl_future_after_2010_scaffold_source_purged,extratrees_scalars,1,chembl_raw,chembl_raw,O60674,Tyrosine-protein kinase JAK2,17,0.3529,0.6332,0.8165,11,1.1176,0.3509,0.4091,-0.1846,0.3529,0.0721,0.0,0.0,0.0,0,0.0,0.0,0.0,0,0.0,0.0,0.0,0,0.3529,6,0.3529,6,2010.0
prospective_temporal,chembl_future_after_2010_scaffold_source_purged,extratrees_scalars,1,chembl_raw,chembl_raw,P49841,Glycogen synthase kinase-3 beta,8,0.25,0.5302,0.7426,5,1.5,0.5,0.75,-0.2182,0.25,0.0764,0.0,0.0,0.0,0,0.0,0.0,0.0,0,0.0,0.0,0.0,0,0.25,2,0.25,2,2010.0
prospective_temporal,chembl_future_after_2010_scaffold_source_purged,extratrees_scalars,1,chembl_raw,chembl_raw,P11309,Serine/threonine-protein kinase pim-1,5,0.4,0.5793,0.7666,5,1.4,0.8333,0.8333,0.0,0.4,0.9823,1.0,2.5,1.0,1,1.0,2.5,1.0,1,1.0,2.5,1.0,1,0.4,2,0.4,2,2010.0
prospective_temporal,chembl_future_after_2010_scaffold_source_purged,ecfp_absdiff_xgb,2,chembl_raw,chembl_raw,P42336,"Phosphatidylinositol 4,5-bisphosphate 3-kinase catalytic subunit alpha isoform",405,0.2716,0.4686,0.7647,206,1.2099,0.2681,0.4816,-0.0038,0.2716,0.1926,0.4,1.4727,0.3,2,0.1905,0.7013,0.0876,4,0.1707,0.6286,0.0567,7,0.2,10,0.2,20,2010.0
prospective_temporal,chembl_future_after_2010_scaffold_source_purged,ecfp_absdiff_xgb,2,chembl_raw,chembl_raw,P23458,Tyrosine-protein kinase JAK1,1128,0.1667,0.3723,0.7479,568,1.0133,0.2616,0.5569,0.0301,0.1667,0.3913,0.6667,4.0,0.5132,8,0.4211,2.5263,0.2921,24,0.3274,1.9646,0.1887,37,0.46,23,0.33,33,2010.0
prospective_temporal,chembl_future_after_2010_scaffold_source_purged,ecfp_absdiff_xgb,2,chembl_raw,chembl_raw,O43614,Orexin receptor type 2,278,0.4928,0.8353,0.7662,140,1.259,0.5132,0.5452,0.0995,0.4928,0.4352,0.3333,0.6764,0.1111,1,0.5,1.0146,0.2206,7,0.3929,0.7972,0.1783,11,0.46,23,0.5,50,2010.0
prospective_temporal,chembl_future_after_2010_scaffold_source_purged,ecfp_absdiff_xgb,2,chembl_raw,chembl_raw,P04150,Glucocorticoid receptor,201,0.3284,0.6074,0.7679,43,1.1741,0.4458,0.5984,0.2351,0.3284,0.5367,1.0,3.0455,1.0,3,0.6364,1.938,0.588,7,0.381,1.1602,0.3398,8,0.3,15,0.41,41,2010.0
prospective_temporal,chembl_future_after_2010_scaffold_source_purged,ecfp_absdiff_xgb,2,chembl_raw,chembl_raw,P10275,Androgen receptor,113,0.3274,0.5126,0.8602,36,1.1681,0.343,0.4708,-0.0218,0.3274,0.374,0.0,0.0,0.0,0,0.5,1.527,0.2389,3,0.3333,1.018,0.1671,4,0.32,16,0.32,32,2010.0
prospective_temporal,chembl_future_after_2010_scaffold_source_purged,ecfp_absdiff_xgb,2,chembl_raw,chembl_raw,P35367,Histamine H1 receptor,67,0.6418,1.6952,0.7583,30,1.4478,0.6949,0.5,-0.0467,0.6418,0.9048,1.0,1.5581,1.0,1,1.0,1.5581,1.0,4,0.8571,1.3355,0.8367,6,0.6,30,0.6418,43,2010.0
prospective_temporal,chembl_future_after_2010_scaffold_source_purged,ecfp_absdiff_xgb,2,chembl_raw,chembl_raw,P00519,Tyrosine-protein kinase ABL1,12,0.25,0.4742,0.7716,6,2.0833,0.7333,0.9259,0.6831,0.25,0.9764,1.0,4.0,1.0,1,1.0,4.0,1.0,1,1.0,4.0,1.0,2,0.25,3,0.25,3,2010.0
prospective_temporal,chembl_future_after_2010_scaffold_source_purged,ecfp_absdiff_xgb,2,chembl_raw,chembl_raw,O60674,Tyrosine-protein kinase JAK2,17,0.3529,0.6332,0.8165,11,1.1176,0.3793,0.5303,-0.1124,0.3529,0.0727,0.0,0.0,0.0,0,0.0,0.0,0.0,0,0.0,0.0,0.0,0,0.3529,6,0.3529,6,2010.0
prospective_temporal,chembl_future_after_2010_scaffold_source_purged,ecfp_absdiff_xgb,2,chembl_raw,chembl_raw,P49841,Glycogen synthase kinase-3 beta,8,0.25,0.5302,0.7426,5,1.5,0.4,0.75,0.4472,0.25,1.0,1.0,4.0,1.0,1,1.0,4.0,1.0,1,1.0,4.0,1.0,1,0.25,2,0.25,2,2010.0
prospective_temporal,chembl_future_after_2010_scaffold_source_purged,ecfp_absdiff_xgb,2,chembl_raw,chembl_raw,P11309,Serine/threonine-protein kinase pim-1,5,0.4,0.5793,0.7666,5,1.4,0.7,0.5,-0.6124,0.4,0.982,1.0,2.5,1.0,1,1.0,2.5,1.0,1,1.0,2.5,1.0,1,0.4,2,0.4,2,2010.0
prospective_temporal,chembl_future_after_2010_scaffold_source_purged,rich_diff_scalars,2,chembl_raw,chembl_raw,P42336,"Phosphatidylinositol 4,5-bisphosphate 3-kinase catalytic subunit alpha isoform",405,0.2716,0.4686,0.7647,206,1.2099,0.2914,0.5037,0.005,0.2716,0.3217,0.4,1.4727,0.1467,2,0.3333,1.2273,0.1345,7,0.3171,1.1674,0.1148,13,0.3,15,0.27,27,2010.0
prospective_temporal,chembl_future_after_2010_scaffold_source_purged,rich_diff_scalars,2,chembl_raw,chembl_raw,P23458,Tyrosine-protein kinase JAK1,1128,0.1667,0.3723,0.7479,568,1.0133,0.2082,0.5857,0.0285,0.1667,0.2035,0.25,1.5,0.1333,3,0.1754,1.0526,0.0535,10,0.1947,1.1681,0.0465,22,0.18,9,0.17,17,2010.0
prospective_temporal,chembl_future_after_2010_scaffold_source_purged,rich_diff_scalars,2,chembl_raw,chembl_raw,O43614,Orexin receptor type 2,278,0.4928,0.8353,0.7662,140,1.259,0.6036,0.6515,0.0653,0.4928,0.598,0.3333,0.6764,0.1667,1,0.5714,1.1595,0.2822,8,0.6786,1.377,0.4024,19,0.62,31,0.63,63,2010.0
prospective_temporal,chembl_future_after_2010_scaffold_source_purged,rich_diff_scalars,2,chembl_raw,chembl_raw,P04150,Glucocorticoid receptor,201,0.3284,0.6074,0.7679,43,1.1741,0.5658,0.6727,0.2694,0.3284,0.7892,1.0,3.0455,1.0,3,1.0,3.0455,1.0,11,0.7143,2.1753,0.6716,15,0.54,27,0.41,41,2010.0
prospective_temporal,chembl_future_after_2010_scaffold_source_purged,rich_diff_scalars,2,chembl_raw,chembl_raw,P10275,Androgen receptor,113,0.3274,0.5126,0.8602,36,1.1681,0.3459,0.4957,-0.0622,0.3274,0.3129,0.5,1.527,0.5,1,0.3333,1.018,0.25,2,0.25,0.7635,0.15,3,0.32,16,0.33,33,2010.0
prospective_temporal,chembl_future_after_2010_scaffold_source_purged,rich_diff_scalars,2,chembl_raw,chembl_raw,P35367,Histamine H1 receptor,67,0.6418,1.6952,0.7583,30,1.4478,0.7805,0.7108,0.1117,0.6418,0.8356,1.0,1.5581,1.0,1,1.0,1.5581,1.0,4,0.7143,1.113,0.6735,5,0.74,37,0.6418,43,2010.0
prospective_temporal,chembl_future_after_2010_scaffold_source_purged,rich_diff_scalars,2,chembl_raw,chembl_raw,P00519,Tyrosine-protein kinase ABL1,12,0.25,0.4742,0.7716,6,2.0833,0.6984,0.8333,0.5222,0.25,0.8458,1.0,4.0,1.0,1,1.0,4.0,1.0,1,0.5,2.0,0.5,1,0.25,3,0.25,3,2010.0
prospective_temporal,chembl_future_after_2010_scaffold_source_purged,rich_diff_scalars,2,chembl_raw,chembl_raw,O60674,Tyrosine-protein kinase JAK2,17,0.3529,0.6332,0.8165,11,1.1176,0.7468,0.8258,0.3337,0.3529,0.9145,1.0,2.8333,1.0,1,1.0,2.8333,1.0,1,1.0,2.8333,1.0,2,0.3529,6,0.3529,6,2010.0
prospective_temporal,chembl_future_after_2010_scaffold_source_purged,rich_diff_scalars,2,chembl_raw,chembl_raw,P49841,Glycogen synthase kinase-3 beta,8,0.25,0.5302,0.7426,5,1.5,0.75,0.8333,0.3333,0.25,0.9247,1.0,4.0,1.0,1,1.0,4.0,1.0,1,1.0,4.0,1.0,1,0.25,2,0.25,2,2010.0
prospective_temporal,chembl_future_after_2010_scaffold_source_purged,rich_diff_scalars,2,chembl_raw,chembl_raw,P11309,Serine/threonine-protein kinase pim-1,5,0.4,0.5793,0.7666,5,1.4,0.7,0.5,0.6124,0.4,0.982,1.0,2.5,1.0,1,1.0,2.5,1.0,1,1.0,2.5,1.0,1,0.4,2,0.4,2,2010.0
prospective_temporal,chembl_future_after_2010_scaffold_source_purged,rich_scalars_only,2,chembl_raw,chembl_raw,P42336,"Phosphatidylinositol 4,5-bisphosphate 3-kinase catalytic subunit alpha isoform",405,0.2716,0.4686,0.7647,206,1.2099,0.2925,0.4947,0.0125,0.2716,0.339,0.4,1.4727,0.18,2,0.381,1.4026,0.1556,8,0.3415,1.2572,0.1308,14,0.34,17,0.3,30,2010.0
prospective_temporal,chembl_future_after_2010_scaffold_source_purged,rich_scalars_only,2,chembl_raw,chembl_raw,P23458,Tyrosine-protein kinase JAK1,1128,0.1667,0.3723,0.7479,568,1.0133,0.2994,0.6562,0.173,0.1667,0.395,0.6667,4.0,0.37,8,0.3509,2.1053,0.1871,20,0.3805,2.2832,0.1719,43,0.4,20,0.37,37,2010.0
prospective_temporal,chembl_future_after_2010_scaffold_source_purged,rich_scalars_only,2,chembl_raw,chembl_raw,O43614,Orexin receptor type 2,278,0.4928,0.8353,0.7662,140,1.259,0.6168,0.6633,0.0543,0.4928,0.6227,0.3333,0.6764,0.3333,1,0.6429,1.3045,0.4305,9,0.6071,1.232,0.39,17,0.66,33,0.62,62,2010.0
prospective_temporal,chembl_future_after_2010_scaffold_source_purged,rich_scalars_only,2,chembl_raw,chembl_raw,P04150,Glucocorticoid receptor,201,0.3284,0.6074,0.7679,43,1.1741,0.5059,0.64,0.2146,0.3284,0.6542,1.0,3.0455,1.0,3,0.6364,1.938,0.625,7,0.5238,1.5952,0.4391,11,0.52,26,0.39,39,2010.0
prospective_temporal,chembl_future_after_2010_scaffold_source_purged,rich_scalars_only,2,chembl_raw,chembl_raw,P10275,Androgen receptor,113,0.3274,0.5126,0.8602,36,1.1681,0.3298,0.4868,-0.037,0.3274,0.2782,0.5,1.527,0.25,1,0.1667,0.509,0.0833,1,0.3333,1.018,0.116,4,0.34,17,0.32,32,2010.0
prospective_temporal,chembl_future_after_2010_scaffold_source_purged,rich_scalars_only,2,chembl_raw,chembl_raw,P35367,Histamine H1 receptor,67,0.6418,1.6952,0.7583,30,1.4478,0.7317,0.6802,-0.1393,0.6418,0.6057,1.0,1.5581,1.0,1,0.5,0.7791,0.375,2,0.7143,1.113,0.4973,5,0.72,36,0.6418,43,2010.0
prospective_temporal,chembl_future_after_2010_scaffold_source_purged,rich_scalars_only,2,chembl_raw,chembl_raw,P00519,Tyrosine-protein kinase ABL1,12,0.25,0.4742,0.7716,6,2.0833,0.5694,0.6852,0.5222,0.25,0.8169,1.0,4.0,1.0,1,1.0,4.0,1.0,1,0.5,2.0,0.5,1,0.25,3,0.25,3,2010.0
prospective_temporal,chembl_future_after_2010_scaffold_source_purged,rich_scalars_only,2,chembl_raw,chembl_raw,O60674,Tyrosine-protein kinase JAK2,17,0.3529,0.6332,0.8165,11,1.1176,0.6791,0.7727,0.4609,0.3529,0.7791,1.0,2.8333,1.0,1,1.0,2.8333,1.0,1,0.5,1.4167,0.5,1,0.3529,6,0.3529,6,2010.0
prospective_temporal,chembl_future_after_2010_scaffold_source_purged,rich_scalars_only,2,chembl_raw,chembl_raw,P49841,Glycogen synthase kinase-3 beta,8,0.25,0.5302,0.7426,5,1.5,0.8333,0.9167,0.3333,0.25,0.9304,1.0,4.0,1.0,1,1.0,4.0,1.0,1,1.0,4.0,1.0,1,0.25,2,0.25,2,2010.0
prospective_temporal,chembl_future_after_2010_scaffold_source_purged,rich_scalars_only,2,chembl_raw,chembl_raw,P11309,Serine/threonine-protein kinase pim-1,5,0.4,0.5793,0.7666,5,1.4,1.0,1.0,0.6124,0.4,1.0,1.0,2.5,1.0,1,1.0,2.5,1.0,1,1.0,2.5,1.0,1,0.4,2,0.4,2,2010.0
prospective_temporal,chembl_future_after_2010_scaffold_source_purged,extratrees_scalars,2,chembl_raw,chembl_raw,P42336,"Phosphatidylinositol 4,5-bisphosphate 3-kinase catalytic subunit alpha isoform",405,0.2716,0.4686,0.7647,206,1.2099,0.2827,0.4952,0.046,0.2716,0.2788,0.2,0.7364,0.04,1,0.1905,0.7013,0.0438,4,0.3171,1.1674,0.0911,13,0.28,14,0.32,32,2010.0
prospective_temporal,chembl_future_after_2010_scaffold_source_purged,extratrees_scalars,2,chembl_raw,chembl_raw,P23458,Tyrosine-protein kinase JAK1,1128,0.1667,0.3723,0.7479,568,1.0133,0.2433,0.6009,0.0822,0.1667,0.31,0.4167,2.5,0.2083,5,0.3333,2.0,0.1478,19,0.2566,1.5398,0.0989,29,0.36,18,0.27,27,2010.0
prospective_temporal,chembl_future_after_2010_scaffold_source_purged,extratrees_scalars,2,chembl_raw,chembl_raw,O43614,Orexin receptor type 2,278,0.4928,0.8353,0.7662,140,1.259,0.5421,0.5697,0.0434,0.4928,0.5254,0.3333,0.6764,0.1667,1,0.5,1.0146,0.3165,7,0.4643,0.9421,0.2588,13,0.52,26,0.54,54,2010.0
prospective_temporal,chembl_future_after_2010_scaffold_source_purged,extratrees_scalars,2,chembl_raw,chembl_raw,P04150,Glucocorticoid receptor,201,0.3284,0.6074,0.7679,43,1.1741,0.5259,0.6241,0.2497,0.3284,0.7152,1.0,3.0455,1.0,3,0.7273,2.2149,0.7025,8,0.619,1.8853,0.5444,13,0.54,27,0.38,38,2010.0
prospective_temporal,chembl_future_after_2010_scaffold_source_purged,extratrees_scalars,2,chembl_raw,chembl_raw,P10275,Androgen receptor,113,0.3274,0.5126,0.8602,36,1.1681,0.3088,0.4506,-0.0495,0.3274,0.2561,0.5,1.527,0.25,1,0.3333,1.018,0.1667,2,0.1667,0.509,0.0833,2,0.34,17,0.31,31,2010.0
prospective_temporal,chembl_future_after_2010_scaffold_source_purged,extratrees_scalars,2,chembl_raw,chembl_raw,P35367,Histamine H1 receptor,67,0.6418,1.6952,0.7583,30,1.4478,0.7914,0.6764,0.1882,0.6418,0.8912,1.0,1.5581,1.0,1,1.0,1.5581,1.0,4,0.7143,1.113,0.7143,5,0.7,35,0.6418,43,2010.0
prospective_temporal,chembl_future_after_2010_scaffold_source_purged,extratrees_scalars,2,chembl_raw,chembl_raw,P00519,Tyrosine-protein kinase ABL1,12,0.25,0.4742,0.7716,6,2.0833,0.5286,0.5556,-0.0976,0.25,0.8167,1.0,4.0,1.0,1,1.0,4.0,1.0,1,0.5,2.0,0.5,1,0.25,3,0.25,3,2010.0
prospective_temporal,chembl_future_after_2010_scaffold_source_purged,extratrees_scalars,2,chembl_raw,chembl_raw,O60674,Tyrosine-protein kinase JAK2,17,0.3529,0.6332,0.8165,11,1.1176,0.8922,0.8333,0.4944,0.3529,0.9981,1.0,2.8333,1.0,1,1.0,2.8333,1.0,1,1.0,2.8333,1.0,2,0.3529,6,0.3529,6,2010.0
prospective_temporal,chembl_future_after_2010_scaffold_source_purged,extratrees_scalars,2,chembl_raw,chembl_raw,P49841,Glycogen synthase kinase-3 beta,8,0.25,0.5302,0.7426,5,1.5,0.2917,0.4167,-0.2182,0.25,0.0005,0.0,0.0,0.0,0,0.0,0.0,0.0,0,0.0,0.0,0.0,0,0.25,2,0.25,2,2010.0
prospective_temporal,chembl_future_after_2010_scaffold_source_purged,extratrees_scalars,2,chembl_raw,chembl_raw,P11309,Serine/threonine-protein kinase pim-1,5,0.4,0.5793,0.7666,5,1.4,0.75,0.6667,0.6124,0.4,0.982,1.0,2.5,1.0,1,1.0,2.5,1.0,1,1.0,2.5,1.0,1,0.4,2,0.4,2,2010.0
prospective_temporal,chembl_future_after_2015_future_only,ecfp_absdiff_xgb,0,chembl_raw,chembl_raw,P23458,Tyrosine-protein kinase JAK1,1098,0.1503,0.3503,0.7473,547,1.0055,0.2614,0.5682,-0.0002,0.1503,0.3726,0.9091,6.0496,0.8573,10,0.3818,2.5408,0.3098,21,0.2818,1.8754,0.1832,31,0.42,21,0.28,28,2015.0
prospective_temporal,chembl_future_after_2015_future_only,ecfp_absdiff_xgb,0,chembl_raw,chembl_raw,P42336,"Phosphatidylinositol 4,5-bisphosphate 3-kinase catalytic subunit alpha isoform",6,0.5,0.94,0.8208,4,1.0,0.4333,0.3333,-0.4472,0.5,0.0012,0.0,0.0,0.0,0,0.0,0.0,0.0,0,0.0,0.0,0.0,0,0.5,3,0.5,3,2015.0
prospective_temporal,chembl_future_after_2015_future_only,rich_diff_scalars,0,chembl_raw,chembl_raw,P23458,Tyrosine-protein kinase JAK1,1098,0.1503,0.3503,0.7473,547,1.0055,0.2818,0.6181,0.2264,0.1503,0.4308,0.6364,4.2347,0.3382,7,0.5091,3.3878,0.2632,28,0.3909,2.6013,0.1977,43,0.52,26,0.42,42,2015.0
prospective_temporal,chembl_future_after_2015_future_only,rich_diff_scalars,0,chembl_raw,chembl_raw,P42336,"Phosphatidylinositol 4,5-bisphosphate 3-kinase catalytic subunit alpha isoform",6,0.5,0.94,0.8208,4,1.0,0.5333,0.4444,0.0,0.5,0.0344,0.0,0.0,0.0,0,0.0,0.0,0.0,0,0.0,0.0,0.0,0,0.5,3,0.5,3,2015.0
prospective_temporal,chembl_future_after_2015_future_only,rich_scalars_only,0,chembl_raw,chembl_raw,P23458,Tyrosine-protein kinase JAK1,1098,0.1503,0.3503,0.7473,547,1.0055,0.3221,0.6737,0.2607,0.1503,0.4558,0.4545,3.0248,0.2263,5,0.4182,2.7828,0.1941,23,0.4636,3.0853,0.2201,51,0.44,22,0.5,50,2015.0
prospective_temporal,chembl_future_after_2015_future_only,rich_scalars_only,0,chembl_raw,chembl_raw,P42336,"Phosphatidylinositol 4,5-bisphosphate 3-kinase catalytic subunit alpha isoform",6,0.5,0.94,0.8208,4,1.0,0.7556,0.6667,0.0,0.5,0.9656,1.0,2.0,1.0,1,1.0,2.0,1.0,1,1.0,2.0,1.0,1,0.5,3,0.5,3,2015.0
prospective_temporal,chembl_future_after_2015_future_only,extratrees_scalars,0,chembl_raw,chembl_raw,P23458,Tyrosine-protein kinase JAK1,1098,0.1503,0.3503,0.7473,547,1.0055,0.1963,0.5621,0.0842,0.1503,0.2543,0.1818,1.2099,0.0409,2,0.2364,1.5729,0.0599,13,0.2364,1.5729,0.061,26,0.26,13,0.25,25,2015.0
prospective_temporal,chembl_future_after_2015_future_only,extratrees_scalars,0,chembl_raw,chembl_raw,P42336,"Phosphatidylinositol 4,5-bisphosphate 3-kinase catalytic subunit alpha isoform",6,0.5,0.94,0.8208,4,1.0,0.7222,0.5556,0.0,0.5,0.9656,1.0,2.0,1.0,1,1.0,2.0,1.0,1,1.0,2.0,1.0,1,0.5,3,0.5,3,2015.0
prospective_temporal,chembl_future_after_2015_future_only,ecfp_absdiff_xgb,1,chembl_raw,chembl_raw,P23458,Tyrosine-protein kinase JAK1,1098,0.1503,0.3503,0.7473,547,1.0055,0.2827,0.5609,0.0321,0.1503,0.4394,1.0,6.6545,1.0,11,0.5091,3.3878,0.4275,28,0.3182,2.1174,0.2409,35,0.56,28,0.35,35,2015.0
prospective_temporal,chembl_future_after_2015_future_only,ecfp_absdiff_xgb,1,chembl_raw,chembl_raw,P42336,"Phosphatidylinositol 4,5-bisphosphate 3-kinase catalytic subunit alpha isoform",6,0.5,0.94,0.8208,4,1.0,0.5,0.5,0.0,0.5,0.0012,0.0,0.0,0.0,0,0.0,0.0,0.0,0,0.0,0.0,0.0,0,0.5,3,0.5,3,2015.0
prospective_temporal,chembl_future_after_2015_future_only,rich_diff_scalars,1,chembl_raw,chembl_raw,P23458,Tyrosine-protein kinase JAK1,1098,0.1503,0.3503,0.7473,547,1.0055,0.3129,0.6691,0.2222,0.1503,0.4606,0.2727,1.8149,0.1606,3,0.5455,3.6298,0.2766,30,0.4455,2.9643,0.2263,49,0.54,27,0.45,45,2015.0
prospective_temporal,chembl_future_after_2015_future_only,rich_diff_scalars,1,chembl_raw,chembl_raw,P42336,"Phosphatidylinositol 4,5-bisphosphate 3-kinase catalytic subunit alpha isoform",6,0.5,0.94,0.8208,4,1.0,0.7,0.5556,0.0,0.5,0.9644,1.0,2.0,1.0,1,1.0,2.0,1.0,1,1.0,2.0,1.0,1,0.5,3,0.5,3,2015.0
prospective_temporal,chembl_future_after_2015_future_only,rich_scalars_only,1,chembl_raw,chembl_raw,P23458,Tyrosine-protein kinase JAK1,1098,0.1503,0.3503,0.7473,547,1.0055,0.358,0.7405,0.2501,0.1503,0.4762,0.3636,2.4198,0.127,4,0.5273,3.5088,0.2357,29,0.4818,3.2063,0.2329,53,0.52,26,0.51,51,2015.0
prospective_temporal,chembl_future_after_2015_future_only,rich_scalars_only,1,chembl_raw,chembl_raw,P42336,"Phosphatidylinositol 4,5-bisphosphate 3-kinase catalytic subunit alpha isoform",6,0.5,0.94,0.8208,4,1.0,0.7,0.5556,0.4472,0.5,0.9644,1.0,2.0,1.0,1,1.0,2.0,1.0,1,1.0,2.0,1.0,1,0.5,3,0.5,3,2015.0
prospective_temporal,chembl_future_after_2015_future_only,extratrees_scalars,1,chembl_raw,chembl_raw,P23458,Tyrosine-protein kinase JAK1,1098,0.1503,0.3503,0.7473,547,1.0055,0.2044,0.5782,0.1012,0.1503,0.2798,0.1818,1.2099,0.0295,2,0.3455,2.2988,0.1062,19,0.2545,1.6939,0.0772,28,0.32,16,0.24,24,2015.0
prospective_temporal,chembl_future_after_2015_future_only,extratrees_scalars,1,chembl_raw,chembl_raw,P42336,"Phosphatidylinositol 4,5-bisphosphate 3-kinase catalytic subunit alpha isoform",6,0.5,0.94,0.8208,4,1.0,0.7222,0.5556,0.4472,0.5,0.9656,1.0,2.0,1.0,1,1.0,2.0,1.0,1,1.0,2.0,1.0,1,0.5,3,0.5,3,2015.0
prospective_temporal,chembl_future_after_2015_future_only,ecfp_absdiff_xgb,2,chembl_raw,chembl_raw,P23458,Tyrosine-protein kinase JAK1,1098,0.1503,0.3503,0.7473,547,1.0055,0.25,0.5364,-0.0041,0.1503,0.3705,0.8182,5.4446,0.8091,9,0.3636,2.4198,0.2923,20,0.2818,1.8754,0.1815,31,0.38,19,0.3,30,2015.0
prospective_temporal,chembl_future_after_2015_future_only,ecfp_absdiff_xgb,2,chembl_raw,chembl_raw,P42336,"Phosphatidylinositol 4,5-bisphosphate 3-kinase catalytic subunit alpha isoform",6,0.5,0.94,0.8208,4,1.0,0.6667,0.6667,0.0,0.5,0.9656,1.0,2.0,1.0,1,1.0,2.0,1.0,1,1.0,2.0,1.0,1,0.5,3,0.5,3,2015.0
prospective_temporal,chembl_future_after_2015_future_only,rich_diff_scalars,2,chembl_raw,chembl_raw,P23458,Tyrosine-protein kinase JAK1,1098,0.1503,0.3503,0.7473,547,1.0055,0.3056,0.6657,0.2353,0.1503,0.4481,0.6364,4.2347,0.3064,7,0.5091,3.3878,0.2591,28,0.4182,2.7828,0.2104,46,0.52,26,0.45,45,2015.0
prospective_temporal,chembl_future_after_2015_future_only,rich_diff_scalars,2,chembl_raw,chembl_raw,P42336,"Phosphatidylinositol 4,5-bisphosphate 3-kinase catalytic subunit alpha isoform",6,0.5,0.94,0.8208,4,1.0,0.5333,0.4444,0.0,0.5,0.0344,0.0,0.0,0.0,0,0.0,0.0,0.0,0,0.0,0.0,0.0,0,0.5,3,0.5,3,2015.0
prospective_temporal,chembl_future_after_2015_future_only,rich_scalars_only,2,chembl_raw,chembl_raw,P23458,Tyrosine-protein kinase JAK1,1098,0.1503,0.3503,0.7473,547,1.0055,0.324,0.672,0.1843,0.1503,0.4649,0.5455,3.6298,0.3512,6,0.5091,3.3878,0.264,28,0.4545,3.0248,0.2358,50,0.48,24,0.49,49,2015.0
prospective_temporal,chembl_future_after_2015_future_only,rich_scalars_only,2,chembl_raw,chembl_raw,P42336,"Phosphatidylinositol 4,5-bisphosphate 3-kinase catalytic subunit alpha isoform",6,0.5,0.94,0.8208,4,1.0,0.5333,0.4444,0.0,0.5,0.0344,0.0,0.0,0.0,0,0.0,0.0,0.0,0,0.0,0.0,0.0,0,0.5,3,0.5,3,2015.0
prospective_temporal,chembl_future_after_2015_future_only,extratrees_scalars,2,chembl_raw,chembl_raw,P23458,Tyrosine-protein kinase JAK1,1098,0.1503,0.3503,0.7473,547,1.0055,0.1593,0.5191,-0.0201,0.1503,0.1382,0.1818,1.2099,0.1074,2,0.1273,0.8469,0.033,7,0.1182,0.7864,0.0232,13,0.14,7,0.12,12,2015.0
prospective_temporal,chembl_future_after_2015_future_only,extratrees_scalars,2,chembl_raw,chembl_raw,P42336,"Phosphatidylinositol 4,5-bisphosphate 3-kinase catalytic subunit alpha isoform",6,0.5,0.94,0.8208,4,1.0,0.6667,0.4444,0.0,0.5,0.9644,1.0,2.0,1.0,1,1.0,2.0,1.0,1,1.0,2.0,1.0,1,0.5,3,0.5,3,2015.0
prospective_temporal,chembl_future_after_2015_scaffold_source_purged,ecfp_absdiff_xgb,0,chembl_raw,chembl_raw,P23458,Tyrosine-protein kinase JAK1,1098,0.1503,0.3503,0.7473,547,1.0055,0.2614,0.5682,-0.0002,0.1503,0.3726,0.9091,6.0496,0.8573,10,0.3818,2.5408,0.3098,21,0.2818,1.8754,0.1832,31,0.42,21,0.28,28,2015.0
prospective_temporal,chembl_future_after_2015_scaffold_source_purged,ecfp_absdiff_xgb,0,chembl_raw,chembl_raw,P42336,"Phosphatidylinositol 4,5-bisphosphate 3-kinase catalytic subunit alpha isoform",6,0.5,0.94,0.8208,4,1.0,0.4333,0.3333,-0.4472,0.5,0.0012,0.0,0.0,0.0,0,0.0,0.0,0.0,0,0.0,0.0,0.0,0,0.5,3,0.5,3,2015.0
prospective_temporal,chembl_future_after_2015_scaffold_source_purged,rich_diff_scalars,0,chembl_raw,chembl_raw,P23458,Tyrosine-protein kinase JAK1,1098,0.1503,0.3503,0.7473,547,1.0055,0.2818,0.6181,0.2264,0.1503,0.4308,0.6364,4.2347,0.3382,7,0.5091,3.3878,0.2632,28,0.3909,2.6013,0.1977,43,0.52,26,0.42,42,2015.0
prospective_temporal,chembl_future_after_2015_scaffold_source_purged,rich_diff_scalars,0,chembl_raw,chembl_raw,P42336,"Phosphatidylinositol 4,5-bisphosphate 3-kinase catalytic subunit alpha isoform",6,0.5,0.94,0.8208,4,1.0,0.5333,0.4444,0.0,0.5,0.0344,0.0,0.0,0.0,0,0.0,0.0,0.0,0,0.0,0.0,0.0,0,0.5,3,0.5,3,2015.0
prospective_temporal,chembl_future_after_2015_scaffold_source_purged,rich_scalars_only,0,chembl_raw,chembl_raw,P23458,Tyrosine-protein kinase JAK1,1098,0.1503,0.3503,0.7473,547,1.0055,0.3221,0.6737,0.2607,0.1503,0.4558,0.4545,3.0248,0.2263,5,0.4182,2.7828,0.1941,23,0.4636,3.0853,0.2201,51,0.44,22,0.5,50,2015.0
prospective_temporal,chembl_future_after_2015_scaffold_source_purged,rich_scalars_only,0,chembl_raw,chembl_raw,P42336,"Phosphatidylinositol 4,5-bisphosphate 3-kinase catalytic subunit alpha isoform",6,0.5,0.94,0.8208,4,1.0,0.7556,0.6667,0.0,0.5,0.9656,1.0,2.0,1.0,1,1.0,2.0,1.0,1,1.0,2.0,1.0,1,0.5,3,0.5,3,2015.0
prospective_temporal,chembl_future_after_2015_scaffold_source_purged,extratrees_scalars,0,chembl_raw,chembl_raw,P23458,Tyrosine-protein kinase JAK1,1098,0.1503,0.3503,0.7473,547,1.0055,0.1963,0.5621,0.0842,0.1503,0.2543,0.1818,1.2099,0.0409,2,0.2364,1.5729,0.0599,13,0.2364,1.5729,0.061,26,0.26,13,0.25,25,2015.0
prospective_temporal,chembl_future_after_2015_scaffold_source_purged,extratrees_scalars,0,chembl_raw,chembl_raw,P42336,"Phosphatidylinositol 4,5-bisphosphate 3-kinase catalytic subunit alpha isoform",6,0.5,0.94,0.8208,4,1.0,0.7222,0.5556,0.0,0.5,0.9656,1.0,2.0,1.0,1,1.0,2.0,1.0,1,1.0,2.0,1.0,1,0.5,3,0.5,3,2015.0
prospective_temporal,chembl_future_after_2015_scaffold_source_purged,ecfp_absdiff_xgb,1,chembl_raw,chembl_raw,P23458,Tyrosine-protein kinase JAK1,1098,0.1503,0.3503,0.7473,547,1.0055,0.2827,0.5609,0.0321,0.1503,0.4394,1.0,6.6545,1.0,11,0.5091,3.3878,0.4275,28,0.3182,2.1174,0.2409,35,0.56,28,0.35,35,2015.0
prospective_temporal,chembl_future_after_2015_scaffold_source_purged,ecfp_absdiff_xgb,1,chembl_raw,chembl_raw,P42336,"Phosphatidylinositol 4,5-bisphosphate 3-kinase catalytic subunit alpha isoform",6,0.5,0.94,0.8208,4,1.0,0.5,0.5,0.0,0.5,0.0012,0.0,0.0,0.0,0,0.0,0.0,0.0,0,0.0,0.0,0.0,0,0.5,3,0.5,3,2015.0
prospective_temporal,chembl_future_after_2015_scaffold_source_purged,rich_diff_scalars,1,chembl_raw,chembl_raw,P23458,Tyrosine-protein kinase JAK1,1098,0.1503,0.3503,0.7473,547,1.0055,0.3129,0.6691,0.2222,0.1503,0.4606,0.2727,1.8149,0.1606,3,0.5455,3.6298,0.2766,30,0.4455,2.9643,0.2263,49,0.54,27,0.45,45,2015.0
prospective_temporal,chembl_future_after_2015_scaffold_source_purged,rich_diff_scalars,1,chembl_raw,chembl_raw,P42336,"Phosphatidylinositol 4,5-bisphosphate 3-kinase catalytic subunit alpha isoform",6,0.5,0.94,0.8208,4,1.0,0.7,0.5556,0.0,0.5,0.9644,1.0,2.0,1.0,1,1.0,2.0,1.0,1,1.0,2.0,1.0,1,0.5,3,0.5,3,2015.0
prospective_temporal,chembl_future_after_2015_scaffold_source_purged,rich_scalars_only,1,chembl_raw,chembl_raw,P23458,Tyrosine-protein kinase JAK1,1098,0.1503,0.3503,0.7473,547,1.0055,0.358,0.7405,0.2501,0.1503,0.4762,0.3636,2.4198,0.127,4,0.5273,3.5088,0.2357,29,0.4818,3.2063,0.2329,53,0.52,26,0.51,51,2015.0
prospective_temporal,chembl_future_after_2015_scaffold_source_purged,rich_scalars_only,1,chembl_raw,chembl_raw,P42336,"Phosphatidylinositol 4,5-bisphosphate 3-kinase catalytic subunit alpha isoform",6,0.5,0.94,0.8208,4,1.0,0.7,0.5556,0.4472,0.5,0.9644,1.0,2.0,1.0,1,1.0,2.0,1.0,1,1.0,2.0,1.0,1,0.5,3,0.5,3,2015.0
prospective_temporal,chembl_future_after_2015_scaffold_source_purged,extratrees_scalars,1,chembl_raw,chembl_raw,P23458,Tyrosine-protein kinase JAK1,1098,0.1503,0.3503,0.7473,547,1.0055,0.2044,0.5782,0.1012,0.1503,0.2798,0.1818,1.2099,0.0295,2,0.3455,2.2988,0.1062,19,0.2545,1.6939,0.0772,28,0.32,16,0.24,24,2015.0
prospective_temporal,chembl_future_after_2015_scaffold_source_purged,extratrees_scalars,1,chembl_raw,chembl_raw,P42336,"Phosphatidylinositol 4,5-bisphosphate 3-kinase catalytic subunit alpha isoform",6,0.5,0.94,0.8208,4,1.0,0.7222,0.5556,0.4472,0.5,0.9656,1.0,2.0,1.0,1,1.0,2.0,1.0,1,1.0,2.0,1.0,1,0.5,3,0.5,3,2015.0
prospective_temporal,chembl_future_after_2015_scaffold_source_purged,ecfp_absdiff_xgb,2,chembl_raw,chembl_raw,P23458,Tyrosine-protein kinase JAK1,1098,0.1503,0.3503,0.7473,547,1.0055,0.25,0.5364,-0.0041,0.1503,0.3705,0.8182,5.4446,0.8091,9,0.3636,2.4198,0.2923,20,0.2818,1.8754,0.1815,31,0.38,19,0.3,30,2015.0
prospective_temporal,chembl_future_after_2015_scaffold_source_purged,ecfp_absdiff_xgb,2,chembl_raw,chembl_raw,P42336,"Phosphatidylinositol 4,5-bisphosphate 3-kinase catalytic subunit alpha isoform",6,0.5,0.94,0.8208,4,1.0,0.6667,0.6667,0.0,0.5,0.9656,1.0,2.0,1.0,1,1.0,2.0,1.0,1,1.0,2.0,1.0,1,0.5,3,0.5,3,2015.0
prospective_temporal,chembl_future_after_2015_scaffold_source_purged,rich_diff_scalars,2,chembl_raw,chembl_raw,P23458,Tyrosine-protein kinase JAK1,1098,0.1503,0.3503,0.7473,547,1.0055,0.3056,0.6657,0.2353,0.1503,0.4481,0.6364,4.2347,0.3064,7,0.5091,3.3878,0.2591,28,0.4182,2.7828,0.2104,46,0.52,26,0.45,45,2015.0
prospective_temporal,chembl_future_after_2015_scaffold_source_purged,rich_diff_scalars,2,chembl_raw,chembl_raw,P42336,"Phosphatidylinositol 4,5-bisphosphate 3-kinase catalytic subunit alpha isoform",6,0.5,0.94,0.8208,4,1.0,0.5333,0.4444,0.0,0.5,0.0344,0.0,0.0,0.0,0,0.0,0.0,0.0,0,0.0,0.0,0.0,0,0.5,3,0.5,3,2015.0
prospective_temporal,chembl_future_after_2015_scaffold_source_purged,rich_scalars_only,2,chembl_raw,chembl_raw,P23458,Tyrosine-protein kinase JAK1,1098,0.1503,0.3503,0.7473,547,1.0055,0.324,0.672,0.1843,0.1503,0.4649,0.5455,3.6298,0.3512,6,0.5091,3.3878,0.264,28,0.4545,3.0248,0.2358,50,0.48,24,0.49,49,2015.0
prospective_temporal,chembl_future_after_2015_scaffold_source_purged,rich_scalars_only,2,chembl_raw,chembl_raw,P42336,"Phosphatidylinositol 4,5-bisphosphate 3-kinase catalytic subunit alpha isoform",6,0.5,0.94,0.8208,4,1.0,0.5333,0.4444,0.0,0.5,0.0344,0.0,0.0,0.0,0,0.0,0.0,0.0,0,0.0,0.0,0.0,0,0.5,3,0.5,3,2015.0
prospective_temporal,chembl_future_after_2015_scaffold_source_purged,extratrees_scalars,2,chembl_raw,chembl_raw,P23458,Tyrosine-protein kinase JAK1,1098,0.1503,0.3503,0.7473,547,1.0055,0.1593,0.5191,-0.0201,0.1503,0.1382,0.1818,1.2099,0.1074,2,0.1273,0.8469,0.033,7,0.1182,0.7864,0.0232,13,0.14,7,0.12,12,2015.0
prospective_temporal,chembl_future_after_2015_scaffold_source_purged,extratrees_scalars,2,chembl_raw,chembl_raw,P42336,"Phosphatidylinositol 4,5-bisphosphate 3-kinase catalytic subunit alpha isoform",6,0.5,0.94,0.8208,4,1.0,0.6667,0.4444,0.0,0.5,0.9644,1.0,2.0,1.0,1,1.0,2.0,1.0,1,1.0,2.0,1.0,1,0.5,3,0.5,3,2015.0
