benchmark,source_path,source_sha256,row_file,row_file_sha256,split_mode,seed,fold,split_file,split_file_sha256,n_rows,n_train,n_test,train_retention_after_purge,target_overlap_rate,exact_ligand_overlap_rate,scaffold_overlap_rate,exact_pair_overlap_rate,pair_scaffold_overlap_rate,family_overlap_rate,n_train_targets,n_test_targets,n_train_families,n_test_families,temporal_cutoff_year,document_source_overlap_rate,assay_source_overlap_rate,train_max_year,test_min_year
acnet,external/ACNet/ACNet/ACComponents/ACDataset/data_files/generated_datasets/MMP_AC.json,d60819be1469007c0a4cf95675d83051800403f70828634589278a361ff7a067,splits/tkde_protocol/acnet_rows.csv,b8946ad4039f5e35d580f975aceef3069f9cbfa151345b442aacbeb7e2365c87,target_family,0,0,splits/tkde_protocol/acnet_target_family_seed0_fold0.npz,834feb39073d8ce0018bfc5662b2d436ef487acc832f8d8c1cec69e954b8f9a8,123054,75266,47788,1.0,0.0,0.12369214028626434,0.22980664601992132,0.017556708797187577,0.13570352389721269,,,,,,,,,,
acnet,external/ACNet/ACNet/ACComponents/ACDataset/data_files/generated_datasets/MMP_AC.json,d60819be1469007c0a4cf95675d83051800403f70828634589278a361ff7a067,splits/tkde_protocol/acnet_rows.csv,b8946ad4039f5e35d580f975aceef3069f9cbfa151345b442aacbeb7e2365c87,family_scaffold_purged,0,0,splits/tkde_protocol/acnet_family_scaffold_purged_seed0_fold0.npz,db8d7025fe4180db5db3a4aa3c1d83f396d40620aa40f1a40c5c57934a677ee6,123054,68402,47788,0.9088034437860388,0.0,0.0,0.0,0.0,0.0,,,,,,,,,,
acnet,external/ACNet/ACNet/ACComponents/ACDataset/data_files/generated_datasets/MMP_AC.json,d60819be1469007c0a4cf95675d83051800403f70828634589278a361ff7a067,splits/tkde_protocol/acnet_rows.csv,b8946ad4039f5e35d580f975aceef3069f9cbfa151345b442aacbeb7e2365c87,target_family,0,1,splits/tkde_protocol/acnet_target_family_seed0_fold1.npz,51e62167916b6d8471d60a531a28ebf15809890534998ddc9fddd466d54c79ba,123054,101148,21906,1.0,0.0,0.006984387838948234,0.013740527709303388,0.001369487811558477,0.008445174837943943,,,,,,,,,,
acnet,external/ACNet/ACNet/ACComponents/ACDataset/data_files/generated_datasets/MMP_AC.json,d60819be1469007c0a4cf95675d83051800403f70828634589278a361ff7a067,splits/tkde_protocol/acnet_rows.csv,b8946ad4039f5e35d580f975aceef3069f9cbfa151345b442aacbeb7e2365c87,family_scaffold_purged,0,1,splits/tkde_protocol/acnet_family_scaffold_purged_seed0_fold1.npz,54d2d955140fca23e110610f9ec46ab6cea0699a3d3354c6e2b4142e383e8c89,123054,97448,21906,0.9634199390991418,0.0,0.0,0.0,0.0,0.0,,,,,,,,,,
acnet,external/ACNet/ACNet/ACComponents/ACDataset/data_files/generated_datasets/MMP_AC.json,d60819be1469007c0a4cf95675d83051800403f70828634589278a361ff7a067,splits/tkde_protocol/acnet_rows.csv,b8946ad4039f5e35d580f975aceef3069f9cbfa151345b442aacbeb7e2365c87,target_family,0,2,splits/tkde_protocol/acnet_target_family_seed0_fold2.npz,c3e32e265b23c0ba97ab05016b0a2b8aad0fb0cc0224002f45e1fb1329f9351b,123054,105229,17825,1.0,0.0,0.22889200561009818,0.33279102384291726,0.04129032258064516,0.25688639551192144,,,,,,,,,,
acnet,external/ACNet/ACNet/ACComponents/ACDataset/data_files/generated_datasets/MMP_AC.json,d60819be1469007c0a4cf95675d83051800403f70828634589278a361ff7a067,splits/tkde_protocol/acnet_rows.csv,b8946ad4039f5e35d580f975aceef3069f9cbfa151345b442aacbeb7e2365c87,family_scaffold_purged,0,2,splits/tkde_protocol/acnet_family_scaffold_purged_seed0_fold2.npz,fd7966178ff38661b4c91aab35e8633cb0f0d90a5e054709565a2c85c7529996,123054,99701,17825,0.947466953026257,0.0,0.0,0.0,0.0,0.0,,,,,,,,,,
acnet,external/ACNet/ACNet/ACComponents/ACDataset/data_files/generated_datasets/MMP_AC.json,d60819be1469007c0a4cf95675d83051800403f70828634589278a361ff7a067,splits/tkde_protocol/acnet_rows.csv,b8946ad4039f5e35d580f975aceef3069f9cbfa151345b442aacbeb7e2365c87,target_family,0,3,splits/tkde_protocol/acnet_target_family_seed0_fold3.npz,18ed2714a9cecd02ed297d4982244ebfaf019179655682dcc2de18dab47580a7,123054,106156,16898,1.0,0.0,0.14623032311516157,0.27441117291987216,0.04385134335424311,0.16913244170907799,,,,,,,,,,
acnet,external/ACNet/ACNet/ACComponents/ACDataset/data_files/generated_datasets/MMP_AC.json,d60819be1469007c0a4cf95675d83051800403f70828634589278a361ff7a067,splits/tkde_protocol/acnet_rows.csv,b8946ad4039f5e35d580f975aceef3069f9cbfa151345b442aacbeb7e2365c87,family_scaffold_purged,0,3,splits/tkde_protocol/acnet_family_scaffold_purged_seed0_fold3.npz,efd95b24d415f8edb08129bf60099d446b434faeae5332e3bbf9ba17c01301da,123054,93463,16898,0.8804306869135988,0.0,0.0,0.0,0.0,0.0,,,,,,,,,,
acnet,external/ACNet/ACNet/ACComponents/ACDataset/data_files/generated_datasets/MMP_AC.json,d60819be1469007c0a4cf95675d83051800403f70828634589278a361ff7a067,splits/tkde_protocol/acnet_rows.csv,b8946ad4039f5e35d580f975aceef3069f9cbfa151345b442aacbeb7e2365c87,target_family,0,4,splits/tkde_protocol/acnet_target_family_seed0_fold4.npz,d718c96a9973e50b023a3cf71f552a65e67980f4479db858b1c8c871787130ca,123054,104417,18637,1.0,0.0,0.06905617856951227,0.13542952191876376,0.029511187422868488,0.09540162043247304,,,,,,,,,,
acnet,external/ACNet/ACNet/ACComponents/ACDataset/data_files/generated_datasets/MMP_AC.json,d60819be1469007c0a4cf95675d83051800403f70828634589278a361ff7a067,splits/tkde_protocol/acnet_rows.csv,b8946ad4039f5e35d580f975aceef3069f9cbfa151345b442aacbeb7e2365c87,family_scaffold_purged,0,4,splits/tkde_protocol/acnet_family_scaffold_purged_seed0_fold4.npz,af7ebc6bf748b60a94804d38b10ca7a2170bd470969bf47e9f1627c6557aa4a2,123054,95820,18637,0.9176666634743385,0.0,0.0,0.0,0.0,0.0,,,,,,,,,,
acnet,external/ACNet/ACNet/ACComponents/ACDataset/data_files/generated_datasets/MMP_AC.json,d60819be1469007c0a4cf95675d83051800403f70828634589278a361ff7a067,splits/tkde_protocol/acnet_rows.csv,b8946ad4039f5e35d580f975aceef3069f9cbfa151345b442aacbeb7e2365c87,target_family,1,0,splits/tkde_protocol/acnet_target_family_seed1_fold0.npz,834feb39073d8ce0018bfc5662b2d436ef487acc832f8d8c1cec69e954b8f9a8,123054,75266,47788,1.0,0.0,0.12369214028626434,0.22980664601992132,0.017556708797187577,0.13570352389721269,,,,,,,,,,
acnet,external/ACNet/ACNet/ACComponents/ACDataset/data_files/generated_datasets/MMP_AC.json,d60819be1469007c0a4cf95675d83051800403f70828634589278a361ff7a067,splits/tkde_protocol/acnet_rows.csv,b8946ad4039f5e35d580f975aceef3069f9cbfa151345b442aacbeb7e2365c87,family_scaffold_purged,1,0,splits/tkde_protocol/acnet_family_scaffold_purged_seed1_fold0.npz,db8d7025fe4180db5db3a4aa3c1d83f396d40620aa40f1a40c5c57934a677ee6,123054,68402,47788,0.9088034437860388,0.0,0.0,0.0,0.0,0.0,,,,,,,,,,
acnet,external/ACNet/ACNet/ACComponents/ACDataset/data_files/generated_datasets/MMP_AC.json,d60819be1469007c0a4cf95675d83051800403f70828634589278a361ff7a067,splits/tkde_protocol/acnet_rows.csv,b8946ad4039f5e35d580f975aceef3069f9cbfa151345b442aacbeb7e2365c87,target_family,1,1,splits/tkde_protocol/acnet_target_family_seed1_fold1.npz,51e62167916b6d8471d60a531a28ebf15809890534998ddc9fddd466d54c79ba,123054,101148,21906,1.0,0.0,0.006984387838948234,0.013740527709303388,0.001369487811558477,0.008445174837943943,,,,,,,,,,
acnet,external/ACNet/ACNet/ACComponents/ACDataset/data_files/generated_datasets/MMP_AC.json,d60819be1469007c0a4cf95675d83051800403f70828634589278a361ff7a067,splits/tkde_protocol/acnet_rows.csv,b8946ad4039f5e35d580f975aceef3069f9cbfa151345b442aacbeb7e2365c87,family_scaffold_purged,1,1,splits/tkde_protocol/acnet_family_scaffold_purged_seed1_fold1.npz,54d2d955140fca23e110610f9ec46ab6cea0699a3d3354c6e2b4142e383e8c89,123054,97448,21906,0.9634199390991418,0.0,0.0,0.0,0.0,0.0,,,,,,,,,,
acnet,external/ACNet/ACNet/ACComponents/ACDataset/data_files/generated_datasets/MMP_AC.json,d60819be1469007c0a4cf95675d83051800403f70828634589278a361ff7a067,splits/tkde_protocol/acnet_rows.csv,b8946ad4039f5e35d580f975aceef3069f9cbfa151345b442aacbeb7e2365c87,target_family,1,2,splits/tkde_protocol/acnet_target_family_seed1_fold2.npz,c3e32e265b23c0ba97ab05016b0a2b8aad0fb0cc0224002f45e1fb1329f9351b,123054,105229,17825,1.0,0.0,0.22889200561009818,0.33279102384291726,0.04129032258064516,0.25688639551192144,,,,,,,,,,
acnet,external/ACNet/ACNet/ACComponents/ACDataset/data_files/generated_datasets/MMP_AC.json,d60819be1469007c0a4cf95675d83051800403f70828634589278a361ff7a067,splits/tkde_protocol/acnet_rows.csv,b8946ad4039f5e35d580f975aceef3069f9cbfa151345b442aacbeb7e2365c87,family_scaffold_purged,1,2,splits/tkde_protocol/acnet_family_scaffold_purged_seed1_fold2.npz,fd7966178ff38661b4c91aab35e8633cb0f0d90a5e054709565a2c85c7529996,123054,99701,17825,0.947466953026257,0.0,0.0,0.0,0.0,0.0,,,,,,,,,,
acnet,external/ACNet/ACNet/ACComponents/ACDataset/data_files/generated_datasets/MMP_AC.json,d60819be1469007c0a4cf95675d83051800403f70828634589278a361ff7a067,splits/tkde_protocol/acnet_rows.csv,b8946ad4039f5e35d580f975aceef3069f9cbfa151345b442aacbeb7e2365c87,target_family,1,3,splits/tkde_protocol/acnet_target_family_seed1_fold3.npz,18ed2714a9cecd02ed297d4982244ebfaf019179655682dcc2de18dab47580a7,123054,106156,16898,1.0,0.0,0.14623032311516157,0.27441117291987216,0.04385134335424311,0.16913244170907799,,,,,,,,,,
acnet,external/ACNet/ACNet/ACComponents/ACDataset/data_files/generated_datasets/MMP_AC.json,d60819be1469007c0a4cf95675d83051800403f70828634589278a361ff7a067,splits/tkde_protocol/acnet_rows.csv,b8946ad4039f5e35d580f975aceef3069f9cbfa151345b442aacbeb7e2365c87,family_scaffold_purged,1,3,splits/tkde_protocol/acnet_family_scaffold_purged_seed1_fold3.npz,efd95b24d415f8edb08129bf60099d446b434faeae5332e3bbf9ba17c01301da,123054,93463,16898,0.8804306869135988,0.0,0.0,0.0,0.0,0.0,,,,,,,,,,
acnet,external/ACNet/ACNet/ACComponents/ACDataset/data_files/generated_datasets/MMP_AC.json,d60819be1469007c0a4cf95675d83051800403f70828634589278a361ff7a067,splits/tkde_protocol/acnet_rows.csv,b8946ad4039f5e35d580f975aceef3069f9cbfa151345b442aacbeb7e2365c87,target_family,1,4,splits/tkde_protocol/acnet_target_family_seed1_fold4.npz,d718c96a9973e50b023a3cf71f552a65e67980f4479db858b1c8c871787130ca,123054,104417,18637,1.0,0.0,0.06905617856951227,0.13542952191876376,0.029511187422868488,0.09540162043247304,,,,,,,,,,
acnet,external/ACNet/ACNet/ACComponents/ACDataset/data_files/generated_datasets/MMP_AC.json,d60819be1469007c0a4cf95675d83051800403f70828634589278a361ff7a067,splits/tkde_protocol/acnet_rows.csv,b8946ad4039f5e35d580f975aceef3069f9cbfa151345b442aacbeb7e2365c87,family_scaffold_purged,1,4,splits/tkde_protocol/acnet_family_scaffold_purged_seed1_fold4.npz,af7ebc6bf748b60a94804d38b10ca7a2170bd470969bf47e9f1627c6557aa4a2,123054,95820,18637,0.9176666634743385,0.0,0.0,0.0,0.0,0.0,,,,,,,,,,
acnet,external/ACNet/ACNet/ACComponents/ACDataset/data_files/generated_datasets/MMP_AC.json,d60819be1469007c0a4cf95675d83051800403f70828634589278a361ff7a067,splits/tkde_protocol/acnet_rows.csv,b8946ad4039f5e35d580f975aceef3069f9cbfa151345b442aacbeb7e2365c87,target_family,2,0,splits/tkde_protocol/acnet_target_family_seed2_fold0.npz,834feb39073d8ce0018bfc5662b2d436ef487acc832f8d8c1cec69e954b8f9a8,123054,75266,47788,1.0,0.0,0.12369214028626434,0.22980664601992132,0.017556708797187577,0.13570352389721269,,,,,,,,,,
acnet,external/ACNet/ACNet/ACComponents/ACDataset/data_files/generated_datasets/MMP_AC.json,d60819be1469007c0a4cf95675d83051800403f70828634589278a361ff7a067,splits/tkde_protocol/acnet_rows.csv,b8946ad4039f5e35d580f975aceef3069f9cbfa151345b442aacbeb7e2365c87,family_scaffold_purged,2,0,splits/tkde_protocol/acnet_family_scaffold_purged_seed2_fold0.npz,db8d7025fe4180db5db3a4aa3c1d83f396d40620aa40f1a40c5c57934a677ee6,123054,68402,47788,0.9088034437860388,0.0,0.0,0.0,0.0,0.0,,,,,,,,,,
acnet,external/ACNet/ACNet/ACComponents/ACDataset/data_files/generated_datasets/MMP_AC.json,d60819be1469007c0a4cf95675d83051800403f70828634589278a361ff7a067,splits/tkde_protocol/acnet_rows.csv,b8946ad4039f5e35d580f975aceef3069f9cbfa151345b442aacbeb7e2365c87,target_family,2,1,splits/tkde_protocol/acnet_target_family_seed2_fold1.npz,51e62167916b6d8471d60a531a28ebf15809890534998ddc9fddd466d54c79ba,123054,101148,21906,1.0,0.0,0.006984387838948234,0.013740527709303388,0.001369487811558477,0.008445174837943943,,,,,,,,,,
acnet,external/ACNet/ACNet/ACComponents/ACDataset/data_files/generated_datasets/MMP_AC.json,d60819be1469007c0a4cf95675d83051800403f70828634589278a361ff7a067,splits/tkde_protocol/acnet_rows.csv,b8946ad4039f5e35d580f975aceef3069f9cbfa151345b442aacbeb7e2365c87,family_scaffold_purged,2,1,splits/tkde_protocol/acnet_family_scaffold_purged_seed2_fold1.npz,54d2d955140fca23e110610f9ec46ab6cea0699a3d3354c6e2b4142e383e8c89,123054,97448,21906,0.9634199390991418,0.0,0.0,0.0,0.0,0.0,,,,,,,,,,
acnet,external/ACNet/ACNet/ACComponents/ACDataset/data_files/generated_datasets/MMP_AC.json,d60819be1469007c0a4cf95675d83051800403f70828634589278a361ff7a067,splits/tkde_protocol/acnet_rows.csv,b8946ad4039f5e35d580f975aceef3069f9cbfa151345b442aacbeb7e2365c87,target_family,2,2,splits/tkde_protocol/acnet_target_family_seed2_fold2.npz,c3e32e265b23c0ba97ab05016b0a2b8aad0fb0cc0224002f45e1fb1329f9351b,123054,105229,17825,1.0,0.0,0.22889200561009818,0.33279102384291726,0.04129032258064516,0.25688639551192144,,,,,,,,,,
acnet,external/ACNet/ACNet/ACComponents/ACDataset/data_files/generated_datasets/MMP_AC.json,d60819be1469007c0a4cf95675d83051800403f70828634589278a361ff7a067,splits/tkde_protocol/acnet_rows.csv,b8946ad4039f5e35d580f975aceef3069f9cbfa151345b442aacbeb7e2365c87,family_scaffold_purged,2,2,splits/tkde_protocol/acnet_family_scaffold_purged_seed2_fold2.npz,fd7966178ff38661b4c91aab35e8633cb0f0d90a5e054709565a2c85c7529996,123054,99701,17825,0.947466953026257,0.0,0.0,0.0,0.0,0.0,,,,,,,,,,
acnet,external/ACNet/ACNet/ACComponents/ACDataset/data_files/generated_datasets/MMP_AC.json,d60819be1469007c0a4cf95675d83051800403f70828634589278a361ff7a067,splits/tkde_protocol/acnet_rows.csv,b8946ad4039f5e35d580f975aceef3069f9cbfa151345b442aacbeb7e2365c87,target_family,2,3,splits/tkde_protocol/acnet_target_family_seed2_fold3.npz,18ed2714a9cecd02ed297d4982244ebfaf019179655682dcc2de18dab47580a7,123054,106156,16898,1.0,0.0,0.14623032311516157,0.27441117291987216,0.04385134335424311,0.16913244170907799,,,,,,,,,,
acnet,external/ACNet/ACNet/ACComponents/ACDataset/data_files/generated_datasets/MMP_AC.json,d60819be1469007c0a4cf95675d83051800403f70828634589278a361ff7a067,splits/tkde_protocol/acnet_rows.csv,b8946ad4039f5e35d580f975aceef3069f9cbfa151345b442aacbeb7e2365c87,family_scaffold_purged,2,3,splits/tkde_protocol/acnet_family_scaffold_purged_seed2_fold3.npz,efd95b24d415f8edb08129bf60099d446b434faeae5332e3bbf9ba17c01301da,123054,93463,16898,0.8804306869135988,0.0,0.0,0.0,0.0,0.0,,,,,,,,,,
acnet,external/ACNet/ACNet/ACComponents/ACDataset/data_files/generated_datasets/MMP_AC.json,d60819be1469007c0a4cf95675d83051800403f70828634589278a361ff7a067,splits/tkde_protocol/acnet_rows.csv,b8946ad4039f5e35d580f975aceef3069f9cbfa151345b442aacbeb7e2365c87,target_family,2,4,splits/tkde_protocol/acnet_target_family_seed2_fold4.npz,d718c96a9973e50b023a3cf71f552a65e67980f4479db858b1c8c871787130ca,123054,104417,18637,1.0,0.0,0.06905617856951227,0.13542952191876376,0.029511187422868488,0.09540162043247304,,,,,,,,,,
acnet,external/ACNet/ACNet/ACComponents/ACDataset/data_files/generated_datasets/MMP_AC.json,d60819be1469007c0a4cf95675d83051800403f70828634589278a361ff7a067,splits/tkde_protocol/acnet_rows.csv,b8946ad4039f5e35d580f975aceef3069f9cbfa151345b442aacbeb7e2365c87,family_scaffold_purged,2,4,splits/tkde_protocol/acnet_family_scaffold_purged_seed2_fold4.npz,af7ebc6bf748b60a94804d38b10ca7a2170bd470969bf47e9f1627c6557aa4a2,123054,95820,18637,0.9176666634743385,0.0,0.0,0.0,0.0,0.0,,,,,,,,,,
acnet,external/ACNet/ACNet/ACComponents/ACDataset/data_files/generated_datasets/MMP_AC.json,d60819be1469007c0a4cf95675d83051800403f70828634589278a361ff7a067,splits/tkde_protocol/acnet_rows.csv,b8946ad4039f5e35d580f975aceef3069f9cbfa151345b442aacbeb7e2365c87,target_family,3,0,splits/tkde_protocol/acnet_target_family_seed3_fold0.npz,834feb39073d8ce0018bfc5662b2d436ef487acc832f8d8c1cec69e954b8f9a8,123054,75266,47788,1.0,0.0,0.12369214028626434,0.22980664601992132,0.017556708797187577,0.13570352389721269,,,,,,,,,,
acnet,external/ACNet/ACNet/ACComponents/ACDataset/data_files/generated_datasets/MMP_AC.json,d60819be1469007c0a4cf95675d83051800403f70828634589278a361ff7a067,splits/tkde_protocol/acnet_rows.csv,b8946ad4039f5e35d580f975aceef3069f9cbfa151345b442aacbeb7e2365c87,family_scaffold_purged,3,0,splits/tkde_protocol/acnet_family_scaffold_purged_seed3_fold0.npz,db8d7025fe4180db5db3a4aa3c1d83f396d40620aa40f1a40c5c57934a677ee6,123054,68402,47788,0.9088034437860388,0.0,0.0,0.0,0.0,0.0,,,,,,,,,,
acnet,external/ACNet/ACNet/ACComponents/ACDataset/data_files/generated_datasets/MMP_AC.json,d60819be1469007c0a4cf95675d83051800403f70828634589278a361ff7a067,splits/tkde_protocol/acnet_rows.csv,b8946ad4039f5e35d580f975aceef3069f9cbfa151345b442aacbeb7e2365c87,target_family,3,1,splits/tkde_protocol/acnet_target_family_seed3_fold1.npz,51e62167916b6d8471d60a531a28ebf15809890534998ddc9fddd466d54c79ba,123054,101148,21906,1.0,0.0,0.006984387838948234,0.013740527709303388,0.001369487811558477,0.008445174837943943,,,,,,,,,,
acnet,external/ACNet/ACNet/ACComponents/ACDataset/data_files/generated_datasets/MMP_AC.json,d60819be1469007c0a4cf95675d83051800403f70828634589278a361ff7a067,splits/tkde_protocol/acnet_rows.csv,b8946ad4039f5e35d580f975aceef3069f9cbfa151345b442aacbeb7e2365c87,family_scaffold_purged,3,1,splits/tkde_protocol/acnet_family_scaffold_purged_seed3_fold1.npz,54d2d955140fca23e110610f9ec46ab6cea0699a3d3354c6e2b4142e383e8c89,123054,97448,21906,0.9634199390991418,0.0,0.0,0.0,0.0,0.0,,,,,,,,,,
acnet,external/ACNet/ACNet/ACComponents/ACDataset/data_files/generated_datasets/MMP_AC.json,d60819be1469007c0a4cf95675d83051800403f70828634589278a361ff7a067,splits/tkde_protocol/acnet_rows.csv,b8946ad4039f5e35d580f975aceef3069f9cbfa151345b442aacbeb7e2365c87,target_family,3,2,splits/tkde_protocol/acnet_target_family_seed3_fold2.npz,c3e32e265b23c0ba97ab05016b0a2b8aad0fb0cc0224002f45e1fb1329f9351b,123054,105229,17825,1.0,0.0,0.22889200561009818,0.33279102384291726,0.04129032258064516,0.25688639551192144,,,,,,,,,,
acnet,external/ACNet/ACNet/ACComponents/ACDataset/data_files/generated_datasets/MMP_AC.json,d60819be1469007c0a4cf95675d83051800403f70828634589278a361ff7a067,splits/tkde_protocol/acnet_rows.csv,b8946ad4039f5e35d580f975aceef3069f9cbfa151345b442aacbeb7e2365c87,family_scaffold_purged,3,2,splits/tkde_protocol/acnet_family_scaffold_purged_seed3_fold2.npz,fd7966178ff38661b4c91aab35e8633cb0f0d90a5e054709565a2c85c7529996,123054,99701,17825,0.947466953026257,0.0,0.0,0.0,0.0,0.0,,,,,,,,,,
acnet,external/ACNet/ACNet/ACComponents/ACDataset/data_files/generated_datasets/MMP_AC.json,d60819be1469007c0a4cf95675d83051800403f70828634589278a361ff7a067,splits/tkde_protocol/acnet_rows.csv,b8946ad4039f5e35d580f975aceef3069f9cbfa151345b442aacbeb7e2365c87,target_family,3,3,splits/tkde_protocol/acnet_target_family_seed3_fold3.npz,18ed2714a9cecd02ed297d4982244ebfaf019179655682dcc2de18dab47580a7,123054,106156,16898,1.0,0.0,0.14623032311516157,0.27441117291987216,0.04385134335424311,0.16913244170907799,,,,,,,,,,
acnet,external/ACNet/ACNet/ACComponents/ACDataset/data_files/generated_datasets/MMP_AC.json,d60819be1469007c0a4cf95675d83051800403f70828634589278a361ff7a067,splits/tkde_protocol/acnet_rows.csv,b8946ad4039f5e35d580f975aceef3069f9cbfa151345b442aacbeb7e2365c87,family_scaffold_purged,3,3,splits/tkde_protocol/acnet_family_scaffold_purged_seed3_fold3.npz,efd95b24d415f8edb08129bf60099d446b434faeae5332e3bbf9ba17c01301da,123054,93463,16898,0.8804306869135988,0.0,0.0,0.0,0.0,0.0,,,,,,,,,,
acnet,external/ACNet/ACNet/ACComponents/ACDataset/data_files/generated_datasets/MMP_AC.json,d60819be1469007c0a4cf95675d83051800403f70828634589278a361ff7a067,splits/tkde_protocol/acnet_rows.csv,b8946ad4039f5e35d580f975aceef3069f9cbfa151345b442aacbeb7e2365c87,target_family,3,4,splits/tkde_protocol/acnet_target_family_seed3_fold4.npz,d718c96a9973e50b023a3cf71f552a65e67980f4479db858b1c8c871787130ca,123054,104417,18637,1.0,0.0,0.06905617856951227,0.13542952191876376,0.029511187422868488,0.09540162043247304,,,,,,,,,,
acnet,external/ACNet/ACNet/ACComponents/ACDataset/data_files/generated_datasets/MMP_AC.json,d60819be1469007c0a4cf95675d83051800403f70828634589278a361ff7a067,splits/tkde_protocol/acnet_rows.csv,b8946ad4039f5e35d580f975aceef3069f9cbfa151345b442aacbeb7e2365c87,family_scaffold_purged,3,4,splits/tkde_protocol/acnet_family_scaffold_purged_seed3_fold4.npz,af7ebc6bf748b60a94804d38b10ca7a2170bd470969bf47e9f1627c6557aa4a2,123054,95820,18637,0.9176666634743385,0.0,0.0,0.0,0.0,0.0,,,,,,,,,,
acnet,external/ACNet/ACNet/ACComponents/ACDataset/data_files/generated_datasets/MMP_AC.json,d60819be1469007c0a4cf95675d83051800403f70828634589278a361ff7a067,splits/tkde_protocol/acnet_rows.csv,b8946ad4039f5e35d580f975aceef3069f9cbfa151345b442aacbeb7e2365c87,target_family,4,0,splits/tkde_protocol/acnet_target_family_seed4_fold0.npz,834feb39073d8ce0018bfc5662b2d436ef487acc832f8d8c1cec69e954b8f9a8,123054,75266,47788,1.0,0.0,0.12369214028626434,0.22980664601992132,0.017556708797187577,0.13570352389721269,,,,,,,,,,
acnet,external/ACNet/ACNet/ACComponents/ACDataset/data_files/generated_datasets/MMP_AC.json,d60819be1469007c0a4cf95675d83051800403f70828634589278a361ff7a067,splits/tkde_protocol/acnet_rows.csv,b8946ad4039f5e35d580f975aceef3069f9cbfa151345b442aacbeb7e2365c87,family_scaffold_purged,4,0,splits/tkde_protocol/acnet_family_scaffold_purged_seed4_fold0.npz,db8d7025fe4180db5db3a4aa3c1d83f396d40620aa40f1a40c5c57934a677ee6,123054,68402,47788,0.9088034437860388,0.0,0.0,0.0,0.0,0.0,,,,,,,,,,
acnet,external/ACNet/ACNet/ACComponents/ACDataset/data_files/generated_datasets/MMP_AC.json,d60819be1469007c0a4cf95675d83051800403f70828634589278a361ff7a067,splits/tkde_protocol/acnet_rows.csv,b8946ad4039f5e35d580f975aceef3069f9cbfa151345b442aacbeb7e2365c87,target_family,4,1,splits/tkde_protocol/acnet_target_family_seed4_fold1.npz,51e62167916b6d8471d60a531a28ebf15809890534998ddc9fddd466d54c79ba,123054,101148,21906,1.0,0.0,0.006984387838948234,0.013740527709303388,0.001369487811558477,0.008445174837943943,,,,,,,,,,
acnet,external/ACNet/ACNet/ACComponents/ACDataset/data_files/generated_datasets/MMP_AC.json,d60819be1469007c0a4cf95675d83051800403f70828634589278a361ff7a067,splits/tkde_protocol/acnet_rows.csv,b8946ad4039f5e35d580f975aceef3069f9cbfa151345b442aacbeb7e2365c87,family_scaffold_purged,4,1,splits/tkde_protocol/acnet_family_scaffold_purged_seed4_fold1.npz,54d2d955140fca23e110610f9ec46ab6cea0699a3d3354c6e2b4142e383e8c89,123054,97448,21906,0.9634199390991418,0.0,0.0,0.0,0.0,0.0,,,,,,,,,,
acnet,external/ACNet/ACNet/ACComponents/ACDataset/data_files/generated_datasets/MMP_AC.json,d60819be1469007c0a4cf95675d83051800403f70828634589278a361ff7a067,splits/tkde_protocol/acnet_rows.csv,b8946ad4039f5e35d580f975aceef3069f9cbfa151345b442aacbeb7e2365c87,target_family,4,2,splits/tkde_protocol/acnet_target_family_seed4_fold2.npz,c3e32e265b23c0ba97ab05016b0a2b8aad0fb0cc0224002f45e1fb1329f9351b,123054,105229,17825,1.0,0.0,0.22889200561009818,0.33279102384291726,0.04129032258064516,0.25688639551192144,,,,,,,,,,
acnet,external/ACNet/ACNet/ACComponents/ACDataset/data_files/generated_datasets/MMP_AC.json,d60819be1469007c0a4cf95675d83051800403f70828634589278a361ff7a067,splits/tkde_protocol/acnet_rows.csv,b8946ad4039f5e35d580f975aceef3069f9cbfa151345b442aacbeb7e2365c87,family_scaffold_purged,4,2,splits/tkde_protocol/acnet_family_scaffold_purged_seed4_fold2.npz,fd7966178ff38661b4c91aab35e8633cb0f0d90a5e054709565a2c85c7529996,123054,99701,17825,0.947466953026257,0.0,0.0,0.0,0.0,0.0,,,,,,,,,,
acnet,external/ACNet/ACNet/ACComponents/ACDataset/data_files/generated_datasets/MMP_AC.json,d60819be1469007c0a4cf95675d83051800403f70828634589278a361ff7a067,splits/tkde_protocol/acnet_rows.csv,b8946ad4039f5e35d580f975aceef3069f9cbfa151345b442aacbeb7e2365c87,target_family,4,3,splits/tkde_protocol/acnet_target_family_seed4_fold3.npz,18ed2714a9cecd02ed297d4982244ebfaf019179655682dcc2de18dab47580a7,123054,106156,16898,1.0,0.0,0.14623032311516157,0.27441117291987216,0.04385134335424311,0.16913244170907799,,,,,,,,,,
acnet,external/ACNet/ACNet/ACComponents/ACDataset/data_files/generated_datasets/MMP_AC.json,d60819be1469007c0a4cf95675d83051800403f70828634589278a361ff7a067,splits/tkde_protocol/acnet_rows.csv,b8946ad4039f5e35d580f975aceef3069f9cbfa151345b442aacbeb7e2365c87,family_scaffold_purged,4,3,splits/tkde_protocol/acnet_family_scaffold_purged_seed4_fold3.npz,efd95b24d415f8edb08129bf60099d446b434faeae5332e3bbf9ba17c01301da,123054,93463,16898,0.8804306869135988,0.0,0.0,0.0,0.0,0.0,,,,,,,,,,
acnet,external/ACNet/ACNet/ACComponents/ACDataset/data_files/generated_datasets/MMP_AC.json,d60819be1469007c0a4cf95675d83051800403f70828634589278a361ff7a067,splits/tkde_protocol/acnet_rows.csv,b8946ad4039f5e35d580f975aceef3069f9cbfa151345b442aacbeb7e2365c87,target_family,4,4,splits/tkde_protocol/acnet_target_family_seed4_fold4.npz,d718c96a9973e50b023a3cf71f552a65e67980f4479db858b1c8c871787130ca,123054,104417,18637,1.0,0.0,0.06905617856951227,0.13542952191876376,0.029511187422868488,0.09540162043247304,,,,,,,,,,
acnet,external/ACNet/ACNet/ACComponents/ACDataset/data_files/generated_datasets/MMP_AC.json,d60819be1469007c0a4cf95675d83051800403f70828634589278a361ff7a067,splits/tkde_protocol/acnet_rows.csv,b8946ad4039f5e35d580f975aceef3069f9cbfa151345b442aacbeb7e2365c87,family_scaffold_purged,4,4,splits/tkde_protocol/acnet_family_scaffold_purged_seed4_fold4.npz,af7ebc6bf748b60a94804d38b10ca7a2170bd470969bf47e9f1627c6557aa4a2,123054,95820,18637,0.9176666634743385,0.0,0.0,0.0,0.0,0.0,,,,,,,,,,
moleculeace,external/MTPNet/data/MoleculeACE.csv,9f90ffe493275e53607ece20dac54522bc2d2466a722f15752080eb4e23d5e4b,splits/tkde_protocol/moleculeace_rows.csv,0decede02dc6910d3c7d21d5d8c194a7ab450965fd3c5dba85725cea8137be27,target_family,0,0,splits/tkde_protocol/moleculeace_target_family_seed0_fold0.npz,ede26c3af565468a946029739f8db5bd3db80039457300287f87ac5b5bfcc8e4,79749,58267,21482,1.0,0.0,0.0057257238618378175,0.014803090959873382,0.0034447444372032398,0.006842938273903734,0.0,26.0,4.0,9.0,1.0,,,,,
moleculeace,external/MTPNet/data/MoleculeACE.csv,9f90ffe493275e53607ece20dac54522bc2d2466a722f15752080eb4e23d5e4b,splits/tkde_protocol/moleculeace_rows.csv,0decede02dc6910d3c7d21d5d8c194a7ab450965fd3c5dba85725cea8137be27,family_scaffold_purged,0,0,splits/tkde_protocol/moleculeace_family_scaffold_purged_seed0_fold0.npz,cc40e47c6da33d5e671e03cbb3fbc3863ad3dc13ec413ef74d4831da601be7a3,79749,57655,21482,0.9894966275936636,0.0,0.0,0.0,0.0,0.0,0.0,26.0,4.0,9.0,1.0,,,,,
moleculeace,external/MTPNet/data/MoleculeACE.csv,9f90ffe493275e53607ece20dac54522bc2d2466a722f15752080eb4e23d5e4b,splits/tkde_protocol/moleculeace_rows.csv,0decede02dc6910d3c7d21d5d8c194a7ab450965fd3c5dba85725cea8137be27,target_family,0,1,splits/tkde_protocol/moleculeace_target_family_seed0_fold1.npz,23548e5f57bea0210b94815085be1b3038c271be9fa1efb22134f2d5eb6d8876,79749,56646,23103,1.0,0.0,0.05406224299874475,0.09345106696100074,0.027052763710340648,0.06605202787516773,0.0,19.0,11.0,9.0,1.0,,,,,
moleculeace,external/MTPNet/data/MoleculeACE.csv,9f90ffe493275e53607ece20dac54522bc2d2466a722f15752080eb4e23d5e4b,splits/tkde_protocol/moleculeace_rows.csv,0decede02dc6910d3c7d21d5d8c194a7ab450965fd3c5dba85725cea8137be27,family_scaffold_purged,0,1,splits/tkde_protocol/moleculeace_family_scaffold_purged_seed0_fold1.npz,e2f495ae3f0b253e7dce90365ce66b92211269519bc40cef6157b0d46179ed85,79749,53716,23103,0.9482752533276843,0.0,0.0,0.0,0.0,0.0,0.0,19.0,11.0,9.0,1.0,,,,,
moleculeace,external/MTPNet/data/MoleculeACE.csv,9f90ffe493275e53607ece20dac54522bc2d2466a722f15752080eb4e23d5e4b,splits/tkde_protocol/moleculeace_rows.csv,0decede02dc6910d3c7d21d5d8c194a7ab450965fd3c5dba85725cea8137be27,target_family,0,2,splits/tkde_protocol/moleculeace_target_family_seed0_fold2.npz,2ccbfff8c66b171fd7ec8cd57429eed96da942ff6512522770e8286dd6c25a36,79749,65035,14714,1.0,0.0,0.0025146119342123146,0.01868968329482126,0.0010194372706266142,0.011281772461601195,0.0,25.0,5.0,9.0,1.0,,,,,
moleculeace,external/MTPNet/data/MoleculeACE.csv,9f90ffe493275e53607ece20dac54522bc2d2466a722f15752080eb4e23d5e4b,splits/tkde_protocol/moleculeace_rows.csv,0decede02dc6910d3c7d21d5d8c194a7ab450965fd3c5dba85725cea8137be27,family_scaffold_purged,0,2,splits/tkde_protocol/moleculeace_family_scaffold_purged_seed0_fold2.npz,11fa255dadecf91d8176f9d37ed063b4dc2a7d528c800203be2c5d5587d67a9f,79749,64383,14714,0.9899746290458984,0.0,0.0,0.0,0.0,0.0,0.0,25.0,5.0,9.0,1.0,,,,,
moleculeace,external/MTPNet/data/MoleculeACE.csv,9f90ffe493275e53607ece20dac54522bc2d2466a722f15752080eb4e23d5e4b,splits/tkde_protocol/moleculeace_rows.csv,0decede02dc6910d3c7d21d5d8c194a7ab450965fd3c5dba85725cea8137be27,target_family,0,3,splits/tkde_protocol/moleculeace_target_family_seed0_fold3.npz,3bb1a729f210a5d070f013241693eaf35ac5422a48be30d695dae2ee087f1948,79749,69397,10352,1.0,0.0,0.1662480680061824,0.22662287480680063,0.07341576506955177,0.16576506955177744,0.0,26.0,4.0,7.0,3.0,,,,,
moleculeace,external/MTPNet/data/MoleculeACE.csv,9f90ffe493275e53607ece20dac54522bc2d2466a722f15752080eb4e23d5e4b,splits/tkde_protocol/moleculeace_rows.csv,0decede02dc6910d3c7d21d5d8c194a7ab450965fd3c5dba85725cea8137be27,family_scaffold_purged,0,3,splits/tkde_protocol/moleculeace_family_scaffold_purged_seed0_fold3.npz,0fcd50758d4f2fbe23ce8c5e8006ad5222a156b55f8433efbad1bf245e463543,79749,66646,10352,0.9603585169387726,0.0,0.0,0.0,0.0,0.0,0.0,26.0,4.0,7.0,3.0,,,,,
moleculeace,external/MTPNet/data/MoleculeACE.csv,9f90ffe493275e53607ece20dac54522bc2d2466a722f15752080eb4e23d5e4b,splits/tkde_protocol/moleculeace_rows.csv,0decede02dc6910d3c7d21d5d8c194a7ab450965fd3c5dba85725cea8137be27,target_family,0,4,splits/tkde_protocol/moleculeace_target_family_seed0_fold4.npz,52b4a629c4608896bb8014ef4bc9310a656f4874396e82995b529b99a3103582,79749,69651,10098,1.0,0.0,0.2222222222222222,0.2905525846702317,0.11220043572984749,0.23984947514359278,0.0,24.0,6.0,6.0,4.0,,,,,
moleculeace,external/MTPNet/data/MoleculeACE.csv,9f90ffe493275e53607ece20dac54522bc2d2466a722f15752080eb4e23d5e4b,splits/tkde_protocol/moleculeace_rows.csv,0decede02dc6910d3c7d21d5d8c194a7ab450965fd3c5dba85725cea8137be27,family_scaffold_purged,0,4,splits/tkde_protocol/moleculeace_family_scaffold_purged_seed0_fold4.npz,fd7b519fa5a1f16ef13034eca81df788dfdc6d611ec94f6a668fca8182e088db,79749,66317,10098,0.9521327762702617,0.0,0.0,0.0,0.0,0.0,0.0,24.0,6.0,6.0,4.0,,,,,
moleculeace,external/MTPNet/data/MoleculeACE.csv,9f90ffe493275e53607ece20dac54522bc2d2466a722f15752080eb4e23d5e4b,splits/tkde_protocol/moleculeace_rows.csv,0decede02dc6910d3c7d21d5d8c194a7ab450965fd3c5dba85725cea8137be27,target_family,1,0,splits/tkde_protocol/moleculeace_target_family_seed1_fold0.npz,ede26c3af565468a946029739f8db5bd3db80039457300287f87ac5b5bfcc8e4,79749,58267,21482,1.0,0.0,0.0057257238618378175,0.014803090959873382,0.0034447444372032398,0.006842938273903734,0.0,26.0,4.0,9.0,1.0,,,,,
moleculeace,external/MTPNet/data/MoleculeACE.csv,9f90ffe493275e53607ece20dac54522bc2d2466a722f15752080eb4e23d5e4b,splits/tkde_protocol/moleculeace_rows.csv,0decede02dc6910d3c7d21d5d8c194a7ab450965fd3c5dba85725cea8137be27,family_scaffold_purged,1,0,splits/tkde_protocol/moleculeace_family_scaffold_purged_seed1_fold0.npz,cc40e47c6da33d5e671e03cbb3fbc3863ad3dc13ec413ef74d4831da601be7a3,79749,57655,21482,0.9894966275936636,0.0,0.0,0.0,0.0,0.0,0.0,26.0,4.0,9.0,1.0,,,,,
moleculeace,external/MTPNet/data/MoleculeACE.csv,9f90ffe493275e53607ece20dac54522bc2d2466a722f15752080eb4e23d5e4b,splits/tkde_protocol/moleculeace_rows.csv,0decede02dc6910d3c7d21d5d8c194a7ab450965fd3c5dba85725cea8137be27,target_family,1,1,splits/tkde_protocol/moleculeace_target_family_seed1_fold1.npz,23548e5f57bea0210b94815085be1b3038c271be9fa1efb22134f2d5eb6d8876,79749,56646,23103,1.0,0.0,0.05406224299874475,0.09345106696100074,0.027052763710340648,0.06605202787516773,0.0,19.0,11.0,9.0,1.0,,,,,
moleculeace,external/MTPNet/data/MoleculeACE.csv,9f90ffe493275e53607ece20dac54522bc2d2466a722f15752080eb4e23d5e4b,splits/tkde_protocol/moleculeace_rows.csv,0decede02dc6910d3c7d21d5d8c194a7ab450965fd3c5dba85725cea8137be27,family_scaffold_purged,1,1,splits/tkde_protocol/moleculeace_family_scaffold_purged_seed1_fold1.npz,e2f495ae3f0b253e7dce90365ce66b92211269519bc40cef6157b0d46179ed85,79749,53716,23103,0.9482752533276843,0.0,0.0,0.0,0.0,0.0,0.0,19.0,11.0,9.0,1.0,,,,,
moleculeace,external/MTPNet/data/MoleculeACE.csv,9f90ffe493275e53607ece20dac54522bc2d2466a722f15752080eb4e23d5e4b,splits/tkde_protocol/moleculeace_rows.csv,0decede02dc6910d3c7d21d5d8c194a7ab450965fd3c5dba85725cea8137be27,target_family,1,2,splits/tkde_protocol/moleculeace_target_family_seed1_fold2.npz,2ccbfff8c66b171fd7ec8cd57429eed96da942ff6512522770e8286dd6c25a36,79749,65035,14714,1.0,0.0,0.0025146119342123146,0.01868968329482126,0.0010194372706266142,0.011281772461601195,0.0,25.0,5.0,9.0,1.0,,,,,
moleculeace,external/MTPNet/data/MoleculeACE.csv,9f90ffe493275e53607ece20dac54522bc2d2466a722f15752080eb4e23d5e4b,splits/tkde_protocol/moleculeace_rows.csv,0decede02dc6910d3c7d21d5d8c194a7ab450965fd3c5dba85725cea8137be27,family_scaffold_purged,1,2,splits/tkde_protocol/moleculeace_family_scaffold_purged_seed1_fold2.npz,11fa255dadecf91d8176f9d37ed063b4dc2a7d528c800203be2c5d5587d67a9f,79749,64383,14714,0.9899746290458984,0.0,0.0,0.0,0.0,0.0,0.0,25.0,5.0,9.0,1.0,,,,,
moleculeace,external/MTPNet/data/MoleculeACE.csv,9f90ffe493275e53607ece20dac54522bc2d2466a722f15752080eb4e23d5e4b,splits/tkde_protocol/moleculeace_rows.csv,0decede02dc6910d3c7d21d5d8c194a7ab450965fd3c5dba85725cea8137be27,target_family,1,3,splits/tkde_protocol/moleculeace_target_family_seed1_fold3.npz,3bb1a729f210a5d070f013241693eaf35ac5422a48be30d695dae2ee087f1948,79749,69397,10352,1.0,0.0,0.1662480680061824,0.22662287480680063,0.07341576506955177,0.16576506955177744,0.0,26.0,4.0,7.0,3.0,,,,,
moleculeace,external/MTPNet/data/MoleculeACE.csv,9f90ffe493275e53607ece20dac54522bc2d2466a722f15752080eb4e23d5e4b,splits/tkde_protocol/moleculeace_rows.csv,0decede02dc6910d3c7d21d5d8c194a7ab450965fd3c5dba85725cea8137be27,family_scaffold_purged,1,3,splits/tkde_protocol/moleculeace_family_scaffold_purged_seed1_fold3.npz,0fcd50758d4f2fbe23ce8c5e8006ad5222a156b55f8433efbad1bf245e463543,79749,66646,10352,0.9603585169387726,0.0,0.0,0.0,0.0,0.0,0.0,26.0,4.0,7.0,3.0,,,,,
moleculeace,external/MTPNet/data/MoleculeACE.csv,9f90ffe493275e53607ece20dac54522bc2d2466a722f15752080eb4e23d5e4b,splits/tkde_protocol/moleculeace_rows.csv,0decede02dc6910d3c7d21d5d8c194a7ab450965fd3c5dba85725cea8137be27,target_family,1,4,splits/tkde_protocol/moleculeace_target_family_seed1_fold4.npz,52b4a629c4608896bb8014ef4bc9310a656f4874396e82995b529b99a3103582,79749,69651,10098,1.0,0.0,0.2222222222222222,0.2905525846702317,0.11220043572984749,0.23984947514359278,0.0,24.0,6.0,6.0,4.0,,,,,
moleculeace,external/MTPNet/data/MoleculeACE.csv,9f90ffe493275e53607ece20dac54522bc2d2466a722f15752080eb4e23d5e4b,splits/tkde_protocol/moleculeace_rows.csv,0decede02dc6910d3c7d21d5d8c194a7ab450965fd3c5dba85725cea8137be27,family_scaffold_purged,1,4,splits/tkde_protocol/moleculeace_family_scaffold_purged_seed1_fold4.npz,fd7b519fa5a1f16ef13034eca81df788dfdc6d611ec94f6a668fca8182e088db,79749,66317,10098,0.9521327762702617,0.0,0.0,0.0,0.0,0.0,0.0,24.0,6.0,6.0,4.0,,,,,
moleculeace,external/MTPNet/data/MoleculeACE.csv,9f90ffe493275e53607ece20dac54522bc2d2466a722f15752080eb4e23d5e4b,splits/tkde_protocol/moleculeace_rows.csv,0decede02dc6910d3c7d21d5d8c194a7ab450965fd3c5dba85725cea8137be27,target_family,2,0,splits/tkde_protocol/moleculeace_target_family_seed2_fold0.npz,ede26c3af565468a946029739f8db5bd3db80039457300287f87ac5b5bfcc8e4,79749,58267,21482,1.0,0.0,0.0057257238618378175,0.014803090959873382,0.0034447444372032398,0.006842938273903734,0.0,26.0,4.0,9.0,1.0,,,,,
moleculeace,external/MTPNet/data/MoleculeACE.csv,9f90ffe493275e53607ece20dac54522bc2d2466a722f15752080eb4e23d5e4b,splits/tkde_protocol/moleculeace_rows.csv,0decede02dc6910d3c7d21d5d8c194a7ab450965fd3c5dba85725cea8137be27,family_scaffold_purged,2,0,splits/tkde_protocol/moleculeace_family_scaffold_purged_seed2_fold0.npz,cc40e47c6da33d5e671e03cbb3fbc3863ad3dc13ec413ef74d4831da601be7a3,79749,57655,21482,0.9894966275936636,0.0,0.0,0.0,0.0,0.0,0.0,26.0,4.0,9.0,1.0,,,,,
moleculeace,external/MTPNet/data/MoleculeACE.csv,9f90ffe493275e53607ece20dac54522bc2d2466a722f15752080eb4e23d5e4b,splits/tkde_protocol/moleculeace_rows.csv,0decede02dc6910d3c7d21d5d8c194a7ab450965fd3c5dba85725cea8137be27,target_family,2,1,splits/tkde_protocol/moleculeace_target_family_seed2_fold1.npz,23548e5f57bea0210b94815085be1b3038c271be9fa1efb22134f2d5eb6d8876,79749,56646,23103,1.0,0.0,0.05406224299874475,0.09345106696100074,0.027052763710340648,0.06605202787516773,0.0,19.0,11.0,9.0,1.0,,,,,
moleculeace,external/MTPNet/data/MoleculeACE.csv,9f90ffe493275e53607ece20dac54522bc2d2466a722f15752080eb4e23d5e4b,splits/tkde_protocol/moleculeace_rows.csv,0decede02dc6910d3c7d21d5d8c194a7ab450965fd3c5dba85725cea8137be27,family_scaffold_purged,2,1,splits/tkde_protocol/moleculeace_family_scaffold_purged_seed2_fold1.npz,e2f495ae3f0b253e7dce90365ce66b92211269519bc40cef6157b0d46179ed85,79749,53716,23103,0.9482752533276843,0.0,0.0,0.0,0.0,0.0,0.0,19.0,11.0,9.0,1.0,,,,,
moleculeace,external/MTPNet/data/MoleculeACE.csv,9f90ffe493275e53607ece20dac54522bc2d2466a722f15752080eb4e23d5e4b,splits/tkde_protocol/moleculeace_rows.csv,0decede02dc6910d3c7d21d5d8c194a7ab450965fd3c5dba85725cea8137be27,target_family,2,2,splits/tkde_protocol/moleculeace_target_family_seed2_fold2.npz,2ccbfff8c66b171fd7ec8cd57429eed96da942ff6512522770e8286dd6c25a36,79749,65035,14714,1.0,0.0,0.0025146119342123146,0.01868968329482126,0.0010194372706266142,0.011281772461601195,0.0,25.0,5.0,9.0,1.0,,,,,
moleculeace,external/MTPNet/data/MoleculeACE.csv,9f90ffe493275e53607ece20dac54522bc2d2466a722f15752080eb4e23d5e4b,splits/tkde_protocol/moleculeace_rows.csv,0decede02dc6910d3c7d21d5d8c194a7ab450965fd3c5dba85725cea8137be27,family_scaffold_purged,2,2,splits/tkde_protocol/moleculeace_family_scaffold_purged_seed2_fold2.npz,11fa255dadecf91d8176f9d37ed063b4dc2a7d528c800203be2c5d5587d67a9f,79749,64383,14714,0.9899746290458984,0.0,0.0,0.0,0.0,0.0,0.0,25.0,5.0,9.0,1.0,,,,,
moleculeace,external/MTPNet/data/MoleculeACE.csv,9f90ffe493275e53607ece20dac54522bc2d2466a722f15752080eb4e23d5e4b,splits/tkde_protocol/moleculeace_rows.csv,0decede02dc6910d3c7d21d5d8c194a7ab450965fd3c5dba85725cea8137be27,target_family,2,3,splits/tkde_protocol/moleculeace_target_family_seed2_fold3.npz,3bb1a729f210a5d070f013241693eaf35ac5422a48be30d695dae2ee087f1948,79749,69397,10352,1.0,0.0,0.1662480680061824,0.22662287480680063,0.07341576506955177,0.16576506955177744,0.0,26.0,4.0,7.0,3.0,,,,,
moleculeace,external/MTPNet/data/MoleculeACE.csv,9f90ffe493275e53607ece20dac54522bc2d2466a722f15752080eb4e23d5e4b,splits/tkde_protocol/moleculeace_rows.csv,0decede02dc6910d3c7d21d5d8c194a7ab450965fd3c5dba85725cea8137be27,family_scaffold_purged,2,3,splits/tkde_protocol/moleculeace_family_scaffold_purged_seed2_fold3.npz,0fcd50758d4f2fbe23ce8c5e8006ad5222a156b55f8433efbad1bf245e463543,79749,66646,10352,0.9603585169387726,0.0,0.0,0.0,0.0,0.0,0.0,26.0,4.0,7.0,3.0,,,,,
moleculeace,external/MTPNet/data/MoleculeACE.csv,9f90ffe493275e53607ece20dac54522bc2d2466a722f15752080eb4e23d5e4b,splits/tkde_protocol/moleculeace_rows.csv,0decede02dc6910d3c7d21d5d8c194a7ab450965fd3c5dba85725cea8137be27,target_family,2,4,splits/tkde_protocol/moleculeace_target_family_seed2_fold4.npz,52b4a629c4608896bb8014ef4bc9310a656f4874396e82995b529b99a3103582,79749,69651,10098,1.0,0.0,0.2222222222222222,0.2905525846702317,0.11220043572984749,0.23984947514359278,0.0,24.0,6.0,6.0,4.0,,,,,
moleculeace,external/MTPNet/data/MoleculeACE.csv,9f90ffe493275e53607ece20dac54522bc2d2466a722f15752080eb4e23d5e4b,splits/tkde_protocol/moleculeace_rows.csv,0decede02dc6910d3c7d21d5d8c194a7ab450965fd3c5dba85725cea8137be27,family_scaffold_purged,2,4,splits/tkde_protocol/moleculeace_family_scaffold_purged_seed2_fold4.npz,fd7b519fa5a1f16ef13034eca81df788dfdc6d611ec94f6a668fca8182e088db,79749,66317,10098,0.9521327762702617,0.0,0.0,0.0,0.0,0.0,0.0,24.0,6.0,6.0,4.0,,,,,
moleculeace,external/MTPNet/data/MoleculeACE.csv,9f90ffe493275e53607ece20dac54522bc2d2466a722f15752080eb4e23d5e4b,splits/tkde_protocol/moleculeace_rows.csv,0decede02dc6910d3c7d21d5d8c194a7ab450965fd3c5dba85725cea8137be27,target_family,3,0,splits/tkde_protocol/moleculeace_target_family_seed3_fold0.npz,ede26c3af565468a946029739f8db5bd3db80039457300287f87ac5b5bfcc8e4,79749,58267,21482,1.0,0.0,0.0057257238618378175,0.014803090959873382,0.0034447444372032398,0.006842938273903734,0.0,26.0,4.0,9.0,1.0,,,,,
moleculeace,external/MTPNet/data/MoleculeACE.csv,9f90ffe493275e53607ece20dac54522bc2d2466a722f15752080eb4e23d5e4b,splits/tkde_protocol/moleculeace_rows.csv,0decede02dc6910d3c7d21d5d8c194a7ab450965fd3c5dba85725cea8137be27,family_scaffold_purged,3,0,splits/tkde_protocol/moleculeace_family_scaffold_purged_seed3_fold0.npz,cc40e47c6da33d5e671e03cbb3fbc3863ad3dc13ec413ef74d4831da601be7a3,79749,57655,21482,0.9894966275936636,0.0,0.0,0.0,0.0,0.0,0.0,26.0,4.0,9.0,1.0,,,,,
moleculeace,external/MTPNet/data/MoleculeACE.csv,9f90ffe493275e53607ece20dac54522bc2d2466a722f15752080eb4e23d5e4b,splits/tkde_protocol/moleculeace_rows.csv,0decede02dc6910d3c7d21d5d8c194a7ab450965fd3c5dba85725cea8137be27,target_family,3,1,splits/tkde_protocol/moleculeace_target_family_seed3_fold1.npz,23548e5f57bea0210b94815085be1b3038c271be9fa1efb22134f2d5eb6d8876,79749,56646,23103,1.0,0.0,0.05406224299874475,0.09345106696100074,0.027052763710340648,0.06605202787516773,0.0,19.0,11.0,9.0,1.0,,,,,
moleculeace,external/MTPNet/data/MoleculeACE.csv,9f90ffe493275e53607ece20dac54522bc2d2466a722f15752080eb4e23d5e4b,splits/tkde_protocol/moleculeace_rows.csv,0decede02dc6910d3c7d21d5d8c194a7ab450965fd3c5dba85725cea8137be27,family_scaffold_purged,3,1,splits/tkde_protocol/moleculeace_family_scaffold_purged_seed3_fold1.npz,e2f495ae3f0b253e7dce90365ce66b92211269519bc40cef6157b0d46179ed85,79749,53716,23103,0.9482752533276843,0.0,0.0,0.0,0.0,0.0,0.0,19.0,11.0,9.0,1.0,,,,,
moleculeace,external/MTPNet/data/MoleculeACE.csv,9f90ffe493275e53607ece20dac54522bc2d2466a722f15752080eb4e23d5e4b,splits/tkde_protocol/moleculeace_rows.csv,0decede02dc6910d3c7d21d5d8c194a7ab450965fd3c5dba85725cea8137be27,target_family,3,2,splits/tkde_protocol/moleculeace_target_family_seed3_fold2.npz,2ccbfff8c66b171fd7ec8cd57429eed96da942ff6512522770e8286dd6c25a36,79749,65035,14714,1.0,0.0,0.0025146119342123146,0.01868968329482126,0.0010194372706266142,0.011281772461601195,0.0,25.0,5.0,9.0,1.0,,,,,
moleculeace,external/MTPNet/data/MoleculeACE.csv,9f90ffe493275e53607ece20dac54522bc2d2466a722f15752080eb4e23d5e4b,splits/tkde_protocol/moleculeace_rows.csv,0decede02dc6910d3c7d21d5d8c194a7ab450965fd3c5dba85725cea8137be27,family_scaffold_purged,3,2,splits/tkde_protocol/moleculeace_family_scaffold_purged_seed3_fold2.npz,11fa255dadecf91d8176f9d37ed063b4dc2a7d528c800203be2c5d5587d67a9f,79749,64383,14714,0.9899746290458984,0.0,0.0,0.0,0.0,0.0,0.0,25.0,5.0,9.0,1.0,,,,,
moleculeace,external/MTPNet/data/MoleculeACE.csv,9f90ffe493275e53607ece20dac54522bc2d2466a722f15752080eb4e23d5e4b,splits/tkde_protocol/moleculeace_rows.csv,0decede02dc6910d3c7d21d5d8c194a7ab450965fd3c5dba85725cea8137be27,target_family,3,3,splits/tkde_protocol/moleculeace_target_family_seed3_fold3.npz,3bb1a729f210a5d070f013241693eaf35ac5422a48be30d695dae2ee087f1948,79749,69397,10352,1.0,0.0,0.1662480680061824,0.22662287480680063,0.07341576506955177,0.16576506955177744,0.0,26.0,4.0,7.0,3.0,,,,,
moleculeace,external/MTPNet/data/MoleculeACE.csv,9f90ffe493275e53607ece20dac54522bc2d2466a722f15752080eb4e23d5e4b,splits/tkde_protocol/moleculeace_rows.csv,0decede02dc6910d3c7d21d5d8c194a7ab450965fd3c5dba85725cea8137be27,family_scaffold_purged,3,3,splits/tkde_protocol/moleculeace_family_scaffold_purged_seed3_fold3.npz,0fcd50758d4f2fbe23ce8c5e8006ad5222a156b55f8433efbad1bf245e463543,79749,66646,10352,0.9603585169387726,0.0,0.0,0.0,0.0,0.0,0.0,26.0,4.0,7.0,3.0,,,,,
moleculeace,external/MTPNet/data/MoleculeACE.csv,9f90ffe493275e53607ece20dac54522bc2d2466a722f15752080eb4e23d5e4b,splits/tkde_protocol/moleculeace_rows.csv,0decede02dc6910d3c7d21d5d8c194a7ab450965fd3c5dba85725cea8137be27,target_family,3,4,splits/tkde_protocol/moleculeace_target_family_seed3_fold4.npz,52b4a629c4608896bb8014ef4bc9310a656f4874396e82995b529b99a3103582,79749,69651,10098,1.0,0.0,0.2222222222222222,0.2905525846702317,0.11220043572984749,0.23984947514359278,0.0,24.0,6.0,6.0,4.0,,,,,
moleculeace,external/MTPNet/data/MoleculeACE.csv,9f90ffe493275e53607ece20dac54522bc2d2466a722f15752080eb4e23d5e4b,splits/tkde_protocol/moleculeace_rows.csv,0decede02dc6910d3c7d21d5d8c194a7ab450965fd3c5dba85725cea8137be27,family_scaffold_purged,3,4,splits/tkde_protocol/moleculeace_family_scaffold_purged_seed3_fold4.npz,fd7b519fa5a1f16ef13034eca81df788dfdc6d611ec94f6a668fca8182e088db,79749,66317,10098,0.9521327762702617,0.0,0.0,0.0,0.0,0.0,0.0,24.0,6.0,6.0,4.0,,,,,
moleculeace,external/MTPNet/data/MoleculeACE.csv,9f90ffe493275e53607ece20dac54522bc2d2466a722f15752080eb4e23d5e4b,splits/tkde_protocol/moleculeace_rows.csv,0decede02dc6910d3c7d21d5d8c194a7ab450965fd3c5dba85725cea8137be27,target_family,4,0,splits/tkde_protocol/moleculeace_target_family_seed4_fold0.npz,ede26c3af565468a946029739f8db5bd3db80039457300287f87ac5b5bfcc8e4,79749,58267,21482,1.0,0.0,0.0057257238618378175,0.014803090959873382,0.0034447444372032398,0.006842938273903734,0.0,26.0,4.0,9.0,1.0,,,,,
moleculeace,external/MTPNet/data/MoleculeACE.csv,9f90ffe493275e53607ece20dac54522bc2d2466a722f15752080eb4e23d5e4b,splits/tkde_protocol/moleculeace_rows.csv,0decede02dc6910d3c7d21d5d8c194a7ab450965fd3c5dba85725cea8137be27,family_scaffold_purged,4,0,splits/tkde_protocol/moleculeace_family_scaffold_purged_seed4_fold0.npz,cc40e47c6da33d5e671e03cbb3fbc3863ad3dc13ec413ef74d4831da601be7a3,79749,57655,21482,0.9894966275936636,0.0,0.0,0.0,0.0,0.0,0.0,26.0,4.0,9.0,1.0,,,,,
moleculeace,external/MTPNet/data/MoleculeACE.csv,9f90ffe493275e53607ece20dac54522bc2d2466a722f15752080eb4e23d5e4b,splits/tkde_protocol/moleculeace_rows.csv,0decede02dc6910d3c7d21d5d8c194a7ab450965fd3c5dba85725cea8137be27,target_family,4,1,splits/tkde_protocol/moleculeace_target_family_seed4_fold1.npz,23548e5f57bea0210b94815085be1b3038c271be9fa1efb22134f2d5eb6d8876,79749,56646,23103,1.0,0.0,0.05406224299874475,0.09345106696100074,0.027052763710340648,0.06605202787516773,0.0,19.0,11.0,9.0,1.0,,,,,
moleculeace,external/MTPNet/data/MoleculeACE.csv,9f90ffe493275e53607ece20dac54522bc2d2466a722f15752080eb4e23d5e4b,splits/tkde_protocol/moleculeace_rows.csv,0decede02dc6910d3c7d21d5d8c194a7ab450965fd3c5dba85725cea8137be27,family_scaffold_purged,4,1,splits/tkde_protocol/moleculeace_family_scaffold_purged_seed4_fold1.npz,e2f495ae3f0b253e7dce90365ce66b92211269519bc40cef6157b0d46179ed85,79749,53716,23103,0.9482752533276843,0.0,0.0,0.0,0.0,0.0,0.0,19.0,11.0,9.0,1.0,,,,,
moleculeace,external/MTPNet/data/MoleculeACE.csv,9f90ffe493275e53607ece20dac54522bc2d2466a722f15752080eb4e23d5e4b,splits/tkde_protocol/moleculeace_rows.csv,0decede02dc6910d3c7d21d5d8c194a7ab450965fd3c5dba85725cea8137be27,target_family,4,2,splits/tkde_protocol/moleculeace_target_family_seed4_fold2.npz,2ccbfff8c66b171fd7ec8cd57429eed96da942ff6512522770e8286dd6c25a36,79749,65035,14714,1.0,0.0,0.0025146119342123146,0.01868968329482126,0.0010194372706266142,0.011281772461601195,0.0,25.0,5.0,9.0,1.0,,,,,
moleculeace,external/MTPNet/data/MoleculeACE.csv,9f90ffe493275e53607ece20dac54522bc2d2466a722f15752080eb4e23d5e4b,splits/tkde_protocol/moleculeace_rows.csv,0decede02dc6910d3c7d21d5d8c194a7ab450965fd3c5dba85725cea8137be27,family_scaffold_purged,4,2,splits/tkde_protocol/moleculeace_family_scaffold_purged_seed4_fold2.npz,11fa255dadecf91d8176f9d37ed063b4dc2a7d528c800203be2c5d5587d67a9f,79749,64383,14714,0.9899746290458984,0.0,0.0,0.0,0.0,0.0,0.0,25.0,5.0,9.0,1.0,,,,,
moleculeace,external/MTPNet/data/MoleculeACE.csv,9f90ffe493275e53607ece20dac54522bc2d2466a722f15752080eb4e23d5e4b,splits/tkde_protocol/moleculeace_rows.csv,0decede02dc6910d3c7d21d5d8c194a7ab450965fd3c5dba85725cea8137be27,target_family,4,3,splits/tkde_protocol/moleculeace_target_family_seed4_fold3.npz,3bb1a729f210a5d070f013241693eaf35ac5422a48be30d695dae2ee087f1948,79749,69397,10352,1.0,0.0,0.1662480680061824,0.22662287480680063,0.07341576506955177,0.16576506955177744,0.0,26.0,4.0,7.0,3.0,,,,,
moleculeace,external/MTPNet/data/MoleculeACE.csv,9f90ffe493275e53607ece20dac54522bc2d2466a722f15752080eb4e23d5e4b,splits/tkde_protocol/moleculeace_rows.csv,0decede02dc6910d3c7d21d5d8c194a7ab450965fd3c5dba85725cea8137be27,family_scaffold_purged,4,3,splits/tkde_protocol/moleculeace_family_scaffold_purged_seed4_fold3.npz,0fcd50758d4f2fbe23ce8c5e8006ad5222a156b55f8433efbad1bf245e463543,79749,66646,10352,0.9603585169387726,0.0,0.0,0.0,0.0,0.0,0.0,26.0,4.0,7.0,3.0,,,,,
moleculeace,external/MTPNet/data/MoleculeACE.csv,9f90ffe493275e53607ece20dac54522bc2d2466a722f15752080eb4e23d5e4b,splits/tkde_protocol/moleculeace_rows.csv,0decede02dc6910d3c7d21d5d8c194a7ab450965fd3c5dba85725cea8137be27,target_family,4,4,splits/tkde_protocol/moleculeace_target_family_seed4_fold4.npz,52b4a629c4608896bb8014ef4bc9310a656f4874396e82995b529b99a3103582,79749,69651,10098,1.0,0.0,0.2222222222222222,0.2905525846702317,0.11220043572984749,0.23984947514359278,0.0,24.0,6.0,6.0,4.0,,,,,
moleculeace,external/MTPNet/data/MoleculeACE.csv,9f90ffe493275e53607ece20dac54522bc2d2466a722f15752080eb4e23d5e4b,splits/tkde_protocol/moleculeace_rows.csv,0decede02dc6910d3c7d21d5d8c194a7ab450965fd3c5dba85725cea8137be27,family_scaffold_purged,4,4,splits/tkde_protocol/moleculeace_family_scaffold_purged_seed4_fold4.npz,fd7b519fa5a1f16ef13034eca81df788dfdc6d611ec94f6a668fca8182e088db,79749,66317,10098,0.9521327762702617,0.0,0.0,0.0,0.0,0.0,0.0,24.0,6.0,6.0,4.0,,,,,
chembl_raw,data/chembl_raw_moleculeace_target_pairs.csv,e1a7728bc19e231102123ef33d0c86c9497d05a8de9dad4b06b37036a952c02f,splits/tkde_protocol/chembl_raw_rows.csv,fe6bc0302771805ade78055eb782bb02b30fce1377926c064b7c461e1c0707bd,target_family,0,0,splits/tkde_protocol/chembl_raw_target_family_seed0_fold0.npz,9984023ef5c7efbf43370bc18ab55f34416762eb1b06486c1acc0581d651ca6b,11885,8825,3060,1.0,0.0,0.03202614379084967,0.04379084967320261,0.01568627450980392,0.03398692810457516,,,,,,-1.0,0.04738562091503268,0.0,2023.0,1992.0
chembl_raw,data/chembl_raw_moleculeace_target_pairs.csv,e1a7728bc19e231102123ef33d0c86c9497d05a8de9dad4b06b37036a952c02f,splits/tkde_protocol/chembl_raw_rows.csv,fe6bc0302771805ade78055eb782bb02b30fce1377926c064b7c461e1c0707bd,family_scaffold_source_purged,0,0,splits/tkde_protocol/chembl_raw_family_scaffold_source_purged_seed0_fold0.npz,c2ab86d79166d012d6f804fd1393998978dfa89de419e930f3c0f6702238939c,11885,8495,3060,0.9626062322946176,0.0,0.0,0.0,0.0,0.0,,,,,,-1.0,0.0,0.0,2023.0,1992.0
chembl_raw,data/chembl_raw_moleculeace_target_pairs.csv,e1a7728bc19e231102123ef33d0c86c9497d05a8de9dad4b06b37036a952c02f,splits/tkde_protocol/chembl_raw_rows.csv,fe6bc0302771805ade78055eb782bb02b30fce1377926c064b7c461e1c0707bd,temporal_scaffold_source_purged,0,0,splits/tkde_protocol/chembl_raw_temporal_scaffold_source_purged_seed0_fold0.npz,7da703299113fc4291e031f700cad2864d41cae4a59199b85471a8dd031ec560,11885,4874,5265,0.7844841461451795,0.5910731244064578,0.0,0.0,0.0,0.0,,,,,,2004.0,0.0,0.0,2004.0,2005.0
chembl_raw,data/chembl_raw_moleculeace_target_pairs.csv,e1a7728bc19e231102123ef33d0c86c9497d05a8de9dad4b06b37036a952c02f,splits/tkde_protocol/chembl_raw_rows.csv,fe6bc0302771805ade78055eb782bb02b30fce1377926c064b7c461e1c0707bd,target_family,0,1,splits/tkde_protocol/chembl_raw_target_family_seed0_fold1.npz,ebfe61d1a18b46565a3da2206b5d3e567bc41b30f40e4a43882f5b2c3840965d,11885,9534,2351,1.0,0.0,0.09655465759251382,0.11356869417269247,0.04423649510846448,0.09740535942152276,,,,,,-1.0,0.10421097405359421,0.0,2023.0,1986.0
chembl_raw,data/chembl_raw_moleculeace_target_pairs.csv,e1a7728bc19e231102123ef33d0c86c9497d05a8de9dad4b06b37036a952c02f,splits/tkde_protocol/chembl_raw_rows.csv,fe6bc0302771805ade78055eb782bb02b30fce1377926c064b7c461e1c0707bd,family_scaffold_source_purged,0,1,splits/tkde_protocol/chembl_raw_family_scaffold_source_purged_seed0_fold1.npz,f5b494e542aff00f8bc2a59ffe2c839eff9448c6cbfcbec988a1b17aee326673,11885,9326,2351,0.9781833438221104,0.0,0.0,0.0,0.0,0.0,,,,,,-1.0,0.0,0.0,2023.0,1986.0
chembl_raw,data/chembl_raw_moleculeace_target_pairs.csv,e1a7728bc19e231102123ef33d0c86c9497d05a8de9dad4b06b37036a952c02f,splits/tkde_protocol/chembl_raw_rows.csv,fe6bc0302771805ade78055eb782bb02b30fce1377926c064b7c461e1c0707bd,temporal_scaffold_source_purged,0,1,splits/tkde_protocol/chembl_raw_temporal_scaffold_source_purged_seed0_fold1.npz,5396a6d82fe4b868f9397313762ca41a96e1b1e918308fb2d64564cec5c1005b,11885,7268,3338,0.8928746928746929,0.38286399041342123,0.0,0.0,0.0,0.0,,,,,,2007.0,0.0,0.0,2007.0,2008.0
chembl_raw,data/chembl_raw_moleculeace_target_pairs.csv,e1a7728bc19e231102123ef33d0c86c9497d05a8de9dad4b06b37036a952c02f,splits/tkde_protocol/chembl_raw_rows.csv,fe6bc0302771805ade78055eb782bb02b30fce1377926c064b7c461e1c0707bd,target_family,0,2,splits/tkde_protocol/chembl_raw_target_family_seed0_fold2.npz,f807df162da392132789f32cc1b5bb8380d434e1c0681817332c9973f5f8d446,11885,9064,2821,1.0,0.0,0.058135412974122655,0.1152073732718894,0.02623183268344559,0.10173697270471464,,,,,,-1.0,0.06735200283587381,0.0,2015.0,1992.0
chembl_raw,data/chembl_raw_moleculeace_target_pairs.csv,e1a7728bc19e231102123ef33d0c86c9497d05a8de9dad4b06b37036a952c02f,splits/tkde_protocol/chembl_raw_rows.csv,fe6bc0302771805ade78055eb782bb02b30fce1377926c064b7c461e1c0707bd,family_scaffold_source_purged,0,2,splits/tkde_protocol/chembl_raw_family_scaffold_source_purged_seed0_fold2.npz,e69c881a6f9f4054f30b58a9951e0f28bef94764b8cae1dc35c7dea0ce9bbdff,11885,8591,2821,0.9478155339805825,0.0,0.0,0.0,0.0,0.0,,,,,,-1.0,0.0,0.0,2015.0,1992.0
chembl_raw,data/chembl_raw_moleculeace_target_pairs.csv,e1a7728bc19e231102123ef33d0c86c9497d05a8de9dad4b06b37036a952c02f,splits/tkde_protocol/chembl_raw_rows.csv,fe6bc0302771805ade78055eb782bb02b30fce1377926c064b7c461e1c0707bd,temporal_scaffold_source_purged,0,2,splits/tkde_protocol/chembl_raw_temporal_scaffold_source_purged_seed0_fold2.npz,af2c53faa5f33bb418a52d6b1396cd60009485ed7ce7ea5ee84b57316f1e83e8,11885,8007,2603,0.9021971830985915,0.4110641567422205,0.0,0.0,0.0,0.0,,,,,,2009.0,0.0,0.0,2009.0,2010.0
chembl_raw,data/chembl_raw_moleculeace_target_pairs.csv,e1a7728bc19e231102123ef33d0c86c9497d05a8de9dad4b06b37036a952c02f,splits/tkde_protocol/chembl_raw_rows.csv,fe6bc0302771805ade78055eb782bb02b30fce1377926c064b7c461e1c0707bd,target_family,0,3,splits/tkde_protocol/chembl_raw_target_family_seed0_fold3.npz,806875190bb38aca3d006597a1c2793f7fc708fe77235cc9d4aadaef528bb1cb,11885,10082,1803,1.0,0.0,0.13754853022739877,0.1913477537437604,0.04991680532445923,0.14864115363283417,,,,,,-1.0,0.19633943427620631,0.0,2023.0,1994.0
chembl_raw,data/chembl_raw_moleculeace_target_pairs.csv,e1a7728bc19e231102123ef33d0c86c9497d05a8de9dad4b06b37036a952c02f,splits/tkde_protocol/chembl_raw_rows.csv,fe6bc0302771805ade78055eb782bb02b30fce1377926c064b7c461e1c0707bd,family_scaffold_source_purged,0,3,splits/tkde_protocol/chembl_raw_family_scaffold_source_purged_seed0_fold3.npz,04da50e93bae8a11d2d6b69bcee7d39dcab0c2aba1ed6d2ec69cdf88848e0a6a,11885,9575,1803,0.9497123586589963,0.0,0.0,0.0,0.0,0.0,,,,,,-1.0,0.0,0.0,2023.0,1994.0
chembl_raw,data/chembl_raw_moleculeace_target_pairs.csv,e1a7728bc19e231102123ef33d0c86c9497d05a8de9dad4b06b37036a952c02f,splits/tkde_protocol/chembl_raw_rows.csv,fe6bc0302771805ade78055eb782bb02b30fce1377926c064b7c461e1c0707bd,temporal_scaffold_source_purged,0,3,splits/tkde_protocol/chembl_raw_temporal_scaffold_source_purged_seed0_fold3.npz,5d489b46b5be6a9ab6d319563601056e95cecd14cbfeb55850ea58b418fec9ab,11885,9390,1869,0.9772088666874805,0.39646869983948635,0.0,0.0,0.0,0.0,,,,,,2011.0,0.0,0.0,2011.0,2012.0
chembl_raw,data/chembl_raw_moleculeace_target_pairs.csv,e1a7728bc19e231102123ef33d0c86c9497d05a8de9dad4b06b37036a952c02f,splits/tkde_protocol/chembl_raw_rows.csv,fe6bc0302771805ade78055eb782bb02b30fce1377926c064b7c461e1c0707bd,target_family,0,4,splits/tkde_protocol/chembl_raw_target_family_seed0_fold4.npz,92cb4934aa212f41b99488fcd7780fc387d592d5017aeae7b5247ac2f7e0f486,11885,10035,1850,1.0,0.0,0.14702702702702702,0.19297297297297297,0.057297297297297295,0.1535135135135135,,,,,,-1.0,0.18432432432432433,0.0,2023.0,1990.0
chembl_raw,data/chembl_raw_moleculeace_target_pairs.csv,e1a7728bc19e231102123ef33d0c86c9497d05a8de9dad4b06b37036a952c02f,splits/tkde_protocol/chembl_raw_rows.csv,fe6bc0302771805ade78055eb782bb02b30fce1377926c064b7c461e1c0707bd,family_scaffold_source_purged,0,4,splits/tkde_protocol/chembl_raw_family_scaffold_source_purged_seed0_fold4.npz,b74ef8089b1f755c809dc10536a141537c8e14861ab483fada9d79c4727b2af5,11885,9457,1850,0.9424015944195316,0.0,0.0,0.0,0.0,0.0,,,,,,-1.0,0.0,0.0,2023.0,1990.0
chembl_raw,data/chembl_raw_moleculeace_target_pairs.csv,e1a7728bc19e231102123ef33d0c86c9497d05a8de9dad4b06b37036a952c02f,splits/tkde_protocol/chembl_raw_rows.csv,fe6bc0302771805ade78055eb782bb02b30fce1377926c064b7c461e1c0707bd,temporal_scaffold_source_purged,0,4,splits/tkde_protocol/chembl_raw_temporal_scaffold_source_purged_seed0_fold4.npz,13fd0b64f5627efa5377b77651fc6e82a9dd5c0bb1de2d92479a4261d607aaba,11885,9977,1277,0.9780413684932849,1.0,0.0,0.0,0.0,0.0,,,,,,2014.0,0.0,0.0,2014.0,2015.0
chembl_raw,data/chembl_raw_moleculeace_target_pairs.csv,e1a7728bc19e231102123ef33d0c86c9497d05a8de9dad4b06b37036a952c02f,splits/tkde_protocol/chembl_raw_rows.csv,fe6bc0302771805ade78055eb782bb02b30fce1377926c064b7c461e1c0707bd,target_family,1,0,splits/tkde_protocol/chembl_raw_target_family_seed1_fold0.npz,9984023ef5c7efbf43370bc18ab55f34416762eb1b06486c1acc0581d651ca6b,11885,8825,3060,1.0,0.0,0.03202614379084967,0.04379084967320261,0.01568627450980392,0.03398692810457516,,,,,,-1.0,0.04738562091503268,0.0,2023.0,1992.0
chembl_raw,data/chembl_raw_moleculeace_target_pairs.csv,e1a7728bc19e231102123ef33d0c86c9497d05a8de9dad4b06b37036a952c02f,splits/tkde_protocol/chembl_raw_rows.csv,fe6bc0302771805ade78055eb782bb02b30fce1377926c064b7c461e1c0707bd,family_scaffold_source_purged,1,0,splits/tkde_protocol/chembl_raw_family_scaffold_source_purged_seed1_fold0.npz,c2ab86d79166d012d6f804fd1393998978dfa89de419e930f3c0f6702238939c,11885,8495,3060,0.9626062322946176,0.0,0.0,0.0,0.0,0.0,,,,,,-1.0,0.0,0.0,2023.0,1992.0
chembl_raw,data/chembl_raw_moleculeace_target_pairs.csv,e1a7728bc19e231102123ef33d0c86c9497d05a8de9dad4b06b37036a952c02f,splits/tkde_protocol/chembl_raw_rows.csv,fe6bc0302771805ade78055eb782bb02b30fce1377926c064b7c461e1c0707bd,temporal_scaffold_source_purged,1,0,splits/tkde_protocol/chembl_raw_temporal_scaffold_source_purged_seed1_fold0.npz,7da703299113fc4291e031f700cad2864d41cae4a59199b85471a8dd031ec560,11885,4874,5265,0.7844841461451795,0.5910731244064578,0.0,0.0,0.0,0.0,,,,,,2004.0,0.0,0.0,2004.0,2005.0
chembl_raw,data/chembl_raw_moleculeace_target_pairs.csv,e1a7728bc19e231102123ef33d0c86c9497d05a8de9dad4b06b37036a952c02f,splits/tkde_protocol/chembl_raw_rows.csv,fe6bc0302771805ade78055eb782bb02b30fce1377926c064b7c461e1c0707bd,target_family,1,1,splits/tkde_protocol/chembl_raw_target_family_seed1_fold1.npz,ebfe61d1a18b46565a3da2206b5d3e567bc41b30f40e4a43882f5b2c3840965d,11885,9534,2351,1.0,0.0,0.09655465759251382,0.11356869417269247,0.04423649510846448,0.09740535942152276,,,,,,-1.0,0.10421097405359421,0.0,2023.0,1986.0
chembl_raw,data/chembl_raw_moleculeace_target_pairs.csv,e1a7728bc19e231102123ef33d0c86c9497d05a8de9dad4b06b37036a952c02f,splits/tkde_protocol/chembl_raw_rows.csv,fe6bc0302771805ade78055eb782bb02b30fce1377926c064b7c461e1c0707bd,family_scaffold_source_purged,1,1,splits/tkde_protocol/chembl_raw_family_scaffold_source_purged_seed1_fold1.npz,f5b494e542aff00f8bc2a59ffe2c839eff9448c6cbfcbec988a1b17aee326673,11885,9326,2351,0.9781833438221104,0.0,0.0,0.0,0.0,0.0,,,,,,-1.0,0.0,0.0,2023.0,1986.0
chembl_raw,data/chembl_raw_moleculeace_target_pairs.csv,e1a7728bc19e231102123ef33d0c86c9497d05a8de9dad4b06b37036a952c02f,splits/tkde_protocol/chembl_raw_rows.csv,fe6bc0302771805ade78055eb782bb02b30fce1377926c064b7c461e1c0707bd,temporal_scaffold_source_purged,1,1,splits/tkde_protocol/chembl_raw_temporal_scaffold_source_purged_seed1_fold1.npz,5396a6d82fe4b868f9397313762ca41a96e1b1e918308fb2d64564cec5c1005b,11885,7268,3338,0.8928746928746929,0.38286399041342123,0.0,0.0,0.0,0.0,,,,,,2007.0,0.0,0.0,2007.0,2008.0
chembl_raw,data/chembl_raw_moleculeace_target_pairs.csv,e1a7728bc19e231102123ef33d0c86c9497d05a8de9dad4b06b37036a952c02f,splits/tkde_protocol/chembl_raw_rows.csv,fe6bc0302771805ade78055eb782bb02b30fce1377926c064b7c461e1c0707bd,target_family,1,2,splits/tkde_protocol/chembl_raw_target_family_seed1_fold2.npz,f807df162da392132789f32cc1b5bb8380d434e1c0681817332c9973f5f8d446,11885,9064,2821,1.0,0.0,0.058135412974122655,0.1152073732718894,0.02623183268344559,0.10173697270471464,,,,,,-1.0,0.06735200283587381,0.0,2015.0,1992.0
chembl_raw,data/chembl_raw_moleculeace_target_pairs.csv,e1a7728bc19e231102123ef33d0c86c9497d05a8de9dad4b06b37036a952c02f,splits/tkde_protocol/chembl_raw_rows.csv,fe6bc0302771805ade78055eb782bb02b30fce1377926c064b7c461e1c0707bd,family_scaffold_source_purged,1,2,splits/tkde_protocol/chembl_raw_family_scaffold_source_purged_seed1_fold2.npz,e69c881a6f9f4054f30b58a9951e0f28bef94764b8cae1dc35c7dea0ce9bbdff,11885,8591,2821,0.9478155339805825,0.0,0.0,0.0,0.0,0.0,,,,,,-1.0,0.0,0.0,2015.0,1992.0
chembl_raw,data/chembl_raw_moleculeace_target_pairs.csv,e1a7728bc19e231102123ef33d0c86c9497d05a8de9dad4b06b37036a952c02f,splits/tkde_protocol/chembl_raw_rows.csv,fe6bc0302771805ade78055eb782bb02b30fce1377926c064b7c461e1c0707bd,temporal_scaffold_source_purged,1,2,splits/tkde_protocol/chembl_raw_temporal_scaffold_source_purged_seed1_fold2.npz,af2c53faa5f33bb418a52d6b1396cd60009485ed7ce7ea5ee84b57316f1e83e8,11885,8007,2603,0.9021971830985915,0.4110641567422205,0.0,0.0,0.0,0.0,,,,,,2009.0,0.0,0.0,2009.0,2010.0
chembl_raw,data/chembl_raw_moleculeace_target_pairs.csv,e1a7728bc19e231102123ef33d0c86c9497d05a8de9dad4b06b37036a952c02f,splits/tkde_protocol/chembl_raw_rows.csv,fe6bc0302771805ade78055eb782bb02b30fce1377926c064b7c461e1c0707bd,target_family,1,3,splits/tkde_protocol/chembl_raw_target_family_seed1_fold3.npz,806875190bb38aca3d006597a1c2793f7fc708fe77235cc9d4aadaef528bb1cb,11885,10082,1803,1.0,0.0,0.13754853022739877,0.1913477537437604,0.04991680532445923,0.14864115363283417,,,,,,-1.0,0.19633943427620631,0.0,2023.0,1994.0
chembl_raw,data/chembl_raw_moleculeace_target_pairs.csv,e1a7728bc19e231102123ef33d0c86c9497d05a8de9dad4b06b37036a952c02f,splits/tkde_protocol/chembl_raw_rows.csv,fe6bc0302771805ade78055eb782bb02b30fce1377926c064b7c461e1c0707bd,family_scaffold_source_purged,1,3,splits/tkde_protocol/chembl_raw_family_scaffold_source_purged_seed1_fold3.npz,04da50e93bae8a11d2d6b69bcee7d39dcab0c2aba1ed6d2ec69cdf88848e0a6a,11885,9575,1803,0.9497123586589963,0.0,0.0,0.0,0.0,0.0,,,,,,-1.0,0.0,0.0,2023.0,1994.0
chembl_raw,data/chembl_raw_moleculeace_target_pairs.csv,e1a7728bc19e231102123ef33d0c86c9497d05a8de9dad4b06b37036a952c02f,splits/tkde_protocol/chembl_raw_rows.csv,fe6bc0302771805ade78055eb782bb02b30fce1377926c064b7c461e1c0707bd,temporal_scaffold_source_purged,1,3,splits/tkde_protocol/chembl_raw_temporal_scaffold_source_purged_seed1_fold3.npz,5d489b46b5be6a9ab6d319563601056e95cecd14cbfeb55850ea58b418fec9ab,11885,9390,1869,0.9772088666874805,0.39646869983948635,0.0,0.0,0.0,0.0,,,,,,2011.0,0.0,0.0,2011.0,2012.0
chembl_raw,data/chembl_raw_moleculeace_target_pairs.csv,e1a7728bc19e231102123ef33d0c86c9497d05a8de9dad4b06b37036a952c02f,splits/tkde_protocol/chembl_raw_rows.csv,fe6bc0302771805ade78055eb782bb02b30fce1377926c064b7c461e1c0707bd,target_family,1,4,splits/tkde_protocol/chembl_raw_target_family_seed1_fold4.npz,92cb4934aa212f41b99488fcd7780fc387d592d5017aeae7b5247ac2f7e0f486,11885,10035,1850,1.0,0.0,0.14702702702702702,0.19297297297297297,0.057297297297297295,0.1535135135135135,,,,,,-1.0,0.18432432432432433,0.0,2023.0,1990.0
chembl_raw,data/chembl_raw_moleculeace_target_pairs.csv,e1a7728bc19e231102123ef33d0c86c9497d05a8de9dad4b06b37036a952c02f,splits/tkde_protocol/chembl_raw_rows.csv,fe6bc0302771805ade78055eb782bb02b30fce1377926c064b7c461e1c0707bd,family_scaffold_source_purged,1,4,splits/tkde_protocol/chembl_raw_family_scaffold_source_purged_seed1_fold4.npz,b74ef8089b1f755c809dc10536a141537c8e14861ab483fada9d79c4727b2af5,11885,9457,1850,0.9424015944195316,0.0,0.0,0.0,0.0,0.0,,,,,,-1.0,0.0,0.0,2023.0,1990.0
chembl_raw,data/chembl_raw_moleculeace_target_pairs.csv,e1a7728bc19e231102123ef33d0c86c9497d05a8de9dad4b06b37036a952c02f,splits/tkde_protocol/chembl_raw_rows.csv,fe6bc0302771805ade78055eb782bb02b30fce1377926c064b7c461e1c0707bd,temporal_scaffold_source_purged,1,4,splits/tkde_protocol/chembl_raw_temporal_scaffold_source_purged_seed1_fold4.npz,13fd0b64f5627efa5377b77651fc6e82a9dd5c0bb1de2d92479a4261d607aaba,11885,9977,1277,0.9780413684932849,1.0,0.0,0.0,0.0,0.0,,,,,,2014.0,0.0,0.0,2014.0,2015.0
chembl_raw,data/chembl_raw_moleculeace_target_pairs.csv,e1a7728bc19e231102123ef33d0c86c9497d05a8de9dad4b06b37036a952c02f,splits/tkde_protocol/chembl_raw_rows.csv,fe6bc0302771805ade78055eb782bb02b30fce1377926c064b7c461e1c0707bd,target_family,2,0,splits/tkde_protocol/chembl_raw_target_family_seed2_fold0.npz,9984023ef5c7efbf43370bc18ab55f34416762eb1b06486c1acc0581d651ca6b,11885,8825,3060,1.0,0.0,0.03202614379084967,0.04379084967320261,0.01568627450980392,0.03398692810457516,,,,,,-1.0,0.04738562091503268,0.0,2023.0,1992.0
chembl_raw,data/chembl_raw_moleculeace_target_pairs.csv,e1a7728bc19e231102123ef33d0c86c9497d05a8de9dad4b06b37036a952c02f,splits/tkde_protocol/chembl_raw_rows.csv,fe6bc0302771805ade78055eb782bb02b30fce1377926c064b7c461e1c0707bd,family_scaffold_source_purged,2,0,splits/tkde_protocol/chembl_raw_family_scaffold_source_purged_seed2_fold0.npz,c2ab86d79166d012d6f804fd1393998978dfa89de419e930f3c0f6702238939c,11885,8495,3060,0.9626062322946176,0.0,0.0,0.0,0.0,0.0,,,,,,-1.0,0.0,0.0,2023.0,1992.0
chembl_raw,data/chembl_raw_moleculeace_target_pairs.csv,e1a7728bc19e231102123ef33d0c86c9497d05a8de9dad4b06b37036a952c02f,splits/tkde_protocol/chembl_raw_rows.csv,fe6bc0302771805ade78055eb782bb02b30fce1377926c064b7c461e1c0707bd,temporal_scaffold_source_purged,2,0,splits/tkde_protocol/chembl_raw_temporal_scaffold_source_purged_seed2_fold0.npz,7da703299113fc4291e031f700cad2864d41cae4a59199b85471a8dd031ec560,11885,4874,5265,0.7844841461451795,0.5910731244064578,0.0,0.0,0.0,0.0,,,,,,2004.0,0.0,0.0,2004.0,2005.0
chembl_raw,data/chembl_raw_moleculeace_target_pairs.csv,e1a7728bc19e231102123ef33d0c86c9497d05a8de9dad4b06b37036a952c02f,splits/tkde_protocol/chembl_raw_rows.csv,fe6bc0302771805ade78055eb782bb02b30fce1377926c064b7c461e1c0707bd,target_family,2,1,splits/tkde_protocol/chembl_raw_target_family_seed2_fold1.npz,ebfe61d1a18b46565a3da2206b5d3e567bc41b30f40e4a43882f5b2c3840965d,11885,9534,2351,1.0,0.0,0.09655465759251382,0.11356869417269247,0.04423649510846448,0.09740535942152276,,,,,,-1.0,0.10421097405359421,0.0,2023.0,1986.0
chembl_raw,data/chembl_raw_moleculeace_target_pairs.csv,e1a7728bc19e231102123ef33d0c86c9497d05a8de9dad4b06b37036a952c02f,splits/tkde_protocol/chembl_raw_rows.csv,fe6bc0302771805ade78055eb782bb02b30fce1377926c064b7c461e1c0707bd,family_scaffold_source_purged,2,1,splits/tkde_protocol/chembl_raw_family_scaffold_source_purged_seed2_fold1.npz,f5b494e542aff00f8bc2a59ffe2c839eff9448c6cbfcbec988a1b17aee326673,11885,9326,2351,0.9781833438221104,0.0,0.0,0.0,0.0,0.0,,,,,,-1.0,0.0,0.0,2023.0,1986.0
chembl_raw,data/chembl_raw_moleculeace_target_pairs.csv,e1a7728bc19e231102123ef33d0c86c9497d05a8de9dad4b06b37036a952c02f,splits/tkde_protocol/chembl_raw_rows.csv,fe6bc0302771805ade78055eb782bb02b30fce1377926c064b7c461e1c0707bd,temporal_scaffold_source_purged,2,1,splits/tkde_protocol/chembl_raw_temporal_scaffold_source_purged_seed2_fold1.npz,5396a6d82fe4b868f9397313762ca41a96e1b1e918308fb2d64564cec5c1005b,11885,7268,3338,0.8928746928746929,0.38286399041342123,0.0,0.0,0.0,0.0,,,,,,2007.0,0.0,0.0,2007.0,2008.0
chembl_raw,data/chembl_raw_moleculeace_target_pairs.csv,e1a7728bc19e231102123ef33d0c86c9497d05a8de9dad4b06b37036a952c02f,splits/tkde_protocol/chembl_raw_rows.csv,fe6bc0302771805ade78055eb782bb02b30fce1377926c064b7c461e1c0707bd,target_family,2,2,splits/tkde_protocol/chembl_raw_target_family_seed2_fold2.npz,f807df162da392132789f32cc1b5bb8380d434e1c0681817332c9973f5f8d446,11885,9064,2821,1.0,0.0,0.058135412974122655,0.1152073732718894,0.02623183268344559,0.10173697270471464,,,,,,-1.0,0.06735200283587381,0.0,2015.0,1992.0
chembl_raw,data/chembl_raw_moleculeace_target_pairs.csv,e1a7728bc19e231102123ef33d0c86c9497d05a8de9dad4b06b37036a952c02f,splits/tkde_protocol/chembl_raw_rows.csv,fe6bc0302771805ade78055eb782bb02b30fce1377926c064b7c461e1c0707bd,family_scaffold_source_purged,2,2,splits/tkde_protocol/chembl_raw_family_scaffold_source_purged_seed2_fold2.npz,e69c881a6f9f4054f30b58a9951e0f28bef94764b8cae1dc35c7dea0ce9bbdff,11885,8591,2821,0.9478155339805825,0.0,0.0,0.0,0.0,0.0,,,,,,-1.0,0.0,0.0,2015.0,1992.0
chembl_raw,data/chembl_raw_moleculeace_target_pairs.csv,e1a7728bc19e231102123ef33d0c86c9497d05a8de9dad4b06b37036a952c02f,splits/tkde_protocol/chembl_raw_rows.csv,fe6bc0302771805ade78055eb782bb02b30fce1377926c064b7c461e1c0707bd,temporal_scaffold_source_purged,2,2,splits/tkde_protocol/chembl_raw_temporal_scaffold_source_purged_seed2_fold2.npz,af2c53faa5f33bb418a52d6b1396cd60009485ed7ce7ea5ee84b57316f1e83e8,11885,8007,2603,0.9021971830985915,0.4110641567422205,0.0,0.0,0.0,0.0,,,,,,2009.0,0.0,0.0,2009.0,2010.0
chembl_raw,data/chembl_raw_moleculeace_target_pairs.csv,e1a7728bc19e231102123ef33d0c86c9497d05a8de9dad4b06b37036a952c02f,splits/tkde_protocol/chembl_raw_rows.csv,fe6bc0302771805ade78055eb782bb02b30fce1377926c064b7c461e1c0707bd,target_family,2,3,splits/tkde_protocol/chembl_raw_target_family_seed2_fold3.npz,806875190bb38aca3d006597a1c2793f7fc708fe77235cc9d4aadaef528bb1cb,11885,10082,1803,1.0,0.0,0.13754853022739877,0.1913477537437604,0.04991680532445923,0.14864115363283417,,,,,,-1.0,0.19633943427620631,0.0,2023.0,1994.0
chembl_raw,data/chembl_raw_moleculeace_target_pairs.csv,e1a7728bc19e231102123ef33d0c86c9497d05a8de9dad4b06b37036a952c02f,splits/tkde_protocol/chembl_raw_rows.csv,fe6bc0302771805ade78055eb782bb02b30fce1377926c064b7c461e1c0707bd,family_scaffold_source_purged,2,3,splits/tkde_protocol/chembl_raw_family_scaffold_source_purged_seed2_fold3.npz,04da50e93bae8a11d2d6b69bcee7d39dcab0c2aba1ed6d2ec69cdf88848e0a6a,11885,9575,1803,0.9497123586589963,0.0,0.0,0.0,0.0,0.0,,,,,,-1.0,0.0,0.0,2023.0,1994.0
chembl_raw,data/chembl_raw_moleculeace_target_pairs.csv,e1a7728bc19e231102123ef33d0c86c9497d05a8de9dad4b06b37036a952c02f,splits/tkde_protocol/chembl_raw_rows.csv,fe6bc0302771805ade78055eb782bb02b30fce1377926c064b7c461e1c0707bd,temporal_scaffold_source_purged,2,3,splits/tkde_protocol/chembl_raw_temporal_scaffold_source_purged_seed2_fold3.npz,5d489b46b5be6a9ab6d319563601056e95cecd14cbfeb55850ea58b418fec9ab,11885,9390,1869,0.9772088666874805,0.39646869983948635,0.0,0.0,0.0,0.0,,,,,,2011.0,0.0,0.0,2011.0,2012.0
chembl_raw,data/chembl_raw_moleculeace_target_pairs.csv,e1a7728bc19e231102123ef33d0c86c9497d05a8de9dad4b06b37036a952c02f,splits/tkde_protocol/chembl_raw_rows.csv,fe6bc0302771805ade78055eb782bb02b30fce1377926c064b7c461e1c0707bd,target_family,2,4,splits/tkde_protocol/chembl_raw_target_family_seed2_fold4.npz,92cb4934aa212f41b99488fcd7780fc387d592d5017aeae7b5247ac2f7e0f486,11885,10035,1850,1.0,0.0,0.14702702702702702,0.19297297297297297,0.057297297297297295,0.1535135135135135,,,,,,-1.0,0.18432432432432433,0.0,2023.0,1990.0
chembl_raw,data/chembl_raw_moleculeace_target_pairs.csv,e1a7728bc19e231102123ef33d0c86c9497d05a8de9dad4b06b37036a952c02f,splits/tkde_protocol/chembl_raw_rows.csv,fe6bc0302771805ade78055eb782bb02b30fce1377926c064b7c461e1c0707bd,family_scaffold_source_purged,2,4,splits/tkde_protocol/chembl_raw_family_scaffold_source_purged_seed2_fold4.npz,b74ef8089b1f755c809dc10536a141537c8e14861ab483fada9d79c4727b2af5,11885,9457,1850,0.9424015944195316,0.0,0.0,0.0,0.0,0.0,,,,,,-1.0,0.0,0.0,2023.0,1990.0
chembl_raw,data/chembl_raw_moleculeace_target_pairs.csv,e1a7728bc19e231102123ef33d0c86c9497d05a8de9dad4b06b37036a952c02f,splits/tkde_protocol/chembl_raw_rows.csv,fe6bc0302771805ade78055eb782bb02b30fce1377926c064b7c461e1c0707bd,temporal_scaffold_source_purged,2,4,splits/tkde_protocol/chembl_raw_temporal_scaffold_source_purged_seed2_fold4.npz,13fd0b64f5627efa5377b77651fc6e82a9dd5c0bb1de2d92479a4261d607aaba,11885,9977,1277,0.9780413684932849,1.0,0.0,0.0,0.0,0.0,,,,,,2014.0,0.0,0.0,2014.0,2015.0
chembl_raw,data/chembl_raw_moleculeace_target_pairs.csv,e1a7728bc19e231102123ef33d0c86c9497d05a8de9dad4b06b37036a952c02f,splits/tkde_protocol/chembl_raw_rows.csv,fe6bc0302771805ade78055eb782bb02b30fce1377926c064b7c461e1c0707bd,target_family,3,0,splits/tkde_protocol/chembl_raw_target_family_seed3_fold0.npz,9984023ef5c7efbf43370bc18ab55f34416762eb1b06486c1acc0581d651ca6b,11885,8825,3060,1.0,0.0,0.03202614379084967,0.04379084967320261,0.01568627450980392,0.03398692810457516,,,,,,-1.0,0.04738562091503268,0.0,2023.0,1992.0
chembl_raw,data/chembl_raw_moleculeace_target_pairs.csv,e1a7728bc19e231102123ef33d0c86c9497d05a8de9dad4b06b37036a952c02f,splits/tkde_protocol/chembl_raw_rows.csv,fe6bc0302771805ade78055eb782bb02b30fce1377926c064b7c461e1c0707bd,family_scaffold_source_purged,3,0,splits/tkde_protocol/chembl_raw_family_scaffold_source_purged_seed3_fold0.npz,c2ab86d79166d012d6f804fd1393998978dfa89de419e930f3c0f6702238939c,11885,8495,3060,0.9626062322946176,0.0,0.0,0.0,0.0,0.0,,,,,,-1.0,0.0,0.0,2023.0,1992.0
chembl_raw,data/chembl_raw_moleculeace_target_pairs.csv,e1a7728bc19e231102123ef33d0c86c9497d05a8de9dad4b06b37036a952c02f,splits/tkde_protocol/chembl_raw_rows.csv,fe6bc0302771805ade78055eb782bb02b30fce1377926c064b7c461e1c0707bd,temporal_scaffold_source_purged,3,0,splits/tkde_protocol/chembl_raw_temporal_scaffold_source_purged_seed3_fold0.npz,7da703299113fc4291e031f700cad2864d41cae4a59199b85471a8dd031ec560,11885,4874,5265,0.7844841461451795,0.5910731244064578,0.0,0.0,0.0,0.0,,,,,,2004.0,0.0,0.0,2004.0,2005.0
chembl_raw,data/chembl_raw_moleculeace_target_pairs.csv,e1a7728bc19e231102123ef33d0c86c9497d05a8de9dad4b06b37036a952c02f,splits/tkde_protocol/chembl_raw_rows.csv,fe6bc0302771805ade78055eb782bb02b30fce1377926c064b7c461e1c0707bd,target_family,3,1,splits/tkde_protocol/chembl_raw_target_family_seed3_fold1.npz,ebfe61d1a18b46565a3da2206b5d3e567bc41b30f40e4a43882f5b2c3840965d,11885,9534,2351,1.0,0.0,0.09655465759251382,0.11356869417269247,0.04423649510846448,0.09740535942152276,,,,,,-1.0,0.10421097405359421,0.0,2023.0,1986.0
chembl_raw,data/chembl_raw_moleculeace_target_pairs.csv,e1a7728bc19e231102123ef33d0c86c9497d05a8de9dad4b06b37036a952c02f,splits/tkde_protocol/chembl_raw_rows.csv,fe6bc0302771805ade78055eb782bb02b30fce1377926c064b7c461e1c0707bd,family_scaffold_source_purged,3,1,splits/tkde_protocol/chembl_raw_family_scaffold_source_purged_seed3_fold1.npz,f5b494e542aff00f8bc2a59ffe2c839eff9448c6cbfcbec988a1b17aee326673,11885,9326,2351,0.9781833438221104,0.0,0.0,0.0,0.0,0.0,,,,,,-1.0,0.0,0.0,2023.0,1986.0
chembl_raw,data/chembl_raw_moleculeace_target_pairs.csv,e1a7728bc19e231102123ef33d0c86c9497d05a8de9dad4b06b37036a952c02f,splits/tkde_protocol/chembl_raw_rows.csv,fe6bc0302771805ade78055eb782bb02b30fce1377926c064b7c461e1c0707bd,temporal_scaffold_source_purged,3,1,splits/tkde_protocol/chembl_raw_temporal_scaffold_source_purged_seed3_fold1.npz,5396a6d82fe4b868f9397313762ca41a96e1b1e918308fb2d64564cec5c1005b,11885,7268,3338,0.8928746928746929,0.38286399041342123,0.0,0.0,0.0,0.0,,,,,,2007.0,0.0,0.0,2007.0,2008.0
chembl_raw,data/chembl_raw_moleculeace_target_pairs.csv,e1a7728bc19e231102123ef33d0c86c9497d05a8de9dad4b06b37036a952c02f,splits/tkde_protocol/chembl_raw_rows.csv,fe6bc0302771805ade78055eb782bb02b30fce1377926c064b7c461e1c0707bd,target_family,3,2,splits/tkde_protocol/chembl_raw_target_family_seed3_fold2.npz,f807df162da392132789f32cc1b5bb8380d434e1c0681817332c9973f5f8d446,11885,9064,2821,1.0,0.0,0.058135412974122655,0.1152073732718894,0.02623183268344559,0.10173697270471464,,,,,,-1.0,0.06735200283587381,0.0,2015.0,1992.0
chembl_raw,data/chembl_raw_moleculeace_target_pairs.csv,e1a7728bc19e231102123ef33d0c86c9497d05a8de9dad4b06b37036a952c02f,splits/tkde_protocol/chembl_raw_rows.csv,fe6bc0302771805ade78055eb782bb02b30fce1377926c064b7c461e1c0707bd,family_scaffold_source_purged,3,2,splits/tkde_protocol/chembl_raw_family_scaffold_source_purged_seed3_fold2.npz,e69c881a6f9f4054f30b58a9951e0f28bef94764b8cae1dc35c7dea0ce9bbdff,11885,8591,2821,0.9478155339805825,0.0,0.0,0.0,0.0,0.0,,,,,,-1.0,0.0,0.0,2015.0,1992.0
chembl_raw,data/chembl_raw_moleculeace_target_pairs.csv,e1a7728bc19e231102123ef33d0c86c9497d05a8de9dad4b06b37036a952c02f,splits/tkde_protocol/chembl_raw_rows.csv,fe6bc0302771805ade78055eb782bb02b30fce1377926c064b7c461e1c0707bd,temporal_scaffold_source_purged,3,2,splits/tkde_protocol/chembl_raw_temporal_scaffold_source_purged_seed3_fold2.npz,af2c53faa5f33bb418a52d6b1396cd60009485ed7ce7ea5ee84b57316f1e83e8,11885,8007,2603,0.9021971830985915,0.4110641567422205,0.0,0.0,0.0,0.0,,,,,,2009.0,0.0,0.0,2009.0,2010.0
chembl_raw,data/chembl_raw_moleculeace_target_pairs.csv,e1a7728bc19e231102123ef33d0c86c9497d05a8de9dad4b06b37036a952c02f,splits/tkde_protocol/chembl_raw_rows.csv,fe6bc0302771805ade78055eb782bb02b30fce1377926c064b7c461e1c0707bd,target_family,3,3,splits/tkde_protocol/chembl_raw_target_family_seed3_fold3.npz,806875190bb38aca3d006597a1c2793f7fc708fe77235cc9d4aadaef528bb1cb,11885,10082,1803,1.0,0.0,0.13754853022739877,0.1913477537437604,0.04991680532445923,0.14864115363283417,,,,,,-1.0,0.19633943427620631,0.0,2023.0,1994.0
chembl_raw,data/chembl_raw_moleculeace_target_pairs.csv,e1a7728bc19e231102123ef33d0c86c9497d05a8de9dad4b06b37036a952c02f,splits/tkde_protocol/chembl_raw_rows.csv,fe6bc0302771805ade78055eb782bb02b30fce1377926c064b7c461e1c0707bd,family_scaffold_source_purged,3,3,splits/tkde_protocol/chembl_raw_family_scaffold_source_purged_seed3_fold3.npz,04da50e93bae8a11d2d6b69bcee7d39dcab0c2aba1ed6d2ec69cdf88848e0a6a,11885,9575,1803,0.9497123586589963,0.0,0.0,0.0,0.0,0.0,,,,,,-1.0,0.0,0.0,2023.0,1994.0
chembl_raw,data/chembl_raw_moleculeace_target_pairs.csv,e1a7728bc19e231102123ef33d0c86c9497d05a8de9dad4b06b37036a952c02f,splits/tkde_protocol/chembl_raw_rows.csv,fe6bc0302771805ade78055eb782bb02b30fce1377926c064b7c461e1c0707bd,temporal_scaffold_source_purged,3,3,splits/tkde_protocol/chembl_raw_temporal_scaffold_source_purged_seed3_fold3.npz,5d489b46b5be6a9ab6d319563601056e95cecd14cbfeb55850ea58b418fec9ab,11885,9390,1869,0.9772088666874805,0.39646869983948635,0.0,0.0,0.0,0.0,,,,,,2011.0,0.0,0.0,2011.0,2012.0
chembl_raw,data/chembl_raw_moleculeace_target_pairs.csv,e1a7728bc19e231102123ef33d0c86c9497d05a8de9dad4b06b37036a952c02f,splits/tkde_protocol/chembl_raw_rows.csv,fe6bc0302771805ade78055eb782bb02b30fce1377926c064b7c461e1c0707bd,target_family,3,4,splits/tkde_protocol/chembl_raw_target_family_seed3_fold4.npz,92cb4934aa212f41b99488fcd7780fc387d592d5017aeae7b5247ac2f7e0f486,11885,10035,1850,1.0,0.0,0.14702702702702702,0.19297297297297297,0.057297297297297295,0.1535135135135135,,,,,,-1.0,0.18432432432432433,0.0,2023.0,1990.0
chembl_raw,data/chembl_raw_moleculeace_target_pairs.csv,e1a7728bc19e231102123ef33d0c86c9497d05a8de9dad4b06b37036a952c02f,splits/tkde_protocol/chembl_raw_rows.csv,fe6bc0302771805ade78055eb782bb02b30fce1377926c064b7c461e1c0707bd,family_scaffold_source_purged,3,4,splits/tkde_protocol/chembl_raw_family_scaffold_source_purged_seed3_fold4.npz,b74ef8089b1f755c809dc10536a141537c8e14861ab483fada9d79c4727b2af5,11885,9457,1850,0.9424015944195316,0.0,0.0,0.0,0.0,0.0,,,,,,-1.0,0.0,0.0,2023.0,1990.0
chembl_raw,data/chembl_raw_moleculeace_target_pairs.csv,e1a7728bc19e231102123ef33d0c86c9497d05a8de9dad4b06b37036a952c02f,splits/tkde_protocol/chembl_raw_rows.csv,fe6bc0302771805ade78055eb782bb02b30fce1377926c064b7c461e1c0707bd,temporal_scaffold_source_purged,3,4,splits/tkde_protocol/chembl_raw_temporal_scaffold_source_purged_seed3_fold4.npz,13fd0b64f5627efa5377b77651fc6e82a9dd5c0bb1de2d92479a4261d607aaba,11885,9977,1277,0.9780413684932849,1.0,0.0,0.0,0.0,0.0,,,,,,2014.0,0.0,0.0,2014.0,2015.0
chembl_raw,data/chembl_raw_moleculeace_target_pairs.csv,e1a7728bc19e231102123ef33d0c86c9497d05a8de9dad4b06b37036a952c02f,splits/tkde_protocol/chembl_raw_rows.csv,fe6bc0302771805ade78055eb782bb02b30fce1377926c064b7c461e1c0707bd,target_family,4,0,splits/tkde_protocol/chembl_raw_target_family_seed4_fold0.npz,9984023ef5c7efbf43370bc18ab55f34416762eb1b06486c1acc0581d651ca6b,11885,8825,3060,1.0,0.0,0.03202614379084967,0.04379084967320261,0.01568627450980392,0.03398692810457516,,,,,,-1.0,0.04738562091503268,0.0,2023.0,1992.0
chembl_raw,data/chembl_raw_moleculeace_target_pairs.csv,e1a7728bc19e231102123ef33d0c86c9497d05a8de9dad4b06b37036a952c02f,splits/tkde_protocol/chembl_raw_rows.csv,fe6bc0302771805ade78055eb782bb02b30fce1377926c064b7c461e1c0707bd,family_scaffold_source_purged,4,0,splits/tkde_protocol/chembl_raw_family_scaffold_source_purged_seed4_fold0.npz,c2ab86d79166d012d6f804fd1393998978dfa89de419e930f3c0f6702238939c,11885,8495,3060,0.9626062322946176,0.0,0.0,0.0,0.0,0.0,,,,,,-1.0,0.0,0.0,2023.0,1992.0
chembl_raw,data/chembl_raw_moleculeace_target_pairs.csv,e1a7728bc19e231102123ef33d0c86c9497d05a8de9dad4b06b37036a952c02f,splits/tkde_protocol/chembl_raw_rows.csv,fe6bc0302771805ade78055eb782bb02b30fce1377926c064b7c461e1c0707bd,temporal_scaffold_source_purged,4,0,splits/tkde_protocol/chembl_raw_temporal_scaffold_source_purged_seed4_fold0.npz,7da703299113fc4291e031f700cad2864d41cae4a59199b85471a8dd031ec560,11885,4874,5265,0.7844841461451795,0.5910731244064578,0.0,0.0,0.0,0.0,,,,,,2004.0,0.0,0.0,2004.0,2005.0
chembl_raw,data/chembl_raw_moleculeace_target_pairs.csv,e1a7728bc19e231102123ef33d0c86c9497d05a8de9dad4b06b37036a952c02f,splits/tkde_protocol/chembl_raw_rows.csv,fe6bc0302771805ade78055eb782bb02b30fce1377926c064b7c461e1c0707bd,target_family,4,1,splits/tkde_protocol/chembl_raw_target_family_seed4_fold1.npz,ebfe61d1a18b46565a3da2206b5d3e567bc41b30f40e4a43882f5b2c3840965d,11885,9534,2351,1.0,0.0,0.09655465759251382,0.11356869417269247,0.04423649510846448,0.09740535942152276,,,,,,-1.0,0.10421097405359421,0.0,2023.0,1986.0
chembl_raw,data/chembl_raw_moleculeace_target_pairs.csv,e1a7728bc19e231102123ef33d0c86c9497d05a8de9dad4b06b37036a952c02f,splits/tkde_protocol/chembl_raw_rows.csv,fe6bc0302771805ade78055eb782bb02b30fce1377926c064b7c461e1c0707bd,family_scaffold_source_purged,4,1,splits/tkde_protocol/chembl_raw_family_scaffold_source_purged_seed4_fold1.npz,f5b494e542aff00f8bc2a59ffe2c839eff9448c6cbfcbec988a1b17aee326673,11885,9326,2351,0.9781833438221104,0.0,0.0,0.0,0.0,0.0,,,,,,-1.0,0.0,0.0,2023.0,1986.0
chembl_raw,data/chembl_raw_moleculeace_target_pairs.csv,e1a7728bc19e231102123ef33d0c86c9497d05a8de9dad4b06b37036a952c02f,splits/tkde_protocol/chembl_raw_rows.csv,fe6bc0302771805ade78055eb782bb02b30fce1377926c064b7c461e1c0707bd,temporal_scaffold_source_purged,4,1,splits/tkde_protocol/chembl_raw_temporal_scaffold_source_purged_seed4_fold1.npz,5396a6d82fe4b868f9397313762ca41a96e1b1e918308fb2d64564cec5c1005b,11885,7268,3338,0.8928746928746929,0.38286399041342123,0.0,0.0,0.0,0.0,,,,,,2007.0,0.0,0.0,2007.0,2008.0
chembl_raw,data/chembl_raw_moleculeace_target_pairs.csv,e1a7728bc19e231102123ef33d0c86c9497d05a8de9dad4b06b37036a952c02f,splits/tkde_protocol/chembl_raw_rows.csv,fe6bc0302771805ade78055eb782bb02b30fce1377926c064b7c461e1c0707bd,target_family,4,2,splits/tkde_protocol/chembl_raw_target_family_seed4_fold2.npz,f807df162da392132789f32cc1b5bb8380d434e1c0681817332c9973f5f8d446,11885,9064,2821,1.0,0.0,0.058135412974122655,0.1152073732718894,0.02623183268344559,0.10173697270471464,,,,,,-1.0,0.06735200283587381,0.0,2015.0,1992.0
chembl_raw,data/chembl_raw_moleculeace_target_pairs.csv,e1a7728bc19e231102123ef33d0c86c9497d05a8de9dad4b06b37036a952c02f,splits/tkde_protocol/chembl_raw_rows.csv,fe6bc0302771805ade78055eb782bb02b30fce1377926c064b7c461e1c0707bd,family_scaffold_source_purged,4,2,splits/tkde_protocol/chembl_raw_family_scaffold_source_purged_seed4_fold2.npz,e69c881a6f9f4054f30b58a9951e0f28bef94764b8cae1dc35c7dea0ce9bbdff,11885,8591,2821,0.9478155339805825,0.0,0.0,0.0,0.0,0.0,,,,,,-1.0,0.0,0.0,2015.0,1992.0
chembl_raw,data/chembl_raw_moleculeace_target_pairs.csv,e1a7728bc19e231102123ef33d0c86c9497d05a8de9dad4b06b37036a952c02f,splits/tkde_protocol/chembl_raw_rows.csv,fe6bc0302771805ade78055eb782bb02b30fce1377926c064b7c461e1c0707bd,temporal_scaffold_source_purged,4,2,splits/tkde_protocol/chembl_raw_temporal_scaffold_source_purged_seed4_fold2.npz,af2c53faa5f33bb418a52d6b1396cd60009485ed7ce7ea5ee84b57316f1e83e8,11885,8007,2603,0.9021971830985915,0.4110641567422205,0.0,0.0,0.0,0.0,,,,,,2009.0,0.0,0.0,2009.0,2010.0
chembl_raw,data/chembl_raw_moleculeace_target_pairs.csv,e1a7728bc19e231102123ef33d0c86c9497d05a8de9dad4b06b37036a952c02f,splits/tkde_protocol/chembl_raw_rows.csv,fe6bc0302771805ade78055eb782bb02b30fce1377926c064b7c461e1c0707bd,target_family,4,3,splits/tkde_protocol/chembl_raw_target_family_seed4_fold3.npz,806875190bb38aca3d006597a1c2793f7fc708fe77235cc9d4aadaef528bb1cb,11885,10082,1803,1.0,0.0,0.13754853022739877,0.1913477537437604,0.04991680532445923,0.14864115363283417,,,,,,-1.0,0.19633943427620631,0.0,2023.0,1994.0
chembl_raw,data/chembl_raw_moleculeace_target_pairs.csv,e1a7728bc19e231102123ef33d0c86c9497d05a8de9dad4b06b37036a952c02f,splits/tkde_protocol/chembl_raw_rows.csv,fe6bc0302771805ade78055eb782bb02b30fce1377926c064b7c461e1c0707bd,family_scaffold_source_purged,4,3,splits/tkde_protocol/chembl_raw_family_scaffold_source_purged_seed4_fold3.npz,04da50e93bae8a11d2d6b69bcee7d39dcab0c2aba1ed6d2ec69cdf88848e0a6a,11885,9575,1803,0.9497123586589963,0.0,0.0,0.0,0.0,0.0,,,,,,-1.0,0.0,0.0,2023.0,1994.0
chembl_raw,data/chembl_raw_moleculeace_target_pairs.csv,e1a7728bc19e231102123ef33d0c86c9497d05a8de9dad4b06b37036a952c02f,splits/tkde_protocol/chembl_raw_rows.csv,fe6bc0302771805ade78055eb782bb02b30fce1377926c064b7c461e1c0707bd,temporal_scaffold_source_purged,4,3,splits/tkde_protocol/chembl_raw_temporal_scaffold_source_purged_seed4_fold3.npz,5d489b46b5be6a9ab6d319563601056e95cecd14cbfeb55850ea58b418fec9ab,11885,9390,1869,0.9772088666874805,0.39646869983948635,0.0,0.0,0.0,0.0,,,,,,2011.0,0.0,0.0,2011.0,2012.0
chembl_raw,data/chembl_raw_moleculeace_target_pairs.csv,e1a7728bc19e231102123ef33d0c86c9497d05a8de9dad4b06b37036a952c02f,splits/tkde_protocol/chembl_raw_rows.csv,fe6bc0302771805ade78055eb782bb02b30fce1377926c064b7c461e1c0707bd,target_family,4,4,splits/tkde_protocol/chembl_raw_target_family_seed4_fold4.npz,92cb4934aa212f41b99488fcd7780fc387d592d5017aeae7b5247ac2f7e0f486,11885,10035,1850,1.0,0.0,0.14702702702702702,0.19297297297297297,0.057297297297297295,0.1535135135135135,,,,,,-1.0,0.18432432432432433,0.0,2023.0,1990.0
chembl_raw,data/chembl_raw_moleculeace_target_pairs.csv,e1a7728bc19e231102123ef33d0c86c9497d05a8de9dad4b06b37036a952c02f,splits/tkde_protocol/chembl_raw_rows.csv,fe6bc0302771805ade78055eb782bb02b30fce1377926c064b7c461e1c0707bd,family_scaffold_source_purged,4,4,splits/tkde_protocol/chembl_raw_family_scaffold_source_purged_seed4_fold4.npz,b74ef8089b1f755c809dc10536a141537c8e14861ab483fada9d79c4727b2af5,11885,9457,1850,0.9424015944195316,0.0,0.0,0.0,0.0,0.0,,,,,,-1.0,0.0,0.0,2023.0,1990.0
chembl_raw,data/chembl_raw_moleculeace_target_pairs.csv,e1a7728bc19e231102123ef33d0c86c9497d05a8de9dad4b06b37036a952c02f,splits/tkde_protocol/chembl_raw_rows.csv,fe6bc0302771805ade78055eb782bb02b30fce1377926c064b7c461e1c0707bd,temporal_scaffold_source_purged,4,4,splits/tkde_protocol/chembl_raw_temporal_scaffold_source_purged_seed4_fold4.npz,13fd0b64f5627efa5377b77651fc6e82a9dd5c0bb1de2d92479a4261d607aaba,11885,9977,1277,0.9780413684932849,1.0,0.0,0.0,0.0,0.0,,,,,,2014.0,0.0,0.0,2014.0,2015.0
bindingdb_raw,data/bindingdb_raw_moleculeace_target_pairs.csv,d04cf43ea6a92f2e673867857a53c7bc8d3704c4e928b7096b8186920f959cc7,splits/tkde_protocol/bindingdb_raw_rows.csv,a467b8e6cbb029cff733fbe36506a0809ca0421d935d28b8bc7ebcae6442f9c4,target_family,0,0,splits/tkde_protocol/bindingdb_raw_target_family_seed0_fold0.npz,95b45d9195ca59f01ab362bccdc54d0491407b67b7d8dec16c0f4292247af7e4,22484,17076,5408,1.0,0.0,0.02403846153846154,0.05473372781065089,0.013498520710059171,0.034948224852071004,,,,,,-1.0,0.05917159763313609,0.0,-1.0,-1.0
bindingdb_raw,data/bindingdb_raw_moleculeace_target_pairs.csv,d04cf43ea6a92f2e673867857a53c7bc8d3704c4e928b7096b8186920f959cc7,splits/tkde_protocol/bindingdb_raw_rows.csv,a467b8e6cbb029cff733fbe36506a0809ca0421d935d28b8bc7ebcae6442f9c4,family_scaffold_source_purged,0,0,splits/tkde_protocol/bindingdb_raw_family_scaffold_source_purged_seed0_fold0.npz,918f255187b4a28d91c178526ba28abeef193067f83100eee33c3ef275e8e0e6,22484,16554,5408,0.9694307800421644,0.0,0.0,0.0,0.0,0.0,,,,,,-1.0,0.0,0.0,-1.0,-1.0
bindingdb_raw,data/bindingdb_raw_moleculeace_target_pairs.csv,d04cf43ea6a92f2e673867857a53c7bc8d3704c4e928b7096b8186920f959cc7,splits/tkde_protocol/bindingdb_raw_rows.csv,a467b8e6cbb029cff733fbe36506a0809ca0421d935d28b8bc7ebcae6442f9c4,target_family,0,1,splits/tkde_protocol/bindingdb_raw_target_family_seed0_fold1.npz,89c9401f00ccf749c136d94c1937c469878967df96fc47f1955f961ab5374d24,22484,16207,6277,1.0,0.0,0.04253624342838936,0.10498645849928309,0.01417874780946312,0.0495459614465509,,,,,,-1.0,0.13270670702564918,0.0,-1.0,-1.0
bindingdb_raw,data/bindingdb_raw_moleculeace_target_pairs.csv,d04cf43ea6a92f2e673867857a53c7bc8d3704c4e928b7096b8186920f959cc7,splits/tkde_protocol/bindingdb_raw_rows.csv,a467b8e6cbb029cff733fbe36506a0809ca0421d935d28b8bc7ebcae6442f9c4,family_scaffold_source_purged,0,1,splits/tkde_protocol/bindingdb_raw_family_scaffold_source_purged_seed0_fold1.npz,3f38d6c5d2cf892af308060b475398598c0714f98b20f915ba551f5fd34e61cd,22484,15813,6277,0.9756895168754242,0.0,0.0,0.0,0.0,0.0,,,,,,-1.0,0.0,0.0,-1.0,-1.0
bindingdb_raw,data/bindingdb_raw_moleculeace_target_pairs.csv,d04cf43ea6a92f2e673867857a53c7bc8d3704c4e928b7096b8186920f959cc7,splits/tkde_protocol/bindingdb_raw_rows.csv,a467b8e6cbb029cff733fbe36506a0809ca0421d935d28b8bc7ebcae6442f9c4,target_family,0,2,splits/tkde_protocol/bindingdb_raw_target_family_seed0_fold2.npz,e494128c2eedd6acc3dd963eb06d5d2fd7e8f18160840ac3f28b86ec8629e8d3,22484,19376,3108,1.0,0.0,0.15315315315315314,0.43018018018018017,0.047619047619047616,0.32947232947232946,,,,,,-1.0,0.3092020592020592,0.0,-1.0,-1.0
bindingdb_raw,data/bindingdb_raw_moleculeace_target_pairs.csv,d04cf43ea6a92f2e673867857a53c7bc8d3704c4e928b7096b8186920f959cc7,splits/tkde_protocol/bindingdb_raw_rows.csv,a467b8e6cbb029cff733fbe36506a0809ca0421d935d28b8bc7ebcae6442f9c4,family_scaffold_source_purged,0,2,splits/tkde_protocol/bindingdb_raw_family_scaffold_source_purged_seed0_fold2.npz,912964a7ff25c11e3b4ef0151f950d2c757c97ce4b7503a0249f0c778011f7dd,22484,18095,3108,0.9338872832369942,0.0,0.0,0.0,0.0,0.0,,,,,,-1.0,0.0,0.0,-1.0,-1.0
bindingdb_raw,data/bindingdb_raw_moleculeace_target_pairs.csv,d04cf43ea6a92f2e673867857a53c7bc8d3704c4e928b7096b8186920f959cc7,splits/tkde_protocol/bindingdb_raw_rows.csv,a467b8e6cbb029cff733fbe36506a0809ca0421d935d28b8bc7ebcae6442f9c4,target_family,0,3,splits/tkde_protocol/bindingdb_raw_target_family_seed0_fold3.npz,c1baa30cfe4725b42f8bfbd43034da5d9c0ccab4320f9aa1c7a8f550047d7151,22484,18726,3758,1.0,0.0,0.1923895689196381,0.35763704097924426,0.056412985630654604,0.23097392229909527,,,,,,-1.0,0.35125066524747206,0.0,-1.0,-1.0
bindingdb_raw,data/bindingdb_raw_moleculeace_target_pairs.csv,d04cf43ea6a92f2e673867857a53c7bc8d3704c4e928b7096b8186920f959cc7,splits/tkde_protocol/bindingdb_raw_rows.csv,a467b8e6cbb029cff733fbe36506a0809ca0421d935d28b8bc7ebcae6442f9c4,family_scaffold_source_purged,0,3,splits/tkde_protocol/bindingdb_raw_family_scaffold_source_purged_seed0_fold3.npz,b5362a153cc9171210a30cebcbfe88f18bc23daee7fad927c89ab3485f4088b2,22484,16654,3758,0.8893517035138311,0.0,0.0,0.0,0.0,0.0,,,,,,-1.0,0.0,0.0,-1.0,-1.0
bindingdb_raw,data/bindingdb_raw_moleculeace_target_pairs.csv,d04cf43ea6a92f2e673867857a53c7bc8d3704c4e928b7096b8186920f959cc7,splits/tkde_protocol/bindingdb_raw_rows.csv,a467b8e6cbb029cff733fbe36506a0809ca0421d935d28b8bc7ebcae6442f9c4,target_family,0,4,splits/tkde_protocol/bindingdb_raw_target_family_seed0_fold4.npz,9e667fcc969a765443779423e28d5a46a73f840a1ddb592cfa499df89025f961,22484,18551,3933,1.0,0.0,0.01398423595219934,0.02161200101703534,0.007882023900330536,0.014238494787693873,,,,,,-1.0,0.017543859649122806,0.0,-1.0,-1.0
bindingdb_raw,data/bindingdb_raw_moleculeace_target_pairs.csv,d04cf43ea6a92f2e673867857a53c7bc8d3704c4e928b7096b8186920f959cc7,splits/tkde_protocol/bindingdb_raw_rows.csv,a467b8e6cbb029cff733fbe36506a0809ca0421d935d28b8bc7ebcae6442f9c4,family_scaffold_source_purged,0,4,splits/tkde_protocol/bindingdb_raw_family_scaffold_source_purged_seed0_fold4.npz,840f315c6fbc9fae06a365fbb390441fc43b5db6c5cf843dce098d2c2f8c6d4a,22484,17749,3933,0.9567678292275349,0.0,0.0,0.0,0.0,0.0,,,,,,-1.0,0.0,0.0,-1.0,-1.0
bindingdb_raw,data/bindingdb_raw_moleculeace_target_pairs.csv,d04cf43ea6a92f2e673867857a53c7bc8d3704c4e928b7096b8186920f959cc7,splits/tkde_protocol/bindingdb_raw_rows.csv,a467b8e6cbb029cff733fbe36506a0809ca0421d935d28b8bc7ebcae6442f9c4,target_family,1,0,splits/tkde_protocol/bindingdb_raw_target_family_seed1_fold0.npz,95b45d9195ca59f01ab362bccdc54d0491407b67b7d8dec16c0f4292247af7e4,22484,17076,5408,1.0,0.0,0.02403846153846154,0.05473372781065089,0.013498520710059171,0.034948224852071004,,,,,,-1.0,0.05917159763313609,0.0,-1.0,-1.0
bindingdb_raw,data/bindingdb_raw_moleculeace_target_pairs.csv,d04cf43ea6a92f2e673867857a53c7bc8d3704c4e928b7096b8186920f959cc7,splits/tkde_protocol/bindingdb_raw_rows.csv,a467b8e6cbb029cff733fbe36506a0809ca0421d935d28b8bc7ebcae6442f9c4,family_scaffold_source_purged,1,0,splits/tkde_protocol/bindingdb_raw_family_scaffold_source_purged_seed1_fold0.npz,918f255187b4a28d91c178526ba28abeef193067f83100eee33c3ef275e8e0e6,22484,16554,5408,0.9694307800421644,0.0,0.0,0.0,0.0,0.0,,,,,,-1.0,0.0,0.0,-1.0,-1.0
bindingdb_raw,data/bindingdb_raw_moleculeace_target_pairs.csv,d04cf43ea6a92f2e673867857a53c7bc8d3704c4e928b7096b8186920f959cc7,splits/tkde_protocol/bindingdb_raw_rows.csv,a467b8e6cbb029cff733fbe36506a0809ca0421d935d28b8bc7ebcae6442f9c4,target_family,1,1,splits/tkde_protocol/bindingdb_raw_target_family_seed1_fold1.npz,89c9401f00ccf749c136d94c1937c469878967df96fc47f1955f961ab5374d24,22484,16207,6277,1.0,0.0,0.04253624342838936,0.10498645849928309,0.01417874780946312,0.0495459614465509,,,,,,-1.0,0.13270670702564918,0.0,-1.0,-1.0
bindingdb_raw,data/bindingdb_raw_moleculeace_target_pairs.csv,d04cf43ea6a92f2e673867857a53c7bc8d3704c4e928b7096b8186920f959cc7,splits/tkde_protocol/bindingdb_raw_rows.csv,a467b8e6cbb029cff733fbe36506a0809ca0421d935d28b8bc7ebcae6442f9c4,family_scaffold_source_purged,1,1,splits/tkde_protocol/bindingdb_raw_family_scaffold_source_purged_seed1_fold1.npz,3f38d6c5d2cf892af308060b475398598c0714f98b20f915ba551f5fd34e61cd,22484,15813,6277,0.9756895168754242,0.0,0.0,0.0,0.0,0.0,,,,,,-1.0,0.0,0.0,-1.0,-1.0
bindingdb_raw,data/bindingdb_raw_moleculeace_target_pairs.csv,d04cf43ea6a92f2e673867857a53c7bc8d3704c4e928b7096b8186920f959cc7,splits/tkde_protocol/bindingdb_raw_rows.csv,a467b8e6cbb029cff733fbe36506a0809ca0421d935d28b8bc7ebcae6442f9c4,target_family,1,2,splits/tkde_protocol/bindingdb_raw_target_family_seed1_fold2.npz,e494128c2eedd6acc3dd963eb06d5d2fd7e8f18160840ac3f28b86ec8629e8d3,22484,19376,3108,1.0,0.0,0.15315315315315314,0.43018018018018017,0.047619047619047616,0.32947232947232946,,,,,,-1.0,0.3092020592020592,0.0,-1.0,-1.0
bindingdb_raw,data/bindingdb_raw_moleculeace_target_pairs.csv,d04cf43ea6a92f2e673867857a53c7bc8d3704c4e928b7096b8186920f959cc7,splits/tkde_protocol/bindingdb_raw_rows.csv,a467b8e6cbb029cff733fbe36506a0809ca0421d935d28b8bc7ebcae6442f9c4,family_scaffold_source_purged,1,2,splits/tkde_protocol/bindingdb_raw_family_scaffold_source_purged_seed1_fold2.npz,912964a7ff25c11e3b4ef0151f950d2c757c97ce4b7503a0249f0c778011f7dd,22484,18095,3108,0.9338872832369942,0.0,0.0,0.0,0.0,0.0,,,,,,-1.0,0.0,0.0,-1.0,-1.0
bindingdb_raw,data/bindingdb_raw_moleculeace_target_pairs.csv,d04cf43ea6a92f2e673867857a53c7bc8d3704c4e928b7096b8186920f959cc7,splits/tkde_protocol/bindingdb_raw_rows.csv,a467b8e6cbb029cff733fbe36506a0809ca0421d935d28b8bc7ebcae6442f9c4,target_family,1,3,splits/tkde_protocol/bindingdb_raw_target_family_seed1_fold3.npz,c1baa30cfe4725b42f8bfbd43034da5d9c0ccab4320f9aa1c7a8f550047d7151,22484,18726,3758,1.0,0.0,0.1923895689196381,0.35763704097924426,0.056412985630654604,0.23097392229909527,,,,,,-1.0,0.35125066524747206,0.0,-1.0,-1.0
bindingdb_raw,data/bindingdb_raw_moleculeace_target_pairs.csv,d04cf43ea6a92f2e673867857a53c7bc8d3704c4e928b7096b8186920f959cc7,splits/tkde_protocol/bindingdb_raw_rows.csv,a467b8e6cbb029cff733fbe36506a0809ca0421d935d28b8bc7ebcae6442f9c4,family_scaffold_source_purged,1,3,splits/tkde_protocol/bindingdb_raw_family_scaffold_source_purged_seed1_fold3.npz,b5362a153cc9171210a30cebcbfe88f18bc23daee7fad927c89ab3485f4088b2,22484,16654,3758,0.8893517035138311,0.0,0.0,0.0,0.0,0.0,,,,,,-1.0,0.0,0.0,-1.0,-1.0
bindingdb_raw,data/bindingdb_raw_moleculeace_target_pairs.csv,d04cf43ea6a92f2e673867857a53c7bc8d3704c4e928b7096b8186920f959cc7,splits/tkde_protocol/bindingdb_raw_rows.csv,a467b8e6cbb029cff733fbe36506a0809ca0421d935d28b8bc7ebcae6442f9c4,target_family,1,4,splits/tkde_protocol/bindingdb_raw_target_family_seed1_fold4.npz,9e667fcc969a765443779423e28d5a46a73f840a1ddb592cfa499df89025f961,22484,18551,3933,1.0,0.0,0.01398423595219934,0.02161200101703534,0.007882023900330536,0.014238494787693873,,,,,,-1.0,0.017543859649122806,0.0,-1.0,-1.0
bindingdb_raw,data/bindingdb_raw_moleculeace_target_pairs.csv,d04cf43ea6a92f2e673867857a53c7bc8d3704c4e928b7096b8186920f959cc7,splits/tkde_protocol/bindingdb_raw_rows.csv,a467b8e6cbb029cff733fbe36506a0809ca0421d935d28b8bc7ebcae6442f9c4,family_scaffold_source_purged,1,4,splits/tkde_protocol/bindingdb_raw_family_scaffold_source_purged_seed1_fold4.npz,840f315c6fbc9fae06a365fbb390441fc43b5db6c5cf843dce098d2c2f8c6d4a,22484,17749,3933,0.9567678292275349,0.0,0.0,0.0,0.0,0.0,,,,,,-1.0,0.0,0.0,-1.0,-1.0
bindingdb_raw,data/bindingdb_raw_moleculeace_target_pairs.csv,d04cf43ea6a92f2e673867857a53c7bc8d3704c4e928b7096b8186920f959cc7,splits/tkde_protocol/bindingdb_raw_rows.csv,a467b8e6cbb029cff733fbe36506a0809ca0421d935d28b8bc7ebcae6442f9c4,target_family,2,0,splits/tkde_protocol/bindingdb_raw_target_family_seed2_fold0.npz,95b45d9195ca59f01ab362bccdc54d0491407b67b7d8dec16c0f4292247af7e4,22484,17076,5408,1.0,0.0,0.02403846153846154,0.05473372781065089,0.013498520710059171,0.034948224852071004,,,,,,-1.0,0.05917159763313609,0.0,-1.0,-1.0
bindingdb_raw,data/bindingdb_raw_moleculeace_target_pairs.csv,d04cf43ea6a92f2e673867857a53c7bc8d3704c4e928b7096b8186920f959cc7,splits/tkde_protocol/bindingdb_raw_rows.csv,a467b8e6cbb029cff733fbe36506a0809ca0421d935d28b8bc7ebcae6442f9c4,family_scaffold_source_purged,2,0,splits/tkde_protocol/bindingdb_raw_family_scaffold_source_purged_seed2_fold0.npz,918f255187b4a28d91c178526ba28abeef193067f83100eee33c3ef275e8e0e6,22484,16554,5408,0.9694307800421644,0.0,0.0,0.0,0.0,0.0,,,,,,-1.0,0.0,0.0,-1.0,-1.0
bindingdb_raw,data/bindingdb_raw_moleculeace_target_pairs.csv,d04cf43ea6a92f2e673867857a53c7bc8d3704c4e928b7096b8186920f959cc7,splits/tkde_protocol/bindingdb_raw_rows.csv,a467b8e6cbb029cff733fbe36506a0809ca0421d935d28b8bc7ebcae6442f9c4,target_family,2,1,splits/tkde_protocol/bindingdb_raw_target_family_seed2_fold1.npz,89c9401f00ccf749c136d94c1937c469878967df96fc47f1955f961ab5374d24,22484,16207,6277,1.0,0.0,0.04253624342838936,0.10498645849928309,0.01417874780946312,0.0495459614465509,,,,,,-1.0,0.13270670702564918,0.0,-1.0,-1.0
bindingdb_raw,data/bindingdb_raw_moleculeace_target_pairs.csv,d04cf43ea6a92f2e673867857a53c7bc8d3704c4e928b7096b8186920f959cc7,splits/tkde_protocol/bindingdb_raw_rows.csv,a467b8e6cbb029cff733fbe36506a0809ca0421d935d28b8bc7ebcae6442f9c4,family_scaffold_source_purged,2,1,splits/tkde_protocol/bindingdb_raw_family_scaffold_source_purged_seed2_fold1.npz,3f38d6c5d2cf892af308060b475398598c0714f98b20f915ba551f5fd34e61cd,22484,15813,6277,0.9756895168754242,0.0,0.0,0.0,0.0,0.0,,,,,,-1.0,0.0,0.0,-1.0,-1.0
bindingdb_raw,data/bindingdb_raw_moleculeace_target_pairs.csv,d04cf43ea6a92f2e673867857a53c7bc8d3704c4e928b7096b8186920f959cc7,splits/tkde_protocol/bindingdb_raw_rows.csv,a467b8e6cbb029cff733fbe36506a0809ca0421d935d28b8bc7ebcae6442f9c4,target_family,2,2,splits/tkde_protocol/bindingdb_raw_target_family_seed2_fold2.npz,e494128c2eedd6acc3dd963eb06d5d2fd7e8f18160840ac3f28b86ec8629e8d3,22484,19376,3108,1.0,0.0,0.15315315315315314,0.43018018018018017,0.047619047619047616,0.32947232947232946,,,,,,-1.0,0.3092020592020592,0.0,-1.0,-1.0
bindingdb_raw,data/bindingdb_raw_moleculeace_target_pairs.csv,d04cf43ea6a92f2e673867857a53c7bc8d3704c4e928b7096b8186920f959cc7,splits/tkde_protocol/bindingdb_raw_rows.csv,a467b8e6cbb029cff733fbe36506a0809ca0421d935d28b8bc7ebcae6442f9c4,family_scaffold_source_purged,2,2,splits/tkde_protocol/bindingdb_raw_family_scaffold_source_purged_seed2_fold2.npz,912964a7ff25c11e3b4ef0151f950d2c757c97ce4b7503a0249f0c778011f7dd,22484,18095,3108,0.9338872832369942,0.0,0.0,0.0,0.0,0.0,,,,,,-1.0,0.0,0.0,-1.0,-1.0
bindingdb_raw,data/bindingdb_raw_moleculeace_target_pairs.csv,d04cf43ea6a92f2e673867857a53c7bc8d3704c4e928b7096b8186920f959cc7,splits/tkde_protocol/bindingdb_raw_rows.csv,a467b8e6cbb029cff733fbe36506a0809ca0421d935d28b8bc7ebcae6442f9c4,target_family,2,3,splits/tkde_protocol/bindingdb_raw_target_family_seed2_fold3.npz,c1baa30cfe4725b42f8bfbd43034da5d9c0ccab4320f9aa1c7a8f550047d7151,22484,18726,3758,1.0,0.0,0.1923895689196381,0.35763704097924426,0.056412985630654604,0.23097392229909527,,,,,,-1.0,0.35125066524747206,0.0,-1.0,-1.0
bindingdb_raw,data/bindingdb_raw_moleculeace_target_pairs.csv,d04cf43ea6a92f2e673867857a53c7bc8d3704c4e928b7096b8186920f959cc7,splits/tkde_protocol/bindingdb_raw_rows.csv,a467b8e6cbb029cff733fbe36506a0809ca0421d935d28b8bc7ebcae6442f9c4,family_scaffold_source_purged,2,3,splits/tkde_protocol/bindingdb_raw_family_scaffold_source_purged_seed2_fold3.npz,b5362a153cc9171210a30cebcbfe88f18bc23daee7fad927c89ab3485f4088b2,22484,16654,3758,0.8893517035138311,0.0,0.0,0.0,0.0,0.0,,,,,,-1.0,0.0,0.0,-1.0,-1.0
bindingdb_raw,data/bindingdb_raw_moleculeace_target_pairs.csv,d04cf43ea6a92f2e673867857a53c7bc8d3704c4e928b7096b8186920f959cc7,splits/tkde_protocol/bindingdb_raw_rows.csv,a467b8e6cbb029cff733fbe36506a0809ca0421d935d28b8bc7ebcae6442f9c4,target_family,2,4,splits/tkde_protocol/bindingdb_raw_target_family_seed2_fold4.npz,9e667fcc969a765443779423e28d5a46a73f840a1ddb592cfa499df89025f961,22484,18551,3933,1.0,0.0,0.01398423595219934,0.02161200101703534,0.007882023900330536,0.014238494787693873,,,,,,-1.0,0.017543859649122806,0.0,-1.0,-1.0
bindingdb_raw,data/bindingdb_raw_moleculeace_target_pairs.csv,d04cf43ea6a92f2e673867857a53c7bc8d3704c4e928b7096b8186920f959cc7,splits/tkde_protocol/bindingdb_raw_rows.csv,a467b8e6cbb029cff733fbe36506a0809ca0421d935d28b8bc7ebcae6442f9c4,family_scaffold_source_purged,2,4,splits/tkde_protocol/bindingdb_raw_family_scaffold_source_purged_seed2_fold4.npz,840f315c6fbc9fae06a365fbb390441fc43b5db6c5cf843dce098d2c2f8c6d4a,22484,17749,3933,0.9567678292275349,0.0,0.0,0.0,0.0,0.0,,,,,,-1.0,0.0,0.0,-1.0,-1.0
bindingdb_raw,data/bindingdb_raw_moleculeace_target_pairs.csv,d04cf43ea6a92f2e673867857a53c7bc8d3704c4e928b7096b8186920f959cc7,splits/tkde_protocol/bindingdb_raw_rows.csv,a467b8e6cbb029cff733fbe36506a0809ca0421d935d28b8bc7ebcae6442f9c4,target_family,3,0,splits/tkde_protocol/bindingdb_raw_target_family_seed3_fold0.npz,95b45d9195ca59f01ab362bccdc54d0491407b67b7d8dec16c0f4292247af7e4,22484,17076,5408,1.0,0.0,0.02403846153846154,0.05473372781065089,0.013498520710059171,0.034948224852071004,,,,,,-1.0,0.05917159763313609,0.0,-1.0,-1.0
bindingdb_raw,data/bindingdb_raw_moleculeace_target_pairs.csv,d04cf43ea6a92f2e673867857a53c7bc8d3704c4e928b7096b8186920f959cc7,splits/tkde_protocol/bindingdb_raw_rows.csv,a467b8e6cbb029cff733fbe36506a0809ca0421d935d28b8bc7ebcae6442f9c4,family_scaffold_source_purged,3,0,splits/tkde_protocol/bindingdb_raw_family_scaffold_source_purged_seed3_fold0.npz,918f255187b4a28d91c178526ba28abeef193067f83100eee33c3ef275e8e0e6,22484,16554,5408,0.9694307800421644,0.0,0.0,0.0,0.0,0.0,,,,,,-1.0,0.0,0.0,-1.0,-1.0
bindingdb_raw,data/bindingdb_raw_moleculeace_target_pairs.csv,d04cf43ea6a92f2e673867857a53c7bc8d3704c4e928b7096b8186920f959cc7,splits/tkde_protocol/bindingdb_raw_rows.csv,a467b8e6cbb029cff733fbe36506a0809ca0421d935d28b8bc7ebcae6442f9c4,target_family,3,1,splits/tkde_protocol/bindingdb_raw_target_family_seed3_fold1.npz,89c9401f00ccf749c136d94c1937c469878967df96fc47f1955f961ab5374d24,22484,16207,6277,1.0,0.0,0.04253624342838936,0.10498645849928309,0.01417874780946312,0.0495459614465509,,,,,,-1.0,0.13270670702564918,0.0,-1.0,-1.0
bindingdb_raw,data/bindingdb_raw_moleculeace_target_pairs.csv,d04cf43ea6a92f2e673867857a53c7bc8d3704c4e928b7096b8186920f959cc7,splits/tkde_protocol/bindingdb_raw_rows.csv,a467b8e6cbb029cff733fbe36506a0809ca0421d935d28b8bc7ebcae6442f9c4,family_scaffold_source_purged,3,1,splits/tkde_protocol/bindingdb_raw_family_scaffold_source_purged_seed3_fold1.npz,3f38d6c5d2cf892af308060b475398598c0714f98b20f915ba551f5fd34e61cd,22484,15813,6277,0.9756895168754242,0.0,0.0,0.0,0.0,0.0,,,,,,-1.0,0.0,0.0,-1.0,-1.0
bindingdb_raw,data/bindingdb_raw_moleculeace_target_pairs.csv,d04cf43ea6a92f2e673867857a53c7bc8d3704c4e928b7096b8186920f959cc7,splits/tkde_protocol/bindingdb_raw_rows.csv,a467b8e6cbb029cff733fbe36506a0809ca0421d935d28b8bc7ebcae6442f9c4,target_family,3,2,splits/tkde_protocol/bindingdb_raw_target_family_seed3_fold2.npz,e494128c2eedd6acc3dd963eb06d5d2fd7e8f18160840ac3f28b86ec8629e8d3,22484,19376,3108,1.0,0.0,0.15315315315315314,0.43018018018018017,0.047619047619047616,0.32947232947232946,,,,,,-1.0,0.3092020592020592,0.0,-1.0,-1.0
bindingdb_raw,data/bindingdb_raw_moleculeace_target_pairs.csv,d04cf43ea6a92f2e673867857a53c7bc8d3704c4e928b7096b8186920f959cc7,splits/tkde_protocol/bindingdb_raw_rows.csv,a467b8e6cbb029cff733fbe36506a0809ca0421d935d28b8bc7ebcae6442f9c4,family_scaffold_source_purged,3,2,splits/tkde_protocol/bindingdb_raw_family_scaffold_source_purged_seed3_fold2.npz,912964a7ff25c11e3b4ef0151f950d2c757c97ce4b7503a0249f0c778011f7dd,22484,18095,3108,0.9338872832369942,0.0,0.0,0.0,0.0,0.0,,,,,,-1.0,0.0,0.0,-1.0,-1.0
bindingdb_raw,data/bindingdb_raw_moleculeace_target_pairs.csv,d04cf43ea6a92f2e673867857a53c7bc8d3704c4e928b7096b8186920f959cc7,splits/tkde_protocol/bindingdb_raw_rows.csv,a467b8e6cbb029cff733fbe36506a0809ca0421d935d28b8bc7ebcae6442f9c4,target_family,3,3,splits/tkde_protocol/bindingdb_raw_target_family_seed3_fold3.npz,c1baa30cfe4725b42f8bfbd43034da5d9c0ccab4320f9aa1c7a8f550047d7151,22484,18726,3758,1.0,0.0,0.1923895689196381,0.35763704097924426,0.056412985630654604,0.23097392229909527,,,,,,-1.0,0.35125066524747206,0.0,-1.0,-1.0
bindingdb_raw,data/bindingdb_raw_moleculeace_target_pairs.csv,d04cf43ea6a92f2e673867857a53c7bc8d3704c4e928b7096b8186920f959cc7,splits/tkde_protocol/bindingdb_raw_rows.csv,a467b8e6cbb029cff733fbe36506a0809ca0421d935d28b8bc7ebcae6442f9c4,family_scaffold_source_purged,3,3,splits/tkde_protocol/bindingdb_raw_family_scaffold_source_purged_seed3_fold3.npz,b5362a153cc9171210a30cebcbfe88f18bc23daee7fad927c89ab3485f4088b2,22484,16654,3758,0.8893517035138311,0.0,0.0,0.0,0.0,0.0,,,,,,-1.0,0.0,0.0,-1.0,-1.0
bindingdb_raw,data/bindingdb_raw_moleculeace_target_pairs.csv,d04cf43ea6a92f2e673867857a53c7bc8d3704c4e928b7096b8186920f959cc7,splits/tkde_protocol/bindingdb_raw_rows.csv,a467b8e6cbb029cff733fbe36506a0809ca0421d935d28b8bc7ebcae6442f9c4,target_family,3,4,splits/tkde_protocol/bindingdb_raw_target_family_seed3_fold4.npz,9e667fcc969a765443779423e28d5a46a73f840a1ddb592cfa499df89025f961,22484,18551,3933,1.0,0.0,0.01398423595219934,0.02161200101703534,0.007882023900330536,0.014238494787693873,,,,,,-1.0,0.017543859649122806,0.0,-1.0,-1.0
bindingdb_raw,data/bindingdb_raw_moleculeace_target_pairs.csv,d04cf43ea6a92f2e673867857a53c7bc8d3704c4e928b7096b8186920f959cc7,splits/tkde_protocol/bindingdb_raw_rows.csv,a467b8e6cbb029cff733fbe36506a0809ca0421d935d28b8bc7ebcae6442f9c4,family_scaffold_source_purged,3,4,splits/tkde_protocol/bindingdb_raw_family_scaffold_source_purged_seed3_fold4.npz,840f315c6fbc9fae06a365fbb390441fc43b5db6c5cf843dce098d2c2f8c6d4a,22484,17749,3933,0.9567678292275349,0.0,0.0,0.0,0.0,0.0,,,,,,-1.0,0.0,0.0,-1.0,-1.0
bindingdb_raw,data/bindingdb_raw_moleculeace_target_pairs.csv,d04cf43ea6a92f2e673867857a53c7bc8d3704c4e928b7096b8186920f959cc7,splits/tkde_protocol/bindingdb_raw_rows.csv,a467b8e6cbb029cff733fbe36506a0809ca0421d935d28b8bc7ebcae6442f9c4,target_family,4,0,splits/tkde_protocol/bindingdb_raw_target_family_seed4_fold0.npz,95b45d9195ca59f01ab362bccdc54d0491407b67b7d8dec16c0f4292247af7e4,22484,17076,5408,1.0,0.0,0.02403846153846154,0.05473372781065089,0.013498520710059171,0.034948224852071004,,,,,,-1.0,0.05917159763313609,0.0,-1.0,-1.0
bindingdb_raw,data/bindingdb_raw_moleculeace_target_pairs.csv,d04cf43ea6a92f2e673867857a53c7bc8d3704c4e928b7096b8186920f959cc7,splits/tkde_protocol/bindingdb_raw_rows.csv,a467b8e6cbb029cff733fbe36506a0809ca0421d935d28b8bc7ebcae6442f9c4,family_scaffold_source_purged,4,0,splits/tkde_protocol/bindingdb_raw_family_scaffold_source_purged_seed4_fold0.npz,918f255187b4a28d91c178526ba28abeef193067f83100eee33c3ef275e8e0e6,22484,16554,5408,0.9694307800421644,0.0,0.0,0.0,0.0,0.0,,,,,,-1.0,0.0,0.0,-1.0,-1.0
bindingdb_raw,data/bindingdb_raw_moleculeace_target_pairs.csv,d04cf43ea6a92f2e673867857a53c7bc8d3704c4e928b7096b8186920f959cc7,splits/tkde_protocol/bindingdb_raw_rows.csv,a467b8e6cbb029cff733fbe36506a0809ca0421d935d28b8bc7ebcae6442f9c4,target_family,4,1,splits/tkde_protocol/bindingdb_raw_target_family_seed4_fold1.npz,89c9401f00ccf749c136d94c1937c469878967df96fc47f1955f961ab5374d24,22484,16207,6277,1.0,0.0,0.04253624342838936,0.10498645849928309,0.01417874780946312,0.0495459614465509,,,,,,-1.0,0.13270670702564918,0.0,-1.0,-1.0
bindingdb_raw,data/bindingdb_raw_moleculeace_target_pairs.csv,d04cf43ea6a92f2e673867857a53c7bc8d3704c4e928b7096b8186920f959cc7,splits/tkde_protocol/bindingdb_raw_rows.csv,a467b8e6cbb029cff733fbe36506a0809ca0421d935d28b8bc7ebcae6442f9c4,family_scaffold_source_purged,4,1,splits/tkde_protocol/bindingdb_raw_family_scaffold_source_purged_seed4_fold1.npz,3f38d6c5d2cf892af308060b475398598c0714f98b20f915ba551f5fd34e61cd,22484,15813,6277,0.9756895168754242,0.0,0.0,0.0,0.0,0.0,,,,,,-1.0,0.0,0.0,-1.0,-1.0
bindingdb_raw,data/bindingdb_raw_moleculeace_target_pairs.csv,d04cf43ea6a92f2e673867857a53c7bc8d3704c4e928b7096b8186920f959cc7,splits/tkde_protocol/bindingdb_raw_rows.csv,a467b8e6cbb029cff733fbe36506a0809ca0421d935d28b8bc7ebcae6442f9c4,target_family,4,2,splits/tkde_protocol/bindingdb_raw_target_family_seed4_fold2.npz,e494128c2eedd6acc3dd963eb06d5d2fd7e8f18160840ac3f28b86ec8629e8d3,22484,19376,3108,1.0,0.0,0.15315315315315314,0.43018018018018017,0.047619047619047616,0.32947232947232946,,,,,,-1.0,0.3092020592020592,0.0,-1.0,-1.0
bindingdb_raw,data/bindingdb_raw_moleculeace_target_pairs.csv,d04cf43ea6a92f2e673867857a53c7bc8d3704c4e928b7096b8186920f959cc7,splits/tkde_protocol/bindingdb_raw_rows.csv,a467b8e6cbb029cff733fbe36506a0809ca0421d935d28b8bc7ebcae6442f9c4,family_scaffold_source_purged,4,2,splits/tkde_protocol/bindingdb_raw_family_scaffold_source_purged_seed4_fold2.npz,912964a7ff25c11e3b4ef0151f950d2c757c97ce4b7503a0249f0c778011f7dd,22484,18095,3108,0.9338872832369942,0.0,0.0,0.0,0.0,0.0,,,,,,-1.0,0.0,0.0,-1.0,-1.0
bindingdb_raw,data/bindingdb_raw_moleculeace_target_pairs.csv,d04cf43ea6a92f2e673867857a53c7bc8d3704c4e928b7096b8186920f959cc7,splits/tkde_protocol/bindingdb_raw_rows.csv,a467b8e6cbb029cff733fbe36506a0809ca0421d935d28b8bc7ebcae6442f9c4,target_family,4,3,splits/tkde_protocol/bindingdb_raw_target_family_seed4_fold3.npz,c1baa30cfe4725b42f8bfbd43034da5d9c0ccab4320f9aa1c7a8f550047d7151,22484,18726,3758,1.0,0.0,0.1923895689196381,0.35763704097924426,0.056412985630654604,0.23097392229909527,,,,,,-1.0,0.35125066524747206,0.0,-1.0,-1.0
bindingdb_raw,data/bindingdb_raw_moleculeace_target_pairs.csv,d04cf43ea6a92f2e673867857a53c7bc8d3704c4e928b7096b8186920f959cc7,splits/tkde_protocol/bindingdb_raw_rows.csv,a467b8e6cbb029cff733fbe36506a0809ca0421d935d28b8bc7ebcae6442f9c4,family_scaffold_source_purged,4,3,splits/tkde_protocol/bindingdb_raw_family_scaffold_source_purged_seed4_fold3.npz,b5362a153cc9171210a30cebcbfe88f18bc23daee7fad927c89ab3485f4088b2,22484,16654,3758,0.8893517035138311,0.0,0.0,0.0,0.0,0.0,,,,,,-1.0,0.0,0.0,-1.0,-1.0
bindingdb_raw,data/bindingdb_raw_moleculeace_target_pairs.csv,d04cf43ea6a92f2e673867857a53c7bc8d3704c4e928b7096b8186920f959cc7,splits/tkde_protocol/bindingdb_raw_rows.csv,a467b8e6cbb029cff733fbe36506a0809ca0421d935d28b8bc7ebcae6442f9c4,target_family,4,4,splits/tkde_protocol/bindingdb_raw_target_family_seed4_fold4.npz,9e667fcc969a765443779423e28d5a46a73f840a1ddb592cfa499df89025f961,22484,18551,3933,1.0,0.0,0.01398423595219934,0.02161200101703534,0.007882023900330536,0.014238494787693873,,,,,,-1.0,0.017543859649122806,0.0,-1.0,-1.0
bindingdb_raw,data/bindingdb_raw_moleculeace_target_pairs.csv,d04cf43ea6a92f2e673867857a53c7bc8d3704c4e928b7096b8186920f959cc7,splits/tkde_protocol/bindingdb_raw_rows.csv,a467b8e6cbb029cff733fbe36506a0809ca0421d935d28b8bc7ebcae6442f9c4,family_scaffold_source_purged,4,4,splits/tkde_protocol/bindingdb_raw_family_scaffold_source_purged_seed4_fold4.npz,840f315c6fbc9fae06a365fbb390441fc43b5db6c5cf843dce098d2c2f8c6d4a,22484,17749,3933,0.9567678292275349,0.0,0.0,0.0,0.0,0.0,,,,,,-1.0,0.0,0.0,-1.0,-1.0
